# Blender v2.82 (sub 7) OBJ File: ''
# www.blender.org
mtllib USB_plug_modified_origin.mtl
o uploads_files_125843_Pendrive
v 0.003330 -0.012513 0.118203
v 0.004330 -0.012513 0.118203
v 0.003330 -0.008338 0.118647
v 0.004330 -0.008338 0.118647
v 0.003330 -0.006243 0.118780
v 0.004330 -0.006243 0.118780
v 0.003330 -0.004148 0.118913
v 0.004330 -0.004148 0.118913
v 0.003330 0.000050 0.119002
v 0.004330 0.000050 0.119002
v 0.003330 0.004248 0.118913
v 0.004330 0.004248 0.118913
v 0.003330 0.006343 0.118780
v 0.004330 0.006343 0.118780
v 0.003330 0.008438 0.118647
v 0.004330 0.008438 0.118647
v 0.003330 0.012613 0.118203
v 0.004330 0.012613 0.118203
v 0.002885 -0.013223 0.021588
v 0.002884 -0.013223 0.117707
v 0.002854 -0.013295 0.117707
v 0.003252 -0.012956 0.117707
v 0.003252 -0.012957 0.021854
v 0.003330 -0.012950 0.117707
v 0.003268 -0.012954 0.021857
v 0.003330 -0.012950 0.021861
v 0.003175 -0.012974 0.117707
v 0.003103 -0.013004 0.117707
v 0.003104 -0.013006 0.021805
v 0.003141 -0.012987 0.021824
v 0.003176 -0.012976 0.021835
v 0.003205 -0.012966 0.021845
v 0.003036 -0.013045 0.117707
v 0.002976 -0.013096 0.117707
v 0.002978 -0.013098 0.021713
v 0.003008 -0.013068 0.021743
v 0.003037 -0.013047 0.021764
v 0.003075 -0.013020 0.021791
v 0.002925 -0.013156 0.117707
v 0.002885 -0.013221 0.021590
v 0.002927 -0.013157 0.021654
v 0.002943 -0.013134 0.021677
v 0.002840 -0.013372 0.021439
v 0.002845 -0.013329 0.021482
v 0.002857 -0.013296 0.021514
v 0.002836 -0.013372 0.117707
v 0.002830 -0.013450 0.117707
v 0.002830 -0.013450 0.021361
v 0.002830 0.012550 0.021361
v 0.002836 0.012550 0.021439
v 0.002854 0.012550 0.021515
v 0.002884 0.012550 0.021588
v 0.002925 0.012550 0.021655
v 0.002976 0.012550 0.021714
v 0.003036 0.012550 0.021765
v 0.003103 0.012550 0.021806
v 0.003175 0.012550 0.021836
v 0.003252 0.012550 0.021855
v 0.003330 0.012550 0.021861
v -0.005164 0.014628 0.119429
v -0.005164 0.014624 0.119429
v -0.005158 0.014624 0.119507
v -0.004670 0.014699 0.119906
v -0.004670 0.014701 0.119906
v -0.004745 0.014701 0.119900
v -0.005145 0.014704 0.119429
v -0.005147 0.014701 0.119429
v -0.005141 0.014701 0.119504
v -0.004670 0.014773 0.119877
v -0.004670 0.014774 0.119876
v -0.004740 0.014774 0.119871
v -0.005115 0.014777 0.119429
v -0.005117 0.014774 0.119429
v -0.005111 0.014774 0.119499
v -0.005074 0.014844 0.119429
v -0.005076 0.014842 0.119429
v -0.005071 0.014842 0.119493
v -0.005023 0.014903 0.119429
v -0.005025 0.014902 0.119429
v -0.005021 0.014902 0.119485
v -0.004964 0.014954 0.119429
v -0.004965 0.014953 0.119429
v -0.004962 0.014953 0.119476
v -0.004897 0.014995 0.119429
v -0.004898 0.014995 0.119429
v -0.004895 0.014995 0.119465
v -0.004824 0.015025 0.119429
v -0.004825 0.015025 0.119429
v -0.004823 0.015025 0.119454
v -0.004670 0.015050 0.119429
v -0.004740 0.015044 0.119465
v -0.004734 0.015044 0.119476
v -0.004745 0.015044 0.119454
v -0.004670 0.014624 0.119924
v -0.004747 0.014624 0.119918
v -0.004670 0.014622 0.119924
v -0.004747 0.014621 0.119918
v -0.004748 0.014621 0.119918
v -0.004823 0.014624 0.119900
v -0.004825 0.014619 0.119900
v -0.004894 0.014624 0.119870
v -0.004895 0.014614 0.119871
v -0.004897 0.014614 0.119870
v -0.004961 0.014624 0.119829
v -0.004964 0.014608 0.119830
v -0.005020 0.014624 0.119779
v -0.005022 0.014601 0.119781
v -0.005024 0.014601 0.119779
v -0.005070 0.014624 0.119720
v -0.005075 0.014592 0.119720
v -0.005111 0.014624 0.119654
v -0.005114 0.014583 0.119656
v -0.005116 0.014583 0.119654
v -0.005140 0.014624 0.119582
v -0.005146 0.014572 0.119582
v -0.005164 0.014561 0.119507
v -0.005164 0.014561 0.119507
v -0.005170 0.014550 0.119429
v -0.004749 0.015044 0.119429
v -0.004748 0.015044 0.119442
v -0.004748 0.015044 0.119429
v -0.004694 0.015025 0.119583
v -0.004670 0.015044 0.119508
v -0.004682 0.015044 0.119507
v -0.004670 0.015044 0.119508
v -0.004818 0.015025 0.119477
v -0.004808 0.015025 0.119500
v -0.004796 0.015025 0.119521
v -0.004706 0.014995 0.119655
v -0.004670 0.015025 0.119585
v -0.004670 0.015025 0.119585
v -0.004855 0.014995 0.119563
v -0.004831 0.014995 0.119591
v -0.004780 0.015025 0.119539
v -0.004887 0.014995 0.119500
v -0.004873 0.014995 0.119533
v -0.004726 0.015044 0.119485
v -0.004716 0.014953 0.119721
v -0.004670 0.014995 0.119658
v -0.004670 0.014995 0.119658
v -0.004879 0.014953 0.119638
v -0.004844 0.014953 0.119668
v -0.004804 0.014995 0.119614
v -0.004951 0.014953 0.119521
v -0.004933 0.014953 0.119563
v -0.004909 0.014953 0.119603
v -0.004761 0.015025 0.119555
v -0.004716 0.015044 0.119493
v -0.004726 0.014902 0.119780
v -0.004670 0.014953 0.119725
v -0.004670 0.014953 0.119725
v -0.004879 0.014902 0.119717
v -0.004831 0.014902 0.119746
v -0.004804 0.014953 0.119693
v -0.005008 0.014902 0.119539
v -0.004986 0.014902 0.119591
v -0.004957 0.014902 0.119638
v -0.004921 0.014902 0.119680
v -0.004774 0.014995 0.119633
v -0.004741 0.015025 0.119568
v -0.004706 0.015044 0.119499
v -0.004670 0.014840 0.119836
v -0.004670 0.014842 0.119835
v -0.004734 0.014842 0.119830
v -0.004670 0.014901 0.119785
v -0.004670 0.014902 0.119785
v -0.004854 0.014842 0.119791
v -0.004796 0.014842 0.119816
v -0.004780 0.014902 0.119767
v -0.005056 0.014842 0.119555
v -0.005032 0.014842 0.119614
v -0.004999 0.014842 0.119668
v -0.004957 0.014842 0.119717
v -0.004909 0.014842 0.119758
v -0.004761 0.014953 0.119710
v -0.004741 0.014995 0.119646
v -0.004718 0.015025 0.119577
v -0.004694 0.015044 0.119504
v -0.004808 0.014774 0.119854
v -0.005095 0.014774 0.119567
v -0.005068 0.014774 0.119632
v -0.005032 0.014774 0.119692
v -0.004986 0.014774 0.119745
v -0.004933 0.014774 0.119791
v -0.004873 0.014774 0.119828
v -0.005123 0.014701 0.119577
v -0.005095 0.014701 0.119646
v -0.005056 0.014701 0.119709
v -0.005007 0.014701 0.119766
v -0.004950 0.014701 0.119815
v -0.004886 0.014701 0.119854
v -0.004817 0.014701 0.119883
v -0.005164 -0.014461 0.119507
v -0.005146 -0.014472 0.119582
v -0.005146 -0.010341 0.120097
v -0.005116 0.010448 0.120169
v -0.005114 -0.014483 0.119656
v -0.005075 -0.014492 0.119720
v -0.005075 -0.010355 0.120236
v -0.005024 0.010461 0.120295
v -0.004748 0.002139 0.120952
v -0.004748 0.006313 0.120779
v -0.004825 0.006311 0.120761
v -0.004670 -0.008711 0.120579
v -0.004670 -0.006213 0.120785
v -0.004748 -0.006213 0.120779
v -0.004747 -0.014521 0.119918
v -0.004670 -0.014522 0.119924
v -0.004670 -0.010376 0.120441
v -0.004670 -0.002039 0.120958
v -0.004670 0.002139 0.120958
v -0.004670 0.002974 0.120923
v -0.004670 0.006313 0.120785
v -0.004670 0.008811 0.120579
v -0.004670 0.010476 0.120441
v -0.004748 0.010476 0.120434
v -0.004825 -0.010374 0.120416
v -0.004825 -0.014519 0.119900
v -0.004748 -0.014521 0.119918
v -0.004897 0.010471 0.120386
v -0.004825 0.010474 0.120416
v -0.004895 -0.014514 0.119871
v -0.004897 -0.006210 0.120731
v -0.004897 -0.010371 0.120386
v -0.005022 -0.014501 0.119781
v -0.004964 -0.014508 0.119830
v -0.004964 -0.010367 0.120346
v -0.004897 -0.014514 0.119870
v -0.005024 -0.014501 0.119779
v -0.005024 -0.010361 0.120295
v -0.005024 -0.006204 0.120639
v -0.004670 -0.002874 0.120923
v -0.004748 -0.002039 0.120952
v -0.004825 0.002138 0.120934
v -0.004897 0.006310 0.120731
v -0.004964 0.010467 0.120346
v -0.004825 -0.002038 0.120934
v -0.004897 0.002138 0.120904
v -0.004964 0.006307 0.120690
v -0.005075 -0.006200 0.120580
v -0.005075 -0.002035 0.120752
v -0.005116 -0.014483 0.119654
v -0.005116 -0.010348 0.120169
v -0.005116 -0.006196 0.120513
v -0.005116 -0.002033 0.120685
v -0.005116 0.002133 0.120685
v -0.004748 -0.010376 0.120434
v -0.004825 -0.006211 0.120761
v -0.004897 -0.002038 0.120904
v -0.004964 0.002137 0.120863
v -0.005024 0.006304 0.120639
v -0.005075 0.010455 0.120236
v -0.004964 -0.002037 0.120863
v -0.005024 0.002136 0.120812
v -0.005075 0.006300 0.120580
v -0.005146 -0.006192 0.120441
v -0.005146 -0.002032 0.120613
v -0.005146 0.002132 0.120613
v -0.005146 0.006292 0.120441
v -0.005164 -0.014461 0.119507
v -0.005164 -0.010333 0.120021
v -0.005164 -0.006187 0.120364
v -0.005164 -0.002030 0.120536
v -0.005164 0.002130 0.120536
v -0.005164 0.006287 0.120364
v -0.005164 0.010433 0.120021
v -0.004964 -0.006207 0.120690
v -0.005024 -0.002036 0.120812
v -0.005075 0.002135 0.120752
v -0.005116 0.006296 0.120513
v -0.005146 0.010441 0.120097
v -0.005170 0.010425 0.119943
v -0.005170 0.006282 0.120286
v -0.005170 0.002129 0.120458
v -0.005170 -0.002029 0.120458
v -0.005170 -0.006182 0.120286
v -0.005170 -0.010325 0.119943
v -0.005170 -0.014450 0.119429
v -0.006670 -0.012944 0.117786
v -0.006670 -0.012950 0.117707
v -0.005670 -0.012950 0.117707
v -0.006670 -0.012943 0.117787
v -0.005670 -0.012944 0.117787
v -0.006670 -0.012925 0.117862
v -0.006670 -0.012924 0.117865
v -0.005670 -0.012924 0.117865
v -0.006670 -0.012895 0.117935
v -0.006670 -0.012893 0.117938
v -0.005670 -0.012893 0.117938
v -0.006670 -0.012853 0.118002
v -0.006670 -0.012850 0.118006
v -0.005670 -0.012851 0.118006
v -0.006670 -0.012802 0.118062
v -0.005670 -0.012798 0.118066
v -0.006670 -0.012797 0.118066
v -0.006670 -0.012742 0.118113
v -0.005670 -0.012736 0.118117
v -0.006670 -0.012735 0.118117
v -0.006670 -0.012674 0.118154
v -0.005670 -0.012667 0.118158
v -0.006670 -0.012666 0.118157
v -0.006670 -0.012601 0.118184
v -0.005670 -0.012592 0.118186
v -0.006670 -0.012592 0.118186
v -0.006670 -0.012524 0.118201
v -0.005670 -0.012513 0.118203
v -0.006670 -0.012513 0.118203
v -0.006670 -0.008239 0.118655
v -0.005670 -0.008167 0.118661
v -0.006670 -0.007412 0.118706
v -0.005670 -0.007412 0.118707
v -0.006670 -0.003950 0.118921
v -0.005670 -0.003804 0.118927
v -0.006670 -0.002293 0.118952
v -0.005670 -0.002293 0.118953
v -0.006670 0.000347 0.119002
v -0.005670 0.000566 0.119001
v -0.006670 0.002833 0.118940
v -0.005670 0.002833 0.118939
v -0.006670 0.004644 0.118896
v -0.005670 0.004936 0.118882
v -0.006670 0.007951 0.118670
v -0.005670 0.007951 0.118666
v -0.006670 0.008931 0.118604
v -0.005670 0.009295 0.118570
v -0.006670 0.013050 0.118146
v -0.005670 0.013050 0.118146
v -0.005170 0.004960 0.119381
v -0.005170 0.009342 0.119068
v -0.005176 0.009335 0.118990
v -0.005170 0.000569 0.119501
v -0.005176 0.004956 0.119303
v -0.005170 -0.003823 0.119427
v -0.005176 0.000569 0.119423
v -0.005170 -0.008208 0.119159
v -0.005176 -0.003820 0.119349
v -0.005170 -0.012577 0.118699
v -0.005176 -0.008202 0.119081
v -0.005652 0.013050 0.118146
v -0.005593 0.013056 0.118151
v -0.005592 0.013056 0.118152
v -0.005592 0.009296 0.118576
v -0.005534 0.013069 0.118163
v -0.005515 0.009298 0.118594
v -0.005516 0.013075 0.118168
v -0.005473 0.013090 0.118181
v -0.005443 0.009301 0.118624
v -0.005443 0.013105 0.118195
v -0.005376 0.009304 0.118665
v -0.005377 0.013147 0.118231
v -0.005405 0.013126 0.118213
v -0.005415 0.013120 0.118208
v -0.005345 0.013170 0.118251
v -0.005316 0.009309 0.118716
v -0.005317 0.013197 0.118275
v -0.005232 0.013308 0.118372
v -0.005267 0.013257 0.118327
v -0.005265 0.009315 0.118775
v -0.005282 0.013235 0.118308
v -0.005291 0.013224 0.118299
v -0.005226 0.013324 0.118386
v -0.005224 0.009321 0.118842
v -0.005195 0.013393 0.118446
v -0.005195 0.013396 0.118448
v -0.005194 0.009328 0.118914
v -0.005182 0.013443 0.118490
v -0.005178 0.013472 0.118515
v -0.005170 0.013550 0.118583
v -0.005170 0.013545 0.118579
v -0.005176 -0.012567 0.118621
v -0.005194 -0.008195 0.119005
v -0.005194 -0.012557 0.118546
v -0.005224 -0.008189 0.118933
v -0.005224 -0.012548 0.118474
v -0.005265 -0.008184 0.118866
v -0.005265 -0.012539 0.118407
v -0.005316 -0.008179 0.118807
v -0.005316 -0.012532 0.118348
v -0.005376 -0.008174 0.118756
v -0.005376 -0.012525 0.118298
v -0.005443 -0.008171 0.118715
v -0.005443 -0.012520 0.118257
v -0.005515 -0.008169 0.118685
v -0.005515 -0.012516 0.118227
v -0.005592 -0.008167 0.118667
v -0.005592 -0.012514 0.118209
v -0.005592 -0.003804 0.118933
v -0.005194 -0.003817 0.119272
v -0.005224 -0.003814 0.119200
v -0.005265 -0.003812 0.119133
v -0.005316 -0.003810 0.119074
v -0.005376 -0.003808 0.119023
v -0.005443 -0.003806 0.118982
v -0.005515 -0.003805 0.118952
v -0.005592 0.000566 0.119007
v -0.005194 0.000568 0.119346
v -0.005224 0.000568 0.119274
v -0.005265 0.000568 0.119207
v -0.005316 0.000567 0.119147
v -0.005376 0.000567 0.119096
v -0.005443 0.000567 0.119055
v -0.005515 0.000567 0.119025
v -0.005592 0.004936 0.118888
v -0.005194 0.004953 0.119227
v -0.005224 0.004949 0.119154
v -0.005265 0.004946 0.119088
v -0.005316 0.004943 0.119028
v -0.005376 0.004940 0.118977
v -0.005443 0.004938 0.118936
v -0.005515 0.004937 0.118906
v -0.005170 -0.012734 0.118666
v -0.005170 -0.012883 0.118608
v -0.005176 -0.012711 0.118591
v -0.005170 -0.013021 0.118528
v -0.005176 -0.012849 0.118538
v -0.005170 -0.013145 0.118426
v -0.005176 -0.012977 0.118463
v -0.005170 -0.013251 0.118305
v -0.005176 -0.013091 0.118370
v -0.005170 -0.013336 0.118170
v -0.005176 -0.013188 0.118259
v -0.005170 -0.013399 0.118022
v -0.005176 -0.013267 0.118134
v -0.005170 -0.013437 0.117867
v -0.005176 -0.013325 0.117998
v -0.005170 -0.013450 0.117707
v -0.005176 -0.013360 0.117854
v -0.005176 -0.013372 0.117707
v -0.005194 -0.013285 0.117842
v -0.005194 -0.013295 0.117707
v -0.005224 -0.013213 0.117830
v -0.005224 -0.013223 0.117707
v -0.005265 -0.013147 0.117820
v -0.005265 -0.013156 0.117707
v -0.005316 -0.013088 0.117810
v -0.005316 -0.013096 0.117707
v -0.005376 -0.013038 0.117802
v -0.005376 -0.013045 0.117707
v -0.005443 -0.012997 0.117796
v -0.005443 -0.013004 0.117707
v -0.005515 -0.012968 0.117791
v -0.005515 -0.012974 0.117707
v -0.005592 -0.012950 0.117788
v -0.005592 -0.012956 0.117707
v -0.005194 -0.013252 0.117974
v -0.005224 -0.013184 0.117951
v -0.005265 -0.013120 0.117930
v -0.005316 -0.013063 0.117911
v -0.005376 -0.013015 0.117895
v -0.005443 -0.012976 0.117882
v -0.005515 -0.012948 0.117872
v -0.005592 -0.012930 0.117867
v -0.005194 -0.013199 0.118098
v -0.005224 -0.013135 0.118065
v -0.005265 -0.013076 0.118034
v -0.005316 -0.013023 0.118006
v -0.005376 -0.012978 0.117983
v -0.005443 -0.012942 0.117964
v -0.005515 -0.012915 0.117950
v -0.005592 -0.012899 0.117941
v -0.005194 -0.013127 0.118213
v -0.005224 -0.013069 0.118170
v -0.005265 -0.013016 0.118130
v -0.005316 -0.012968 0.118094
v -0.005376 -0.012927 0.118063
v -0.005443 -0.012894 0.118039
v -0.005515 -0.012870 0.118021
v -0.005592 -0.012855 0.118010
v -0.005194 -0.013038 0.118315
v -0.005224 -0.012987 0.118263
v -0.005265 -0.012941 0.118214
v -0.005316 -0.012899 0.118172
v -0.005376 -0.012864 0.118135
v -0.005443 -0.012835 0.118105
v -0.005515 -0.012815 0.118084
v -0.005592 -0.012802 0.118071
v -0.005194 -0.012933 0.118401
v -0.005224 -0.012892 0.118341
v -0.005265 -0.012854 0.118286
v -0.005316 -0.012819 0.118237
v -0.005376 -0.012790 0.118196
v -0.005443 -0.012767 0.118162
v -0.005515 -0.012750 0.118137
v -0.005592 -0.012739 0.118122
v -0.005194 -0.012816 0.118469
v -0.005224 -0.012785 0.118404
v -0.005265 -0.012756 0.118343
v -0.005316 -0.012730 0.118290
v -0.005376 -0.012708 0.118244
v -0.005443 -0.012690 0.118207
v -0.005515 -0.012677 0.118180
v -0.005592 -0.012669 0.118163
v -0.005194 -0.012690 0.118518
v -0.005224 -0.012669 0.118448
v -0.005265 -0.012650 0.118384
v -0.005316 -0.012633 0.118327
v -0.005376 -0.012619 0.118278
v -0.005443 -0.012607 0.118239
v -0.005515 -0.012599 0.118210
v -0.005592 -0.012594 0.118192
v -0.005170 -0.013450 0.022361
v -0.005176 -0.013372 0.022361
v -0.005194 -0.013295 0.022361
v -0.005224 -0.013223 0.022361
v -0.005265 -0.013156 0.022361
v -0.005316 -0.013096 0.022361
v -0.005376 -0.013045 0.022361
v -0.005443 -0.013004 0.022361
v -0.005515 -0.012974 0.022361
v -0.005592 -0.012956 0.022361
v -0.005670 -0.012950 0.022361
v -0.006670 -0.012950 0.022361
v -0.006670 -0.012450 0.021861
v -0.005670 -0.012450 0.021861
v -0.005670 -0.012528 0.021867
v -0.006670 -0.012528 0.021867
v -0.005670 -0.012605 0.021885
v -0.006670 -0.012605 0.021885
v -0.005670 -0.012677 0.021915
v -0.006670 -0.012677 0.021915
v -0.005670 -0.012744 0.021956
v -0.006670 -0.012744 0.021956
v -0.005670 -0.012804 0.022007
v -0.006670 -0.012804 0.022007
v -0.005670 -0.012855 0.022067
v -0.006670 -0.012855 0.022067
v -0.005670 -0.012896 0.022134
v -0.006670 -0.012896 0.022134
v -0.005670 -0.012926 0.022206
v -0.006670 -0.012926 0.022206
v -0.005670 -0.012944 0.022283
v -0.006670 -0.012944 0.022283
v -0.007170 -0.012450 0.022361
v -0.007164 -0.012450 0.022283
v -0.007158 -0.012528 0.022284
v -0.007164 -0.012528 0.022361
v -0.007140 -0.012605 0.022286
v -0.007146 -0.012605 0.022361
v -0.007094 -0.012677 0.022223
v -0.007122 -0.012605 0.022214
v -0.007140 -0.012528 0.022208
v -0.007146 -0.012450 0.022206
v -0.007110 -0.012677 0.022291
v -0.007116 -0.012677 0.022361
v -0.007030 -0.012744 0.022177
v -0.007067 -0.012677 0.022159
v -0.007094 -0.012605 0.022145
v -0.007110 -0.012528 0.022137
v -0.007116 -0.012450 0.022134
v -0.007070 -0.012744 0.022298
v -0.007075 -0.012744 0.022361
v -0.006956 -0.012804 0.022153
v -0.006997 -0.012744 0.022123
v -0.007030 -0.012677 0.022099
v -0.007055 -0.012605 0.022081
v -0.007070 -0.012528 0.022071
v -0.007075 -0.012450 0.022067
v -0.007019 -0.012804 0.022306
v -0.007024 -0.012804 0.022361
v -0.006878 -0.012855 0.022153
v -0.006920 -0.012804 0.022111
v -0.006956 -0.012744 0.022075
v -0.006985 -0.012677 0.022046
v -0.007006 -0.012605 0.022025
v -0.007019 -0.012528 0.022012
v -0.007024 -0.012450 0.022007
v -0.006960 -0.012855 0.022315
v -0.006964 -0.012855 0.022361
v -0.006803 -0.012896 0.022177
v -0.006843 -0.012855 0.022123
v -0.006878 -0.012804 0.022075
v -0.006908 -0.012744 0.022034
v -0.006932 -0.012677 0.022000
v -0.006950 -0.012605 0.021976
v -0.006960 -0.012528 0.021961
v -0.006964 -0.012450 0.021956
v -0.006894 -0.012896 0.022325
v -0.006897 -0.012896 0.022361
v -0.006740 -0.012926 0.022223
v -0.006773 -0.012896 0.022159
v -0.006803 -0.012855 0.022099
v -0.006831 -0.012804 0.022046
v -0.006854 -0.012744 0.022000
v -0.006872 -0.012677 0.021964
v -0.006886 -0.012605 0.021937
v -0.006894 -0.012528 0.021921
v -0.006897 -0.012450 0.021915
v -0.006823 -0.012926 0.022337
v -0.006825 -0.012926 0.022361
v -0.006694 -0.012944 0.022286
v -0.006718 -0.012926 0.022214
v -0.006740 -0.012896 0.022145
v -0.006761 -0.012855 0.022081
v -0.006779 -0.012804 0.022025
v -0.006795 -0.012744 0.021976
v -0.006808 -0.012677 0.021937
v -0.006817 -0.012605 0.021909
v -0.006823 -0.012528 0.021891
v -0.006825 -0.012450 0.021885
v -0.006748 -0.012944 0.022361
v -0.006747 -0.012944 0.022349
v -0.006744 -0.012944 0.022337
v -0.006817 -0.012926 0.022313
v -0.006740 -0.012944 0.022325
v -0.006886 -0.012896 0.022291
v -0.006808 -0.012926 0.022291
v -0.006733 -0.012944 0.022315
v -0.006950 -0.012855 0.022270
v -0.006872 -0.012896 0.022258
v -0.006795 -0.012926 0.022270
v -0.006725 -0.012944 0.022306
v -0.007006 -0.012804 0.022252
v -0.006932 -0.012855 0.022227
v -0.006854 -0.012896 0.022227
v -0.006779 -0.012926 0.022252
v -0.006716 -0.012944 0.022298
v -0.007055 -0.012744 0.022236
v -0.006985 -0.012804 0.022200
v -0.006908 -0.012855 0.022188
v -0.006831 -0.012896 0.022200
v -0.006761 -0.012926 0.022236
v -0.006706 -0.012944 0.022291
v -0.006682 -0.012944 0.022284
v -0.006694 -0.012926 0.022208
v -0.006706 -0.012896 0.022137
v -0.006716 -0.012855 0.022071
v -0.006725 -0.012804 0.022012
v -0.006733 -0.012744 0.021961
v -0.006740 -0.012677 0.021921
v -0.006744 -0.012605 0.021891
v -0.006747 -0.012528 0.021873
v -0.006748 -0.012450 0.021867
v -0.006748 -0.012944 0.117707
v -0.007164 -0.012524 0.117707
v -0.007170 -0.012450 0.117707
v -0.007164 -0.012528 0.117707
v -0.007147 -0.012601 0.117707
v -0.007145 -0.012604 0.117707
v -0.007117 -0.012674 0.117707
v -0.007115 -0.012677 0.117707
v -0.007076 -0.012742 0.117707
v -0.007074 -0.012744 0.117707
v -0.007025 -0.012802 0.117707
v -0.007023 -0.012803 0.117707
v -0.006965 -0.012853 0.117707
v -0.006964 -0.012854 0.117707
v -0.006898 -0.012895 0.117707
v -0.006897 -0.012895 0.117707
v -0.006825 -0.012925 0.117707
v -0.006824 -0.012925 0.117707
v -0.006749 -0.012944 0.117707
v -0.006745 -0.012944 0.117731
v -0.006748 -0.012944 0.117719
v -0.006740 -0.012944 0.117743
v -0.006734 -0.012944 0.117753
v -0.006726 -0.012944 0.117763
v -0.006716 -0.012944 0.117771
v -0.006706 -0.012944 0.117777
v -0.006694 -0.012944 0.117782
v -0.006682 -0.012944 0.117785
v -0.006694 -0.012925 0.117860
v -0.006823 -0.012925 0.117731
v -0.006706 -0.012895 0.117932
v -0.006895 -0.012895 0.117743
v -0.006716 -0.012853 0.117999
v -0.006962 -0.012853 0.117753
v -0.006726 -0.012802 0.118058
v -0.007021 -0.012802 0.117762
v -0.006734 -0.012742 0.118108
v -0.007071 -0.012742 0.117770
v -0.006740 -0.012674 0.118148
v -0.007111 -0.012674 0.117777
v -0.006745 -0.012601 0.118178
v -0.007141 -0.012601 0.117781
v -0.006747 -0.012524 0.118195
v -0.007164 -0.012460 0.117785
v -0.007158 -0.012524 0.117784
v -0.007164 -0.012460 0.117785
v -0.007140 -0.012524 0.117860
v -0.007146 -0.012470 0.117860
v -0.007116 -0.012479 0.117932
v -0.007111 -0.012524 0.117931
v -0.007115 -0.012479 0.117933
v -0.007070 -0.012524 0.117998
v -0.007075 -0.012487 0.117998
v -0.007024 -0.012495 0.118058
v -0.007020 -0.012524 0.118057
v -0.007022 -0.012495 0.118059
v -0.006961 -0.012524 0.118107
v -0.006964 -0.012501 0.118108
v -0.006897 -0.012506 0.118149
v -0.006894 -0.012524 0.118148
v -0.006895 -0.012507 0.118149
v -0.006823 -0.012524 0.118177
v -0.006825 -0.012510 0.118179
v -0.006748 -0.012513 0.118197
v -0.006748 -0.012513 0.118197
v -0.007123 -0.012601 0.117854
v -0.007095 -0.012601 0.117923
v -0.007056 -0.012601 0.117987
v -0.007007 -0.012601 0.118044
v -0.006950 -0.012601 0.118093
v -0.006886 -0.012601 0.118132
v -0.006817 -0.012601 0.118160
v -0.007095 -0.012674 0.117845
v -0.007068 -0.012674 0.117910
v -0.007032 -0.012674 0.117970
v -0.006986 -0.012674 0.118023
v -0.006933 -0.012674 0.118069
v -0.006873 -0.012674 0.118105
v -0.006808 -0.012674 0.118132
v -0.007056 -0.012742 0.117832
v -0.007032 -0.012742 0.117891
v -0.006999 -0.012742 0.117946
v -0.006957 -0.012742 0.117994
v -0.006909 -0.012742 0.118036
v -0.006854 -0.012742 0.118069
v -0.006796 -0.012742 0.118093
v -0.007008 -0.012802 0.117817
v -0.006986 -0.012802 0.117868
v -0.006957 -0.012802 0.117916
v -0.006921 -0.012802 0.117958
v -0.006879 -0.012802 0.117994
v -0.006831 -0.012802 0.118023
v -0.006780 -0.012802 0.118045
v -0.006951 -0.012853 0.117798
v -0.006933 -0.012853 0.117841
v -0.006909 -0.012853 0.117881
v -0.006879 -0.012853 0.117916
v -0.006844 -0.012853 0.117946
v -0.006804 -0.012853 0.117970
v -0.006761 -0.012853 0.117988
v -0.006887 -0.012895 0.117777
v -0.006873 -0.012895 0.117811
v -0.006855 -0.012895 0.117841
v -0.006831 -0.012895 0.117868
v -0.006804 -0.012895 0.117892
v -0.006774 -0.012895 0.117910
v -0.006741 -0.012895 0.117924
v -0.006818 -0.012925 0.117755
v -0.006808 -0.012925 0.117777
v -0.006796 -0.012925 0.117798
v -0.006780 -0.012925 0.117817
v -0.006761 -0.012925 0.117833
v -0.006741 -0.012925 0.117845
v -0.006718 -0.012925 0.117855
v -0.006748 -0.008239 0.118649
v -0.006825 -0.008237 0.118631
v -0.006748 0.008931 0.118597
v -0.007145 0.012708 0.117846
v -0.007146 0.008900 0.118259
v -0.007116 0.008907 0.118332
v -0.007170 0.012550 0.117707
v -0.007170 0.008887 0.118106
v -0.007170 0.012555 0.117711
v -0.007164 0.008894 0.118183
v -0.007167 0.012606 0.117757
v -0.007162 0.012628 0.117775
v -0.007145 0.012704 0.117843
v -0.007075 0.008913 0.118398
v -0.007104 0.012797 0.117925
v -0.007114 0.012776 0.117906
v -0.007024 0.008918 0.118458
v -0.007049 0.012876 0.117993
v -0.007073 0.012843 0.117964
v -0.006964 0.008923 0.118508
v -0.006991 0.012933 0.118044
v -0.007022 0.012902 0.118017
v -0.006897 0.008926 0.118549
v -0.006925 0.012980 0.118085
v -0.006963 0.012953 0.118061
v -0.006824 0.013025 0.118124
v -0.006870 0.013008 0.118110
v -0.006897 0.012995 0.118098
v -0.006806 0.013031 0.118130
v -0.006825 0.008929 0.118579
v -0.006791 0.013035 0.118133
v -0.006748 0.013043 0.118140
v -0.006732 0.013046 0.118143
v -0.006748 -0.003950 0.118915
v -0.006748 0.000347 0.118996
v -0.006748 0.004643 0.118890
v -0.006897 -0.008235 0.118601
v -0.006964 -0.008231 0.118560
v -0.007024 -0.008227 0.118509
v -0.007075 -0.008222 0.118450
v -0.007116 -0.008217 0.118383
v -0.007146 -0.008211 0.118311
v -0.007164 -0.008204 0.118235
v -0.007170 -0.008198 0.118157
v -0.006825 -0.003949 0.118897
v -0.006897 -0.003948 0.118867
v -0.006964 -0.003946 0.118826
v -0.007024 -0.003944 0.118775
v -0.007075 -0.003942 0.118715
v -0.007116 -0.003939 0.118649
v -0.007146 -0.003936 0.118576
v -0.007164 -0.003933 0.118500
v -0.007170 -0.003930 0.118422
v -0.006825 0.000347 0.118977
v -0.006897 0.000347 0.118947
v -0.006964 0.000347 0.118906
v -0.007024 0.000347 0.118855
v -0.007075 0.000346 0.118796
v -0.007116 0.000346 0.118729
v -0.007146 0.000346 0.118656
v -0.007164 0.000346 0.118580
v -0.007170 0.000346 0.118502
v -0.006825 0.004642 0.118871
v -0.006897 0.004641 0.118841
v -0.006964 0.004639 0.118800
v -0.007024 0.004637 0.118749
v -0.007075 0.004634 0.118690
v -0.007116 0.004631 0.118623
v -0.007146 0.004628 0.118551
v -0.007164 0.004624 0.118474
v -0.007170 0.004620 0.118396
v -0.007170 0.012550 0.022361
v -0.006670 0.013050 0.022361
v -0.006748 0.013044 0.022361
v -0.006825 0.013026 0.022361
v -0.006897 0.012996 0.022361
v -0.006964 0.012955 0.022361
v -0.006897 0.012995 0.118098
v -0.007024 0.012904 0.022361
v -0.006963 0.012953 0.118061
v -0.007075 0.012844 0.022361
v -0.007022 0.012902 0.118017
v -0.007116 0.012777 0.022361
v -0.007073 0.012843 0.117964
v -0.007164 0.012628 0.022361
v -0.007146 0.012705 0.022361
v -0.007114 0.012776 0.117906
v -0.007162 0.012628 0.117775
v -0.006740 0.013044 0.022325
v -0.006733 0.013044 0.022315
v -0.006795 0.013026 0.022270
v -0.006747 0.013044 0.022349
v -0.006744 0.013044 0.022337
v -0.006823 0.013026 0.022337
v -0.006817 0.013026 0.022313
v -0.006808 0.013026 0.022291
v -0.006831 0.012996 0.022200
v -0.006779 0.013026 0.022252
v -0.006725 0.013044 0.022306
v -0.006894 0.012996 0.022325
v -0.006886 0.012996 0.022291
v -0.006872 0.012996 0.022258
v -0.006854 0.012996 0.022227
v -0.006843 0.012955 0.022123
v -0.006803 0.012996 0.022177
v -0.006761 0.013026 0.022236
v -0.006716 0.013044 0.022298
v -0.006960 0.012955 0.022315
v -0.006950 0.012955 0.022270
v -0.006932 0.012955 0.022227
v -0.006908 0.012955 0.022188
v -0.006878 0.012955 0.022153
v -0.006831 0.012904 0.022046
v -0.006803 0.012955 0.022099
v -0.006773 0.012996 0.022159
v -0.006740 0.013026 0.022223
v -0.006706 0.013044 0.022291
v -0.007019 0.012904 0.022306
v -0.007006 0.012904 0.022252
v -0.006985 0.012904 0.022200
v -0.006956 0.012904 0.022153
v -0.006920 0.012904 0.022111
v -0.006878 0.012904 0.022075
v -0.006795 0.012844 0.021976
v -0.006779 0.012904 0.022025
v -0.006761 0.012955 0.022081
v -0.006740 0.012996 0.022145
v -0.006718 0.013026 0.022214
v -0.006694 0.013044 0.022286
v -0.007070 0.012844 0.022298
v -0.007055 0.012844 0.022236
v -0.007030 0.012844 0.022177
v -0.006997 0.012844 0.022123
v -0.006956 0.012844 0.022075
v -0.006908 0.012844 0.022034
v -0.006854 0.012844 0.022000
v -0.006740 0.012777 0.021921
v -0.006733 0.012844 0.021961
v -0.006725 0.012904 0.022012
v -0.006716 0.012955 0.022071
v -0.006706 0.012996 0.022137
v -0.006694 0.013026 0.022208
v -0.006682 0.013044 0.022284
v -0.007110 0.012777 0.022291
v -0.007094 0.012777 0.022223
v -0.007067 0.012777 0.022159
v -0.007030 0.012777 0.022099
v -0.006985 0.012777 0.022046
v -0.006932 0.012777 0.022000
v -0.006872 0.012777 0.021964
v -0.006808 0.012777 0.021937
v -0.006670 0.012705 0.021885
v -0.006670 0.012777 0.021915
v -0.006670 0.012844 0.021956
v -0.006670 0.012904 0.022007
v -0.006670 0.012955 0.022067
v -0.006670 0.012996 0.022134
v -0.006670 0.013026 0.022206
v -0.006670 0.013044 0.022283
v -0.007140 0.012705 0.022286
v -0.007122 0.012705 0.022214
v -0.007094 0.012705 0.022145
v -0.007055 0.012705 0.022081
v -0.007006 0.012705 0.022025
v -0.006950 0.012705 0.021976
v -0.006886 0.012705 0.021937
v -0.006817 0.012705 0.021909
v -0.006744 0.012705 0.021891
v -0.006670 0.012628 0.021867
v -0.006747 0.012628 0.021873
v -0.006823 0.012628 0.021891
v -0.006894 0.012628 0.021921
v -0.006960 0.012628 0.021961
v -0.007019 0.012628 0.022012
v -0.007070 0.012628 0.022071
v -0.007110 0.012628 0.022137
v -0.007140 0.012628 0.022208
v -0.007158 0.012628 0.022284
v -0.006670 0.012550 0.021861
v -0.006748 0.012550 0.021867
v -0.006825 0.012550 0.021885
v -0.006897 0.012550 0.021915
v -0.006964 0.012550 0.021956
v -0.007024 0.012550 0.022007
v -0.007075 0.012550 0.022067
v -0.007116 0.012550 0.022134
v -0.007146 0.012550 0.022206
v -0.007164 0.012550 0.022283
v -0.005670 0.012550 0.021861
v -0.005670 0.013050 0.022361
v -0.005670 0.013044 0.022283
v -0.005670 0.013026 0.022206
v -0.005670 0.012996 0.022134
v -0.005670 0.012955 0.022067
v -0.005670 0.012904 0.022007
v -0.005670 0.012844 0.021956
v -0.005670 0.012777 0.021915
v -0.005670 0.012705 0.021885
v -0.005670 0.012628 0.021867
v -0.005592 0.013056 0.022361
v -0.005377 0.013147 0.118231
v -0.005376 0.013145 0.022361
v -0.005267 0.013257 0.118327
v -0.005265 0.013256 0.022361
v -0.005176 0.013472 0.022361
v -0.005194 0.013395 0.022361
v -0.005178 0.013472 0.118515
v -0.005170 0.013550 0.022361
v -0.005224 0.013323 0.022361
v -0.005226 0.013324 0.118386
v -0.005316 0.013196 0.022361
v -0.005317 0.013197 0.118275
v -0.005443 0.013104 0.022361
v -0.005515 0.013074 0.022361
v -0.005170 0.012550 0.021361
v -0.005176 0.012550 0.021439
v -0.005170 0.012706 0.021373
v -0.005176 0.012694 0.021450
v -0.005170 0.012859 0.021410
v -0.005176 0.012835 0.021484
v -0.005170 0.013004 0.021470
v -0.005176 0.012968 0.021540
v -0.005170 0.013138 0.021552
v -0.005176 0.013092 0.021615
v -0.005170 0.013257 0.021654
v -0.005176 0.013202 0.021709
v -0.005170 0.013359 0.021773
v -0.005176 0.013296 0.021819
v -0.005170 0.013441 0.021907
v -0.005176 0.013371 0.021942
v -0.005170 0.013501 0.022052
v -0.005176 0.013427 0.022076
v -0.005170 0.013538 0.022204
v -0.005176 0.013460 0.022217
v -0.005194 0.012550 0.021515
v -0.005194 0.012682 0.021526
v -0.005194 0.012811 0.021557
v -0.005194 0.012934 0.021607
v -0.005194 0.013047 0.021677
v -0.005194 0.013148 0.021763
v -0.005194 0.013234 0.021864
v -0.005194 0.013303 0.021977
v -0.005194 0.013354 0.022100
v -0.005194 0.013385 0.022229
v -0.005224 0.012550 0.021588
v -0.005224 0.012671 0.021597
v -0.005224 0.012789 0.021626
v -0.005224 0.012901 0.021672
v -0.005224 0.013004 0.021735
v -0.005224 0.013097 0.021814
v -0.005224 0.013175 0.021906
v -0.005224 0.013239 0.022010
v -0.005224 0.013285 0.022122
v -0.005224 0.013313 0.022240
v -0.005265 0.012550 0.021655
v -0.005265 0.012660 0.021663
v -0.005265 0.012768 0.021689
v -0.005265 0.012871 0.021732
v -0.005265 0.012965 0.021790
v -0.005265 0.013049 0.021862
v -0.005265 0.013121 0.021946
v -0.005265 0.013179 0.022040
v -0.005265 0.013222 0.022143
v -0.005265 0.013247 0.022250
v -0.005316 0.012550 0.021714
v -0.005316 0.012651 0.021722
v -0.005316 0.012750 0.021746
v -0.005316 0.012843 0.021785
v -0.005316 0.012930 0.021838
v -0.005316 0.013007 0.021904
v -0.005316 0.013073 0.021981
v -0.005316 0.013126 0.022067
v -0.005316 0.013165 0.022161
v -0.005316 0.013188 0.022260
v -0.005376 0.012550 0.021765
v -0.005376 0.012643 0.021773
v -0.005376 0.012734 0.021794
v -0.005376 0.012820 0.021830
v -0.005376 0.012900 0.021879
v -0.005376 0.012971 0.021940
v -0.005376 0.013032 0.022011
v -0.005376 0.013081 0.022090
v -0.005376 0.013116 0.022177
v -0.005376 0.013138 0.022268
v -0.005443 0.012550 0.021806
v -0.005443 0.012637 0.021813
v -0.005443 0.012721 0.021833
v -0.005443 0.012802 0.021867
v -0.005443 0.012876 0.021912
v -0.005443 0.012942 0.021969
v -0.005443 0.012999 0.022035
v -0.005443 0.013044 0.022109
v -0.005443 0.013077 0.022189
v -0.005443 0.013098 0.022274
v -0.005515 0.012550 0.021836
v -0.005515 0.012632 0.021843
v -0.005515 0.012712 0.021862
v -0.005515 0.012788 0.021894
v -0.005515 0.012858 0.021937
v -0.005515 0.012921 0.021990
v -0.005515 0.012974 0.022053
v -0.005515 0.013017 0.022123
v -0.005515 0.013049 0.022199
v -0.005515 0.013068 0.022279
v -0.005592 0.012550 0.021855
v -0.005592 0.012629 0.021861
v -0.005592 0.012706 0.021879
v -0.005592 0.012780 0.021910
v -0.005592 0.012848 0.021951
v -0.005592 0.012908 0.022003
v -0.005592 0.012959 0.022063
v -0.005592 0.013001 0.022131
v -0.005592 0.013031 0.022204
v -0.005592 0.013050 0.022282
v -0.005170 -0.012450 0.021361
v -0.005176 -0.012450 0.021439
v -0.005194 -0.012450 0.021515
v -0.005224 -0.012450 0.021588
v -0.005265 -0.012450 0.021655
v -0.005316 -0.012450 0.021714
v -0.005376 -0.012450 0.021765
v -0.005443 -0.012450 0.021806
v -0.005515 -0.012450 0.021836
v -0.005592 -0.012450 0.021855
v -0.005170 -0.013438 0.022204
v -0.005176 -0.013360 0.022217
v -0.005170 -0.013401 0.022052
v -0.005176 -0.013327 0.022076
v -0.005170 -0.013341 0.021907
v -0.005176 -0.013271 0.021942
v -0.005170 -0.013259 0.021773
v -0.005176 -0.013196 0.021819
v -0.005170 -0.013157 0.021654
v -0.005176 -0.013102 0.021709
v -0.005170 -0.013038 0.021552
v -0.005176 -0.012992 0.021615
v -0.005170 -0.012904 0.021470
v -0.005176 -0.012868 0.021540
v -0.005170 -0.012759 0.021410
v -0.005176 -0.012735 0.021484
v -0.005170 -0.012606 0.021373
v -0.005176 -0.012594 0.021450
v -0.005194 -0.013285 0.022229
v -0.005194 -0.013254 0.022100
v -0.005194 -0.013203 0.021977
v -0.005194 -0.013134 0.021864
v -0.005194 -0.013048 0.021763
v -0.005194 -0.012947 0.021677
v -0.005194 -0.012834 0.021607
v -0.005194 -0.012711 0.021557
v -0.005194 -0.012582 0.021526
v -0.005224 -0.013213 0.022240
v -0.005224 -0.013185 0.022122
v -0.005224 -0.013139 0.022010
v -0.005224 -0.013075 0.021906
v -0.005224 -0.012997 0.021814
v -0.005224 -0.012904 0.021735
v -0.005224 -0.012801 0.021672
v -0.005224 -0.012689 0.021626
v -0.005224 -0.012571 0.021597
v -0.005265 -0.013147 0.022250
v -0.005265 -0.013122 0.022143
v -0.005265 -0.013079 0.022040
v -0.005265 -0.013021 0.021946
v -0.005265 -0.012949 0.021862
v -0.005265 -0.012865 0.021790
v -0.005265 -0.012771 0.021732
v -0.005265 -0.012668 0.021689
v -0.005265 -0.012560 0.021663
v -0.005316 -0.013088 0.022260
v -0.005316 -0.013065 0.022161
v -0.005316 -0.013026 0.022067
v -0.005316 -0.012973 0.021981
v -0.005316 -0.012907 0.021904
v -0.005316 -0.012830 0.021838
v -0.005316 -0.012743 0.021785
v -0.005316 -0.012650 0.021746
v -0.005316 -0.012551 0.021722
v -0.005376 -0.013038 0.022268
v -0.005376 -0.013016 0.022177
v -0.005376 -0.012981 0.022090
v -0.005376 -0.012932 0.022011
v -0.005376 -0.012871 0.021940
v -0.005376 -0.012800 0.021879
v -0.005376 -0.012720 0.021830
v -0.005376 -0.012634 0.021794
v -0.005376 -0.012543 0.021773
v -0.005443 -0.012998 0.022274
v -0.005443 -0.012977 0.022189
v -0.005443 -0.012944 0.022109
v -0.005443 -0.012899 0.022035
v -0.005443 -0.012842 0.021969
v -0.005443 -0.012776 0.021912
v -0.005443 -0.012702 0.021867
v -0.005443 -0.012621 0.021833
v -0.005443 -0.012537 0.021813
v -0.005515 -0.012968 0.022279
v -0.005515 -0.012949 0.022199
v -0.005515 -0.012917 0.022123
v -0.005515 -0.012874 0.022053
v -0.005515 -0.012821 0.021990
v -0.005515 -0.012758 0.021937
v -0.005515 -0.012688 0.021894
v -0.005515 -0.012612 0.021862
v -0.005515 -0.012532 0.021843
v -0.005592 -0.012950 0.022282
v -0.005592 -0.012931 0.022204
v -0.005592 -0.012901 0.022131
v -0.005592 -0.012859 0.022063
v -0.005592 -0.012808 0.022003
v -0.005592 -0.012748 0.021951
v -0.005592 -0.012680 0.021910
v -0.005592 -0.012606 0.021879
v -0.005592 -0.012529 0.021861
v -0.005170 -0.014450 0.020361
v -0.005170 0.014550 0.020361
v -0.003000 -0.012100 0.109861
v 0.000660 -0.012100 0.109861
v -0.003000 -0.012100 0.019861
v 0.000660 -0.012100 0.019861
v 0.000660 0.003726 0.089047
v 0.000660 0.003458 0.089211
v 0.000660 0.012200 0.109861
v 0.000660 0.003168 0.089331
v 0.000660 -0.004425 0.063048
v 0.000660 -0.004352 0.062743
v 0.000660 -0.004232 0.062453
v 0.000660 -0.004068 0.062185
v 0.000660 -0.003864 0.061947
v 0.000660 -0.004450 0.063361
v 0.000660 -0.004450 0.087429
v 0.000660 -0.003626 0.061743
v 0.000660 -0.003358 0.061579
v 0.000660 -0.003068 0.061459
v 0.000660 0.004332 0.088337
v 0.000660 0.004168 0.088605
v 0.000660 0.003964 0.088844
v 0.000660 0.002863 0.089405
v 0.000660 0.002550 0.089429
v 0.000660 -0.002450 0.089429
v 0.000660 -0.002763 0.089405
v 0.000660 -0.003068 0.089331
v 0.000660 -0.003358 0.089211
v 0.000660 -0.003626 0.089047
v 0.000660 -0.003864 0.088844
v 0.000660 -0.004068 0.088605
v 0.000660 -0.004232 0.088337
v 0.000660 -0.004352 0.088047
v 0.000660 -0.004425 0.087742
v 0.000660 -0.002763 0.061385
v 0.000660 -0.002450 0.061361
v 0.000660 0.012200 0.019861
v 0.000660 0.002550 0.061361
v 0.000660 0.002863 0.061385
v 0.000660 0.003726 0.061743
v 0.000660 0.003964 0.061947
v 0.000660 0.004168 0.062185
v 0.000660 0.004332 0.062453
v 0.000660 0.003168 0.061459
v 0.000660 0.003458 0.061579
v 0.000660 0.004550 0.087429
v 0.000660 0.004525 0.087742
v 0.000660 0.004452 0.088047
v 0.000660 0.004452 0.062743
v 0.000660 0.004525 0.063048
v 0.000660 0.004550 0.063361
v -0.003000 0.012200 0.109861
v -0.003000 0.012200 0.019861
v -0.003000 0.004525 0.087742
v -0.003000 0.004550 0.087429
v -0.003000 0.004550 0.063361
v -0.003000 0.004525 0.063048
v -0.003000 0.004452 0.062743
v -0.003000 0.004332 0.062453
v -0.003000 0.004168 0.062185
v -0.003000 0.003964 0.061947
v -0.003000 0.003458 0.089211
v -0.003000 0.003168 0.089331
v -0.003000 0.002863 0.089405
v -0.003000 0.003726 0.061743
v -0.003000 0.003458 0.061579
v -0.003000 0.003168 0.061459
v -0.003000 0.004168 0.088605
v -0.003000 0.004332 0.088337
v -0.003000 0.004452 0.088047
v -0.003000 0.002863 0.061385
v -0.003000 0.002550 0.061361
v -0.003000 -0.002450 0.061361
v -0.003000 -0.002763 0.061385
v -0.003000 -0.003068 0.061459
v -0.003000 -0.003358 0.061579
v -0.003000 -0.003626 0.061743
v -0.003000 -0.004425 0.087742
v -0.003000 -0.004352 0.088047
v -0.003000 0.003726 0.089047
v -0.003000 0.003964 0.088844
v -0.003000 -0.003864 0.061947
v -0.003000 -0.004068 0.062185
v -0.003000 -0.004232 0.062453
v -0.003000 -0.003864 0.088844
v -0.003000 -0.003626 0.089047
v -0.003000 -0.003358 0.089211
v -0.003000 -0.003068 0.089331
v -0.003000 -0.004450 0.087429
v -0.003000 -0.004232 0.088337
v -0.003000 -0.004068 0.088605
v -0.003000 -0.004352 0.062743
v -0.003000 -0.004425 0.063048
v -0.003000 -0.004450 0.063361
v -0.003000 -0.002763 0.089405
v -0.003000 -0.002450 0.089429
v -0.003000 0.002550 0.089429
v -0.004670 -0.014450 0.019861
v -0.004670 0.014550 0.019861
v 0.002330 0.014550 0.019861
v 0.002330 -0.014450 0.019861
v -0.004670 0.014628 0.019867
v 0.002330 0.014628 0.019867
v -0.004670 0.014705 0.019885
v 0.002330 0.014705 0.019885
v -0.004670 0.014777 0.019915
v 0.002330 0.014777 0.019915
v -0.004670 0.014844 0.019956
v 0.002330 0.014844 0.019956
v -0.004670 0.014904 0.020007
v 0.002330 0.014904 0.020007
v -0.004670 0.014955 0.020067
v 0.002330 0.014955 0.020067
v -0.004670 0.014996 0.020134
v 0.002330 0.014996 0.020134
v -0.004670 0.015026 0.020206
v 0.002330 0.015026 0.020206
v -0.004670 0.015044 0.020283
v 0.002330 0.015044 0.020283
v -0.004670 0.015050 0.020361
v 0.002330 0.015050 0.020361
v 0.002330 0.015050 0.119429
v -0.004748 0.015044 0.020361
v -0.004825 0.015026 0.020361
v -0.004897 0.014996 0.020361
v -0.004964 0.014955 0.020361
v -0.005024 0.014904 0.020361
v -0.005075 0.014844 0.020361
v -0.005116 0.014777 0.020361
v -0.005146 0.014705 0.020361
v -0.005164 0.014628 0.020361
v -0.004740 0.015044 0.020325
v -0.004733 0.015044 0.020315
v -0.004795 0.015026 0.020270
v -0.004747 0.015044 0.020349
v -0.004744 0.015044 0.020337
v -0.004823 0.015026 0.020337
v -0.004817 0.015026 0.020313
v -0.004808 0.015026 0.020291
v -0.004831 0.014996 0.020200
v -0.004779 0.015026 0.020252
v -0.004725 0.015044 0.020306
v -0.004894 0.014996 0.020325
v -0.004886 0.014996 0.020291
v -0.004872 0.014996 0.020258
v -0.004854 0.014996 0.020227
v -0.004843 0.014955 0.020123
v -0.004803 0.014996 0.020177
v -0.004761 0.015026 0.020236
v -0.004716 0.015044 0.020298
v -0.004960 0.014955 0.020315
v -0.004950 0.014955 0.020270
v -0.004932 0.014955 0.020227
v -0.004908 0.014955 0.020188
v -0.004878 0.014955 0.020153
v -0.004831 0.014904 0.020046
v -0.004803 0.014955 0.020099
v -0.004773 0.014996 0.020159
v -0.004740 0.015026 0.020223
v -0.004706 0.015044 0.020291
v -0.005019 0.014904 0.020306
v -0.005006 0.014904 0.020252
v -0.004985 0.014904 0.020200
v -0.004956 0.014904 0.020153
v -0.004920 0.014904 0.020111
v -0.004878 0.014904 0.020075
v -0.004795 0.014844 0.019976
v -0.004779 0.014904 0.020025
v -0.004761 0.014955 0.020081
v -0.004740 0.014996 0.020145
v -0.004718 0.015026 0.020214
v -0.004694 0.015044 0.020286
v -0.005070 0.014844 0.020298
v -0.005055 0.014844 0.020236
v -0.005030 0.014844 0.020177
v -0.004997 0.014844 0.020123
v -0.004956 0.014844 0.020075
v -0.004908 0.014844 0.020034
v -0.004854 0.014844 0.020000
v -0.004740 0.014777 0.019921
v -0.004733 0.014844 0.019961
v -0.004725 0.014904 0.020012
v -0.004716 0.014955 0.020071
v -0.004706 0.014996 0.020137
v -0.004694 0.015026 0.020208
v -0.004682 0.015044 0.020284
v -0.005110 0.014777 0.020291
v -0.005094 0.014777 0.020223
v -0.005067 0.014777 0.020159
v -0.005030 0.014777 0.020099
v -0.004985 0.014777 0.020046
v -0.004932 0.014777 0.020000
v -0.004872 0.014777 0.019964
v -0.004808 0.014777 0.019937
v -0.005140 0.014705 0.020286
v -0.005122 0.014705 0.020214
v -0.005094 0.014705 0.020145
v -0.005055 0.014705 0.020081
v -0.005006 0.014705 0.020025
v -0.004950 0.014705 0.019976
v -0.004886 0.014705 0.019937
v -0.004817 0.014705 0.019909
v -0.004744 0.014705 0.019891
v -0.004747 0.014628 0.019873
v -0.004823 0.014628 0.019891
v -0.004894 0.014628 0.019921
v -0.004960 0.014628 0.019961
v -0.005019 0.014628 0.020012
v -0.005070 0.014628 0.020071
v -0.005110 0.014628 0.020137
v -0.005140 0.014628 0.020208
v -0.005158 0.014628 0.020284
v -0.004748 0.014550 0.019867
v -0.004825 0.014550 0.019885
v -0.004897 0.014550 0.019915
v -0.004964 0.014550 0.019956
v -0.005024 0.014550 0.020007
v -0.005075 0.014550 0.020067
v -0.005116 0.014550 0.020134
v -0.005146 0.014550 0.020206
v -0.005164 0.014550 0.020283
v -0.004748 -0.014450 0.019867
v -0.004825 -0.014450 0.019885
v -0.004897 -0.014450 0.019915
v -0.004964 -0.014450 0.019956
v -0.005024 -0.014450 0.020007
v -0.005075 -0.014450 0.020067
v -0.005116 -0.014450 0.020134
v -0.005146 -0.014450 0.020206
v -0.005164 -0.014450 0.020283
v -0.005158 -0.014528 0.020284
v -0.005164 -0.014528 0.020361
v -0.005140 -0.014605 0.020286
v -0.005146 -0.014605 0.020361
v -0.005094 -0.014677 0.020223
v -0.005122 -0.014605 0.020214
v -0.005140 -0.014528 0.020208
v -0.005110 -0.014677 0.020291
v -0.005116 -0.014677 0.020361
v -0.005030 -0.014744 0.020177
v -0.005067 -0.014677 0.020159
v -0.005094 -0.014605 0.020145
v -0.005110 -0.014528 0.020137
v -0.005070 -0.014744 0.020298
v -0.005075 -0.014744 0.020361
v -0.004956 -0.014804 0.020153
v -0.004997 -0.014744 0.020123
v -0.005030 -0.014677 0.020099
v -0.005055 -0.014605 0.020081
v -0.005070 -0.014528 0.020071
v -0.005019 -0.014804 0.020306
v -0.005024 -0.014804 0.020361
v -0.004878 -0.014855 0.020153
v -0.004920 -0.014804 0.020111
v -0.004956 -0.014744 0.020075
v -0.004985 -0.014677 0.020046
v -0.005006 -0.014605 0.020025
v -0.005019 -0.014528 0.020012
v -0.004960 -0.014855 0.020315
v -0.004964 -0.014855 0.020361
v -0.004803 -0.014896 0.020177
v -0.004843 -0.014855 0.020123
v -0.004878 -0.014804 0.020075
v -0.004908 -0.014744 0.020034
v -0.004932 -0.014677 0.020000
v -0.004950 -0.014605 0.019976
v -0.004960 -0.014528 0.019961
v -0.004894 -0.014896 0.020325
v -0.004897 -0.014896 0.020361
v -0.004740 -0.014926 0.020223
v -0.004773 -0.014896 0.020159
v -0.004803 -0.014855 0.020099
v -0.004831 -0.014804 0.020046
v -0.004854 -0.014744 0.020000
v -0.004872 -0.014677 0.019964
v -0.004886 -0.014605 0.019937
v -0.004894 -0.014528 0.019921
v -0.004823 -0.014926 0.020337
v -0.004825 -0.014926 0.020361
v -0.004694 -0.014944 0.020286
v -0.004718 -0.014926 0.020214
v -0.004740 -0.014896 0.020145
v -0.004761 -0.014855 0.020081
v -0.004779 -0.014804 0.020025
v -0.004795 -0.014744 0.019976
v -0.004808 -0.014677 0.019937
v -0.004817 -0.014605 0.019909
v -0.004823 -0.014528 0.019891
v -0.004670 -0.014950 0.020361
v -0.004748 -0.014944 0.020361
v -0.004747 -0.014944 0.020349
v -0.004744 -0.014944 0.020337
v -0.004817 -0.014926 0.020313
v -0.004740 -0.014944 0.020325
v -0.004886 -0.014896 0.020291
v -0.004808 -0.014926 0.020291
v -0.004733 -0.014944 0.020315
v -0.004950 -0.014855 0.020270
v -0.004872 -0.014896 0.020258
v -0.004795 -0.014926 0.020270
v -0.004725 -0.014944 0.020306
v -0.005006 -0.014804 0.020252
v -0.004932 -0.014855 0.020227
v -0.004854 -0.014896 0.020227
v -0.004779 -0.014926 0.020252
v -0.004716 -0.014944 0.020298
v -0.005055 -0.014744 0.020236
v -0.004985 -0.014804 0.020200
v -0.004908 -0.014855 0.020188
v -0.004831 -0.014896 0.020200
v -0.004761 -0.014926 0.020236
v -0.004706 -0.014944 0.020291
v -0.004682 -0.014944 0.020284
v -0.004694 -0.014926 0.020208
v -0.004706 -0.014896 0.020137
v -0.004716 -0.014855 0.020071
v -0.004725 -0.014804 0.020012
v -0.004733 -0.014744 0.019961
v -0.004740 -0.014677 0.019921
v -0.004744 -0.014605 0.019891
v -0.004747 -0.014528 0.019873
v -0.004670 -0.014944 0.020283
v -0.004670 -0.014926 0.020206
v -0.004670 -0.014896 0.020134
v -0.004670 -0.014855 0.020067
v -0.004670 -0.014804 0.020007
v -0.004670 -0.014744 0.019956
v -0.004670 -0.014677 0.019915
v -0.004670 -0.014605 0.019885
v -0.004670 -0.014528 0.019867
v 0.002330 -0.014528 0.019867
v 0.002330 -0.014605 0.019885
v 0.002330 -0.014677 0.019915
v 0.002330 -0.014744 0.019956
v 0.002330 -0.014804 0.020007
v 0.002330 -0.014855 0.020067
v 0.002330 -0.014896 0.020134
v 0.002330 -0.014926 0.020206
v 0.002330 -0.014944 0.020283
v 0.002330 -0.014950 0.020361
v 0.002408 -0.014450 0.019867
v 0.002407 -0.014528 0.019873
v 0.002404 -0.014605 0.019891
v 0.002468 -0.014677 0.019937
v 0.002477 -0.014605 0.019909
v 0.002483 -0.014528 0.019891
v 0.002485 -0.014450 0.019885
v 0.002400 -0.014677 0.019921
v 0.002514 -0.014744 0.020000
v 0.002532 -0.014677 0.019964
v 0.002546 -0.014605 0.019937
v 0.002554 -0.014528 0.019921
v 0.002557 -0.014450 0.019915
v 0.002393 -0.014744 0.019961
v 0.002538 -0.014804 0.020075
v 0.002568 -0.014744 0.020034
v 0.002592 -0.014677 0.020000
v 0.002610 -0.014605 0.019976
v 0.002620 -0.014528 0.019961
v 0.002624 -0.014450 0.019956
v 0.002385 -0.014804 0.020012
v 0.002538 -0.014855 0.020153
v 0.002580 -0.014804 0.020111
v 0.002616 -0.014744 0.020075
v 0.002645 -0.014677 0.020046
v 0.002666 -0.014605 0.020025
v 0.002679 -0.014528 0.020012
v 0.002684 -0.014450 0.020007
v 0.002376 -0.014855 0.020071
v 0.002514 -0.014896 0.020227
v 0.002568 -0.014855 0.020188
v 0.002616 -0.014804 0.020153
v 0.002657 -0.014744 0.020123
v 0.002690 -0.014677 0.020099
v 0.002715 -0.014605 0.020081
v 0.002730 -0.014528 0.020071
v 0.002735 -0.014450 0.020067
v 0.002366 -0.014896 0.020137
v 0.002468 -0.014926 0.020291
v 0.002532 -0.014896 0.020258
v 0.002592 -0.014855 0.020227
v 0.002645 -0.014804 0.020200
v 0.002690 -0.014744 0.020177
v 0.002727 -0.014677 0.020159
v 0.002754 -0.014605 0.020145
v 0.002770 -0.014528 0.020137
v 0.002776 -0.014450 0.020134
v 0.002354 -0.014926 0.020208
v 0.002404 -0.014944 0.020337
v 0.002477 -0.014926 0.020313
v 0.002546 -0.014896 0.020291
v 0.002610 -0.014855 0.020270
v 0.002666 -0.014804 0.020252
v 0.002715 -0.014744 0.020236
v 0.002754 -0.014677 0.020223
v 0.002782 -0.014605 0.020214
v 0.002800 -0.014528 0.020208
v 0.002806 -0.014450 0.020206
v 0.002342 -0.014944 0.020284
v 0.002354 -0.014944 0.020286
v 0.002378 -0.014926 0.020214
v 0.002366 -0.014944 0.020291
v 0.002400 -0.014896 0.020145
v 0.002400 -0.014926 0.020223
v 0.002376 -0.014944 0.020298
v 0.002421 -0.014855 0.020081
v 0.002433 -0.014896 0.020159
v 0.002421 -0.014926 0.020236
v 0.002385 -0.014944 0.020306
v 0.002439 -0.014804 0.020025
v 0.002463 -0.014855 0.020099
v 0.002463 -0.014896 0.020177
v 0.002439 -0.014926 0.020252
v 0.002393 -0.014944 0.020315
v 0.002455 -0.014744 0.019976
v 0.002491 -0.014804 0.020046
v 0.002503 -0.014855 0.020123
v 0.002491 -0.014896 0.020200
v 0.002455 -0.014926 0.020270
v 0.002400 -0.014944 0.020325
v 0.002407 -0.014944 0.020349
v 0.002483 -0.014926 0.020337
v 0.002554 -0.014896 0.020325
v 0.002620 -0.014855 0.020315
v 0.002679 -0.014804 0.020306
v 0.002730 -0.014744 0.020298
v 0.002770 -0.014677 0.020291
v 0.002800 -0.014605 0.020286
v 0.002818 -0.014528 0.020284
v 0.002824 -0.014450 0.020283
v 0.002408 -0.014944 0.020361
v 0.002485 -0.014926 0.020361
v 0.002557 -0.014896 0.020361
v 0.002624 -0.014855 0.020361
v 0.002684 -0.014804 0.020361
v 0.002735 -0.014744 0.020361
v 0.002776 -0.014677 0.020361
v 0.002806 -0.014605 0.020361
v 0.002824 -0.014528 0.020361
v 0.002830 -0.014450 0.020361
v 0.002408 0.014550 0.019867
v 0.002485 0.014550 0.019885
v 0.002557 0.014550 0.019915
v 0.002624 0.014550 0.019956
v 0.002684 0.014550 0.020007
v 0.002735 0.014550 0.020067
v 0.002776 0.014550 0.020134
v 0.002806 0.014550 0.020206
v 0.002824 0.014550 0.020283
v 0.002830 0.014550 0.020361
v 0.002366 0.015044 0.020291
v 0.002376 0.015044 0.020298
v 0.002421 0.015026 0.020236
v 0.002342 0.015044 0.020284
v 0.002354 0.015044 0.020286
v 0.002354 0.015026 0.020208
v 0.002378 0.015026 0.020214
v 0.002400 0.015026 0.020223
v 0.002491 0.014996 0.020200
v 0.002439 0.015026 0.020252
v 0.002385 0.015044 0.020306
v 0.002366 0.014996 0.020137
v 0.002400 0.014996 0.020145
v 0.002433 0.014996 0.020159
v 0.002463 0.014996 0.020177
v 0.002568 0.014955 0.020188
v 0.002514 0.014996 0.020227
v 0.002455 0.015026 0.020270
v 0.002393 0.015044 0.020315
v 0.002376 0.014955 0.020071
v 0.002421 0.014955 0.020081
v 0.002463 0.014955 0.020099
v 0.002503 0.014955 0.020123
v 0.002538 0.014955 0.020153
v 0.002645 0.014904 0.020200
v 0.002592 0.014955 0.020227
v 0.002532 0.014996 0.020258
v 0.002468 0.015026 0.020291
v 0.002400 0.015044 0.020325
v 0.002385 0.014904 0.020012
v 0.002439 0.014904 0.020025
v 0.002491 0.014904 0.020046
v 0.002538 0.014904 0.020075
v 0.002580 0.014904 0.020111
v 0.002616 0.014904 0.020153
v 0.002715 0.014844 0.020236
v 0.002666 0.014904 0.020252
v 0.002610 0.014955 0.020270
v 0.002546 0.014996 0.020291
v 0.002477 0.015026 0.020313
v 0.002404 0.015044 0.020337
v 0.002393 0.014844 0.019961
v 0.002455 0.014844 0.019976
v 0.002514 0.014844 0.020000
v 0.002568 0.014844 0.020034
v 0.002616 0.014844 0.020075
v 0.002657 0.014844 0.020123
v 0.002690 0.014844 0.020177
v 0.002770 0.014777 0.020291
v 0.002730 0.014844 0.020298
v 0.002679 0.014904 0.020306
v 0.002620 0.014955 0.020315
v 0.002554 0.014996 0.020325
v 0.002483 0.015026 0.020337
v 0.002407 0.015044 0.020349
v 0.002400 0.014777 0.019921
v 0.002468 0.014777 0.019937
v 0.002532 0.014777 0.019964
v 0.002592 0.014777 0.020000
v 0.002645 0.014777 0.020046
v 0.002690 0.014777 0.020099
v 0.002727 0.014777 0.020159
v 0.002754 0.014777 0.020223
v 0.002806 0.014705 0.020361
v 0.002776 0.014777 0.020361
v 0.002735 0.014844 0.020361
v 0.002684 0.014904 0.020361
v 0.002624 0.014955 0.020361
v 0.002557 0.014996 0.020361
v 0.002485 0.015026 0.020361
v 0.002408 0.015044 0.020361
v 0.002404 0.014705 0.019891
v 0.002477 0.014705 0.019909
v 0.002546 0.014705 0.019937
v 0.002610 0.014705 0.019976
v 0.002666 0.014705 0.020025
v 0.002715 0.014705 0.020081
v 0.002754 0.014705 0.020145
v 0.002782 0.014705 0.020214
v 0.002800 0.014705 0.020286
v 0.002824 0.014628 0.020361
v 0.002818 0.014628 0.020284
v 0.002800 0.014628 0.020208
v 0.002770 0.014628 0.020137
v 0.002730 0.014628 0.020071
v 0.002679 0.014628 0.020012
v 0.002620 0.014628 0.019961
v 0.002554 0.014628 0.019921
v 0.002483 0.014628 0.019891
v 0.002407 0.014628 0.019873
v 0.002408 0.015044 0.119429
v 0.002824 0.014624 0.119429
v 0.002830 0.014550 0.119429
v 0.002824 0.014628 0.119429
v 0.002807 0.014701 0.119429
v 0.002805 0.014704 0.119429
v 0.002777 0.014774 0.119429
v 0.002775 0.014777 0.119429
v 0.002736 0.014842 0.119429
v 0.002734 0.014844 0.119429
v 0.002685 0.014902 0.119429
v 0.002683 0.014903 0.119429
v 0.002625 0.014953 0.119429
v 0.002624 0.014954 0.119429
v 0.002558 0.014995 0.119429
v 0.002557 0.014995 0.119429
v 0.002485 0.015025 0.119429
v 0.002484 0.015025 0.119429
v 0.002409 0.015044 0.119429
v 0.002330 0.014699 0.119906
v 0.002330 0.014624 0.119924
v 0.002407 0.014624 0.119918
v 0.002801 0.014701 0.119504
v 0.002330 0.014773 0.119877
v 0.002330 0.014701 0.119906
v 0.002405 0.014701 0.119900
v 0.002771 0.014774 0.119499
v 0.002330 0.014840 0.119836
v 0.002330 0.014774 0.119876
v 0.002400 0.014774 0.119871
v 0.002330 0.014901 0.119785
v 0.002330 0.014842 0.119835
v 0.002394 0.014842 0.119830
v 0.002330 0.014953 0.119725
v 0.002330 0.014902 0.119785
v 0.002386 0.014902 0.119780
v 0.002330 0.014995 0.119658
v 0.002330 0.014953 0.119725
v 0.002376 0.014953 0.119721
v 0.002330 0.015025 0.119585
v 0.002330 0.014995 0.119658
v 0.002366 0.014995 0.119655
v 0.002330 0.015044 0.119508
v 0.002330 0.015025 0.119585
v 0.002354 0.015025 0.119583
v 0.002354 0.015044 0.119504
v 0.002366 0.015044 0.119499
v 0.002342 0.015044 0.119507
v 0.002330 0.015044 0.119508
v 0.002408 0.015044 0.119442
v 0.002824 0.014561 0.119507
v 0.002818 0.014624 0.119507
v 0.002824 0.014561 0.119507
v 0.002800 0.014624 0.119582
v 0.002806 0.014572 0.119582
v 0.002776 0.014583 0.119654
v 0.002771 0.014624 0.119654
v 0.002774 0.014583 0.119656
v 0.002730 0.014624 0.119720
v 0.002735 0.014592 0.119720
v 0.002684 0.014601 0.119779
v 0.002680 0.014624 0.119779
v 0.002682 0.014601 0.119781
v 0.002621 0.014624 0.119829
v 0.002624 0.014608 0.119830
v 0.002557 0.014614 0.119870
v 0.002554 0.014624 0.119870
v 0.002555 0.014614 0.119871
v 0.002483 0.014624 0.119900
v 0.002485 0.014619 0.119900
v 0.002408 0.014621 0.119918
v 0.002407 0.014621 0.119918
v 0.002330 0.014622 0.119924
v 0.002483 0.015025 0.119454
v 0.002401 0.015025 0.119568
v 0.002421 0.015025 0.119555
v 0.002376 0.015044 0.119493
v 0.002378 0.015025 0.119577
v 0.002555 0.014995 0.119465
v 0.002464 0.014995 0.119614
v 0.002491 0.014995 0.119591
v 0.002440 0.015025 0.119539
v 0.002401 0.014995 0.119646
v 0.002434 0.014995 0.119633
v 0.002386 0.015044 0.119485
v 0.002622 0.014953 0.119476
v 0.002539 0.014953 0.119638
v 0.002569 0.014953 0.119603
v 0.002515 0.014995 0.119563
v 0.002421 0.014953 0.119710
v 0.002464 0.014953 0.119693
v 0.002504 0.014953 0.119668
v 0.002456 0.015025 0.119521
v 0.002394 0.015044 0.119476
v 0.002681 0.014902 0.119485
v 0.002617 0.014902 0.119638
v 0.002647 0.014902 0.119591
v 0.002593 0.014953 0.119563
v 0.002440 0.014902 0.119767
v 0.002491 0.014902 0.119746
v 0.002539 0.014902 0.119717
v 0.002581 0.014902 0.119680
v 0.002533 0.014995 0.119533
v 0.002468 0.015025 0.119500
v 0.002400 0.015044 0.119465
v 0.002731 0.014842 0.119493
v 0.002692 0.014842 0.119614
v 0.002716 0.014842 0.119555
v 0.002668 0.014902 0.119539
v 0.002456 0.014842 0.119816
v 0.002514 0.014842 0.119791
v 0.002569 0.014842 0.119758
v 0.002617 0.014842 0.119717
v 0.002659 0.014842 0.119668
v 0.002611 0.014953 0.119521
v 0.002547 0.014995 0.119500
v 0.002478 0.015025 0.119477
v 0.002405 0.015044 0.119454
v 0.002755 0.014774 0.119567
v 0.002468 0.014774 0.119854
v 0.002533 0.014774 0.119828
v 0.002593 0.014774 0.119791
v 0.002646 0.014774 0.119745
v 0.002692 0.014774 0.119692
v 0.002728 0.014774 0.119632
v 0.002477 0.014701 0.119883
v 0.002546 0.014701 0.119854
v 0.002610 0.014701 0.119815
v 0.002667 0.014701 0.119766
v 0.002716 0.014701 0.119709
v 0.002755 0.014701 0.119646
v 0.002783 0.014701 0.119577
v 0.002330 -0.014522 0.119924
v 0.002330 -0.010376 0.120441
v 0.002330 -0.008711 0.120579
v 0.002330 -0.006213 0.120785
v 0.002330 -0.002874 0.120923
v 0.002330 -0.002039 0.120958
v 0.002330 0.002139 0.120958
v 0.002330 0.002974 0.120923
v 0.002330 0.006313 0.120785
v 0.002330 0.008811 0.120579
v 0.002330 0.010476 0.120441
v -0.004670 -0.014950 0.119429
v 0.002330 -0.014950 0.119429
v -0.004670 -0.014944 0.119508
v 0.002330 -0.014944 0.119508
v -0.004670 -0.014944 0.119508
v 0.002330 -0.014944 0.119508
v -0.004670 -0.014925 0.119585
v 0.002330 -0.014925 0.119585
v -0.004670 -0.014925 0.119585
v 0.002330 -0.014925 0.119585
v -0.004670 -0.014895 0.119658
v 0.002330 -0.014895 0.119658
v -0.004670 -0.014895 0.119658
v 0.002330 -0.014895 0.119658
v -0.004670 -0.014853 0.119725
v 0.002330 -0.014853 0.119725
v -0.004670 -0.014853 0.119725
v 0.002330 -0.014853 0.119725
v -0.004670 -0.014802 0.119785
v 0.002330 -0.014802 0.119785
v -0.004670 -0.014801 0.119785
v 0.002330 -0.014801 0.119785
v -0.004670 -0.014742 0.119835
v 0.002330 -0.014742 0.119835
v -0.004670 -0.014740 0.119836
v 0.002330 -0.014740 0.119836
v -0.004670 -0.014674 0.119876
v 0.002330 -0.014674 0.119876
v -0.004670 -0.014673 0.119877
v 0.002330 -0.014673 0.119877
v -0.004670 -0.014601 0.119906
v 0.002330 -0.014601 0.119906
v -0.004670 -0.014599 0.119906
v 0.002330 -0.014599 0.119906
v -0.004670 -0.014524 0.119924
v 0.002330 -0.014524 0.119924
v -0.004745 -0.014944 0.119454
v -0.004748 -0.014944 0.119442
v -0.004740 -0.014944 0.119465
v -0.004734 -0.014944 0.119476
v -0.004726 -0.014944 0.119485
v -0.004716 -0.014944 0.119493
v -0.004706 -0.014944 0.119499
v -0.004694 -0.014944 0.119504
v -0.004682 -0.014944 0.119507
v -0.004824 -0.014925 0.119429
v -0.004749 -0.014944 0.119429
v -0.004694 -0.014925 0.119583
v -0.004897 -0.014895 0.119429
v -0.004825 -0.014925 0.119429
v -0.004823 -0.014925 0.119454
v -0.004706 -0.014895 0.119655
v -0.004964 -0.014854 0.119429
v -0.004898 -0.014895 0.119429
v -0.004895 -0.014895 0.119465
v -0.004716 -0.014853 0.119721
v -0.005023 -0.014803 0.119429
v -0.004965 -0.014853 0.119429
v -0.004962 -0.014853 0.119476
v -0.004726 -0.014802 0.119780
v -0.005074 -0.014744 0.119429
v -0.005025 -0.014802 0.119429
v -0.005021 -0.014802 0.119485
v -0.004734 -0.014742 0.119830
v -0.005115 -0.014677 0.119429
v -0.005076 -0.014742 0.119429
v -0.005071 -0.014742 0.119493
v -0.004740 -0.014674 0.119871
v -0.005145 -0.014604 0.119429
v -0.005117 -0.014674 0.119429
v -0.005111 -0.014674 0.119499
v -0.004745 -0.014601 0.119900
v -0.005164 -0.014528 0.119429
v -0.005147 -0.014601 0.119429
v -0.005141 -0.014601 0.119504
v -0.004747 -0.014524 0.119918
v -0.005164 -0.014524 0.119429
v -0.005158 -0.014524 0.119507
v -0.005140 -0.014524 0.119582
v -0.005111 -0.014524 0.119654
v -0.005070 -0.014524 0.119720
v -0.005020 -0.014524 0.119779
v -0.004961 -0.014524 0.119829
v -0.004894 -0.014524 0.119870
v -0.004823 -0.014524 0.119900
v -0.005123 -0.014601 0.119577
v -0.005095 -0.014601 0.119646
v -0.005056 -0.014601 0.119709
v -0.005007 -0.014601 0.119766
v -0.004950 -0.014601 0.119815
v -0.004886 -0.014601 0.119854
v -0.004817 -0.014601 0.119883
v -0.005095 -0.014674 0.119567
v -0.005068 -0.014674 0.119632
v -0.005032 -0.014674 0.119692
v -0.004986 -0.014674 0.119745
v -0.004933 -0.014674 0.119791
v -0.004873 -0.014674 0.119828
v -0.004808 -0.014674 0.119854
v -0.005056 -0.014742 0.119555
v -0.005032 -0.014742 0.119614
v -0.004999 -0.014742 0.119668
v -0.004957 -0.014742 0.119717
v -0.004909 -0.014742 0.119758
v -0.004854 -0.014742 0.119791
v -0.004796 -0.014742 0.119816
v -0.005008 -0.014802 0.119539
v -0.004986 -0.014802 0.119591
v -0.004957 -0.014802 0.119638
v -0.004921 -0.014802 0.119680
v -0.004879 -0.014802 0.119717
v -0.004831 -0.014802 0.119746
v -0.004780 -0.014802 0.119767
v -0.004951 -0.014853 0.119521
v -0.004933 -0.014853 0.119563
v -0.004909 -0.014853 0.119603
v -0.004879 -0.014853 0.119638
v -0.004844 -0.014853 0.119668
v -0.004804 -0.014853 0.119693
v -0.004761 -0.014853 0.119710
v -0.004887 -0.014895 0.119500
v -0.004873 -0.014895 0.119533
v -0.004855 -0.014895 0.119563
v -0.004831 -0.014895 0.119591
v -0.004804 -0.014895 0.119614
v -0.004774 -0.014895 0.119633
v -0.004741 -0.014895 0.119646
v -0.004818 -0.014925 0.119477
v -0.004808 -0.014925 0.119500
v -0.004796 -0.014925 0.119521
v -0.004780 -0.014925 0.119539
v -0.004761 -0.014925 0.119555
v -0.004741 -0.014925 0.119568
v -0.004718 -0.014925 0.119577
v -0.004748 -0.014944 0.119429
v 0.002408 -0.014944 0.119429
v 0.002409 -0.014944 0.119429
v 0.002484 -0.014925 0.119429
v 0.002485 -0.014925 0.119429
v 0.002557 -0.014895 0.119429
v 0.002558 -0.014895 0.119429
v 0.002624 -0.014854 0.119429
v 0.002625 -0.014853 0.119429
v 0.002683 -0.014803 0.119429
v 0.002685 -0.014802 0.119429
v 0.002734 -0.014744 0.119429
v 0.002736 -0.014742 0.119429
v 0.002775 -0.014677 0.119429
v 0.002777 -0.014674 0.119429
v 0.002805 -0.014604 0.119429
v 0.002807 -0.014601 0.119429
v 0.002824 -0.014528 0.119429
v 0.002824 -0.014524 0.119429
v 0.002830 -0.014450 0.119429
v 0.002354 -0.014944 0.119504
v 0.002342 -0.014944 0.119507
v 0.002376 -0.014944 0.119493
v 0.002366 -0.014944 0.119499
v 0.002386 -0.014944 0.119485
v 0.002394 -0.014944 0.119476
v 0.002400 -0.014944 0.119465
v 0.002354 -0.014925 0.119583
v 0.002483 -0.014524 0.119900
v 0.002407 -0.014524 0.119918
v 0.002405 -0.014601 0.119900
v 0.002776 -0.014483 0.119654
v 0.002774 -0.014483 0.119656
v 0.002771 -0.014524 0.119654
v 0.002684 -0.014501 0.119779
v 0.002682 -0.014501 0.119781
v 0.002680 -0.014524 0.119779
v 0.002557 -0.014514 0.119870
v 0.002555 -0.014514 0.119871
v 0.002554 -0.014524 0.119870
v 0.002407 -0.014521 0.119918
v 0.002408 -0.014521 0.119918
v 0.002485 -0.014519 0.119900
v 0.002800 -0.014524 0.119582
v 0.002806 -0.014472 0.119582
v 0.002824 -0.014461 0.119507
v 0.002824 -0.014461 0.119507
v 0.002818 -0.014524 0.119507
v 0.002801 -0.014601 0.119504
v 0.002716 -0.014601 0.119709
v 0.002755 -0.014601 0.119646
v 0.002771 -0.014674 0.119499
v 0.002728 -0.014674 0.119632
v 0.002692 -0.014674 0.119692
v 0.002646 -0.014674 0.119745
v 0.002624 -0.014508 0.119830
v 0.002621 -0.014524 0.119829
v 0.002546 -0.014601 0.119854
v 0.002477 -0.014601 0.119883
v 0.002468 -0.014674 0.119854
v 0.002400 -0.014674 0.119871
v 0.002394 -0.014742 0.119830
v 0.002731 -0.014742 0.119493
v 0.002692 -0.014742 0.119614
v 0.002659 -0.014742 0.119668
v 0.002617 -0.014742 0.119717
v 0.002569 -0.014742 0.119758
v 0.002681 -0.014802 0.119485
v 0.002647 -0.014802 0.119591
v 0.002617 -0.014802 0.119638
v 0.002581 -0.014802 0.119680
v 0.002539 -0.014802 0.119717
v 0.002491 -0.014802 0.119746
v 0.002735 -0.014492 0.119720
v 0.002730 -0.014524 0.119720
v 0.002667 -0.014601 0.119766
v 0.002610 -0.014601 0.119815
v 0.002593 -0.014674 0.119791
v 0.002533 -0.014674 0.119828
v 0.002514 -0.014742 0.119791
v 0.002456 -0.014742 0.119816
v 0.002440 -0.014802 0.119767
v 0.002386 -0.014802 0.119780
v 0.002376 -0.014853 0.119721
v 0.002622 -0.014853 0.119476
v 0.002593 -0.014853 0.119563
v 0.002569 -0.014853 0.119603
v 0.002539 -0.014853 0.119638
v 0.002504 -0.014853 0.119668
v 0.002464 -0.014853 0.119693
v 0.002421 -0.014853 0.119710
v 0.002555 -0.014895 0.119465
v 0.002533 -0.014895 0.119533
v 0.002515 -0.014895 0.119563
v 0.002491 -0.014895 0.119591
v 0.002464 -0.014895 0.119614
v 0.002434 -0.014895 0.119633
v 0.002401 -0.014895 0.119646
v 0.002366 -0.014895 0.119655
v 0.002483 -0.014925 0.119454
v 0.002378 -0.014925 0.119577
v 0.002401 -0.014925 0.119568
v 0.002421 -0.014925 0.119555
v 0.002440 -0.014925 0.119539
v 0.002456 -0.014925 0.119521
v 0.002468 -0.014925 0.119500
v 0.002408 -0.014944 0.119442
v 0.002783 -0.014601 0.119577
v 0.002755 -0.014674 0.119567
v 0.002716 -0.014742 0.119555
v 0.002668 -0.014802 0.119539
v 0.002611 -0.014853 0.119521
v 0.002547 -0.014895 0.119500
v 0.002478 -0.014925 0.119477
v 0.002405 -0.014944 0.119454
v 0.002806 0.010441 0.120097
v 0.002776 -0.010348 0.120169
v 0.002735 0.010455 0.120236
v 0.002684 -0.010361 0.120295
v 0.002408 -0.002039 0.120952
v 0.002408 -0.006213 0.120779
v 0.002485 -0.006211 0.120761
v 0.002408 0.006313 0.120779
v 0.002408 -0.010376 0.120434
v 0.002485 0.010474 0.120416
v 0.002557 -0.010371 0.120386
v 0.002485 -0.010374 0.120416
v 0.002557 0.006310 0.120731
v 0.002557 0.010471 0.120386
v 0.002624 0.010467 0.120346
v 0.002684 0.010461 0.120295
v 0.002684 0.006304 0.120639
v 0.002408 0.002139 0.120952
v 0.002485 -0.002038 0.120934
v 0.002557 -0.006210 0.120731
v 0.002624 -0.010367 0.120346
v 0.002485 0.002138 0.120934
v 0.002557 -0.002038 0.120904
v 0.002624 -0.006207 0.120690
v 0.002735 0.006300 0.120580
v 0.002735 0.002135 0.120752
v 0.002776 0.010448 0.120169
v 0.002776 0.006296 0.120513
v 0.002776 0.002133 0.120685
v 0.002776 -0.002033 0.120685
v 0.002408 0.010476 0.120434
v 0.002485 0.006311 0.120761
v 0.002557 0.002138 0.120904
v 0.002624 -0.002037 0.120863
v 0.002684 -0.006204 0.120639
v 0.002735 -0.010355 0.120236
v 0.002624 0.002137 0.120863
v 0.002684 -0.002036 0.120812
v 0.002735 -0.006200 0.120580
v 0.002806 0.006292 0.120441
v 0.002806 0.002132 0.120613
v 0.002806 -0.002032 0.120613
v 0.002806 -0.006192 0.120441
v 0.002824 0.010433 0.120021
v 0.002824 0.006287 0.120364
v 0.002824 0.002130 0.120536
v 0.002824 -0.002030 0.120536
v 0.002824 -0.006187 0.120364
v 0.002824 -0.010333 0.120021
v 0.002624 0.006307 0.120690
v 0.002684 0.002136 0.120812
v 0.002735 -0.002035 0.120752
v 0.002776 -0.006196 0.120513
v 0.002806 -0.010341 0.120097
v 0.002830 -0.010325 0.119943
v 0.002830 -0.006182 0.120286
v 0.002830 -0.002029 0.120458
v 0.002830 0.002129 0.120458
v 0.002830 0.006282 0.120286
v 0.002830 0.010425 0.119943
v 0.002830 -0.013437 0.117867
v 0.002830 0.012706 0.021373
v 0.002830 0.012834 0.118666
v 0.002830 0.012983 0.118608
v 0.002830 0.013351 0.118305
v 0.002830 0.013436 0.118170
v 0.002830 0.013499 0.118022
v 0.002830 0.013441 0.021907
v 0.002830 0.013501 0.022052
v 0.002830 0.013538 0.022204
v 0.002830 0.013359 0.021773
v 0.002830 0.013257 0.021654
v 0.002830 0.013138 0.021552
v 0.002830 0.013004 0.021470
v 0.002830 0.012859 0.021410
v 0.002830 -0.013251 0.118305
v 0.002830 -0.013145 0.118426
v 0.002830 -0.013021 0.118528
v 0.002830 -0.012883 0.118608
v 0.002830 0.012677 0.118699
v 0.002830 0.013121 0.118528
v 0.002830 0.013245 0.118426
v 0.002830 0.013537 0.117867
v 0.002830 0.013550 0.117707
v 0.002830 0.013550 0.022361
v 0.002830 -0.013399 0.118022
v 0.002830 -0.013336 0.118170
v 0.002830 0.008480 0.119145
v 0.002830 0.004269 0.119413
v 0.002830 0.000050 0.119502
v 0.002830 -0.012734 0.118666
v 0.002830 -0.012577 0.118699
v 0.002830 -0.008380 0.119145
v 0.002830 -0.004169 0.119413
v 0.002836 -0.013360 0.117854
v 0.002836 -0.013325 0.117998
v 0.002836 -0.013267 0.118134
v 0.002836 -0.013188 0.118259
v 0.002836 -0.013091 0.118370
v 0.002836 -0.012977 0.118463
v 0.002836 -0.012849 0.118538
v 0.002836 -0.012711 0.118591
v 0.002836 -0.012567 0.118621
v 0.002854 -0.012690 0.118518
v 0.002854 -0.012557 0.118546
v 0.002884 -0.012669 0.118448
v 0.002884 -0.012548 0.118474
v 0.002925 -0.012650 0.118384
v 0.002925 -0.012539 0.118407
v 0.002976 -0.012633 0.118327
v 0.002976 -0.012532 0.118348
v 0.003036 -0.012619 0.118278
v 0.003036 -0.012525 0.118298
v 0.003103 -0.012607 0.118239
v 0.003103 -0.012520 0.118257
v 0.003175 -0.012599 0.118210
v 0.003175 -0.012516 0.118227
v 0.003252 -0.012594 0.118192
v 0.003252 -0.012514 0.118209
v 0.003330 -0.012592 0.118186
v 0.002854 -0.012816 0.118469
v 0.002884 -0.012785 0.118404
v 0.002925 -0.012756 0.118343
v 0.002976 -0.012730 0.118290
v 0.003036 -0.012708 0.118244
v 0.003103 -0.012690 0.118207
v 0.003175 -0.012677 0.118180
v 0.003252 -0.012669 0.118163
v 0.003330 -0.012667 0.118158
v 0.002854 -0.012933 0.118401
v 0.002884 -0.012892 0.118341
v 0.002925 -0.012854 0.118286
v 0.002976 -0.012819 0.118237
v 0.003036 -0.012790 0.118196
v 0.003103 -0.012767 0.118162
v 0.003175 -0.012750 0.118137
v 0.003252 -0.012739 0.118122
v 0.003330 -0.012736 0.118117
v 0.002854 -0.013038 0.118315
v 0.002884 -0.012987 0.118263
v 0.002925 -0.012941 0.118214
v 0.002976 -0.012899 0.118172
v 0.003036 -0.012864 0.118135
v 0.003103 -0.012835 0.118105
v 0.003175 -0.012815 0.118084
v 0.003252 -0.012802 0.118071
v 0.003330 -0.012798 0.118066
v 0.002854 -0.013127 0.118213
v 0.002884 -0.013069 0.118170
v 0.002925 -0.013016 0.118130
v 0.002976 -0.012968 0.118094
v 0.003036 -0.012927 0.118063
v 0.003103 -0.012894 0.118039
v 0.003175 -0.012870 0.118021
v 0.003252 -0.012855 0.118010
v 0.003330 -0.012851 0.118006
v 0.002854 -0.013199 0.118098
v 0.002884 -0.013135 0.118065
v 0.002925 -0.013076 0.118034
v 0.002976 -0.013023 0.118006
v 0.003036 -0.012978 0.117983
v 0.003103 -0.012942 0.117964
v 0.003175 -0.012915 0.117950
v 0.003252 -0.012899 0.117941
v 0.003330 -0.012893 0.117938
v 0.002854 -0.013252 0.117974
v 0.002884 -0.013184 0.117951
v 0.002925 -0.013120 0.117930
v 0.002976 -0.013063 0.117911
v 0.003036 -0.013015 0.117895
v 0.003103 -0.012976 0.117882
v 0.003175 -0.012948 0.117872
v 0.003252 -0.012930 0.117867
v 0.003330 -0.012924 0.117865
v 0.002854 -0.013285 0.117842
v 0.002884 -0.013213 0.117830
v 0.002925 -0.013147 0.117820
v 0.002976 -0.013088 0.117810
v 0.003036 -0.013038 0.117802
v 0.003103 -0.012997 0.117796
v 0.003175 -0.012968 0.117791
v 0.003252 -0.012950 0.117788
v 0.003330 -0.012944 0.117787
v 0.002836 -0.008374 0.119067
v 0.002836 -0.004166 0.119335
v 0.002836 0.000050 0.119424
v 0.002836 0.004266 0.119335
v 0.002836 0.008474 0.119067
v 0.002836 0.012667 0.118621
v 0.002854 0.008467 0.118991
v 0.002854 0.012657 0.118546
v 0.002884 0.008461 0.118919
v 0.002884 0.012648 0.118474
v 0.002925 0.008456 0.118852
v 0.002925 0.012639 0.118407
v 0.002976 0.008451 0.118793
v 0.002976 0.012632 0.118348
v 0.003036 0.008446 0.118742
v 0.003036 0.012625 0.118298
v 0.003103 0.008443 0.118701
v 0.003103 0.012620 0.118257
v 0.003175 0.008440 0.118671
v 0.003175 0.012616 0.118227
v 0.003252 0.008439 0.118653
v 0.003252 0.012614 0.118209
v 0.003252 0.004248 0.118919
v 0.002854 0.004262 0.119258
v 0.002884 0.004259 0.119186
v 0.002925 0.004257 0.119119
v 0.002976 0.004254 0.119060
v 0.003036 0.004252 0.119009
v 0.003103 0.004250 0.118968
v 0.003175 0.004249 0.118938
v 0.002854 0.000050 0.119348
v 0.002884 0.000050 0.119275
v 0.002925 0.000050 0.119208
v 0.002976 0.000050 0.119149
v 0.003036 0.000050 0.119098
v 0.003103 0.000050 0.119057
v 0.003175 0.000050 0.119027
v 0.003252 0.000050 0.119008
v 0.002854 -0.004162 0.119258
v 0.002884 -0.004159 0.119186
v 0.002925 -0.004157 0.119119
v 0.002976 -0.004154 0.119060
v 0.003036 -0.004152 0.119009
v 0.003103 -0.004150 0.118968
v 0.003175 -0.004149 0.118938
v 0.003252 -0.004148 0.118919
v 0.003252 -0.008339 0.118653
v 0.002854 -0.008367 0.118991
v 0.002884 -0.008361 0.118919
v 0.002925 -0.008356 0.118852
v 0.002976 -0.008351 0.118793
v 0.003036 -0.008346 0.118742
v 0.003103 -0.008343 0.118701
v 0.003175 -0.008340 0.118671
v 0.002836 0.012811 0.118591
v 0.002836 0.012949 0.118538
v 0.002836 0.013077 0.118463
v 0.002836 0.013191 0.118370
v 0.002836 0.013288 0.118259
v 0.002836 0.013367 0.118134
v 0.002836 0.013425 0.117998
v 0.002836 0.013460 0.117854
v 0.002836 0.013472 0.117707
v 0.002854 0.013385 0.117842
v 0.002854 0.013395 0.117707
v 0.002884 0.013313 0.117830
v 0.002884 0.013323 0.117707
v 0.002925 0.013247 0.117820
v 0.002925 0.013256 0.117707
v 0.002976 0.013188 0.117810
v 0.002976 0.013196 0.117707
v 0.003036 0.013138 0.117802
v 0.003036 0.013145 0.117707
v 0.003103 0.013097 0.117796
v 0.003103 0.013104 0.117707
v 0.003175 0.013068 0.117791
v 0.003175 0.013074 0.117707
v 0.003252 0.013050 0.117788
v 0.003252 0.013056 0.117707
v 0.003330 0.013044 0.117787
v 0.003330 0.013050 0.117707
v 0.002854 0.013352 0.117974
v 0.002884 0.013284 0.117951
v 0.002925 0.013220 0.117930
v 0.002976 0.013163 0.117911
v 0.003036 0.013115 0.117895
v 0.003103 0.013076 0.117882
v 0.003175 0.013048 0.117872
v 0.003252 0.013030 0.117867
v 0.003330 0.013024 0.117865
v 0.002854 0.013299 0.118098
v 0.002884 0.013235 0.118065
v 0.002925 0.013176 0.118034
v 0.002976 0.013123 0.118006
v 0.003036 0.013078 0.117983
v 0.003103 0.013042 0.117964
v 0.003175 0.013015 0.117950
v 0.003252 0.012999 0.117941
v 0.003330 0.012993 0.117938
v 0.002854 0.013227 0.118213
v 0.002884 0.013169 0.118170
v 0.002925 0.013116 0.118130
v 0.002976 0.013068 0.118094
v 0.003036 0.013027 0.118063
v 0.003103 0.012994 0.118039
v 0.003175 0.012970 0.118021
v 0.003252 0.012955 0.118010
v 0.003330 0.012951 0.118006
v 0.002854 0.013138 0.118315
v 0.002884 0.013087 0.118263
v 0.002925 0.013041 0.118214
v 0.002976 0.012999 0.118172
v 0.003036 0.012964 0.118135
v 0.003103 0.012935 0.118105
v 0.003175 0.012915 0.118084
v 0.003252 0.012902 0.118071
v 0.003330 0.012898 0.118066
v 0.002854 0.013033 0.118401
v 0.002884 0.012992 0.118341
v 0.002925 0.012954 0.118286
v 0.002976 0.012919 0.118237
v 0.003036 0.012890 0.118196
v 0.003103 0.012867 0.118162
v 0.003175 0.012850 0.118137
v 0.003252 0.012839 0.118122
v 0.003330 0.012836 0.118117
v 0.002854 0.012916 0.118469
v 0.002884 0.012885 0.118404
v 0.002925 0.012856 0.118343
v 0.002976 0.012830 0.118290
v 0.003036 0.012808 0.118244
v 0.003103 0.012790 0.118207
v 0.003175 0.012777 0.118180
v 0.003252 0.012769 0.118163
v 0.003330 0.012767 0.118158
v 0.002854 0.012790 0.118518
v 0.002884 0.012769 0.118448
v 0.002925 0.012750 0.118384
v 0.002976 0.012733 0.118327
v 0.003036 0.012719 0.118278
v 0.003103 0.012707 0.118239
v 0.003175 0.012699 0.118210
v 0.003252 0.012694 0.118192
v 0.003330 0.012692 0.118186
v 0.002836 0.013472 0.022361
v 0.002854 0.013395 0.022361
v 0.002884 0.013323 0.022361
v 0.002925 0.013256 0.022361
v 0.002976 0.013196 0.022361
v 0.003036 0.013145 0.022361
v 0.003103 0.013104 0.022361
v 0.003175 0.013074 0.022361
v 0.003252 0.013056 0.022361
v 0.003330 0.013050 0.022361
v 0.002836 0.013460 0.022217
v 0.002836 0.013427 0.022076
v 0.002836 0.013371 0.021942
v 0.002836 0.013296 0.021819
v 0.002836 0.013202 0.021709
v 0.002836 0.013092 0.021615
v 0.002836 0.012968 0.021540
v 0.002836 0.012835 0.021484
v 0.002836 0.012694 0.021450
v 0.002854 0.013385 0.022229
v 0.002854 0.013354 0.022100
v 0.002854 0.013303 0.021977
v 0.002854 0.013234 0.021864
v 0.002854 0.013148 0.021763
v 0.002854 0.013047 0.021677
v 0.002854 0.012934 0.021607
v 0.002854 0.012811 0.021557
v 0.002854 0.012682 0.021526
v 0.002884 0.013313 0.022240
v 0.002884 0.013285 0.022122
v 0.002884 0.013239 0.022010
v 0.002884 0.013175 0.021906
v 0.002884 0.013097 0.021814
v 0.002884 0.013004 0.021735
v 0.002884 0.012901 0.021672
v 0.002884 0.012789 0.021626
v 0.002884 0.012671 0.021597
v 0.002925 0.013247 0.022250
v 0.002925 0.013222 0.022143
v 0.002925 0.013179 0.022040
v 0.002925 0.013121 0.021946
v 0.002925 0.013049 0.021862
v 0.002925 0.012965 0.021790
v 0.002925 0.012871 0.021732
v 0.002925 0.012768 0.021689
v 0.002925 0.012660 0.021663
v 0.002976 0.013188 0.022260
v 0.002976 0.013165 0.022161
v 0.002976 0.013126 0.022067
v 0.002976 0.013073 0.021981
v 0.002976 0.013007 0.021904
v 0.002976 0.012930 0.021838
v 0.002976 0.012843 0.021785
v 0.002976 0.012750 0.021746
v 0.002976 0.012651 0.021722
v 0.003036 0.013138 0.022268
v 0.003036 0.013116 0.022177
v 0.003036 0.013081 0.022090
v 0.003036 0.013032 0.022011
v 0.003036 0.012971 0.021940
v 0.003036 0.012900 0.021879
v 0.003036 0.012820 0.021830
v 0.003036 0.012734 0.021794
v 0.003036 0.012643 0.021773
v 0.003103 0.013098 0.022274
v 0.003103 0.013077 0.022189
v 0.003103 0.013044 0.022109
v 0.003103 0.012999 0.022035
v 0.003103 0.012942 0.021969
v 0.003103 0.012876 0.021912
v 0.003103 0.012802 0.021867
v 0.003103 0.012721 0.021833
v 0.003103 0.012637 0.021813
v 0.003175 0.013068 0.022279
v 0.003175 0.013049 0.022199
v 0.003175 0.013017 0.022123
v 0.003175 0.012974 0.022053
v 0.003175 0.012921 0.021990
v 0.003175 0.012858 0.021937
v 0.003175 0.012788 0.021894
v 0.003175 0.012712 0.021862
v 0.003175 0.012632 0.021843
v 0.003252 0.013050 0.022282
v 0.003252 0.013031 0.022204
v 0.003252 0.013001 0.022131
v 0.003252 0.012959 0.022063
v 0.003252 0.012908 0.022003
v 0.003252 0.012848 0.021951
v 0.003252 0.012780 0.021910
v 0.003252 0.012706 0.021879
v 0.003252 0.012629 0.021861
v 0.003330 0.013044 0.022283
v 0.003330 0.013026 0.022206
v 0.003330 0.012996 0.022134
v 0.003330 0.012955 0.022067
v 0.003330 0.012904 0.022007
v 0.003330 0.012844 0.021956
v 0.003330 0.012777 0.021915
v 0.003330 0.012705 0.021885
v 0.003330 0.012628 0.021867
v 0.004330 0.013050 0.022361
v 0.004330 0.013044 0.022283
v 0.004330 0.013026 0.022206
v 0.004330 0.012996 0.022134
v 0.004330 0.012955 0.022067
v 0.004330 0.012904 0.022007
v 0.004330 0.012844 0.021956
v 0.004330 0.012777 0.021915
v 0.004330 0.012705 0.021885
v 0.004330 0.012628 0.021867
v 0.004330 0.012550 0.021861
v 0.004366 0.013044 0.022291
v 0.004376 0.013044 0.022298
v 0.004421 0.013026 0.022236
v 0.004342 0.013044 0.022284
v 0.004354 0.013044 0.022286
v 0.004354 0.013026 0.022208
v 0.004378 0.013026 0.022214
v 0.004400 0.013026 0.022223
v 0.004491 0.012996 0.022200
v 0.004439 0.013026 0.022252
v 0.004385 0.013044 0.022306
v 0.004366 0.012996 0.022137
v 0.004400 0.012996 0.022145
v 0.004433 0.012996 0.022159
v 0.004463 0.012996 0.022177
v 0.004568 0.012955 0.022188
v 0.004514 0.012996 0.022227
v 0.004455 0.013026 0.022270
v 0.004393 0.013044 0.022315
v 0.004376 0.012955 0.022071
v 0.004421 0.012955 0.022081
v 0.004463 0.012955 0.022099
v 0.004503 0.012955 0.022123
v 0.004538 0.012955 0.022153
v 0.004645 0.012904 0.022200
v 0.004592 0.012955 0.022227
v 0.004532 0.012996 0.022258
v 0.004468 0.013026 0.022291
v 0.004400 0.013044 0.022325
v 0.004385 0.012904 0.022012
v 0.004439 0.012904 0.022025
v 0.004491 0.012904 0.022046
v 0.004538 0.012904 0.022075
v 0.004580 0.012904 0.022111
v 0.004616 0.012904 0.022153
v 0.004715 0.012844 0.022236
v 0.004666 0.012904 0.022252
v 0.004610 0.012955 0.022270
v 0.004546 0.012996 0.022291
v 0.004477 0.013026 0.022313
v 0.004404 0.013044 0.022337
v 0.004393 0.012844 0.021961
v 0.004455 0.012844 0.021976
v 0.004514 0.012844 0.022000
v 0.004568 0.012844 0.022034
v 0.004616 0.012844 0.022075
v 0.004657 0.012844 0.022123
v 0.004690 0.012844 0.022177
v 0.004770 0.012777 0.022291
v 0.004730 0.012844 0.022298
v 0.004679 0.012904 0.022306
v 0.004620 0.012955 0.022315
v 0.004554 0.012996 0.022325
v 0.004483 0.013026 0.022337
v 0.004407 0.013044 0.022349
v 0.004400 0.012777 0.021921
v 0.004468 0.012777 0.021937
v 0.004532 0.012777 0.021964
v 0.004592 0.012777 0.022000
v 0.004645 0.012777 0.022046
v 0.004690 0.012777 0.022099
v 0.004727 0.012777 0.022159
v 0.004754 0.012777 0.022223
v 0.004806 0.012705 0.022361
v 0.004776 0.012777 0.022361
v 0.004735 0.012844 0.022361
v 0.004684 0.012904 0.022361
v 0.004624 0.012955 0.022361
v 0.004557 0.012996 0.022361
v 0.004485 0.013026 0.022361
v 0.004408 0.013044 0.022361
v 0.004404 0.012705 0.021891
v 0.004477 0.012705 0.021909
v 0.004546 0.012705 0.021937
v 0.004610 0.012705 0.021976
v 0.004666 0.012705 0.022025
v 0.004715 0.012705 0.022081
v 0.004754 0.012705 0.022145
v 0.004782 0.012705 0.022214
v 0.004800 0.012705 0.022286
v 0.004824 0.012628 0.022361
v 0.004818 0.012628 0.022284
v 0.004800 0.012628 0.022208
v 0.004770 0.012628 0.022137
v 0.004730 0.012628 0.022071
v 0.004679 0.012628 0.022012
v 0.004620 0.012628 0.021961
v 0.004554 0.012628 0.021921
v 0.004483 0.012628 0.021891
v 0.004407 0.012628 0.021873
v 0.004830 0.012550 0.022361
v 0.004824 0.012550 0.022283
v 0.004806 0.012550 0.022206
v 0.004776 0.012550 0.022134
v 0.004735 0.012550 0.022067
v 0.004684 0.012550 0.022007
v 0.004624 0.012550 0.021956
v 0.004557 0.012550 0.021915
v 0.004485 0.012550 0.021885
v 0.004408 0.012550 0.021867
v 0.004330 0.013050 0.117707
v 0.004408 0.013044 0.117707
v 0.004824 0.012624 0.117707
v 0.004830 0.012550 0.117707
v 0.004824 0.012628 0.117707
v 0.004807 0.012701 0.117707
v 0.004805 0.012704 0.117707
v 0.004777 0.012774 0.117707
v 0.004775 0.012777 0.117707
v 0.004736 0.012842 0.117707
v 0.004734 0.012844 0.117707
v 0.004685 0.012902 0.117707
v 0.004683 0.012903 0.117707
v 0.004625 0.012953 0.117707
v 0.004624 0.012954 0.117707
v 0.004558 0.012995 0.117707
v 0.004557 0.012995 0.117707
v 0.004485 0.013025 0.117707
v 0.004484 0.013025 0.117707
v 0.004409 0.013044 0.117707
v 0.004330 0.012624 0.118201
v 0.004330 0.012692 0.118186
v 0.004330 0.012701 0.118184
v 0.004330 0.012766 0.118157
v 0.004330 0.012774 0.118154
v 0.004330 0.012835 0.118117
v 0.004330 0.012842 0.118113
v 0.004330 0.012897 0.118066
v 0.004330 0.012902 0.118062
v 0.004330 0.012950 0.118006
v 0.004330 0.012953 0.118002
v 0.004330 0.012993 0.117938
v 0.004330 0.012995 0.117935
v 0.004330 0.013024 0.117865
v 0.004330 0.013025 0.117862
v 0.004330 0.013043 0.117787
v 0.004330 0.013044 0.117786
v 0.004407 0.012624 0.118195
v 0.004801 0.012701 0.117781
v 0.004405 0.012701 0.118178
v 0.004771 0.012774 0.117777
v 0.004400 0.012774 0.118148
v 0.004394 0.012842 0.118108
v 0.004386 0.012902 0.118058
v 0.004376 0.012953 0.117999
v 0.004366 0.012995 0.117932
v 0.004354 0.013025 0.117860
v 0.004354 0.013044 0.117782
v 0.004366 0.013044 0.117777
v 0.004342 0.013044 0.117785
v 0.004408 0.013044 0.117719
v 0.004824 0.012560 0.117785
v 0.004818 0.012624 0.117784
v 0.004824 0.012560 0.117785
v 0.004800 0.012624 0.117860
v 0.004806 0.012570 0.117860
v 0.004776 0.012579 0.117932
v 0.004771 0.012624 0.117931
v 0.004775 0.012579 0.117933
v 0.004730 0.012624 0.117998
v 0.004735 0.012587 0.117998
v 0.004684 0.012595 0.118058
v 0.004680 0.012624 0.118057
v 0.004682 0.012595 0.118059
v 0.004621 0.012624 0.118107
v 0.004624 0.012601 0.118108
v 0.004557 0.012606 0.118149
v 0.004554 0.012624 0.118148
v 0.004555 0.012607 0.118149
v 0.004483 0.012624 0.118177
v 0.004485 0.012610 0.118179
v 0.004408 0.012613 0.118197
v 0.004408 0.012613 0.118197
v 0.004483 0.013025 0.117731
v 0.004401 0.013025 0.117845
v 0.004421 0.013025 0.117833
v 0.004376 0.013044 0.117771
v 0.004378 0.013025 0.117855
v 0.004555 0.012995 0.117743
v 0.004464 0.012995 0.117892
v 0.004491 0.012995 0.117868
v 0.004440 0.013025 0.117817
v 0.004401 0.012995 0.117924
v 0.004434 0.012995 0.117910
v 0.004386 0.013044 0.117763
v 0.004622 0.012953 0.117753
v 0.004539 0.012953 0.117916
v 0.004569 0.012953 0.117881
v 0.004515 0.012995 0.117841
v 0.004421 0.012953 0.117988
v 0.004464 0.012953 0.117970
v 0.004504 0.012953 0.117946
v 0.004456 0.013025 0.117798
v 0.004394 0.013044 0.117753
v 0.004681 0.012902 0.117762
v 0.004617 0.012902 0.117916
v 0.004647 0.012902 0.117868
v 0.004593 0.012953 0.117841
v 0.004440 0.012902 0.118045
v 0.004491 0.012902 0.118023
v 0.004539 0.012902 0.117994
v 0.004581 0.012902 0.117958
v 0.004533 0.012995 0.117811
v 0.004468 0.013025 0.117777
v 0.004400 0.013044 0.117743
v 0.004731 0.012842 0.117770
v 0.004692 0.012842 0.117891
v 0.004716 0.012842 0.117832
v 0.004668 0.012902 0.117817
v 0.004456 0.012842 0.118093
v 0.004514 0.012842 0.118069
v 0.004569 0.012842 0.118036
v 0.004617 0.012842 0.117994
v 0.004659 0.012842 0.117946
v 0.004611 0.012953 0.117798
v 0.004547 0.012995 0.117777
v 0.004478 0.013025 0.117755
v 0.004405 0.013044 0.117731
v 0.004755 0.012774 0.117845
v 0.004468 0.012774 0.118132
v 0.004533 0.012774 0.118105
v 0.004593 0.012774 0.118069
v 0.004646 0.012774 0.118023
v 0.004692 0.012774 0.117970
v 0.004728 0.012774 0.117910
v 0.004477 0.012701 0.118160
v 0.004546 0.012701 0.118132
v 0.004610 0.012701 0.118093
v 0.004667 0.012701 0.118044
v 0.004716 0.012701 0.117987
v 0.004755 0.012701 0.117923
v 0.004783 0.012701 0.117854
v 0.004806 0.008409 0.118302
v 0.004776 -0.008315 0.118375
v 0.004776 -0.012479 0.117932
v 0.004806 -0.012470 0.117860
v 0.004735 0.008421 0.118441
v 0.004684 -0.008326 0.118501
v 0.004684 -0.012495 0.118058
v 0.004735 -0.012487 0.117998
v 0.004408 0.000050 0.118996
v 0.004408 -0.004148 0.118907
v 0.004485 -0.004147 0.118889
v 0.004408 -0.012513 0.118197
v 0.004408 -0.008338 0.118641
v 0.004485 0.008436 0.118622
v 0.004557 -0.008334 0.118592
v 0.004485 -0.008336 0.118622
v 0.004557 0.004246 0.118859
v 0.004557 0.008434 0.118592
v 0.004408 -0.012513 0.118197
v 0.004485 -0.012510 0.118179
v 0.004555 -0.012507 0.118149
v 0.004557 -0.012506 0.118149
v 0.004624 -0.012501 0.118108
v 0.004624 0.008430 0.118552
v 0.004684 0.008426 0.118501
v 0.004408 0.004248 0.118907
v 0.004485 0.000050 0.118978
v 0.004557 -0.004146 0.118859
v 0.004624 -0.008330 0.118552
v 0.004682 -0.012495 0.118059
v 0.004408 0.008438 0.118641
v 0.004485 0.004247 0.118889
v 0.004557 0.000050 0.118948
v 0.004624 -0.004144 0.118818
v 0.004735 0.004239 0.118707
v 0.004776 0.008415 0.118375
v 0.004776 0.004236 0.118640
v 0.004776 0.000050 0.118729
v 0.004624 0.000050 0.118907
v 0.004684 -0.004142 0.118767
v 0.004735 -0.008321 0.118441
v 0.004775 -0.012479 0.117933
v 0.004624 0.004244 0.118818
v 0.004684 0.000050 0.118856
v 0.004735 -0.004139 0.118707
v 0.004806 0.004233 0.118568
v 0.004806 0.000050 0.118657
v 0.004806 -0.004133 0.118568
v 0.004824 0.008402 0.118226
v 0.004824 0.004230 0.118492
v 0.004824 0.000050 0.118580
v 0.004824 -0.004130 0.118492
v 0.004824 -0.008302 0.118226
v 0.004684 0.004242 0.118767
v 0.004735 0.000050 0.118796
v 0.004776 -0.004136 0.118640
v 0.004806 -0.008309 0.118302
v 0.004824 -0.012460 0.117785
v 0.004824 -0.012460 0.117785
v 0.004830 -0.012450 0.117707
v 0.004830 -0.008296 0.118148
v 0.004830 -0.004127 0.118414
v 0.004830 0.000050 0.118502
v 0.004830 0.004227 0.118414
v 0.004830 0.008396 0.118148
v 0.004354 -0.012944 0.117782
v 0.004342 -0.012944 0.117785
v 0.004330 -0.012950 0.117707
v 0.004376 -0.012944 0.117771
v 0.004366 -0.012944 0.117777
v 0.004386 -0.012944 0.117763
v 0.004394 -0.012944 0.117753
v 0.004400 -0.012944 0.117743
v 0.004330 -0.012943 0.117787
v 0.004330 -0.012944 0.117786
v 0.004330 -0.012924 0.117865
v 0.004330 -0.012925 0.117862
v 0.004354 -0.012925 0.117860
v 0.004483 -0.012524 0.118177
v 0.004407 -0.012524 0.118195
v 0.004405 -0.012601 0.118178
v 0.004771 -0.012524 0.117931
v 0.004680 -0.012524 0.118057
v 0.004554 -0.012524 0.118148
v 0.004800 -0.012524 0.117860
v 0.004818 -0.012524 0.117784
v 0.004824 -0.012524 0.117707
v 0.004824 -0.012528 0.117707
v 0.004801 -0.012601 0.117781
v 0.004716 -0.012601 0.117987
v 0.004755 -0.012601 0.117923
v 0.004771 -0.012674 0.117777
v 0.004805 -0.012604 0.117707
v 0.004807 -0.012601 0.117707
v 0.004728 -0.012674 0.117910
v 0.004692 -0.012674 0.117970
v 0.004646 -0.012674 0.118023
v 0.004621 -0.012524 0.118107
v 0.004546 -0.012601 0.118132
v 0.004477 -0.012601 0.118160
v 0.004468 -0.012674 0.118132
v 0.004400 -0.012674 0.118148
v 0.004394 -0.012742 0.118108
v 0.004330 -0.012524 0.118201
v 0.004330 -0.012592 0.118186
v 0.004330 -0.012601 0.118184
v 0.004330 -0.012666 0.118157
v 0.004731 -0.012742 0.117770
v 0.004775 -0.012677 0.117707
v 0.004777 -0.012674 0.117707
v 0.004692 -0.012742 0.117891
v 0.004659 -0.012742 0.117946
v 0.004617 -0.012742 0.117994
v 0.004569 -0.012742 0.118036
v 0.004681 -0.012802 0.117762
v 0.004734 -0.012744 0.117707
v 0.004736 -0.012742 0.117707
v 0.004647 -0.012802 0.117868
v 0.004617 -0.012802 0.117916
v 0.004581 -0.012802 0.117958
v 0.004539 -0.012802 0.117994
v 0.004491 -0.012802 0.118023
v 0.004730 -0.012524 0.117998
v 0.004667 -0.012601 0.118044
v 0.004610 -0.012601 0.118093
v 0.004593 -0.012674 0.118069
v 0.004533 -0.012674 0.118105
v 0.004514 -0.012742 0.118069
v 0.004456 -0.012742 0.118093
v 0.004440 -0.012802 0.118045
v 0.004386 -0.012802 0.118058
v 0.004376 -0.012853 0.117999
v 0.004330 -0.012674 0.118154
v 0.004330 -0.012735 0.118117
v 0.004330 -0.012742 0.118113
v 0.004330 -0.012797 0.118066
v 0.004622 -0.012853 0.117753
v 0.004683 -0.012803 0.117707
v 0.004685 -0.012802 0.117707
v 0.004593 -0.012853 0.117841
v 0.004569 -0.012853 0.117881
v 0.004539 -0.012853 0.117916
v 0.004504 -0.012853 0.117946
v 0.004464 -0.012853 0.117970
v 0.004421 -0.012853 0.117988
v 0.004555 -0.012895 0.117743
v 0.004624 -0.012854 0.117707
v 0.004625 -0.012853 0.117707
v 0.004533 -0.012895 0.117811
v 0.004515 -0.012895 0.117841
v 0.004491 -0.012895 0.117868
v 0.004464 -0.012895 0.117892
v 0.004434 -0.012895 0.117910
v 0.004401 -0.012895 0.117924
v 0.004366 -0.012895 0.117932
v 0.004330 -0.012802 0.118062
v 0.004330 -0.012850 0.118006
v 0.004330 -0.012853 0.118002
v 0.004330 -0.012893 0.117938
v 0.004330 -0.012895 0.117935
v 0.004483 -0.012925 0.117731
v 0.004557 -0.012895 0.117707
v 0.004558 -0.012895 0.117707
v 0.004378 -0.012925 0.117855
v 0.004401 -0.012925 0.117845
v 0.004421 -0.012925 0.117833
v 0.004440 -0.012925 0.117817
v 0.004456 -0.012925 0.117798
v 0.004468 -0.012925 0.117777
v 0.004408 -0.012944 0.117719
v 0.004484 -0.012925 0.117707
v 0.004485 -0.012925 0.117707
v 0.004408 -0.012944 0.117707
v 0.004409 -0.012944 0.117707
v 0.004783 -0.012601 0.117854
v 0.004755 -0.012674 0.117845
v 0.004716 -0.012742 0.117832
v 0.004668 -0.012802 0.117817
v 0.004611 -0.012853 0.117798
v 0.004547 -0.012895 0.117777
v 0.004478 -0.012925 0.117755
v 0.004405 -0.012944 0.117731
v 0.004330 -0.012950 0.021861
v 0.004392 -0.012946 0.021865
v 0.004408 -0.012943 0.021868
v 0.004455 -0.012934 0.021877
v 0.004484 -0.012924 0.021886
v 0.004519 -0.012913 0.021898
v 0.004556 -0.012894 0.021917
v 0.004585 -0.012880 0.021931
v 0.004623 -0.012853 0.021958
v 0.004652 -0.012832 0.021978
v 0.004682 -0.012802 0.022009
v 0.004717 -0.012766 0.022045
v 0.004733 -0.012743 0.022068
v 0.004775 -0.012679 0.022132
v 0.004775 -0.012677 0.022134
v 0.004803 -0.012604 0.022207
v 0.004815 -0.012571 0.022240
v 0.004820 -0.012528 0.022283
v 0.004830 -0.012450 0.022361
v 0.004830 -0.003864 0.088844
v 0.004830 -0.003626 0.089047
v 0.004830 0.004168 0.088605
v 0.004830 0.004332 0.088337
v 0.004830 0.004452 0.088047
v 0.004830 0.004525 0.087742
v 0.004830 0.002550 0.089429
v 0.004830 0.002863 0.089405
v 0.004830 0.003458 0.089211
v 0.004830 0.003726 0.089047
v 0.004830 0.003964 0.088844
v 0.004830 0.004452 0.062743
v 0.004830 0.004332 0.062453
v 0.004830 0.004168 0.062185
v 0.004830 0.003964 0.061947
v 0.004830 -0.004425 0.087742
v 0.004830 -0.004352 0.088047
v 0.004830 0.003168 0.089331
v 0.004830 0.004550 0.087429
v 0.004830 0.004550 0.063361
v 0.004830 0.004525 0.063048
v 0.004830 0.003726 0.061743
v 0.004830 0.003458 0.061579
v 0.004830 0.003168 0.061459
v 0.004830 -0.002763 0.061385
v 0.004830 -0.003068 0.061459
v 0.004830 -0.004232 0.088337
v 0.004830 -0.004068 0.088605
v 0.004830 -0.003358 0.061579
v 0.004830 -0.003626 0.061743
v 0.004830 -0.003864 0.061947
v 0.004830 -0.004068 0.062185
v 0.004830 -0.004232 0.062453
v 0.004830 -0.004352 0.062743
v 0.004830 -0.004425 0.063048
v 0.004830 -0.004450 0.063361
v 0.004830 -0.004450 0.087429
v 0.004830 -0.003358 0.089211
v 0.004830 -0.003068 0.089331
v 0.004830 -0.002763 0.089405
v 0.004830 -0.002450 0.089429
v 0.004830 0.002863 0.061385
v 0.004830 0.002550 0.061361
v 0.004830 -0.002450 0.061361
v 0.005000 -0.002400 0.067600
v 0.005000 0.002600 0.067600
v 0.003000 -0.002400 0.067600
v 0.003000 0.002600 0.067600
v 0.003000 -0.002713 0.067575
v 0.005000 -0.002713 0.067575
v 0.003000 -0.003018 0.067502
v 0.005000 -0.003018 0.067502
v 0.003000 -0.003308 0.067382
v 0.005000 -0.003308 0.067382
v 0.003000 -0.003576 0.067218
v 0.005000 -0.003576 0.067218
v 0.003000 -0.003814 0.067014
v 0.005000 -0.003814 0.067014
v 0.003000 -0.004018 0.066776
v 0.005000 -0.004018 0.066776
v 0.003000 -0.004182 0.066508
v 0.005000 -0.004182 0.066508
v 0.003000 -0.004302 0.066218
v 0.005000 -0.004302 0.066218
v 0.003000 -0.004375 0.065913
v 0.005000 -0.004375 0.065913
v 0.003000 -0.004400 0.065600
v 0.005000 -0.004400 0.065600
v 0.005000 -0.004400 0.063600
v 0.003000 -0.004400 0.063600
v 0.003000 -0.004375 0.063287
v 0.005000 -0.004375 0.063287
v 0.003000 -0.004302 0.062982
v 0.005000 -0.004302 0.062982
v 0.003000 -0.004182 0.062692
v 0.005000 -0.004182 0.062692
v 0.003000 -0.004018 0.062424
v 0.005000 -0.004018 0.062424
v 0.003000 -0.003814 0.062186
v 0.005000 -0.003814 0.062186
v 0.003000 -0.003576 0.061982
v 0.005000 -0.003576 0.061982
v 0.003000 -0.003308 0.061818
v 0.005000 -0.003308 0.061818
v 0.003000 -0.003018 0.061698
v 0.005000 -0.003018 0.061698
v 0.003000 -0.002713 0.061625
v 0.005000 -0.002713 0.061625
v 0.003000 -0.002400 0.061600
v 0.005000 -0.002400 0.061600
v 0.005000 0.002600 0.061600
v 0.003000 0.002600 0.061600
v 0.003000 0.002913 0.061625
v 0.005000 0.002913 0.061625
v 0.003000 0.003218 0.061698
v 0.005000 0.003218 0.061698
v 0.003000 0.003508 0.061818
v 0.005000 0.003508 0.061818
v 0.003000 0.003776 0.061982
v 0.005000 0.003776 0.061982
v 0.003000 0.004014 0.062186
v 0.005000 0.004014 0.062186
v 0.003000 0.004218 0.062424
v 0.005000 0.004218 0.062424
v 0.003000 0.004382 0.062692
v 0.005000 0.004382 0.062692
v 0.003000 0.004502 0.062982
v 0.005000 0.004502 0.062982
v 0.003000 0.004575 0.063287
v 0.005000 0.004575 0.063287
v 0.003000 0.004600 0.063600
v 0.005000 0.004600 0.063600
v 0.005000 0.004600 0.065600
v 0.003000 0.004600 0.065600
v 0.003000 0.003776 0.067218
v 0.003000 0.004014 0.067014
v 0.003000 0.011000 0.090000
v 0.003000 0.011000 0.022000
v 0.003000 -0.011000 0.022000
v 0.003000 -0.011000 0.090000
v 0.003000 0.004502 0.066218
v 0.003000 0.004575 0.065913
v 0.003000 0.002913 0.067575
v 0.003000 0.003218 0.067502
v 0.003000 0.003508 0.067382
v 0.003000 0.004218 0.066776
v 0.003000 0.004382 0.066508
v 0.005000 0.004575 0.065913
v 0.005000 0.004502 0.066218
v 0.005000 0.004382 0.066508
v 0.005000 0.004218 0.066776
v 0.005000 0.004014 0.067014
v 0.005000 0.003776 0.067218
v 0.005000 0.003508 0.067382
v 0.005000 0.003218 0.067502
v 0.005000 0.002913 0.067575
v 0.005000 0.002409 0.065188
v 0.005000 0.002491 0.065054
v 0.005000 0.002600 0.063600
v 0.005000 -0.002400 0.065600
v 0.005000 0.002600 0.064600
v 0.005000 -0.002209 0.064012
v 0.005000 -0.002291 0.064146
v 0.005000 -0.002351 0.064291
v 0.005000 0.001600 0.065600
v 0.005000 0.002551 0.064909
v 0.005000 0.002588 0.064756
v 0.005000 -0.002107 0.063893
v 0.005000 0.002307 0.065307
v 0.005000 -0.001400 0.063600
v 0.005000 -0.001556 0.063612
v 0.005000 -0.001709 0.063649
v 0.005000 -0.001854 0.063709
v 0.005000 -0.001988 0.063791
v 0.005000 -0.002388 0.064444
v 0.005000 -0.002400 0.064600
v 0.005000 0.001756 0.065588
v 0.005000 0.001909 0.065551
v 0.005000 0.002054 0.065491
v 0.005000 0.002188 0.065409
v 0.004000 -0.001400 0.063600
v 0.004000 0.002600 0.063600
v 0.004000 0.001600 0.065600
v 0.004000 0.002600 0.064600
v 0.004000 0.002409 0.065188
v 0.004000 0.002307 0.065307
v 0.004000 -0.002107 0.063893
v 0.004000 -0.001988 0.063791
v 0.004000 -0.001854 0.063709
v 0.004000 0.002491 0.065054
v 0.004000 0.002551 0.064909
v 0.004000 0.002588 0.064756
v 0.004000 -0.002400 0.064600
v 0.004000 -0.002388 0.064444
v 0.004000 -0.002400 0.065600
v 0.004000 -0.001556 0.063612
v 0.004000 -0.001709 0.063649
v 0.004000 0.002188 0.065409
v 0.004000 0.002054 0.065491
v 0.004000 0.001756 0.065588
v 0.004000 0.001909 0.065551
v 0.004000 -0.002351 0.064291
v 0.004000 -0.002291 0.064146
v 0.004000 -0.002209 0.064012
v -0.003000 0.011000 0.022000
v -0.003000 0.011000 -0.000000
v 0.003000 0.011000 -0.000000
v -0.003000 -0.011000 0.022000
v -0.003000 -0.011000 -0.000000
v 0.003000 -0.011000 -0.000000
v 0.002400 0.010400 -0.000000
v -0.002400 0.010400 -0.000000
v -0.002400 -0.010400 -0.000000
v 0.002400 -0.010400 -0.000000
v 0.002400 -0.010400 0.022000
v -0.002400 -0.010400 0.022000
v -0.002400 0.010400 0.022000
v 0.002400 0.010400 0.022000
v 0.002400 0.004000 0.008000
v 0.002400 0.008000 0.008000
v 0.002400 0.008000 0.010500
v 0.002400 0.004000 0.010500
v 0.002400 -0.008000 0.008000
v 0.002400 -0.004000 0.008000
v 0.002400 -0.004000 0.010500
v 0.002400 -0.008000 0.010500
v 0.003000 0.004000 0.010500
v 0.003000 0.008000 0.010500
v 0.003000 0.004000 0.008000
v 0.003000 0.008000 0.008000
v 0.002700 0.007500 0.014138
v 0.002700 0.006000 0.014138
v 0.002700 0.007500 0.013138
v 0.002700 0.006000 0.013138
v 0.003000 0.007500 0.013138
v 0.003000 0.006000 0.013138
v 0.003000 0.006000 0.014138
v 0.003000 0.007500 0.014138
v 0.002700 -0.005500 0.014138
v 0.002700 -0.007000 0.014138
v 0.002700 -0.005500 0.013138
v 0.002700 -0.007000 0.013138
v 0.003000 -0.005500 0.013138
v 0.003000 -0.007000 0.013138
v 0.003000 -0.007000 0.014138
v 0.003000 -0.005500 0.014138
v 0.003000 -0.004000 0.008000
v 0.003000 -0.004000 0.010500
v 0.003000 -0.008000 0.010500
v 0.003000 -0.008000 0.008000
v -0.000400 0.010400 -0.000000
v -0.000400 0.010400 0.022000
v -0.000400 -0.009600 -0.000000
v -0.000400 -0.009600 0.022000
v -0.002400 -0.009600 -0.000000
v -0.002400 -0.009600 0.022000
vn 0.0000 -0.1058 0.9944
vn 0.0000 -0.0634 0.9980
vn 0.0000 -0.0212 0.9998
vn 0.0000 0.0212 0.9998
vn 0.0000 0.0634 0.9980
vn 0.0000 0.1058 0.9944
vn 0.9239 -0.3827 -0.0000
vn 0.0785 -0.9969 -0.0000
vn 0.1869 -0.9824 -0.0001
vn 0.0620 -0.9981 -0.0000
vn 0.3827 -0.9239 0.0000
vn 0.4453 -0.8954 0.0000
vn 0.3143 -0.9493 0.0000
vn 0.2335 -0.9724 -0.0000
vn 0.3143 -0.9493 -0.0001
vn 0.1868 -0.9824 -0.0000
vn 0.6494 -0.7604 0.0000
vn 0.7126 -0.7016 -0.0000
vn 0.5793 -0.8151 -0.0000
vn 0.5225 -0.8526 -0.0000
vn 0.5792 -0.8152 -0.0000
vn 0.4452 -0.8954 -0.0000
vn 0.8527 -0.5225 0.0000
vn 0.9361 -0.3517 -0.0002
vn 0.8363 -0.5483 -0.0000
vn 0.7604 -0.6494 -0.0000
vn 0.8364 -0.5481 -0.0001
vn 0.9925 -0.1219 -0.0001
vn 0.9359 -0.3523 0.0000
vn 0.9359 -0.3522 -0.0000
vn 0.9724 -0.2335 0.0000
vn 0.9969 -0.0784 0.0000
vn 0.9968 -0.0798 0.0050
vn 0.9968 -0.0803 0.0033
vn 0.9925 -0.1219 0.0000
vn 0.9969 -0.0000 -0.0785
vn 0.9968 0.0050 -0.0796
vn 0.9968 0.0032 -0.0802
vn 0.9360 -0.0003 -0.3519
vn 0.9925 0.0001 -0.1221
vn 0.9925 0.0001 -0.1220
vn 0.9724 0.0001 -0.2333
vn 0.9239 0.0001 -0.3827
vn 0.9359 0.0000 -0.3523
vn 0.9360 0.0000 -0.3521
vn 0.9360 -0.0000 -0.3520
vn 0.8526 0.0001 -0.5225
vn 0.8363 -0.0000 -0.5483
vn 0.9361 -0.0000 -0.3518
vn 0.6494 0.0001 -0.7604
vn 0.5794 -0.0002 -0.8151
vn 0.5793 -0.0002 -0.8151
vn 0.7127 0.0001 -0.7015
vn 0.7604 0.0001 -0.6495
vn 0.7127 -0.0001 -0.7015
vn 0.8364 0.0001 -0.5481
vn 0.3827 0.0000 -0.9239
vn 0.3145 -0.0002 -0.9493
vn 0.4453 0.0001 -0.8954
vn 0.5224 0.0001 -0.8527
vn 0.4454 -0.0002 -0.8953
vn 0.5792 0.0001 -0.8152
vn 0.0784 0.0000 -0.9969
vn 0.0621 -0.0001 -0.9981
vn 0.1868 -0.0000 -0.9824
vn 0.2335 -0.0000 -0.9724
vn 0.1869 -0.0001 -0.9824
vn 0.3144 -0.0000 -0.9493
vn -0.9713 0.2251 0.0765
vn -0.0756 0.2236 0.9717
vn -0.0766 0.2203 0.9724
vn -0.0766 0.2227 0.9719
vn -0.9241 0.3753 0.0727
vn -0.9239 0.3756 0.0727
vn -0.9242 0.3750 0.0727
vn -0.0729 0.3719 0.9254
vn -0.0730 0.3674 0.9272
vn -0.0727 0.3725 0.9252
vn -0.8539 0.5161 0.0672
vn -0.8537 0.5164 0.0672
vn -0.8536 0.5165 0.0672
vn -0.7623 0.6445 0.0600
vn -0.7624 0.6443 0.0600
vn -0.7627 0.6440 0.0600
vn -0.6522 0.7563 0.0513
vn -0.6526 0.7560 0.0513
vn -0.6520 0.7565 0.0513
vn -0.5258 0.8496 0.0414
vn -0.5276 0.8485 0.0413
vn -0.5258 0.8496 0.0413
vn -0.3855 0.9222 0.0304
vn -0.3875 0.9214 0.0306
vn -0.3861 0.9219 0.0306
vn -0.2361 0.9716 0.0186
vn -0.2387 0.9709 0.0187
vn -0.2365 0.9714 0.0189
vn -0.0659 0.9966 0.0491
vn -0.0675 0.9969 0.0414
vn -0.0661 0.9966 0.0491
vn -0.0786 0.9966 0.0239
vn -0.0734 0.9968 0.0303
vn -0.0785 0.9966 0.0240
vn -0.0776 0.1412 0.9869
vn -0.0769 0.1412 0.9870
vn -0.0780 0.1225 0.9894
vn -0.0784 0.1196 0.9897
vn -0.0782 0.1221 0.9894
vn -0.0558 0.1233 0.9908
vn -0.0562 0.1232 0.9908
vn -0.0557 0.1233 0.9908
vn -0.2301 0.1610 0.9598
vn -0.2301 0.1609 0.9598
vn -0.2334 0.1232 0.9645
vn -0.2332 0.1286 0.9639
vn -0.2333 0.1235 0.9645
vn -0.3778 0.1637 0.9113
vn -0.3820 0.1182 0.9166
vn -0.3828 0.1184 0.9162
vn -0.3839 0.1153 0.9161
vn -0.3849 0.1148 0.9158
vn -0.5157 0.1547 0.8427
vn -0.5223 0.1212 0.8441
vn -0.6427 0.1428 0.7527
vn -0.6427 0.1429 0.7527
vn -0.6495 0.1169 0.7513
vn -0.6498 0.1170 0.7510
vn -0.6492 0.1166 0.7516
vn -0.6490 0.1163 0.7518
vn -0.7537 0.1326 0.6437
vn -0.7602 0.1104 0.6402
vn -0.8463 0.1226 0.5184
vn -0.8523 0.1027 0.5128
vn -0.8522 0.1025 0.5130
vn -0.8523 0.1024 0.5129
vn -0.8523 0.1020 0.5131
vn -0.9181 0.1106 0.3805
vn -0.9231 0.0942 0.3728
vn -0.9677 0.0984 0.2323
vn -0.9711 0.0843 0.2233
vn -0.9711 0.0848 0.2233
vn -0.5028 0.0884 0.8599
vn 0.0000 0.0000 1.0000
vn -0.9932 0.0862 0.0782
vn -0.9949 0.0741 0.0683
vn -0.0794 0.9968 0.0031
vn -0.0788 0.9969 0.0062
vn -0.0792 0.9969 0.0031
vn -0.0797 0.9968 0.0029
vn -0.0768 0.9969 0.0187
vn -0.0189 0.9719 0.2348
vn -0.0187 0.9719 0.2347
vn -0.0189 0.9719 0.2346
vn 0.1464 0.6699 0.7279
vn 0.0000 0.0000 -1.0000
vn 0.1682 0.7698 -0.6157
vn -0.0061 0.9969 0.0790
vn -0.0031 0.9968 0.0802
vn -0.0024 0.9968 0.0799
vn -0.2355 0.9717 0.0184
vn -0.2351 0.9718 0.0184
vn -0.2289 0.9719 0.0549
vn -0.2291 0.9718 0.0550
vn -0.2290 0.9719 0.0549
vn -0.2181 0.9717 0.0904
vn -0.2179 0.9718 0.0901
vn -0.2178 0.9718 0.0903
vn -0.2176 0.9719 0.0900
vn -0.2003 0.9720 0.1232
vn -0.2006 0.9719 0.1230
vn -0.2004 0.9720 0.1231
vn -0.2007 0.9719 0.1230
vn -0.0305 0.9225 0.3847
vn -0.0195 0.5697 0.8216
vn -0.0313 0.9196 0.3917
vn 0.3152 0.7304 -0.6059
vn -0.0187 0.9719 0.2348
vn -0.2931 0.9227 0.2505
vn -0.2930 0.9228 0.2503
vn -0.2934 0.9225 0.2507
vn -0.3840 0.9228 0.0305
vn -0.3840 0.9228 0.0303
vn -0.3751 0.9226 0.0900
vn -0.3753 0.9225 0.0900
vn -0.3752 0.9226 0.0900
vn -0.3754 0.9225 0.0901
vn -0.3568 0.9224 0.1478
vn -0.3566 0.9225 0.1477
vn -0.3563 0.9226 0.1477
vn -0.3287 0.9227 0.2016
vn -0.3293 0.9224 0.2017
vn -0.3288 0.9226 0.2016
vn -0.3294 0.9224 0.2017
vn -0.2937 0.9224 0.2508
vn -0.1792 0.9718 0.1530
vn -0.1791 0.9719 0.1530
vn -0.1792 0.9719 0.1529
vn -0.1793 0.9718 0.1528
vn -0.0605 0.9968 0.0515
vn -0.0414 0.8502 0.5249
vn -0.0412 0.8502 0.5249
vn 0.3436 0.5842 0.7352
vn 0.4053 0.6891 -0.6007
vn -0.0305 0.9225 0.3848
vn -0.3420 0.8501 0.4004
vn -0.3421 0.8501 0.4004
vn -0.3421 0.8501 0.4003
vn -0.5248 0.8502 0.0414
vn -0.5249 0.8502 0.0414
vn -0.5119 0.8502 0.1229
vn -0.5120 0.8501 0.1229
vn -0.5120 0.8502 0.1229
vn -0.5121 0.8501 0.1229
vn -0.4858 0.8506 0.2013
vn -0.4864 0.8502 0.2015
vn -0.4861 0.8504 0.2014
vn -0.4866 0.8501 0.2016
vn -0.4486 0.8504 0.2750
vn -0.4487 0.8503 0.2750
vn -0.4489 0.8503 0.2749
vn -0.4007 0.8499 0.3422
vn -0.4001 0.8503 0.3419
vn -0.4004 0.8501 0.3421
vn -0.3999 0.8504 0.3419
vn -0.3421 0.8502 0.4001
vn -0.2508 0.9225 0.2935
vn -0.2508 0.9225 0.2934
vn -0.2509 0.9225 0.2934
vn -0.2510 0.9224 0.2936
vn -0.1529 0.9719 0.1790
vn -0.1527 0.9719 0.1791
vn -0.1533 0.9718 0.1790
vn -0.1535 0.9718 0.1789
vn -0.0511 0.9969 0.0601
vn -0.0496 0.9966 0.0655
vn -0.0495 0.9966 0.0656
vn -0.0514 0.7566 0.6518
vn -0.0320 0.4275 0.9035
vn -0.0507 0.7567 0.6518
vn 0.5249 0.6102 -0.5934
vn -0.3416 0.7567 0.5574
vn -0.3418 0.7566 0.5574
vn -0.6519 0.7566 0.0513
vn -0.6518 0.7566 0.0513
vn -0.6355 0.7569 0.1525
vn -0.6356 0.7568 0.1526
vn -0.6357 0.7567 0.1526
vn -0.6043 0.7564 0.2503
vn -0.6040 0.7567 0.2503
vn -0.6042 0.7565 0.2502
vn -0.6039 0.7568 0.2502
vn -0.5579 0.7563 0.3417
vn -0.5574 0.7567 0.3415
vn -0.5576 0.7565 0.3416
vn -0.5572 0.7569 0.3416
vn -0.4975 0.7562 0.4250
vn -0.4974 0.7564 0.4247
vn -0.4974 0.7564 0.4248
vn -0.4972 0.7567 0.4244
vn -0.4242 0.7571 0.4968
vn -0.4247 0.7566 0.4971
vn -0.4245 0.7568 0.4971
vn -0.4250 0.7564 0.4972
vn -0.3415 0.7568 0.5574
vn -0.2750 0.8503 0.4488
vn -0.2750 0.8503 0.4487
vn -0.2750 0.8502 0.4489
vn -0.2750 0.8502 0.4490
vn -0.2016 0.9225 0.3291
vn -0.2017 0.9225 0.3291
vn -0.2015 0.9226 0.3291
vn -0.2013 0.9226 0.3291
vn -0.1228 0.9719 0.2008
vn -0.1229 0.9719 0.2008
vn -0.1228 0.9719 0.2007
vn -0.1227 0.9719 0.2007
vn -0.0417 0.9968 0.0676
vn -0.0673 0.5135 0.8555
vn -0.0677 0.5103 0.8573
vn -0.0670 0.5162 0.8539
vn -0.0600 0.6443 0.7624
vn -0.0600 0.6444 0.7624
vn -0.0635 0.6461 0.7606
vn -0.0602 0.6475 0.7597
vn -0.0601 0.6497 0.7578
vn -0.0515 0.7566 0.6518
vn -0.2926 0.6444 0.7065
vn -0.2926 0.6442 0.7067
vn -0.2925 0.6444 0.7065
vn -0.7624 0.6443 0.0599
vn -0.7623 0.6444 0.0600
vn -0.7436 0.6443 0.1786
vn -0.7436 0.6444 0.1785
vn -0.7435 0.6444 0.1785
vn -0.7435 0.6445 0.1785
vn -0.7064 0.6444 0.2927
vn -0.7066 0.6443 0.2927
vn -0.7067 0.6442 0.2927
vn -0.6519 0.6446 0.3994
vn -0.6520 0.6444 0.3996
vn -0.6521 0.6442 0.3996
vn -0.5810 0.6449 0.4965
vn -0.5815 0.6444 0.4966
vn -0.5814 0.6445 0.4966
vn -0.5818 0.6440 0.4967
vn -0.4966 0.6443 0.5817
vn -0.4968 0.6442 0.5816
vn -0.4967 0.6442 0.5817
vn -0.4969 0.6441 0.5816
vn -0.3997 0.6443 0.6521
vn -0.3996 0.6443 0.6521
vn -0.2925 0.6446 0.7064
vn -0.2502 0.7566 0.6041
vn -0.2503 0.7564 0.6043
vn -0.2501 0.7568 0.6039
vn -0.2015 0.8502 0.4863
vn -0.2015 0.8502 0.4864
vn -0.2014 0.8503 0.4863
vn -0.2014 0.8503 0.4862
vn -0.1478 0.9226 0.3564
vn -0.1477 0.9225 0.3566
vn -0.1478 0.9225 0.3565
vn -0.1478 0.9226 0.3563
vn -0.0903 0.9719 0.2175
vn -0.0900 0.9719 0.2176
vn -0.0906 0.9718 0.2175
vn -0.0301 0.9969 0.0732
vn -0.0249 0.9966 0.0789
vn -0.0246 0.9966 0.0789
vn -0.0671 0.5163 0.8538
vn -0.0670 0.5163 0.8538
vn -0.2001 0.5164 0.8327
vn -0.1999 0.5163 0.8328
vn -0.2000 0.5163 0.8327
vn -0.8539 0.5160 0.0672
vn -0.8329 0.5161 0.2000
vn -0.8329 0.5160 0.2000
vn -0.8330 0.5159 0.2000
vn -0.7912 0.5162 0.3279
vn -0.7913 0.5161 0.3278
vn -0.7914 0.5160 0.3278
vn -0.7302 0.5164 0.4474
vn -0.7303 0.5162 0.4475
vn -0.7304 0.5160 0.4476
vn -0.6513 0.5161 0.5563
vn -0.6513 0.5162 0.5563
vn -0.6513 0.5162 0.5562
vn -0.5562 0.5164 0.6511
vn -0.5563 0.5162 0.6512
vn -0.5564 0.5159 0.6513
vn -0.4476 0.5156 0.7306
vn -0.4475 0.5160 0.7304
vn -0.4474 0.5163 0.7303
vn -0.3278 0.5163 0.7912
vn -0.3279 0.5162 0.7912
vn -0.3280 0.5161 0.7913
vn -0.1998 0.5163 0.8328
vn -0.1785 0.6443 0.7437
vn -0.1784 0.6443 0.7437
vn -0.1786 0.6443 0.7436
vn -0.1527 0.7566 0.6358
vn -0.1528 0.7566 0.6357
vn -0.1526 0.7566 0.6358
vn -0.1524 0.7566 0.6359
vn -0.1229 0.8502 0.5118
vn -0.1229 0.8503 0.5117
vn -0.1230 0.8502 0.5119
vn -0.1230 0.8501 0.5120
vn -0.0899 0.9225 0.3754
vn -0.0899 0.9226 0.3753
vn -0.0900 0.9225 0.3753
vn -0.0548 0.9719 0.2290
vn -0.0550 0.9719 0.2288
vn -0.0549 0.9718 0.2292
vn -0.0548 0.9718 0.2293
vn -0.0185 0.9969 0.0769
vn -0.9240 0.3754 0.0727
vn -0.9241 0.3752 0.0726
vn -0.9013 0.3754 0.2164
vn -0.9013 0.3752 0.2164
vn -0.9013 0.3753 0.2164
vn -0.8564 0.3752 0.3546
vn -0.8564 0.3752 0.3547
vn -0.8564 0.3751 0.3547
vn -0.7903 0.3754 0.4843
vn -0.7903 0.3753 0.4844
vn -0.7902 0.3753 0.4846
vn -0.7050 0.3753 0.6018
vn -0.7049 0.3752 0.6019
vn -0.7048 0.3751 0.6021
vn -0.6019 0.3751 0.7050
vn -0.6019 0.3753 0.7049
vn -0.6019 0.3755 0.7048
vn -0.4846 0.3754 0.7901
vn -0.4843 0.3752 0.7903
vn -0.4843 0.3753 0.7903
vn -0.4842 0.3750 0.7905
vn -0.3547 0.3753 0.8563
vn -0.3547 0.3753 0.8564
vn -0.3548 0.3752 0.8564
vn -0.2164 0.3745 0.9016
vn -0.2165 0.3749 0.9014
vn -0.2166 0.3753 0.9012
vn -0.0729 0.3752 0.9241
vn -0.0729 0.3750 0.9242
vn -0.9713 0.2250 0.0766
vn -0.9714 0.2250 0.0764
vn -0.9475 0.2250 0.2273
vn -0.9474 0.2250 0.2274
vn -0.9474 0.2249 0.2276
vn -0.9002 0.2250 0.3727
vn -0.9002 0.2250 0.3729
vn -0.9002 0.2249 0.3728
vn -0.9002 0.2249 0.3729
vn -0.8308 0.2247 0.5092
vn -0.8308 0.2248 0.5092
vn -0.8307 0.2249 0.5092
vn -0.7410 0.2247 0.6328
vn -0.7409 0.2250 0.6328
vn -0.7409 0.2249 0.6328
vn -0.7408 0.2251 0.6329
vn -0.6330 0.2248 0.7408
vn -0.6328 0.2249 0.7409
vn -0.6326 0.2250 0.7411
vn -0.5094 0.2245 0.8308
vn -0.5093 0.2247 0.8307
vn -0.5093 0.2247 0.8308
vn -0.5091 0.2250 0.8308
vn -0.3727 0.2250 0.9003
vn -0.3728 0.2251 0.9002
vn -0.2276 0.2249 0.9474
vn -0.2275 0.2249 0.9474
vn -0.0763 0.2253 0.9713
vn -0.0765 0.2252 0.9713
vn -0.5436 -0.0326 0.8387
vn -0.9724 -0.0289 0.2317
vn -0.9719 -0.0243 0.2343
vn -0.9237 0.0474 0.3802
vn -0.9238 0.0473 0.3798
vn -0.9239 0.0473 0.3798
vn -0.8527 -0.0646 0.5184
vn -0.8525 -0.0646 0.5187
vn -0.8526 -0.0646 0.5185
vn -0.7603 0.0803 0.6446
vn -0.7602 0.0803 0.6447
vn -0.7602 0.0804 0.6447
vn -0.2331 0.0402 0.9716
vn -0.2333 0.0402 0.9716
vn -0.0785 -0.0823 0.9935
vn -0.0784 -0.0823 0.9935
vn -0.0782 -0.0823 0.9935
vn -0.0786 -0.1234 0.9892
vn -0.0783 -0.0000 0.9969
vn -0.0787 0.0412 0.9960
vn -0.0786 0.0412 0.9961
vn -0.0788 0.0412 0.9960
vn -0.0783 0.0823 0.9935
vn -0.0785 0.0823 0.9935
vn -0.0788 0.1233 0.9892
vn -0.0787 0.1233 0.9892
vn -0.2332 -0.1202 0.9650
vn -0.2334 -0.1253 0.9643
vn -0.2340 -0.1230 0.9644
vn -0.3823 0.0763 0.9209
vn -0.3825 0.0763 0.9208
vn -0.3822 0.0763 0.9209
vn -0.2336 0.0803 0.9690
vn -0.2333 0.0803 0.9691
vn -0.2335 0.0803 0.9690
vn -0.2338 0.0803 0.9690
vn -0.3824 -0.1142 0.9169
vn -0.3830 -0.1169 0.9163
vn -0.3823 -0.0763 0.9209
vn -0.3827 -0.0763 0.9207
vn -0.0553 0.1234 0.9908
vn -0.2336 0.1202 0.9649
vn -0.2338 0.1202 0.9648
vn -0.3826 0.1142 0.9168
vn -0.3823 0.1142 0.9170
vn -0.5226 0.1054 0.8460
vn -0.5224 0.1054 0.8462
vn -0.6489 -0.0946 0.7550
vn -0.6491 -0.0941 0.7549
vn -0.6493 -0.0940 0.7547
vn -0.5223 -0.1054 0.8462
vn -0.5225 -0.1054 0.8461
vn -0.6488 -0.0941 0.7551
vn -0.6498 -0.0940 0.7542
vn -0.6494 -0.0628 0.7579
vn -0.6492 -0.0628 0.7580
vn -0.0783 -0.0412 0.9961
vn -0.0784 -0.0412 0.9961
vn -0.0785 -0.0412 0.9961
vn -0.2334 -0.0000 0.9724
vn -0.2332 -0.0001 0.9724
vn -0.2332 0.0000 0.9724
vn -0.3829 0.0382 0.9230
vn -0.3827 0.0382 0.9231
vn -0.3826 0.0382 0.9231
vn -0.3826 0.0763 0.9208
vn -0.5231 0.0702 0.8494
vn -0.5225 0.0704 0.8497
vn -0.5224 0.0704 0.8498
vn -0.5227 0.1054 0.8460
vn -0.6493 0.0940 0.7547
vn -0.6490 0.0941 0.7549
vn -0.6489 0.0941 0.7551
vn -0.0787 -0.0412 0.9960
vn -0.0788 -0.0412 0.9960
vn -0.2332 -0.0402 0.9716
vn -0.2331 -0.0403 0.9716
vn -0.2331 -0.0402 0.9716
vn -0.3828 0.0000 0.9238
vn -0.3825 -0.0000 0.9239
vn -0.3830 0.0382 0.9230
vn -0.5220 0.0354 0.8522
vn -0.5222 0.0352 0.8521
vn -0.5226 0.0353 0.8518
vn -0.5232 0.0702 0.8493
vn -0.6493 0.0628 0.7580
vn -0.6491 0.0628 0.7581
vn -0.6495 0.0628 0.7578
vn -0.6498 0.0940 0.7542
vn -0.6488 0.0941 0.7551
vn -0.7602 -0.0804 0.6447
vn -0.7604 -0.0803 0.6444
vn -0.7605 -0.0803 0.6443
vn -0.7604 -0.0536 0.6472
vn -0.7603 -0.0536 0.6474
vn -0.7604 -0.0268 0.6489
vn -0.7604 -0.0268 0.6490
vn -0.8527 -0.0646 0.5183
vn -0.8525 -0.0431 0.5209
vn -0.8526 -0.0431 0.5208
vn -0.8525 -0.0216 0.5222
vn -0.8526 -0.0216 0.5221
vn -0.8528 -0.0216 0.5218
vn -0.8527 -0.0000 0.5225
vn -0.8526 -0.0000 0.5226
vn -0.8527 -0.0000 0.5224
vn -0.0783 -0.0823 0.9935
vn -0.2336 -0.0803 0.9690
vn -0.2333 -0.0803 0.9691
vn -0.2335 -0.0803 0.9690
vn -0.3828 -0.0382 0.9230
vn -0.3825 -0.0382 0.9231
vn -0.3825 -0.0382 0.9232
vn -0.5222 0.0000 0.8528
vn -0.5224 -0.0000 0.8527
vn -0.6492 0.0314 0.7600
vn -0.6494 0.0314 0.7598
vn -0.6492 0.0628 0.7580
vn -0.7604 0.0536 0.6472
vn -0.7602 0.0536 0.6474
vn -0.8526 0.0646 0.5185
vn -0.8527 0.0646 0.5184
vn -0.0567 -0.1236 0.9907
vn -0.0567 -0.1235 0.9907
vn -0.0787 -0.1233 0.9892
vn -0.2333 -0.1202 0.9649
vn -0.2337 -0.0803 0.9690
vn -0.3824 -0.0763 0.9208
vn -0.5225 -0.0353 0.8519
vn -0.5225 -0.0352 0.8519
vn -0.5221 -0.0353 0.8521
vn -0.6490 0.0000 0.7608
vn -0.6493 -0.0000 0.7605
vn -0.6493 0.0000 0.7606
vn -0.6491 0.0314 0.7601
vn -0.7604 0.0268 0.6489
vn -0.7602 0.0268 0.6491
vn -0.7603 0.0268 0.6490
vn -0.8526 0.0431 0.5208
vn -0.8525 0.0646 0.5187
vn -0.8527 0.0646 0.5183
vn -0.9238 -0.0473 0.3800
vn -0.9238 -0.0473 0.3799
vn -0.9237 -0.0473 0.3802
vn -0.9237 -0.0317 0.3819
vn -0.9238 -0.0316 0.3816
vn -0.9238 -0.0158 0.3825
vn -0.9239 -0.0158 0.3824
vn -0.9239 0.0000 0.3827
vn -0.9239 0.0158 0.3824
vn -0.9238 0.0158 0.3825
vn -0.9720 -0.0266 0.2335
vn -0.9721 -0.0165 0.2341
vn -0.9721 -0.0126 0.2344
vn -0.9720 -0.0068 0.2347
vn -0.9720 -0.0028 0.2348
vn -0.9720 0.0028 0.2348
vn -0.9720 0.0068 0.2347
vn -0.9720 0.0126 0.2345
vn -0.9720 0.0165 0.2342
vn -0.9719 0.0243 0.2342
vn -0.5224 -0.0704 0.8498
vn -0.5223 -0.0704 0.8499
vn -0.5228 -0.0704 0.8496
vn -0.5221 -0.0352 0.8521
vn -0.6491 -0.0314 0.7600
vn -0.6494 -0.0314 0.7598
vn -0.6495 -0.0314 0.7597
vn -0.6491 -0.0000 0.7607
vn -0.7604 -0.0000 0.6495
vn -0.7606 0.0268 0.6487
vn -0.8526 0.0216 0.5222
vn -0.8526 0.0216 0.5221
vn -0.9238 0.0316 0.3817
vn -0.9237 0.0316 0.3818
vn -0.9237 0.0316 0.3819
vn -0.9720 0.0265 0.2337
vn -0.9724 0.0289 0.2317
vn -0.6246 0.0184 0.7807
vn -0.3850 -0.1153 0.9157
vn -0.3823 -0.1142 0.9169
vn -0.5224 -0.1055 0.8462
vn -0.5225 -0.0704 0.8497
vn -0.6492 -0.0314 0.7600
vn -0.8527 0.0000 0.5223
vn -0.8527 0.0216 0.5219
vn -0.9238 0.0316 0.3816
vn 0.2242 0.0000 0.9745
vn -0.9969 0.0097 0.0778
vn -0.9969 0.0097 0.0779
vn -0.9969 0.0088 0.0784
vn -0.9969 0.0075 0.0786
vn -0.9969 0.0056 0.0786
vn -0.9969 0.0042 0.0789
vn -0.9969 0.0023 0.0788
vn -0.9969 0.0009 0.0790
vn -0.9969 -0.0009 0.0790
vn -0.9969 -0.0023 0.0789
vn -0.9969 -0.0042 0.0789
vn -0.9969 -0.0056 0.0787
vn -0.9969 -0.0075 0.0785
vn -0.9969 -0.0088 0.0784
vn -0.9969 -0.0097 0.0779
vn -0.9969 -0.0097 0.0778
vn -0.0031 -0.9968 0.0801
vn -0.0038 -0.9968 0.0797
vn 0.0000 -0.9969 0.0789
vn 0.0123 -0.9730 0.2307
vn 0.0123 -0.9729 0.2308
vn 0.0122 -0.9729 0.2310
vn -0.0001 -0.9968 0.0802
vn -0.0002 -0.9721 0.2346
vn 0.0123 -0.9239 0.3825
vn -0.0002 -0.9712 0.2383
vn -0.0002 -0.9230 0.3847
vn 0.0118 -0.8492 0.5279
vn 0.0118 -0.8493 0.5278
vn -0.0002 -0.9206 0.3905
vn -0.0003 -0.8510 0.5251
vn 0.0117 -0.7566 0.6537
vn -0.0004 -0.8465 0.5325
vn -0.0004 -0.7576 0.6527
vn -0.0000 -0.7553 0.6553
vn 0.0002 -0.7529 0.6581
vn 0.0005 -0.7504 0.6609
vn -0.0004 -0.6459 0.7634
vn -0.0003 -0.6433 0.7656
vn -0.0004 -0.6457 0.7636
vn 0.0001 -0.6390 0.7692
vn 0.0007 -0.6353 0.7723
vn -0.0005 -0.5187 0.8550
vn -0.0005 -0.5177 0.8556
vn -0.0005 -0.5179 0.8554
vn -0.0005 -0.5172 0.8559
vn 0.0006 -0.5041 0.8637
vn -0.0006 -0.3768 0.9263
vn -0.0006 -0.3764 0.9264
vn -0.0006 -0.3766 0.9264
vn -0.0006 -0.3764 0.9265
vn 0.0007 -0.3593 0.9332
vn -0.0007 -0.2244 0.9745
vn -0.0007 -0.2256 0.9742
vn -0.0007 -0.2252 0.9743
vn -0.0007 -0.2259 0.9742
vn 0.0008 -0.2057 0.9786
vn 0.0000 -0.1380 0.9904
vn 0.0000 -0.1381 0.9904
vn 0.0000 -0.1052 0.9945
vn 0.0013 -0.1049 0.9945
vn 0.0005 -0.1051 0.9945
vn 0.0016 -0.1048 0.9945
vn -0.0015 -0.0616 0.9981
vn -0.0011 -0.0616 0.9981
vn -0.0007 -0.0617 0.9981
vn 0.0015 -0.0612 0.9981
vn 0.0001 -0.0619 0.9981
vn 0.0035 -0.0610 0.9981
vn -0.0033 -0.0187 0.9998
vn -0.0010 -0.0173 0.9998
vn -0.0005 -0.0170 0.9999
vn 0.0026 -0.0171 0.9999
vn 0.0007 -0.0183 0.9998
vn 0.0047 -0.0168 0.9998
vn -0.0045 0.0246 0.9997
vn 0.0003 0.0266 0.9996
vn -0.0029 0.0257 0.9997
vn 0.0044 0.0266 0.9996
vn 0.0021 0.0253 0.9997
vn 0.0061 0.0271 0.9996
vn -0.0059 0.0682 0.9977
vn 0.0018 0.0704 0.9975
vn -0.0024 0.0692 0.9976
vn 0.0068 0.0690 0.9976
vn 0.0040 0.0699 0.9975
vn 0.0074 0.0713 0.9974
vn -0.0070 0.1104 0.9939
vn -0.0015 0.1118 0.9937
vn -0.0053 0.1108 0.9938
vn 0.0000 0.1122 0.9937
vn -0.9969 0.0046 0.0789
vn -0.9969 0.0074 0.0786
vn -0.9969 0.0066 0.0788
vn -0.9969 0.0011 0.0790
vn -0.9969 0.0031 0.0789
vn -0.9969 -0.0023 0.0790
vn -0.9969 -0.0003 0.0790
vn -0.9969 -0.0058 0.0788
vn -0.9969 -0.0038 0.0789
vn -0.9968 -0.0102 0.0795
vn -0.9969 -0.0073 0.0786
vn -0.0184 0.1122 0.9935
vn -0.0926 0.1121 0.9894
vn -0.2094 0.1097 0.9717
vn -0.2334 0.1095 0.9662
vn -0.3276 0.1059 0.9389
vn -0.3280 0.1059 0.9387
vn -0.3283 0.1059 0.9386
vn -0.3827 0.1042 0.9180
vn -0.4475 0.1003 0.8886
vn -0.4471 0.1003 0.8888
vn -0.5851 0.0910 0.8059
vn -0.5850 0.0910 0.8059
vn -0.5857 0.0908 0.8054
vn -0.5224 0.0965 0.8472
vn -0.5186 0.0966 0.8496
vn -0.5165 0.0967 0.8508
vn -0.5138 0.0968 0.8524
vn -0.4467 0.1003 0.8890
vn -0.5848 0.0910 0.8060
vn -0.6494 0.0861 0.7555
vn -0.6998 0.0802 0.7098
vn -0.7002 0.0802 0.7095
vn -0.7002 0.0802 0.7094
vn -0.8242 0.0636 0.5627
vn -0.8242 0.0636 0.5628
vn -0.8241 0.0636 0.5629
vn -0.7603 0.0738 0.6454
vn -0.7612 0.0737 0.6443
vn -0.7612 0.0737 0.6444
vn -0.7619 0.0736 0.6435
vn -0.7005 0.0802 0.7091
vn -0.9144 0.0482 0.4020
vn -0.8526 0.0590 0.5192
vn -0.9135 0.0458 0.4042
vn -0.9636 0.0327 0.2653
vn -0.9239 0.0435 0.3802
vn -0.9632 0.0305 0.2670
vn -0.9723 0.0270 0.2320
vn -0.9719 0.0194 0.2347
vn -0.9718 0.0221 0.2349
vn -0.9934 0.0126 0.1140
vn -0.9934 0.0126 0.1139
vn -0.9969 0.0090 0.0780
vn -1.0000 0.0018 0.0034
vn -1.0000 0.0023 0.0014
vn -1.0000 0.0038 0.0021
vn -0.9968 -0.0147 0.0788
vn -0.9724 -0.0245 0.2322
vn -0.9719 -0.0169 0.2348
vn -0.9719 -0.0221 0.2343
vn -0.9241 -0.0400 0.3800
vn -0.9238 -0.0401 0.3808
vn -0.9238 -0.0401 0.3807
vn -0.9239 -0.0401 0.3806
vn -0.8525 -0.0548 0.5198
vn -0.8526 -0.0548 0.5197
vn -0.8526 -0.0548 0.5196
vn -0.7602 -0.0681 0.6461
vn -0.7605 -0.0681 0.6458
vn -0.7605 -0.0681 0.6457
vn -0.6493 -0.0797 0.7563
vn -0.6495 -0.0797 0.7562
vn -0.6494 -0.0797 0.7562
vn -0.5224 -0.0894 0.8480
vn -0.5228 -0.0892 0.8478
vn -0.5223 -0.0894 0.8481
vn -0.5223 -0.0894 0.8480
vn -0.3826 -0.0969 0.9188
vn -0.3825 -0.0969 0.9188
vn -0.3825 -0.0969 0.9189
vn -0.3824 -0.0969 0.9189
vn -0.2333 -0.1019 0.9671
vn -0.2332 -0.1019 0.9671
vn -0.0787 -0.1045 0.9914
vn -0.0785 -0.1045 0.9914
vn -0.0786 -0.0607 0.9951
vn -0.0784 -0.0607 0.9951
vn -0.0781 -0.0607 0.9951
vn -0.9720 -0.0070 0.2349
vn -0.9720 -0.0113 0.2348
vn -0.9238 -0.0233 0.3822
vn -0.9238 -0.0233 0.3821
vn -0.8526 -0.0318 0.5216
vn -0.8525 -0.0318 0.5217
vn -0.8527 -0.0318 0.5214
vn -0.7603 -0.0395 0.6484
vn -0.7603 -0.0395 0.6483
vn -0.6491 -0.0464 0.7592
vn -0.6493 -0.0463 0.7592
vn -0.6494 -0.0463 0.7590
vn -0.6492 -0.0464 0.7592
vn -0.5227 -0.0519 0.8510
vn -0.5223 -0.0521 0.8512
vn -0.5232 -0.0520 0.8506
vn -0.3825 -0.0563 0.9222
vn -0.3827 -0.0563 0.9222
vn -0.3825 -0.0563 0.9223
vn -0.2333 -0.0592 0.9706
vn -0.2335 -0.0592 0.9706
vn -0.2336 -0.0592 0.9705
vn -0.0787 -0.0607 0.9951
vn -0.0784 -0.0168 0.9968
vn -0.0783 -0.0168 0.9968
vn -0.9720 0.0034 0.2350
vn -0.9720 -0.0009 0.2350
vn -0.9238 -0.0064 0.3828
vn -0.9238 -0.0064 0.3829
vn -0.8528 -0.0088 0.5222
vn -0.8529 -0.0088 0.5219
vn -0.8527 -0.0088 0.5223
vn -0.8526 -0.0088 0.5225
vn -0.7602 -0.0109 0.6495
vn -0.7604 -0.0109 0.6493
vn -0.7603 -0.0109 0.6495
vn -0.6492 -0.0128 0.7605
vn -0.6494 -0.0128 0.7603
vn -0.6495 -0.0128 0.7602
vn -0.5221 -0.0142 0.8527
vn -0.5224 -0.0143 0.8526
vn -0.5224 -0.0144 0.8526
vn -0.3827 -0.0155 0.9237
vn -0.3825 -0.0156 0.9238
vn -0.3827 -0.0155 0.9238
vn -0.3828 -0.0155 0.9237
vn -0.2334 -0.0164 0.9722
vn -0.2335 -0.0163 0.9722
vn -0.2335 -0.0164 0.9722
vn -0.0786 0.0272 0.9965
vn -0.0784 0.0272 0.9966
vn -0.0781 0.0272 0.9966
vn -0.9719 0.0144 0.2350
vn -0.9719 0.0088 0.2352
vn -0.9238 0.0104 0.3827
vn -0.9239 0.0104 0.3826
vn -0.9239 0.0104 0.3824
vn -0.8529 0.0142 0.5219
vn -0.8526 0.0142 0.5224
vn -0.7603 0.0177 0.6494
vn -0.7602 0.0177 0.6494
vn -0.7603 0.0177 0.6493
vn -0.6495 0.0207 0.7601
vn -0.6494 0.0207 0.7601
vn -0.6494 0.0207 0.7602
vn -0.5225 0.0232 0.8523
vn -0.5222 0.0232 0.8525
vn -0.5227 0.0232 0.8522
vn -0.3824 0.0252 0.9236
vn -0.3825 0.0252 0.9236
vn -0.2336 0.0265 0.9720
vn -0.2335 0.0264 0.9720
vn -0.2335 0.0265 0.9720
vn -0.0783 0.0711 0.9944
vn -0.0781 0.0711 0.9944
vn -0.0782 0.1119 0.9906
vn -0.1964 0.1128 0.9740
vn -0.1940 0.1129 0.9745
vn -0.1981 0.1128 0.9737
vn -0.9239 0.0273 0.3817
vn -0.9236 0.0273 0.3823
vn -0.9239 0.0273 0.3818
vn -0.9238 0.0273 0.3818
vn -0.8525 0.0373 0.5214
vn -0.8525 0.0373 0.5213
vn -0.8526 0.0373 0.5213
vn -0.7604 0.0463 0.6478
vn -0.7603 0.0463 0.6479
vn -0.6495 0.0542 0.7584
vn -0.6491 0.0542 0.7588
vn -0.6496 0.0542 0.7583
vn -0.5223 0.0608 0.8506
vn -0.5225 0.0608 0.8505
vn -0.3828 0.0658 0.9215
vn -0.3827 0.0658 0.9215
vn -0.3826 0.0659 0.9216
vn -0.2335 0.0693 0.9699
vn -0.2333 0.0693 0.9699
vn -0.2334 0.0693 0.9699
vn -0.0784 0.0711 0.9944
vn -0.9967 -0.0186 0.0789
vn -0.9967 -0.0305 0.0751
vn -0.9967 -0.0275 0.0763
vn -0.9967 -0.0426 0.0692
vn -0.9967 -0.0396 0.0705
vn -0.9967 -0.0525 0.0617
vn -0.9967 -0.0501 0.0640
vn -0.9967 -0.0617 0.0523
vn -0.9967 -0.0599 0.0544
vn -0.9967 -0.0694 0.0420
vn -0.9967 -0.0678 0.0444
vn -0.9967 -0.0751 0.0304
vn -0.9967 -0.0739 0.0327
vn -0.9967 -0.0790 0.0179
vn -0.9967 -0.0782 0.0206
vn -0.9968 -0.0798 0.0050
vn -0.9967 -0.0808 0.0081
vn -0.9968 -0.0798 0.0013
vn -0.9722 -0.2334 0.0188
vn -0.9234 -0.3825 0.0307
vn -0.9235 -0.3824 0.0307
vn -0.9235 -0.3825 0.0307
vn -0.9234 -0.3826 0.0307
vn -0.8520 -0.5219 0.0419
vn -0.8517 -0.5224 0.0422
vn -0.8518 -0.5222 0.0421
vn -0.8521 -0.5217 0.0417
vn -0.7594 -0.6485 0.0521
vn -0.7593 -0.6487 0.0521
vn -0.6483 -0.7590 0.0610
vn -0.6482 -0.7590 0.0610
vn -0.6483 -0.7589 0.0610
vn -0.5212 -0.8507 0.0684
vn -0.5213 -0.8506 0.0684
vn -0.3816 -0.9214 0.0740
vn -0.3817 -0.9213 0.0740
vn -0.3816 -0.9213 0.0741
vn -0.2328 -0.9694 0.0779
vn -0.2329 -0.9694 0.0779
vn -0.2327 -0.9694 0.0780
vn -0.0782 -0.9937 0.0799
vn -0.9722 -0.2274 0.0558
vn -0.9722 -0.2275 0.0558
vn -0.9722 -0.2273 0.0558
vn -0.9235 -0.3727 0.0913
vn -0.9234 -0.3728 0.0914
vn -0.9234 -0.3728 0.0915
vn -0.9235 -0.3726 0.0915
vn -0.8519 -0.5086 0.1248
vn -0.8519 -0.5087 0.1248
vn -0.7594 -0.6319 0.1551
vn -0.7593 -0.6320 0.1551
vn -0.7594 -0.6319 0.1550
vn -0.6482 -0.7395 0.1814
vn -0.6483 -0.7395 0.1814
vn -0.6482 -0.7396 0.1814
vn -0.5212 -0.8288 0.2034
vn -0.5209 -0.8291 0.2032
vn -0.5211 -0.8289 0.2033
vn -0.5214 -0.8287 0.2035
vn -0.3816 -0.8977 0.2203
vn -0.3817 -0.8977 0.2203
vn -0.2327 -0.9445 0.2317
vn -0.2326 -0.9446 0.2317
vn -0.2327 -0.9446 0.2317
vn -0.0783 -0.9682 0.2376
vn -0.0782 -0.9682 0.2376
vn -0.9722 -0.2156 0.0914
vn -0.9722 -0.2155 0.0914
vn -0.9234 -0.3533 0.1498
vn -0.9234 -0.3534 0.1499
vn -0.9235 -0.3532 0.1498
vn -0.8519 -0.4823 0.2044
vn -0.8519 -0.4822 0.2045
vn -0.8519 -0.4821 0.2046
vn -0.8519 -0.4821 0.2044
vn -0.7594 -0.5990 0.2540
vn -0.7595 -0.5989 0.2539
vn -0.7593 -0.5991 0.2540
vn -0.7594 -0.5991 0.2539
vn -0.6483 -0.7010 0.2972
vn -0.6486 -0.7007 0.2971
vn -0.6484 -0.7009 0.2972
vn -0.6480 -0.7012 0.2972
vn -0.5213 -0.7857 0.3332
vn -0.5210 -0.7858 0.3331
vn -0.5215 -0.7854 0.3333
vn -0.3815 -0.8510 0.3609
vn -0.3814 -0.8510 0.3609
vn -0.3815 -0.8510 0.3608
vn -0.3816 -0.8510 0.3608
vn -0.2327 -0.8954 0.3796
vn -0.2326 -0.8954 0.3796
vn -0.2327 -0.8954 0.3797
vn -0.2328 -0.8953 0.3798
vn -0.0782 -0.9178 0.3892
vn -0.0782 -0.9178 0.3893
vn -0.0782 -0.9179 0.3891
vn -0.9722 -0.1982 0.1247
vn -0.9722 -0.1981 0.1247
vn -0.9234 -0.3249 0.2043
vn -0.9234 -0.3249 0.2042
vn -0.9235 -0.3248 0.2043
vn -0.8518 -0.4435 0.2789
vn -0.8518 -0.4435 0.2788
vn -0.7594 -0.5507 0.3464
vn -0.7593 -0.5508 0.3464
vn -0.7594 -0.5508 0.3464
vn -0.7594 -0.5508 0.3465
vn -0.6482 -0.6445 0.4055
vn -0.6483 -0.6444 0.4055
vn -0.6483 -0.6445 0.4054
vn -0.5213 -0.7223 0.4544
vn -0.5212 -0.7224 0.4543
vn -0.5213 -0.7223 0.4545
vn -0.3816 -0.7825 0.4921
vn -0.3817 -0.7824 0.4921
vn -0.3816 -0.7824 0.4921
vn -0.2328 -0.8232 0.5178
vn -0.2327 -0.8232 0.5179
vn -0.2328 -0.8233 0.5177
vn -0.0782 -0.8440 0.5306
vn -0.0782 -0.8439 0.5308
vn -0.0781 -0.8440 0.5307
vn -0.0782 -0.8439 0.5307
vn -0.9722 -0.1757 0.1547
vn -0.9234 -0.2883 0.2533
vn -0.9234 -0.2882 0.2536
vn -0.9235 -0.2880 0.2535
vn -0.9235 -0.2878 0.2535
vn -0.8519 -0.3930 0.3460
vn -0.8519 -0.3931 0.3461
vn -0.8519 -0.3930 0.3461
vn -0.8520 -0.3929 0.3460
vn -0.7593 -0.4883 0.4300
vn -0.7596 -0.4881 0.4299
vn -0.7594 -0.4882 0.4300
vn -0.7592 -0.4884 0.4301
vn -0.6478 -0.5721 0.5030
vn -0.6481 -0.5715 0.5033
vn -0.6481 -0.5716 0.5032
vn -0.6483 -0.5715 0.5031
vn -0.5213 -0.6405 0.5639
vn -0.5214 -0.6405 0.5638
vn -0.5212 -0.6405 0.5639
vn -0.5212 -0.6405 0.5641
vn -0.3817 -0.6936 0.6109
vn -0.3819 -0.6936 0.6109
vn -0.3816 -0.6937 0.6109
vn -0.2326 -0.7299 0.6427
vn -0.2325 -0.7299 0.6428
vn -0.2326 -0.7300 0.6427
vn -0.2327 -0.7300 0.6426
vn -0.0782 -0.7483 0.6587
vn -0.0783 -0.7483 0.6587
vn -0.0782 -0.7484 0.6586
vn -0.9722 -0.1487 0.1808
vn -0.9722 -0.1488 0.1808
vn -0.9235 -0.2439 0.2963
vn -0.9234 -0.2439 0.2963
vn -0.9235 -0.2438 0.2962
vn -0.8520 -0.3327 0.4043
vn -0.8519 -0.3329 0.4043
vn -0.8520 -0.3327 0.4042
vn -0.8520 -0.3326 0.4042
vn -0.7593 -0.4135 0.5024
vn -0.7593 -0.4134 0.5025
vn -0.7592 -0.4136 0.5025
vn -0.7593 -0.4136 0.5024
vn -0.6481 -0.4840 0.5880
vn -0.6481 -0.4840 0.5879
vn -0.6481 -0.4839 0.5880
vn -0.6482 -0.4838 0.5880
vn -0.5214 -0.5423 0.6588
vn -0.5214 -0.5424 0.6588
vn -0.5214 -0.5422 0.6589
vn -0.3817 -0.5874 0.7136
vn -0.3818 -0.5873 0.7137
vn -0.3817 -0.5873 0.7137
vn -0.3816 -0.5875 0.7136
vn -0.2326 -0.6179 0.7510
vn -0.2329 -0.6178 0.7511
vn -0.2326 -0.6179 0.7511
vn -0.2324 -0.6180 0.7510
vn -0.0783 -0.6333 0.7699
vn -0.0781 -0.6333 0.7700
vn -0.0785 -0.6334 0.7698
vn -0.9722 -0.1180 0.2023
vn -0.9722 -0.1179 0.2022
vn -0.9234 -0.1933 0.3315
vn -0.9234 -0.1933 0.3316
vn -0.9235 -0.1933 0.3315
vn -0.8518 -0.2639 0.4525
vn -0.8519 -0.2638 0.4524
vn -0.8519 -0.2639 0.4523
vn -0.8518 -0.2641 0.4525
vn -0.7594 -0.3278 0.5620
vn -0.7595 -0.3278 0.5619
vn -0.6482 -0.3836 0.6578
vn -0.6480 -0.3837 0.6579
vn -0.6484 -0.3834 0.6577
vn -0.5214 -0.4299 0.7371
vn -0.5214 -0.4298 0.7372
vn -0.3815 -0.4658 0.7984
vn -0.3816 -0.4658 0.7984
vn -0.3814 -0.4659 0.7985
vn -0.2328 -0.4902 0.8400
vn -0.2330 -0.4900 0.8400
vn -0.2327 -0.4903 0.8399
vn -0.0782 -0.5025 0.8610
vn -0.0780 -0.5023 0.8612
vn -0.0784 -0.5026 0.8609
vn -0.9722 -0.0841 0.2185
vn -0.9722 -0.0842 0.2185
vn -0.9722 -0.0842 0.2184
vn -0.9234 -0.1380 0.3581
vn -0.9235 -0.1380 0.3580
vn -0.9234 -0.1379 0.3581
vn -0.9234 -0.1379 0.3582
vn -0.8519 -0.1882 0.4886
vn -0.8519 -0.1883 0.4887
vn -0.8519 -0.1882 0.4887
vn -0.8520 -0.1882 0.4886
vn -0.7593 -0.2339 0.6072
vn -0.7594 -0.2339 0.6072
vn -0.6482 -0.2738 0.7105
vn -0.6481 -0.2739 0.7106
vn -0.6482 -0.2737 0.7105
vn -0.5212 -0.3068 0.7964
vn -0.5209 -0.3070 0.7965
vn -0.5212 -0.3069 0.7963
vn -0.5219 -0.3067 0.7960
vn -0.3816 -0.3323 0.8625
vn -0.3817 -0.3322 0.8625
vn -0.3815 -0.3325 0.8625
vn -0.2328 -0.3495 0.9076
vn -0.2326 -0.3491 0.9077
vn -0.2327 -0.3495 0.9076
vn -0.2328 -0.3498 0.9075
vn -0.0782 -0.3583 0.9303
vn -0.0783 -0.3579 0.9305
vn -0.0783 -0.3583 0.9303
vn -0.0781 -0.3587 0.9302
vn -0.9722 -0.0482 0.2291
vn -0.9722 -0.0482 0.2290
vn -0.9234 -0.0790 0.3755
vn -0.9235 -0.0790 0.3754
vn -0.9235 -0.0790 0.3755
vn -0.8519 -0.1077 0.5125
vn -0.8519 -0.1078 0.5125
vn -0.8519 -0.1078 0.5124
vn -0.7594 -0.1339 0.6367
vn -0.7595 -0.1339 0.6366
vn -0.6482 -0.1567 0.7452
vn -0.6481 -0.1568 0.7452
vn -0.6483 -0.1566 0.7451
vn -0.5211 -0.1753 0.8353
vn -0.5213 -0.1753 0.8352
vn -0.5212 -0.1756 0.8352
vn -0.5212 -0.1755 0.8352
vn -0.3816 -0.1901 0.9046
vn -0.3816 -0.1900 0.9046
vn -0.3816 -0.1903 0.9045
vn -0.2327 -0.2003 0.9517
vn -0.2327 -0.2001 0.9517
vn -0.2326 -0.2003 0.9517
vn -0.2326 -0.2005 0.9517
vn -0.0782 -0.2055 0.9755
vn -0.0783 -0.2056 0.9755
vn -0.0780 -0.2052 0.9756
vn -0.9968 -0.0799 -0.0015
vn -0.9968 -0.0797 -0.0048
vn -0.9724 -0.2334 0.0000
vn -0.9239 -0.3827 -0.0000
vn -0.8526 -0.5225 0.0000
vn -0.7604 -0.6495 0.0000
vn -0.7605 -0.6494 -0.0000
vn -0.6495 -0.7604 -0.0000
vn -0.5224 -0.8527 -0.0000
vn -0.5225 -0.8526 0.0000
vn -0.3827 -0.9239 0.0000
vn -0.3826 -0.9239 -0.0000
vn -0.2335 -0.9724 -0.0000
vn -0.0785 -0.9969 -0.0000
vn 0.0000 -1.0000 0.0000
vn -0.0000 -0.0785 -0.9969
vn 0.0000 -0.0784 -0.9969
vn -0.0000 -0.0786 -0.9969
vn -0.0000 -0.2334 -0.9724
vn 0.0000 -0.2335 -0.9724
vn 0.0000 -0.3827 -0.9239
vn -0.0000 -0.5225 -0.8526
vn 0.0000 -0.5224 -0.8527
vn -0.0000 -0.6495 -0.7604
vn 0.0000 -0.6494 -0.7604
vn 0.0000 -0.7605 -0.6494
vn -0.0000 -0.7604 -0.6494
vn 0.0000 -0.8526 -0.5225
vn 0.0000 -0.8527 -0.5224
vn -0.0000 -0.9239 -0.3827
vn 0.0000 -0.9724 -0.2334
vn 0.0000 -0.9724 -0.2335
vn -0.0013 -0.9968 -0.0798
vn -0.0000 -0.9969 -0.0785
vn -0.0041 -0.9969 -0.0792
vn -0.9939 -0.0782 -0.0782
vn -0.9695 -0.2328 -0.0763
vn -0.8987 -0.3817 -0.2158
vn -0.9457 -0.2328 -0.2270
vn -0.9694 -0.0782 -0.2327
vn -0.9214 -0.3817 -0.0725
vn -0.7884 -0.5213 -0.3266
vn -0.8538 -0.3822 -0.3535
vn -0.8539 -0.3817 -0.3537
vn -0.8539 -0.3818 -0.3537
vn -0.8986 -0.2325 -0.3720
vn -0.8985 -0.2328 -0.3722
vn -0.9210 -0.0782 -0.3815
vn -0.8507 -0.5213 -0.0670
vn -0.8507 -0.5214 -0.0669
vn -0.8507 -0.5213 -0.0671
vn -0.6492 -0.6483 -0.3978
vn -0.6493 -0.6482 -0.3978
vn -0.7276 -0.5213 -0.4459
vn -0.7276 -0.5214 -0.4458
vn -0.7881 -0.3817 -0.4829
vn -0.7881 -0.3818 -0.4829
vn -0.7881 -0.3817 -0.4830
vn -0.8292 -0.2327 -0.5082
vn -0.8292 -0.2328 -0.5082
vn -0.8500 -0.0782 -0.5209
vn -0.7591 -0.6483 -0.0597
vn -0.7590 -0.6483 -0.0597
vn -0.4947 -0.7594 -0.4226
vn -0.4947 -0.7594 -0.4225
vn -0.5789 -0.6483 -0.4945
vn -0.5790 -0.6483 -0.4945
vn -0.6489 -0.5213 -0.5542
vn -0.6489 -0.5212 -0.5543
vn -0.6490 -0.5213 -0.5542
vn -0.7028 -0.3817 -0.6003
vn -0.7028 -0.3816 -0.6003
vn -0.7029 -0.3816 -0.6003
vn -0.7395 -0.2328 -0.6316
vn -0.7581 -0.0782 -0.6474
vn -0.7581 -0.0782 -0.6475
vn -0.6486 -0.7594 -0.0510
vn -0.3401 -0.8519 -0.3982
vn -0.4226 -0.7594 -0.4947
vn -0.4945 -0.6482 -0.5790
vn -0.4945 -0.6483 -0.5790
vn -0.4946 -0.6482 -0.5790
vn -0.5542 -0.5214 -0.6489
vn -0.5544 -0.5209 -0.6491
vn -0.5542 -0.5213 -0.6489
vn -0.6003 -0.3817 -0.7028
vn -0.6316 -0.2327 -0.7395
vn -0.6316 -0.2328 -0.7395
vn -0.6317 -0.2327 -0.7395
vn -0.6475 -0.0783 -0.7581
vn -0.6475 -0.0782 -0.7581
vn -0.5221 -0.8519 -0.0411
vn -0.2002 -0.9235 -0.3272
vn -0.2005 -0.9234 -0.3272
vn -0.2004 -0.9235 -0.3272
vn -0.2736 -0.8519 -0.4465
vn -0.2735 -0.8519 -0.4466
vn -0.2736 -0.8519 -0.4466
vn -0.2737 -0.8519 -0.4465
vn -0.3399 -0.7594 -0.5548
vn -0.3400 -0.7594 -0.5547
vn -0.3978 -0.6483 -0.6492
vn -0.3977 -0.6483 -0.6492
vn -0.3979 -0.6483 -0.6492
vn -0.4460 -0.5213 -0.7276
vn -0.4459 -0.5213 -0.7276
vn -0.4829 -0.3817 -0.7881
vn -0.5082 -0.2328 -0.8292
vn -0.5081 -0.2327 -0.8293
vn -0.5209 -0.0782 -0.8500
vn -0.5210 -0.0782 -0.8500
vn -0.3824 -0.9235 -0.0301
vn -0.3825 -0.9235 -0.0302
vn -0.0896 -0.9722 -0.2162
vn -0.0896 -0.9722 -0.2163
vn -0.1468 -0.9235 -0.3545
vn -0.1469 -0.9235 -0.3545
vn -0.2004 -0.8519 -0.4838
vn -0.2490 -0.7594 -0.6011
vn -0.2914 -0.6483 -0.7034
vn -0.2913 -0.6483 -0.7034
vn -0.3265 -0.5214 -0.7884
vn -0.3266 -0.5213 -0.7884
vn -0.3537 -0.3817 -0.8540
vn -0.3537 -0.3817 -0.8539
vn -0.3536 -0.3817 -0.8540
vn -0.3537 -0.3816 -0.8540
vn -0.3722 -0.2328 -0.8985
vn -0.3723 -0.2327 -0.8985
vn -0.3815 -0.0782 -0.9211
vn -0.3814 -0.0782 -0.9211
vn -0.3815 -0.0782 -0.9210
vn -0.3816 -0.0782 -0.9210
vn -0.0797 -0.9968 -0.0029
vn -0.0802 -0.9968 -0.0031
vn -0.0784 -0.9969 -0.0061
vn -0.2333 -0.9722 -0.0184
vn -0.2333 -0.9722 -0.0185
vn -0.2334 -0.9722 -0.0185
vn -0.2278 -0.9722 -0.0546
vn -0.2277 -0.9722 -0.0547
vn -0.0765 -0.9969 -0.0184
vn -0.0757 -0.9967 -0.0280
vn -0.0757 -0.9967 -0.0281
vn -0.3825 -0.9234 -0.0302
vn -0.3731 -0.9235 -0.0895
vn -0.3734 -0.9234 -0.0892
vn -0.3731 -0.9235 -0.0896
vn -0.2276 -0.9722 -0.0546
vn -0.2164 -0.9722 -0.0897
vn -0.2163 -0.9722 -0.0896
vn -0.2164 -0.9722 -0.0896
vn -0.0727 -0.9969 -0.0302
vn -0.5091 -0.8520 -0.1221
vn -0.5092 -0.8519 -0.1223
vn -0.5092 -0.8520 -0.1222
vn -0.3544 -0.9235 -0.1466
vn -0.3544 -0.9235 -0.1468
vn -0.3547 -0.9234 -0.1468
vn -0.1996 -0.9722 -0.1222
vn -0.1997 -0.9722 -0.1224
vn -0.1996 -0.9722 -0.1223
vn -0.0671 -0.9969 -0.0411
vn -0.0668 -0.9968 -0.0446
vn -0.0667 -0.9968 -0.0446
vn -0.6326 -0.7594 -0.1519
vn -0.4838 -0.8519 -0.2004
vn -0.3545 -0.9234 -0.1468
vn -0.3272 -0.9235 -0.2005
vn -0.3272 -0.9234 -0.2005
vn -0.3273 -0.9234 -0.2004
vn -0.1996 -0.9722 -0.1224
vn -0.1779 -0.9722 -0.1520
vn -0.1779 -0.9723 -0.1519
vn -0.0598 -0.9969 -0.0511
vn -0.7404 -0.6483 -0.1777
vn -0.7403 -0.6483 -0.1777
vn -0.6011 -0.7594 -0.2490
vn -0.4465 -0.8519 -0.2736
vn -0.4465 -0.8519 -0.2737
vn -0.2917 -0.9235 -0.2493
vn -0.2917 -0.9235 -0.2492
vn -0.1780 -0.9722 -0.1521
vn -0.1522 -0.9722 -0.1780
vn -0.1521 -0.9722 -0.1780
vn -0.0511 -0.9969 -0.0598
vn -0.0446 -0.9968 -0.0668
vn -0.0446 -0.9968 -0.0667
vn -0.8298 -0.5213 -0.1992
vn -0.7034 -0.6483 -0.2913
vn -0.7035 -0.6483 -0.2914
vn -0.7035 -0.6483 -0.2913
vn -0.5547 -0.7594 -0.3400
vn -0.5547 -0.7594 -0.3401
vn -0.3983 -0.8519 -0.3401
vn -0.3982 -0.8519 -0.3401
vn -0.2917 -0.9235 -0.2491
vn -0.2492 -0.9235 -0.2917
vn -0.1520 -0.9722 -0.1780
vn -0.1223 -0.9722 -0.1996
vn -0.0411 -0.9969 -0.0671
vn -0.0275 -0.9967 -0.0764
vn -0.0274 -0.9967 -0.0763
vn -0.0183 -0.9969 -0.0765
vn -0.0547 -0.9722 -0.2277
vn -0.0546 -0.9722 -0.2277
vn -0.0897 -0.9235 -0.3731
vn -0.0896 -0.9234 -0.3732
vn -0.0895 -0.9234 -0.3732
vn -0.1222 -0.8519 -0.5092
vn -0.1221 -0.8519 -0.5092
vn -0.1223 -0.8519 -0.5092
vn -0.1224 -0.8519 -0.5092
vn -0.1519 -0.7594 -0.6326
vn -0.1519 -0.7595 -0.6326
vn -0.1777 -0.6483 -0.7403
vn -0.1777 -0.6484 -0.7403
vn -0.1777 -0.6482 -0.7404
vn -0.1992 -0.5213 -0.8298
vn -0.1993 -0.5213 -0.8298
vn -0.2159 -0.3816 -0.8987
vn -0.2158 -0.3817 -0.8987
vn -0.2270 -0.2327 -0.9457
vn -0.2270 -0.2328 -0.9457
vn -0.2327 -0.0782 -0.9694
vn -0.0062 -0.9969 -0.0785
vn -0.0184 -0.9722 -0.2334
vn -0.0301 -0.9235 -0.3825
vn -0.0302 -0.9235 -0.3825
vn -0.0411 -0.8519 -0.5221
vn -0.0510 -0.7594 -0.6486
vn -0.0511 -0.7594 -0.6486
vn -0.0598 -0.6483 -0.7590
vn -0.0669 -0.5214 -0.8507
vn -0.0670 -0.5214 -0.8507
vn -0.0669 -0.5213 -0.8507
vn -0.0670 -0.5213 -0.8507
vn -0.0726 -0.3817 -0.9214
vn -0.0725 -0.3817 -0.9214
vn -0.0763 -0.2328 -0.9695
vn -0.0764 -0.2328 -0.9695
vn -0.0781 -0.0782 -0.9939
vn -0.0782 -0.0784 -0.9939
vn -0.0782 -0.0782 -0.9939
vn -0.9215 -0.3816 -0.0725
vn -0.7884 -0.5214 -0.3266
vn -0.7035 -0.6482 -0.2914
vn -0.2492 -0.9235 -0.2918
vn -0.0301 -0.9969 -0.0728
vn -0.0795 -0.9968 0.0040
vn -0.0792 -0.9969 0.0025
vn -0.9972 -0.0742 0.0000
vn -0.9742 -0.2257 -0.0001
vn -0.9969 -0.0785 -0.0000
vn -0.9742 -0.2256 -0.0000
vn -0.9265 -0.3763 -0.0001
vn -0.9265 -0.3763 -0.0003
vn -0.9266 -0.3760 0.0000
vn -0.8556 -0.5176 -0.0001
vn -0.9239 -0.3826 -0.0000
vn -0.8558 -0.5173 0.0000
vn -0.7642 -0.6450 -0.0001
vn -0.7641 -0.6450 -0.0002
vn -0.8527 -0.5225 0.0000
vn -0.7636 -0.6457 -0.0000
vn -0.6526 -0.7577 -0.0001
vn -0.6526 -0.7577 -0.0003
vn -0.7604 -0.6494 -0.0000
vn -0.6527 -0.7576 0.0000
vn -0.5248 -0.8512 -0.0001
vn -0.6494 -0.7604 0.0000
vn -0.5253 -0.8509 -0.0000
vn -0.3849 -0.9230 -0.0001
vn -0.3849 -0.9230 -0.0004
vn -0.3846 -0.9231 0.0000
vn -0.2349 -0.9720 -0.0001
vn -0.2349 -0.9720 -0.0003
vn -0.2348 -0.9720 -0.0000
vn -0.0795 -0.9968 0.0031
vn -0.0793 -0.9969 -0.0001
vn -0.2334 -0.9724 -0.0000
vn -0.0788 -0.9966 0.0251
vn -0.0768 -0.9969 0.0185
vn -0.0788 -0.9966 0.0248
vn -0.0731 -0.9969 0.0303
vn -0.0656 -0.9966 0.0497
vn -0.0676 -0.9969 0.0413
vn -0.0658 -0.9966 0.0496
vn -0.0602 -0.9969 0.0516
vn -0.0496 -0.9966 0.0655
vn -0.0513 -0.9969 0.0601
vn -0.0496 -0.9966 0.0657
vn -0.0414 -0.9969 0.0674
vn -0.0250 -0.9966 0.0789
vn -0.0303 -0.9969 0.0731
vn -0.0248 -0.9966 0.0790
vn -0.0183 -0.9969 0.0770
vn -0.0063 -0.9969 0.0789
vn -0.2348 -0.9719 0.0185
vn -0.2348 -0.9719 0.0186
vn -0.2347 -0.9719 0.0186
vn -0.0184 -0.9720 0.2341
vn -0.0186 -0.9718 0.2349
vn -0.0185 -0.9719 0.2348
vn -0.3847 -0.9225 0.0304
vn -0.3844 -0.9227 0.0304
vn -0.3843 -0.9227 0.0303
vn -0.0304 -0.9228 0.3840
vn -0.0302 -0.9226 0.3847
vn -0.0303 -0.9226 0.3846
vn -0.5244 -0.8505 0.0413
vn -0.5248 -0.8503 0.0413
vn -0.5248 -0.8502 0.0413
vn -0.0412 -0.8502 0.5249
vn -0.0415 -0.8503 0.5247
vn -0.0412 -0.8502 0.5248
vn -0.6517 -0.7568 0.0513
vn -0.6516 -0.7568 0.0513
vn -0.6517 -0.7567 0.0513
vn -0.0513 -0.7559 0.6527
vn -0.0515 -0.7568 0.6517
vn -0.0513 -0.7567 0.6518
vn -0.7623 -0.6445 0.0600
vn -0.7623 -0.6444 0.0600
vn -0.0602 -0.6438 0.7628
vn -0.0600 -0.6443 0.7624
vn -0.0601 -0.6444 0.7623
vn -0.8539 -0.5160 0.0672
vn -0.8539 -0.5161 0.0672
vn -0.0671 -0.5159 0.8540
vn -0.0672 -0.5163 0.8538
vn -0.0671 -0.5163 0.8538
vn -0.9240 -0.3753 0.0727
vn -0.9242 -0.3749 0.0727
vn -0.9241 -0.3752 0.0727
vn -0.0728 -0.3746 0.9243
vn -0.0728 -0.3749 0.9242
vn -0.9713 -0.2251 0.0764
vn -0.9714 -0.2250 0.0765
vn -0.9714 -0.2249 0.0765
vn -0.0764 -0.2253 0.9713
vn -0.0766 -0.2252 0.9713
vn -0.9948 -0.0740 0.0695
vn -0.9942 -0.0769 0.0748
vn -0.9943 -0.0770 0.0744
vn -0.9933 -0.0846 0.0782
vn 0.2319 -0.0549 0.9712
vn -0.9694 -0.0824 0.2313
vn -0.4324 -0.0421 0.9007
vn -0.9690 -0.0832 0.2326
vn -0.9703 -0.0952 0.2226
vn -0.9230 -0.0920 0.3736
vn -0.9187 -0.1054 0.3806
vn -0.8476 -0.1003 0.5210
vn -0.8493 -0.0999 0.5184
vn -0.8478 -0.1003 0.5207
vn -0.8484 -0.1000 0.5199
vn -0.8515 -0.1152 0.5115
vn -0.7602 -0.1074 0.6408
vn -0.7547 -0.1229 0.6445
vn -0.6493 -0.1136 0.7520
vn -0.6492 -0.1138 0.7520
vn -0.6473 -0.1137 0.7537
vn -0.6453 -0.1138 0.7554
vn -0.6488 -0.1321 0.7494
vn -0.5225 -0.1187 0.8443
vn -0.5177 -0.1367 0.8446
vn -0.3804 -0.1210 0.9169
vn -0.3813 -0.1219 0.9164
vn -0.3799 -0.1216 0.9170
vn -0.3797 -0.1223 0.9170
vn -0.3826 -0.1415 0.9130
vn -0.3827 -0.1415 0.9130
vn -0.2334 -0.1284 0.9639
vn -0.2324 -0.1326 0.9635
vn -0.2324 -0.1327 0.9635
vn -0.2310 -0.1371 0.9633
vn 0.9897 0.1362 0.0432
vn -0.0814 -0.1308 0.9881
vn -0.0375 -0.0906 0.9952
vn -0.0782 -0.1353 0.9877
vn -0.0784 -0.1380 0.9873
vn -0.9714 -0.2252 0.0756
vn -0.9474 -0.2250 0.2275
vn -0.9474 -0.2251 0.2274
vn -0.9002 -0.2250 0.3728
vn -0.9002 -0.2249 0.3728
vn -0.8309 -0.2252 0.5089
vn -0.8308 -0.2250 0.5091
vn -0.8307 -0.2251 0.5091
vn -0.7409 -0.2249 0.6329
vn -0.7410 -0.2249 0.6328
vn -0.7409 -0.2250 0.6327
vn -0.7411 -0.2250 0.6326
vn -0.6327 -0.2249 0.7410
vn -0.6328 -0.2250 0.7409
vn -0.6329 -0.2251 0.7408
vn -0.5089 -0.2250 0.8309
vn -0.5090 -0.2250 0.8308
vn -0.5091 -0.2249 0.8308
vn -0.3726 -0.2250 0.9003
vn -0.3729 -0.2250 0.9002
vn -0.3731 -0.2250 0.9001
vn -0.2275 -0.2250 0.9474
vn -0.2274 -0.2249 0.9475
vn -0.2273 -0.2248 0.9475
vn -0.0763 -0.2249 0.9714
vn -0.0764 -0.2251 0.9713
vn -0.9240 -0.3755 0.0727
vn -0.9013 -0.3752 0.2164
vn -0.9013 -0.3753 0.2165
vn -0.9013 -0.3753 0.2164
vn -0.8564 -0.3751 0.3547
vn -0.8564 -0.3753 0.3547
vn -0.8563 -0.3754 0.3547
vn -0.7904 -0.3751 0.4842
vn -0.7904 -0.3752 0.4842
vn -0.7048 -0.3752 0.6020
vn -0.7048 -0.3751 0.6021
vn -0.6021 -0.3750 0.7048
vn -0.6020 -0.3753 0.7049
vn -0.6020 -0.3752 0.7048
vn -0.6018 -0.3754 0.7049
vn -0.4842 -0.3754 0.7904
vn -0.4843 -0.3753 0.7903
vn -0.4844 -0.3753 0.7903
vn -0.3548 -0.3752 0.8563
vn -0.3547 -0.3750 0.8565
vn -0.3548 -0.3750 0.8564
vn -0.3548 -0.3748 0.8565
vn -0.2165 -0.3750 0.9014
vn -0.2163 -0.3753 0.9013
vn -0.2161 -0.3756 0.9012
vn -0.0729 -0.3751 0.9241
vn -0.0726 -0.3745 0.9244
vn -0.8540 -0.5159 0.0673
vn -0.8328 -0.5162 0.1999
vn -0.8329 -0.5161 0.2000
vn -0.8329 -0.5160 0.2002
vn -0.7913 -0.5161 0.3278
vn -0.7914 -0.5160 0.3278
vn -0.7913 -0.5160 0.3279
vn -0.7305 -0.5159 0.4474
vn -0.7303 -0.5161 0.4475
vn -0.7300 -0.5164 0.4476
vn -0.6514 -0.5160 0.5562
vn -0.6513 -0.5162 0.5562
vn -0.6513 -0.5163 0.5561
vn -0.5563 -0.5160 0.6514
vn -0.5562 -0.5161 0.6513
vn -0.5560 -0.5162 0.6514
vn -0.4476 -0.5161 0.7303
vn -0.4475 -0.5160 0.7304
vn -0.4476 -0.5160 0.7303
vn -0.3282 -0.5160 0.7912
vn -0.3280 -0.5161 0.7912
vn -0.3279 -0.5162 0.7912
vn -0.3277 -0.5163 0.7912
vn -0.1997 -0.5162 0.8329
vn -0.1999 -0.5160 0.8329
vn -0.1999 -0.5160 0.8330
vn -0.2001 -0.5157 0.8331
vn -0.0670 -0.5156 0.8542
vn -0.0671 -0.5151 0.8545
vn -0.7621 -0.6446 0.0600
vn -0.7436 -0.6444 0.1784
vn -0.7435 -0.6444 0.1785
vn -0.7435 -0.6445 0.1785
vn -0.7434 -0.6445 0.1786
vn -0.7066 -0.6442 0.2927
vn -0.7065 -0.6443 0.2926
vn -0.7065 -0.6443 0.2927
vn -0.7065 -0.6444 0.2926
vn -0.6521 -0.6443 0.3996
vn -0.5816 -0.6443 0.4967
vn -0.5816 -0.6443 0.4966
vn -0.4966 -0.6443 0.5816
vn -0.4967 -0.6443 0.5816
vn -0.3997 -0.6443 0.6520
vn -0.2926 -0.6442 0.7067
vn -0.2924 -0.6443 0.7066
vn -0.2925 -0.6443 0.7066
vn -0.2924 -0.6444 0.7065
vn -0.1786 -0.6445 0.7434
vn -0.1785 -0.6444 0.7435
vn -0.1786 -0.6444 0.7436
vn -0.1792 -0.6438 0.7439
vn -0.0601 -0.6442 0.7625
vn -0.0604 -0.6429 0.7636
vn -0.6515 -0.7569 0.0513
vn -0.6518 -0.7566 0.0513
vn -0.6356 -0.7568 0.1526
vn -0.6358 -0.7566 0.1526
vn -0.6357 -0.7567 0.1526
vn -0.6359 -0.7565 0.1526
vn -0.6040 -0.7567 0.2502
vn -0.6040 -0.7566 0.2503
vn -0.6040 -0.7566 0.2502
vn -0.6041 -0.7566 0.2503
vn -0.5573 -0.7567 0.3416
vn -0.5576 -0.7565 0.3416
vn -0.5575 -0.7566 0.3416
vn -0.5578 -0.7564 0.3416
vn -0.4970 -0.7568 0.4246
vn -0.4969 -0.7568 0.4246
vn -0.4967 -0.7569 0.4246
vn -0.4246 -0.7567 0.4971
vn -0.4249 -0.7566 0.4970
vn -0.4248 -0.7565 0.4972
vn -0.4250 -0.7565 0.4971
vn -0.3416 -0.7567 0.5574
vn -0.3415 -0.7567 0.5575
vn -0.3415 -0.7567 0.5574
vn -0.3413 -0.7567 0.5575
vn -0.2502 -0.7566 0.6042
vn -0.2502 -0.7567 0.6040
vn -0.2502 -0.7566 0.6040
vn -0.1529 -0.7566 0.6357
vn -0.1527 -0.7567 0.6357
vn -0.1528 -0.7566 0.6358
vn -0.1525 -0.7567 0.6357
vn -0.0513 -0.7550 0.6537
vn -0.0514 -0.7542 0.6547
vn -0.5242 -0.8506 0.0413
vn -0.5250 -0.8501 0.0413
vn -0.5119 -0.8502 0.1229
vn -0.4863 -0.8502 0.2015
vn -0.4865 -0.8501 0.2015
vn -0.4864 -0.8502 0.2015
vn -0.4488 -0.8502 0.2751
vn -0.4489 -0.8502 0.2751
vn -0.4489 -0.8501 0.2751
vn -0.4001 -0.8503 0.3420
vn -0.4002 -0.8502 0.3420
vn -0.4003 -0.8502 0.3419
vn -0.3424 -0.8500 0.4003
vn -0.3421 -0.8502 0.4003
vn -0.3422 -0.8501 0.4003
vn -0.3419 -0.8502 0.4003
vn -0.2749 -0.8502 0.4489
vn -0.2750 -0.8503 0.4488
vn -0.2016 -0.8501 0.4865
vn -0.2016 -0.8502 0.4864
vn -0.1229 -0.8502 0.5119
vn -0.1230 -0.8502 0.5119
vn -0.1230 -0.8502 0.5118
vn -0.0410 -0.8506 0.5242
vn -0.0413 -0.8502 0.5248
vn -0.3850 -0.9224 0.0304
vn -0.3847 -0.9225 0.0303
vn -0.3753 -0.9225 0.0901
vn -0.3752 -0.9226 0.0900
vn -0.3753 -0.9225 0.0900
vn -0.3565 -0.9225 0.1477
vn -0.3566 -0.9225 0.1477
vn -0.3567 -0.9225 0.1477
vn -0.3292 -0.9225 0.2017
vn -0.3291 -0.9225 0.2017
vn -0.3290 -0.9225 0.2016
vn -0.3290 -0.9226 0.2016
vn -0.2936 -0.9225 0.2507
vn -0.2932 -0.9226 0.2506
vn -0.2935 -0.9225 0.2506
vn -0.2931 -0.9227 0.2506
vn -0.2508 -0.9225 0.2935
vn -0.2507 -0.9225 0.2935
vn -0.2506 -0.9225 0.2935
vn -0.2015 -0.9226 0.3290
vn -0.2013 -0.9226 0.3291
vn -0.2014 -0.9226 0.3290
vn -0.2012 -0.9226 0.3291
vn -0.1479 -0.9225 0.3565
vn -0.1476 -0.9226 0.3564
vn -0.1479 -0.9226 0.3564
vn -0.1475 -0.9226 0.3564
vn -0.0903 -0.9225 0.3754
vn -0.0900 -0.9225 0.3753
vn -0.0902 -0.9225 0.3754
vn -0.0898 -0.9225 0.3753
vn -0.0305 -0.9227 0.3842
vn -0.0303 -0.9233 0.3828
vn -0.2349 -0.9718 0.0185
vn -0.2348 -0.9719 0.0184
vn -0.2290 -0.9719 0.0550
vn -0.2293 -0.9718 0.0551
vn -0.2290 -0.9719 0.0549
vn -0.2175 -0.9719 0.0901
vn -0.2178 -0.9718 0.0902
vn -0.2180 -0.9718 0.0903
vn -0.2004 -0.9720 0.1229
vn -0.2011 -0.9718 0.1231
vn -0.2006 -0.9719 0.1230
vn -0.2014 -0.9717 0.1232
vn -0.1791 -0.9719 0.1528
vn -0.1788 -0.9719 0.1530
vn -0.1790 -0.9719 0.1529
vn -0.1788 -0.9719 0.1531
vn -0.1530 -0.9719 0.1791
vn -0.1529 -0.9719 0.1791
vn -0.1530 -0.9719 0.1790
vn -0.1230 -0.9719 0.2009
vn -0.1231 -0.9719 0.2007
vn -0.1231 -0.9719 0.2008
vn -0.1232 -0.9719 0.2007
vn -0.0904 -0.9718 0.2178
vn -0.0903 -0.9719 0.2176
vn -0.0903 -0.9718 0.2177
vn -0.0902 -0.9719 0.2175
vn -0.0546 -0.9719 0.2291
vn -0.0550 -0.9719 0.2290
vn -0.0549 -0.9719 0.2289
vn -0.0185 -0.9720 0.2344
vn -0.0181 -0.9723 0.2329
vn -0.0793 -0.9968 0.0062
vn -0.2332 -0.1023 0.9670
vn -0.2335 -0.1023 0.9670
vn -0.2333 -0.1023 0.9670
vn -0.0781 0.0678 0.9946
vn -0.0785 0.0677 0.9946
vn -0.0784 0.0678 0.9946
vn -0.9239 0.0416 0.3804
vn -1.0000 0.0029 0.0026
vn -1.0000 0.0002 0.0024
vn -1.0000 0.0037 0.0032
vn -0.9969 0.0084 0.0778
vn -0.9969 0.0061 0.0787
vn -0.9969 0.0069 0.0789
vn -0.9980 0.0064 0.0624
vn -0.9759 0.0242 0.2170
vn -0.9758 0.0242 0.2175
vn -0.9758 0.0242 0.2171
vn -0.9718 0.0209 0.2348
vn -0.9724 0.0255 0.2321
vn -0.9719 0.0185 0.2345
vn -0.9756 0.0243 0.2181
vn -0.9757 0.0242 0.2176
vn -0.8525 0.0568 0.5196
vn -0.9110 0.0455 0.4099
vn -0.9110 0.0455 0.4100
vn -0.9109 0.0455 0.4100
vn -0.7603 0.0708 0.6457
vn -0.8130 0.0643 0.5787
vn -0.8129 0.0643 0.5788
vn -0.6496 0.0832 0.7557
vn -0.6961 0.0792 0.7135
vn -0.6961 0.0792 0.7136
vn -0.6962 0.0792 0.7135
vn -0.5223 0.0936 0.8476
vn -0.5712 0.0906 0.8158
vn -0.5716 0.0906 0.8155
vn -0.5713 0.0906 0.8157
vn -0.5710 0.0906 0.8159
vn -0.3302 0.1032 0.9383
vn -0.3312 0.1032 0.9379
vn -0.3305 0.1032 0.9381
vn -0.4494 0.0986 0.8879
vn -0.4490 0.0986 0.8881
vn -0.4495 0.0986 0.8878
vn -0.4497 0.0986 0.8877
vn -0.3295 0.1033 0.9385
vn -0.3828 0.1024 0.9181
vn -0.2541 0.1065 0.9613
vn -0.2334 0.1069 0.9665
vn -0.1798 0.1087 0.9777
vn -0.1801 0.1087 0.9776
vn -0.1799 0.1087 0.9777
vn -0.0786 0.1098 0.9908
vn -0.0603 0.1102 0.9921
vn 0.5599 -0.0408 0.8276
vn -0.0784 -0.1049 0.9914
vn -0.0813 -0.1050 0.9911
vn -0.0786 -0.0618 0.9950
vn -0.0787 -0.1049 0.9914
vn -0.0009 -0.0012 1.0000
vn -0.0783 -0.0618 0.9950
vn -0.0783 -0.0186 0.9968
vn -0.0781 -0.0186 0.9968
vn -0.0784 -0.0186 0.9967
vn -0.0786 0.0246 0.9966
vn -0.0784 0.0246 0.9966
vn -0.0783 0.0246 0.9966
vn -0.0782 0.0678 0.9946
vn -0.0783 0.0678 0.9946
vn -0.3939 -0.0967 0.9141
vn -0.3873 -0.0969 0.9169
vn -0.3826 -0.0971 0.9188
vn -0.3827 -0.0972 0.9187
vn -0.3823 -0.0972 0.9189
vn -0.5224 -0.0897 0.8479
vn -0.5226 -0.0897 0.8478
vn -0.5227 -0.0897 0.8478
vn -0.5225 -0.0897 0.8479
vn -0.6494 -0.0800 0.7562
vn -0.6491 -0.0800 0.7565
vn -0.6481 -0.0801 0.7574
vn -0.6516 -0.0798 0.7544
vn -0.6474 -0.0802 0.7579
vn -0.7602 -0.0683 0.6461
vn -0.7603 -0.0683 0.6460
vn -0.7603 -0.0683 0.6459
vn -0.8528 -0.0550 0.5194
vn -0.8526 -0.0550 0.5197
vn -0.8499 -0.0554 0.5241
vn -0.8513 -0.0552 0.5218
vn -0.8461 -0.0560 0.5301
vn -0.9238 -0.0403 0.3808
vn -0.9238 -0.0403 0.3806
vn -0.9238 -0.0403 0.3807
vn -0.9241 -0.0403 0.3801
vn -0.9724 -0.0246 0.2321
vn -0.9718 -0.0198 0.2350
vn -0.5426 -0.0283 0.8395
vn -0.9714 -0.0222 0.2364
vn -0.9969 -0.0083 0.0779
vn -0.9969 -0.0059 0.0788
vn -0.9969 -0.0074 0.0787
vn -0.2333 -0.0603 0.9705
vn -0.2334 -0.0603 0.9705
vn -0.2332 -0.0603 0.9706
vn -0.3821 -0.0573 0.9223
vn -0.3827 -0.0573 0.9221
vn -0.3826 -0.0573 0.9221
vn -0.3821 -0.0573 0.9224
vn -0.5223 -0.0529 0.8511
vn -0.5227 -0.0528 0.8509
vn -0.5222 -0.0529 0.8512
vn -0.6495 -0.0471 0.7589
vn -0.6494 -0.0471 0.7590
vn -0.6493 -0.0471 0.7591
vn -0.7604 -0.0403 0.6482
vn -0.7604 -0.0403 0.6483
vn -0.8526 -0.0324 0.5215
vn -0.8526 -0.0324 0.5216
vn -0.8527 -0.0324 0.5214
vn -0.9238 -0.0237 0.3821
vn -0.9238 -0.0237 0.3822
vn -0.9719 -0.0067 0.2354
vn -0.9719 -0.0123 0.2351
vn -0.9969 -0.0025 0.0788
vn -0.9969 -0.0040 0.0789
vn -0.2335 -0.0182 0.9722
vn -0.2337 -0.0182 0.9721
vn -0.3824 -0.0173 0.9238
vn -0.3825 -0.0173 0.9238
vn -0.5222 -0.0159 0.8527
vn -0.5226 -0.0159 0.8525
vn -0.6492 -0.0142 0.7605
vn -0.6493 -0.0142 0.7604
vn -0.6494 -0.0142 0.7603
vn -0.7603 -0.0121 0.6494
vn -0.7604 -0.0121 0.6494
vn -0.7603 -0.0121 0.6495
vn -0.8526 -0.0098 0.5224
vn -0.8528 -0.0098 0.5222
vn -0.8527 -0.0098 0.5224
vn -0.9238 -0.0072 0.3827
vn -0.9238 -0.0071 0.3827
vn -0.9719 0.0036 0.2354
vn -0.9719 -0.0022 0.2354
vn -0.9969 -0.0006 0.0790
vn -0.2335 0.0240 0.9721
vn -0.2334 0.0240 0.9721
vn -0.3826 0.0228 0.9236
vn -0.3824 0.0228 0.9237
vn -0.3827 0.0228 0.9236
vn -0.5223 0.0210 0.8525
vn -0.5224 0.0210 0.8525
vn -0.6495 0.0188 0.7601
vn -0.6494 0.0188 0.7602
vn -0.6492 0.0188 0.7604
vn -0.6493 0.0188 0.7603
vn -0.7603 0.0160 0.6494
vn -0.7603 0.0159 0.6494
vn -0.7603 0.0160 0.6493
vn -0.8526 0.0129 0.5223
vn -0.8527 0.0129 0.5222
vn -0.8525 0.0129 0.5225
vn -0.9239 0.0094 0.3826
vn -0.9238 0.0094 0.3828
vn -0.9238 0.0094 0.3827
vn -0.9239 0.0094 0.3825
vn -0.9720 0.0130 0.2346
vn -0.9720 0.0088 0.2348
vn -0.9969 0.0043 0.0789
vn -0.9969 0.0029 0.0789
vn -0.2333 0.0661 0.9701
vn -0.2333 0.0661 0.9702
vn -0.2334 0.0661 0.9701
vn -0.3823 0.0628 0.9219
vn -0.3827 0.0628 0.9217
vn -0.3826 0.0628 0.9218
vn -0.5227 0.0580 0.8506
vn -0.5230 0.0579 0.8504
vn -0.6496 0.0517 0.7585
vn -0.6492 0.0517 0.7588
vn -0.6493 0.0517 0.7588
vn -0.7603 0.0442 0.6481
vn -0.7603 0.0441 0.6481
vn -0.8526 0.0355 0.5214
vn -0.8525 0.0355 0.5215
vn -0.8526 0.0355 0.5213
vn -0.9239 0.0260 0.3819
vn -0.9239 0.0260 0.3818
vn -0.9238 0.0260 0.3820
vn -1.0000 -0.0000 0.0000
vn -0.0616 0.9981 0.0000
vn -0.0784 0.9969 -0.0000
vn -0.0791 0.9969 -0.0042
vn -0.0802 0.9968 -0.0030
vn -0.1838 0.9830 -0.0000
vn -0.1835 0.9830 0.0000
vn -0.1837 0.9830 0.0000
vn -0.1829 0.9831 0.0000
vn -0.2334 0.9724 0.0000
vn -0.2579 0.9662 -0.0000
vn -0.3827 0.9239 -0.0000
vn -0.3364 0.9417 -0.0000
vn -0.3367 0.9416 -0.0000
vn -0.3362 0.9418 -0.0000
vn -0.3360 0.9419 0.0000
vn -0.5223 0.8528 -0.0000
vn -0.4561 0.8899 -0.0000
vn -0.4564 0.8898 -0.0000
vn -0.4562 0.8899 -0.0000
vn -0.4560 0.8900 -0.0000
vn -0.6494 0.7604 -0.0000
vn -0.5785 0.8157 0.0000
vn -0.5784 0.8158 -0.0000
vn -0.5783 0.8159 -0.0000
vn -0.5782 0.8159 -0.0000
vn -0.7603 0.6495 0.0000
vn -0.7026 0.7116 0.0000
vn -0.7028 0.7114 0.0000
vn -0.7027 0.7115 0.0000
vn -0.8526 0.5225 -0.0000
vn -0.8175 0.5760 -0.0000
vn -0.8174 0.5760 0.0000
vn -0.9724 0.2334 -0.0000
vn -0.9766 0.2152 0.0000
vn -0.9239 0.3827 0.0000
vn -0.9135 0.4069 -0.0000
vn -0.9135 0.4068 0.0000
vn -0.9134 0.4070 -0.0000
vn -0.9969 0.0785 -0.0000
vn -1.0000 0.0050 -0.0001
vn -0.9981 0.0613 -0.0000
vn -0.9766 0.2150 0.0000
vn -0.9766 0.2151 0.0000
vn -0.1996 0.9722 -0.1223
vn -0.1996 0.9722 -0.1222
vn -0.0669 0.9968 -0.0446
vn -0.0673 0.9969 -0.0410
vn -0.0782 0.9969 -0.0062
vn -0.0757 0.9967 -0.0282
vn -0.0764 0.9969 -0.0184
vn -0.0757 0.9967 -0.0281
vn -0.2334 0.9722 -0.0184
vn -0.2333 0.9722 -0.0183
vn -0.2277 0.9722 -0.0546
vn -0.2277 0.9722 -0.0547
vn -0.2163 0.9722 -0.0896
vn -0.2164 0.9722 -0.0896
vn -0.2163 0.9722 -0.0895
vn -0.2918 0.9234 -0.2492
vn -0.2917 0.9235 -0.2492
vn -0.1780 0.9722 -0.1521
vn -0.1779 0.9722 -0.1522
vn -0.1780 0.9722 -0.1520
vn -0.1781 0.9722 -0.1520
vn -0.0598 0.9969 -0.0511
vn -0.3826 0.9234 -0.0301
vn -0.3826 0.9234 -0.0302
vn -0.3731 0.9235 -0.0895
vn -0.3732 0.9234 -0.0896
vn -0.3733 0.9234 -0.0895
vn -0.3734 0.9233 -0.0895
vn -0.3545 0.9235 -0.1468
vn -0.3545 0.9234 -0.1469
vn -0.3545 0.9235 -0.1469
vn -0.3545 0.9234 -0.1468
vn -0.3272 0.9234 -0.2005
vn -0.3273 0.9234 -0.2004
vn -0.3401 0.8519 -0.3983
vn -0.3400 0.8519 -0.3983
vn -0.2492 0.9235 -0.2917
vn -0.2493 0.9234 -0.2917
vn -0.2492 0.9235 -0.2918
vn -0.2491 0.9235 -0.2918
vn -0.1521 0.9722 -0.1781
vn -0.1522 0.9722 -0.1781
vn -0.1518 0.9723 -0.1779
vn -0.1516 0.9723 -0.1778
vn -0.0447 0.9968 -0.0668
vn -0.0511 0.9969 -0.0598
vn -0.5221 0.8519 -0.0410
vn -0.5221 0.8519 -0.0411
vn -0.5220 0.8519 -0.0411
vn -0.5221 0.8519 -0.0412
vn -0.5093 0.8519 -0.1221
vn -0.5092 0.8519 -0.1222
vn -0.5092 0.8519 -0.1221
vn -0.5092 0.8520 -0.1221
vn -0.4838 0.8519 -0.2005
vn -0.4838 0.8519 -0.2003
vn -0.4838 0.8519 -0.2004
vn -0.4466 0.8519 -0.2736
vn -0.4465 0.8519 -0.2736
vn -0.3983 0.8519 -0.3401
vn -0.3399 0.7593 -0.5549
vn -0.3399 0.7594 -0.5548
vn -0.2736 0.8519 -0.4465
vn -0.2737 0.8519 -0.4465
vn -0.2005 0.9234 -0.3273
vn -0.2007 0.9234 -0.3272
vn -0.2003 0.9235 -0.3272
vn -0.2002 0.9235 -0.3272
vn -0.1222 0.9722 -0.1998
vn -0.1223 0.9722 -0.1996
vn -0.1222 0.9722 -0.1996
vn -0.0411 0.9969 -0.0671
vn -0.6486 0.7594 -0.0510
vn -0.6486 0.7594 -0.0511
vn -0.6326 0.7595 -0.1518
vn -0.6326 0.7595 -0.1519
vn -0.6326 0.7594 -0.1519
vn -0.6325 0.7595 -0.1519
vn -0.6012 0.7594 -0.2488
vn -0.6012 0.7594 -0.2489
vn -0.6011 0.7594 -0.2490
vn -0.5548 0.7594 -0.3399
vn -0.4947 0.7594 -0.4225
vn -0.4948 0.7594 -0.4225
vn -0.4226 0.7594 -0.4947
vn -0.2914 0.6483 -0.7034
vn -0.2913 0.6484 -0.7034
vn -0.2490 0.7594 -0.6011
vn -0.2489 0.7594 -0.6011
vn -0.2003 0.8519 -0.4838
vn -0.2003 0.8519 -0.4839
vn -0.2004 0.8519 -0.4838
vn -0.2005 0.8519 -0.4837
vn -0.1468 0.9235 -0.3545
vn -0.1468 0.9234 -0.3547
vn -0.1467 0.9235 -0.3545
vn -0.0898 0.9722 -0.2163
vn -0.0899 0.9722 -0.2163
vn -0.0895 0.9722 -0.2163
vn -0.0893 0.9722 -0.2163
vn -0.0274 0.9967 -0.0766
vn -0.0303 0.9969 -0.0727
vn -0.0274 0.9967 -0.0767
vn -0.7591 0.6482 -0.0597
vn -0.7590 0.6483 -0.0597
vn -0.7590 0.6483 -0.0598
vn -0.7404 0.6482 -0.1777
vn -0.7403 0.6483 -0.1778
vn -0.7034 0.6483 -0.2914
vn -0.6492 0.6483 -0.3978
vn -0.5790 0.6483 -0.4945
vn -0.5790 0.6482 -0.4945
vn -0.4945 0.6483 -0.5790
vn -0.4944 0.6483 -0.5790
vn -0.3979 0.6483 -0.6492
vn -0.3978 0.6483 -0.6492
vn -0.1992 0.5213 -0.8298
vn -0.1778 0.6483 -0.7403
vn -0.1777 0.6483 -0.7404
vn -0.1779 0.6484 -0.7403
vn -0.1519 0.7594 -0.6326
vn -0.1520 0.7594 -0.6326
vn -0.1222 0.8519 -0.5092
vn -0.1223 0.8519 -0.5092
vn -0.0895 0.9234 -0.3732
vn -0.0897 0.9234 -0.3731
vn -0.0897 0.9234 -0.3732
vn -0.0894 0.9235 -0.3731
vn -0.0548 0.9722 -0.2277
vn -0.0548 0.9722 -0.2276
vn -0.0545 0.9722 -0.2276
vn -0.0544 0.9722 -0.2275
vn -0.0177 0.9969 -0.0766
vn -0.8507 0.5213 -0.0670
vn -0.8297 0.5214 -0.1992
vn -0.8298 0.5213 -0.1992
vn -0.7884 0.5213 -0.3266
vn -0.7276 0.5213 -0.4460
vn -0.7276 0.5213 -0.4459
vn -0.7276 0.5211 -0.4461
vn -0.6490 0.5213 -0.5542
vn -0.6490 0.5212 -0.5542
vn -0.6491 0.5209 -0.5544
vn -0.5542 0.5213 -0.6489
vn -0.4458 0.5213 -0.7276
vn -0.4459 0.5213 -0.7276
vn -0.4459 0.5212 -0.7277
vn -0.4460 0.5213 -0.7276
vn -0.3266 0.5213 -0.7884
vn -0.0726 0.3817 -0.9214
vn -0.0726 0.3818 -0.9214
vn -0.0670 0.5213 -0.8507
vn -0.0670 0.5214 -0.8507
vn -0.0672 0.5211 -0.8508
vn -0.0598 0.6483 -0.7590
vn -0.0598 0.6482 -0.7591
vn -0.0510 0.7594 -0.6486
vn -0.0511 0.7594 -0.6486
vn -0.0509 0.7594 -0.6486
vn -0.0410 0.8519 -0.5221
vn -0.0411 0.8519 -0.5221
vn -0.0301 0.9235 -0.3825
vn -0.0302 0.9235 -0.3825
vn -0.0300 0.9235 -0.3825
vn -0.0298 0.9235 -0.3824
vn -0.0187 0.9722 -0.2334
vn -0.0188 0.9722 -0.2334
vn -0.0183 0.9722 -0.2334
vn -0.0182 0.9722 -0.2334
vn -0.0032 0.9968 -0.0803
vn -0.0063 0.9969 -0.0784
vn -0.0030 0.9968 -0.0796
vn -0.9214 0.3818 -0.0725
vn -0.9214 0.3817 -0.0725
vn -0.8988 0.3817 -0.2158
vn -0.8987 0.3817 -0.2158
vn -0.8539 0.3817 -0.3537
vn -0.8539 0.3818 -0.3537
vn -0.8539 0.3818 -0.3536
vn -0.7881 0.3817 -0.4829
vn -0.7028 0.3817 -0.6003
vn -0.6004 0.3816 -0.7028
vn -0.6003 0.3817 -0.7028
vn -0.4830 0.3817 -0.7881
vn -0.4829 0.3817 -0.7881
vn -0.3537 0.3816 -0.8540
vn -0.3535 0.3822 -0.8538
vn -0.3537 0.3817 -0.8539
vn -0.2157 0.3817 -0.8988
vn -0.2159 0.3817 -0.8987
vn -0.2156 0.3818 -0.8987
vn -0.0726 0.3816 -0.9215
vn -0.2158 0.3817 -0.8987
vn -0.3400 0.7593 -0.5548
vn -0.3402 0.8519 -0.3982
vn -0.3273 0.9234 -0.2005
vn -0.1995 0.9722 -0.1222
vn -0.0727 0.9969 -0.0302
vn -0.0763 0.2327 -0.9696
vn -0.0763 0.2328 -0.9695
vn -0.2270 0.2327 -0.9457
vn -0.2270 0.2328 -0.9457
vn -0.3722 0.2328 -0.8985
vn -0.3722 0.2325 -0.8985
vn -0.3720 0.2325 -0.8986
vn -0.3721 0.2328 -0.8985
vn -0.5082 0.2328 -0.8292
vn -0.5081 0.2328 -0.8292
vn -0.6317 0.2327 -0.7395
vn -0.6316 0.2328 -0.7395
vn -0.7395 0.2328 -0.6316
vn -0.8292 0.2327 -0.5082
vn -0.8292 0.2328 -0.5082
vn -0.8986 0.2327 -0.3721
vn -0.8985 0.2324 -0.3724
vn -0.8985 0.2328 -0.3721
vn -0.8985 0.2328 -0.3722
vn -0.9457 0.2328 -0.2270
vn -0.9695 0.2328 -0.0763
vn -0.0782 0.0783 -0.9939
vn -0.0782 0.0782 -0.9939
vn -0.2327 0.0782 -0.9694
vn -0.3816 0.0782 -0.9210
vn -0.3815 0.0782 -0.9211
vn -0.5209 0.0782 -0.8500
vn -0.6475 0.0782 -0.7581
vn -0.6475 0.0783 -0.7581
vn -0.7581 0.0782 -0.6474
vn -0.8500 0.0782 -0.5210
vn -0.8500 0.0782 -0.5209
vn -0.9211 0.0782 -0.3815
vn -0.9210 0.0782 -0.3815
vn -0.9694 0.0782 -0.2327
vn -0.9694 0.0782 -0.2328
vn -0.9938 0.0783 -0.0783
vn -0.9939 0.0782 -0.0782
vn -0.9969 -0.0000 -0.0785
vn -0.9724 -0.0000 -0.2335
vn -0.9239 0.0000 -0.3827
vn -0.9239 0.0000 -0.3826
vn -0.8526 -0.0000 -0.5225
vn -0.8527 0.0000 -0.5224
vn -0.8525 0.0000 -0.5227
vn -0.7604 -0.0000 -0.6495
vn -0.7604 0.0000 -0.6494
vn -0.6495 0.0000 -0.7604
vn -0.5225 0.0000 -0.8527
vn -0.5224 0.0000 -0.8527
vn -0.5226 0.0000 -0.8526
vn -0.3826 -0.0000 -0.9239
vn -0.3827 0.0000 -0.9239
vn -0.2334 0.0000 -0.9724
vn -0.2333 -0.0000 -0.9724
vn -0.0785 0.0000 -0.9969
vn -0.0784 -0.0000 -0.9969
vn -0.0783 0.0000 -0.9969
vn 0.0000 0.9969 -0.0784
vn -0.0000 0.9969 -0.0785
vn -0.0000 0.9724 -0.2334
vn -0.0000 0.9724 -0.2333
vn 0.0000 0.9239 -0.3827
vn 0.0000 0.9239 -0.3826
vn -0.0000 0.8527 -0.5224
vn 0.0000 0.8527 -0.5225
vn -0.0000 0.7605 -0.6494
vn 0.0000 0.7604 -0.6494
vn 0.0000 0.6494 -0.7604
vn -0.0000 0.6495 -0.7604
vn 0.0000 0.5225 -0.8527
vn -0.0000 0.5225 -0.8526
vn -0.0000 0.3827 -0.9239
vn 0.0000 0.2334 -0.9724
vn 0.0000 0.2335 -0.9724
vn 0.0000 0.0784 -0.9969
vn -0.0000 0.0786 -0.9969
vn 0.0000 0.0785 -0.9969
vn 0.0000 1.0000 0.0000
vn -0.2103 0.9776 -0.0000
vn -0.5920 0.8059 -0.0000
vn -0.8291 0.5592 0.0000
vn -0.9724 0.2335 -0.0000
vn -0.9645 0.2641 0.0000
vn -0.9937 0.1121 -0.0000
vn -0.9968 0.0802 -0.0029
vn -0.9968 0.0797 -0.0048
vn -0.9937 0.1120 -0.0000
vn -1.0000 0.0023 0.0000
vn -0.8291 0.5591 -0.0000
vn -0.9164 0.4004 0.0000
vn -0.9164 0.4003 0.0000
vn -0.6494 0.7605 0.0000
vn -0.5922 0.8058 0.0000
vn -0.7065 0.7077 0.0000
vn -0.7604 0.6495 -0.0000
vn -0.7067 0.7075 -0.0000
vn -0.7672 0.6414 -0.0000
vn -0.5225 0.8526 0.0000
vn -0.4532 0.8914 0.0001
vn -0.5211 0.8535 0.0000
vn -0.2335 0.9724 0.0000
vn -0.2129 0.9771 0.0000
vn -0.3334 0.9428 -0.0000
vn -0.3826 0.9239 -0.0000
vn -0.3333 0.9428 0.0000
vn -0.4531 0.8915 -0.0000
vn -0.0785 0.9969 0.0000
vn -0.0177 0.9998 -0.0000
vn -0.0944 0.9955 0.0000
vn -0.9968 0.0014 -0.0799
vn -0.9968 0.0049 -0.0798
vn -0.9967 0.0078 -0.0807
vn -0.9967 0.0176 -0.0790
vn -0.9967 0.0202 -0.0783
vn -0.9967 0.0297 -0.0754
vn -0.9967 0.0328 -0.0741
vn -0.9967 0.0407 -0.0704
vn -0.9967 0.0437 -0.0683
vn -0.9967 0.0514 -0.0623
vn -0.9967 0.0535 -0.0606
vn -0.9967 0.0606 -0.0534
vn -0.9967 0.0625 -0.0515
vn -0.9967 0.0683 -0.0436
vn -0.9967 0.0699 -0.0409
vn -0.9967 0.0743 -0.0325
vn -0.9967 0.0755 -0.0297
vn -0.9967 0.0783 -0.0203
vn -0.9967 0.0793 -0.0169
vn -0.9967 0.0809 -0.0088
vn -0.9722 0.0184 -0.2334
vn -0.9722 0.0547 -0.2277
vn -0.9722 0.0896 -0.2163
vn -0.9722 0.0895 -0.2163
vn -0.9722 0.1222 -0.1996
vn -0.9722 0.1222 -0.1995
vn -0.9722 0.1223 -0.1996
vn -0.9722 0.1521 -0.1780
vn -0.9722 0.1780 -0.1521
vn -0.9722 0.1996 -0.1223
vn -0.9722 0.2163 -0.0896
vn -0.9722 0.2277 -0.0546
vn -0.9722 0.2277 -0.0547
vn -0.9722 0.2334 -0.0184
vn -0.9235 0.0301 -0.3825
vn -0.9235 0.0301 -0.3824
vn -0.9234 0.0301 -0.3826
vn -0.9235 0.0896 -0.3731
vn -0.9234 0.0896 -0.3732
vn -0.9234 0.0897 -0.3731
vn -0.9235 0.1467 -0.3545
vn -0.9235 0.1468 -0.3545
vn -0.9235 0.2005 -0.3270
vn -0.9235 0.2006 -0.3270
vn -0.9234 0.2009 -0.3270
vn -0.9235 0.2005 -0.3271
vn -0.9235 0.2492 -0.2918
vn -0.9235 0.2492 -0.2917
vn -0.9235 0.2918 -0.2492
vn -0.9234 0.2918 -0.2492
vn -0.9234 0.2919 -0.2492
vn -0.9235 0.3272 -0.2003
vn -0.9234 0.3272 -0.2005
vn -0.9235 0.3271 -0.2005
vn -0.9235 0.3545 -0.1468
vn -0.9234 0.3545 -0.1468
vn -0.9234 0.3546 -0.1468
vn -0.9235 0.3729 -0.0896
vn -0.9236 0.3728 -0.0894
vn -0.9235 0.3731 -0.0896
vn -0.9234 0.3731 -0.0896
vn -0.9235 0.3825 -0.0301
vn -0.9235 0.3823 -0.0301
vn -0.9234 0.3826 -0.0302
vn -0.8519 0.0411 -0.5220
vn -0.8519 0.0411 -0.5221
vn -0.8519 0.1223 -0.5092
vn -0.8519 0.1223 -0.5091
vn -0.8519 0.2004 -0.4838
vn -0.8520 0.2004 -0.4837
vn -0.8520 0.2002 -0.4838
vn -0.8519 0.2737 -0.4465
vn -0.8519 0.2736 -0.4465
vn -0.8519 0.3401 -0.3982
vn -0.8519 0.3982 -0.3401
vn -0.8519 0.4466 -0.2736
vn -0.8519 0.4465 -0.2736
vn -0.8519 0.4839 -0.2003
vn -0.8519 0.4839 -0.2004
vn -0.8520 0.4838 -0.2004
vn -0.8519 0.4838 -0.2004
vn -0.8519 0.5092 -0.1223
vn -0.8519 0.5221 -0.0411
vn -0.8519 0.5221 -0.0410
vn -0.7594 0.0510 -0.6486
vn -0.7594 0.0511 -0.6486
vn -0.7594 0.0514 -0.6486
vn -0.7593 0.1521 -0.6328
vn -0.7594 0.1520 -0.6326
vn -0.7594 0.1519 -0.6326
vn -0.7594 0.2490 -0.6011
vn -0.7595 0.3399 -0.5547
vn -0.7594 0.3399 -0.5548
vn -0.7593 0.3400 -0.5548
vn -0.7594 0.3400 -0.5547
vn -0.7594 0.4225 -0.4947
vn -0.7594 0.4226 -0.4947
vn -0.7594 0.4947 -0.4226
vn -0.7595 0.5547 -0.3399
vn -0.7594 0.5547 -0.3400
vn -0.7594 0.5547 -0.3399
vn -0.7594 0.5547 -0.3401
vn -0.7594 0.6011 -0.2491
vn -0.7595 0.6009 -0.2493
vn -0.7595 0.6326 -0.1519
vn -0.7594 0.6326 -0.1518
vn -0.7594 0.6326 -0.1519
vn -0.7594 0.6327 -0.1519
vn -0.7595 0.6485 -0.0512
vn -0.7595 0.6485 -0.0511
vn -0.7595 0.6485 -0.0510
vn -0.6483 0.0598 -0.7590
vn -0.6483 0.0597 -0.7590
vn -0.6483 0.1777 -0.7403
vn -0.6483 0.1777 -0.7404
vn -0.6483 0.2913 -0.7035
vn -0.6483 0.2914 -0.7034
vn -0.6483 0.3978 -0.6492
vn -0.6483 0.3979 -0.6491
vn -0.6483 0.4945 -0.5790
vn -0.6483 0.5789 -0.4945
vn -0.6483 0.5790 -0.4945
vn -0.6482 0.5790 -0.4945
vn -0.6483 0.6492 -0.3978
vn -0.6483 0.7034 -0.2914
vn -0.6482 0.7404 -0.1778
vn -0.6483 0.7403 -0.1778
vn -0.6483 0.7404 -0.1777
vn -0.6484 0.7403 -0.1777
vn -0.6483 0.7590 -0.0597
vn -0.6482 0.7591 -0.0597
vn -0.5213 0.0670 -0.8507
vn -0.5214 0.0670 -0.8507
vn -0.5212 0.1992 -0.8298
vn -0.5213 0.1992 -0.8298
vn -0.5213 0.1991 -0.8298
vn -0.5213 0.3266 -0.7884
vn -0.5213 0.3265 -0.7884
vn -0.5215 0.4456 -0.7276
vn -0.5213 0.4459 -0.7276
vn -0.5214 0.4459 -0.7275
vn -0.5213 0.5543 -0.6489
vn -0.5213 0.5542 -0.6489
vn -0.5212 0.5543 -0.6489
vn -0.5214 0.6489 -0.5542
vn -0.5213 0.6489 -0.5543
vn -0.5213 0.6489 -0.5542
vn -0.5212 0.6489 -0.5543
vn -0.5213 0.7276 -0.4459
vn -0.5214 0.7275 -0.4459
vn -0.5214 0.7276 -0.4459
vn -0.5213 0.7884 -0.3265
vn -0.5213 0.7884 -0.3266
vn -0.5213 0.8298 -0.1992
vn -0.5213 0.8507 -0.0670
vn -0.3818 0.0727 -0.9214
vn -0.3817 0.0725 -0.9214
vn -0.3817 0.2157 -0.8988
vn -0.3817 0.2158 -0.8987
vn -0.3817 0.3538 -0.8539
vn -0.3817 0.3537 -0.8539
vn -0.3816 0.3537 -0.8540
vn -0.3817 0.4830 -0.7881
vn -0.3817 0.4829 -0.7881
vn -0.3817 0.6003 -0.7028
vn -0.3817 0.7028 -0.6003
vn -0.3817 0.7881 -0.4829
vn -0.3816 0.7882 -0.4829
vn -0.3817 0.8539 -0.3538
vn -0.3817 0.8987 -0.2158
vn -0.3816 0.8988 -0.2158
vn -0.3817 0.9214 -0.0725
vn -0.3817 0.9214 -0.0724
vn -0.2327 0.0763 -0.9695
vn -0.2328 0.0763 -0.9695
vn -0.2326 0.2270 -0.9457
vn -0.2327 0.2271 -0.9457
vn -0.2328 0.2271 -0.9456
vn -0.2328 0.3722 -0.8985
vn -0.2328 0.3721 -0.8985
vn -0.2329 0.5081 -0.8292
vn -0.2328 0.5082 -0.8292
vn -0.2327 0.6316 -0.7396
vn -0.2327 0.6316 -0.7395
vn -0.2328 0.6316 -0.7395
vn -0.2328 0.7395 -0.6316
vn -0.2328 0.8292 -0.5081
vn -0.2327 0.8293 -0.5081
vn -0.2329 0.8985 -0.3722
vn -0.2328 0.8985 -0.3722
vn -0.2326 0.8985 -0.3722
vn -0.2327 0.8985 -0.3722
vn -0.2327 0.9457 -0.2270
vn -0.2327 0.9457 -0.2271
vn -0.2328 0.9457 -0.2270
vn -0.2329 0.9695 -0.0763
vn -0.2328 0.9695 -0.0763
vn -0.0783 0.0782 -0.9939
vn -0.0782 0.2328 -0.9694
vn -0.0782 0.2327 -0.9694
vn -0.0781 0.3816 -0.9210
vn -0.0782 0.3815 -0.9211
vn -0.0781 0.3815 -0.9211
vn -0.0782 0.5209 -0.8500
vn -0.0782 0.6474 -0.7581
vn -0.0782 0.6475 -0.7581
vn -0.0782 0.6475 -0.7580
vn -0.0782 0.7580 -0.6475
vn -0.0783 0.7581 -0.6474
vn -0.0782 0.7581 -0.6474
vn -0.0782 0.8500 -0.5209
vn -0.0782 0.8500 -0.5210
vn -0.0782 0.9211 -0.3815
vn -0.0781 0.9694 -0.2327
vn -0.0782 0.9694 -0.2327
vn -0.0782 0.9939 -0.0782
vn -0.0782 0.9939 -0.0783
vn -0.9968 -0.0050 -0.0797
vn -0.9968 -0.0014 -0.0798
vn -0.9724 -0.0000 -0.2332
vn -0.9724 0.0000 -0.2334
vn -0.9724 0.0000 -0.2333
vn -0.2335 -0.0000 -0.9724
vn -0.0782 0.0000 -0.9969
vn -0.9967 -0.0806 -0.0086
vn -0.9967 -0.0796 -0.0168
vn -0.9967 -0.0785 -0.0204
vn -0.9967 -0.0751 -0.0297
vn -0.9967 -0.0742 -0.0325
vn -0.9967 -0.0701 -0.0409
vn -0.9967 -0.0683 -0.0436
vn -0.9967 -0.0624 -0.0514
vn -0.9967 -0.0606 -0.0535
vn -0.9967 -0.0534 -0.0606
vn -0.9967 -0.0515 -0.0625
vn -0.9967 -0.0437 -0.0683
vn -0.9967 -0.0407 -0.0701
vn -0.9967 -0.0330 -0.0743
vn -0.9967 -0.0297 -0.0755
vn -0.9967 -0.0201 -0.0781
vn -0.9967 -0.0175 -0.0790
vn -0.9967 -0.0079 -0.0807
vn -0.9722 -0.2334 -0.0184
vn -0.9722 -0.2277 -0.0547
vn -0.9722 -0.2163 -0.0896
vn -0.9722 -0.1996 -0.1223
vn -0.9722 -0.1780 -0.1521
vn -0.9722 -0.1521 -0.1780
vn -0.9722 -0.1223 -0.1996
vn -0.9722 -0.0896 -0.2163
vn -0.9722 -0.0547 -0.2277
vn -0.9722 -0.0184 -0.2334
vn -0.9234 -0.3825 -0.0301
vn -0.9232 -0.3831 -0.0299
vn -0.9235 -0.3824 -0.0301
vn -0.9235 -0.3730 -0.0896
vn -0.9235 -0.3730 -0.0895
vn -0.9235 -0.3731 -0.0895
vn -0.9234 -0.3546 -0.1470
vn -0.9235 -0.3545 -0.1468
vn -0.9234 -0.3273 -0.2005
vn -0.9234 -0.3272 -0.2005
vn -0.9234 -0.3272 -0.2007
vn -0.9235 -0.3269 -0.2006
vn -0.9235 -0.2918 -0.2492
vn -0.9234 -0.2492 -0.2918
vn -0.9235 -0.2492 -0.2917
vn -0.9235 -0.2492 -0.2918
vn -0.9235 -0.2006 -0.3271
vn -0.9235 -0.2006 -0.3270
vn -0.9235 -0.2005 -0.3270
vn -0.9235 -0.2005 -0.3272
vn -0.9235 -0.1468 -0.3545
vn -0.9235 -0.1467 -0.3545
vn -0.9235 -0.0896 -0.3730
vn -0.9234 -0.0898 -0.3732
vn -0.9235 -0.0896 -0.3731
vn -0.9235 -0.0301 -0.3825
vn -0.9235 -0.0302 -0.3825
vn -0.9235 -0.0301 -0.3823
vn -0.8519 -0.5221 -0.0411
vn -0.8519 -0.5092 -0.1222
vn -0.8519 -0.5093 -0.1222
vn -0.8519 -0.4838 -0.2004
vn -0.8520 -0.4838 -0.2004
vn -0.8518 -0.4839 -0.2007
vn -0.8519 -0.4465 -0.2736
vn -0.8519 -0.4464 -0.2736
vn -0.8519 -0.3982 -0.3401
vn -0.8519 -0.3401 -0.3982
vn -0.8519 -0.2736 -0.4465
vn -0.8519 -0.2736 -0.4466
vn -0.8519 -0.2004 -0.4838
vn -0.8518 -0.2003 -0.4840
vn -0.8520 -0.2004 -0.4838
vn -0.8519 -0.1223 -0.5092
vn -0.8521 -0.1225 -0.5089
vn -0.8519 -0.0411 -0.5221
vn -0.7594 -0.6486 -0.0510
vn -0.7595 -0.6485 -0.0511
vn -0.7598 -0.6481 -0.0513
vn -0.7594 -0.6326 -0.1519
vn -0.7594 -0.6011 -0.2490
vn -0.7594 -0.5548 -0.3399
vn -0.7595 -0.5547 -0.3399
vn -0.7594 -0.5547 -0.3400
vn -0.7594 -0.4947 -0.4225
vn -0.7594 -0.4947 -0.4226
vn -0.7594 -0.4948 -0.4226
vn -0.7594 -0.4225 -0.4947
vn -0.7595 -0.3399 -0.5547
vn -0.7593 -0.3402 -0.5547
vn -0.7594 -0.3400 -0.5547
vn -0.7594 -0.2490 -0.6011
vn -0.7594 -0.2489 -0.6011
vn -0.7596 -0.1519 -0.6324
vn -0.7594 -0.1519 -0.6326
vn -0.7594 -0.1520 -0.6326
vn -0.7594 -0.0510 -0.6486
vn -0.7594 -0.0510 -0.6487
vn -0.6482 -0.7591 -0.0597
vn -0.6483 -0.7590 -0.0597
vn -0.6483 -0.7403 -0.1777
vn -0.6483 -0.7404 -0.1777
vn -0.6482 -0.7404 -0.1777
vn -0.6483 -0.7034 -0.2914
vn -0.6483 -0.6492 -0.3978
vn -0.6483 -0.5790 -0.4945
vn -0.6483 -0.5790 -0.4944
vn -0.6483 -0.4945 -0.5790
vn -0.6483 -0.4944 -0.5790
vn -0.6483 -0.3978 -0.6492
vn -0.6483 -0.2914 -0.7034
vn -0.6483 -0.2914 -0.7035
vn -0.6482 -0.1777 -0.7404
vn -0.6483 -0.1777 -0.7403
vn -0.6483 -0.1776 -0.7404
vn -0.6483 -0.1777 -0.7404
vn -0.6483 -0.0598 -0.7590
vn -0.6483 -0.0597 -0.7590
vn -0.5213 -0.8507 -0.0670
vn -0.5213 -0.8298 -0.1992
vn -0.5213 -0.7884 -0.3266
vn -0.5214 -0.7884 -0.3265
vn -0.5213 -0.7276 -0.4459
vn -0.5214 -0.7276 -0.4459
vn -0.5213 -0.6489 -0.5542
vn -0.5213 -0.6489 -0.5543
vn -0.5213 -0.6488 -0.5543
vn -0.5213 -0.5543 -0.6489
vn -0.5213 -0.5542 -0.6489
vn -0.5213 -0.4459 -0.7276
vn -0.5212 -0.4458 -0.7278
vn -0.5213 -0.3266 -0.7884
vn -0.5213 -0.3265 -0.7884
vn -0.5214 -0.3265 -0.7884
vn -0.5213 -0.1992 -0.8298
vn -0.5213 -0.0670 -0.8507
vn -0.3817 -0.9214 -0.0725
vn -0.3817 -0.8987 -0.2158
vn -0.3816 -0.8988 -0.2158
vn -0.3817 -0.8540 -0.3537
vn -0.3817 -0.8539 -0.3537
vn -0.3817 -0.7881 -0.4829
vn -0.3817 -0.7029 -0.6002
vn -0.3817 -0.7028 -0.6003
vn -0.3817 -0.6003 -0.7028
vn -0.3816 -0.4829 -0.7881
vn -0.3817 -0.4829 -0.7881
vn -0.3817 -0.3537 -0.8539
vn -0.3817 -0.2156 -0.8988
vn -0.3816 -0.2157 -0.8988
vn -0.3817 -0.2157 -0.8988
vn -0.3816 -0.2158 -0.8988
vn -0.3817 -0.0725 -0.9214
vn -0.2328 -0.9695 -0.0763
vn -0.2327 -0.9457 -0.2270
vn -0.2327 -0.9457 -0.2268
vn -0.2328 -0.9457 -0.2270
vn -0.2328 -0.8985 -0.3722
vn -0.2328 -0.8292 -0.5081
vn -0.2328 -0.7395 -0.6316
vn -0.2327 -0.7396 -0.6316
vn -0.2328 -0.6316 -0.7395
vn -0.2327 -0.6316 -0.7395
vn -0.2327 -0.5081 -0.8293
vn -0.2328 -0.5081 -0.8292
vn -0.2328 -0.3722 -0.8985
vn -0.2328 -0.2271 -0.9456
vn -0.2328 -0.0763 -0.9695
vn -0.0782 -0.9939 -0.0782
vn -0.0782 -0.9939 -0.0781
vn -0.0782 -0.9939 -0.0783
vn -0.0782 -0.9694 -0.2328
vn -0.0782 -0.9694 -0.2327
vn -0.0782 -0.9211 -0.3815
vn -0.0782 -0.8500 -0.5209
vn -0.0783 -0.7580 -0.6475
vn -0.0783 -0.7581 -0.6475
vn -0.0782 -0.7581 -0.6474
vn -0.0782 -0.6475 -0.7580
vn -0.0781 -0.6475 -0.7581
vn -0.0782 -0.5209 -0.8500
vn -0.0781 -0.3815 -0.9211
vn -0.0782 -0.3815 -0.9211
vn -0.0782 -0.3815 -0.9210
vn -0.0783 -0.3815 -0.9210
vn -0.0782 -0.2328 -0.9694
vn -0.0782 -0.0783 -0.9939
vn 1.0000 -0.0000 0.0000
vn 0.0000 0.2333 -0.9724
vn 0.0000 0.5220 -0.8530
vn -0.0000 0.5224 -0.8527
vn -0.0000 0.8526 -0.5225
vn 0.0014 0.9968 -0.0799
vn -0.0036 0.9968 -0.0804
vn -0.0032 0.9968 -0.0796
vn 0.0117 0.9968 -0.0785
vn -0.0800 0.9968 -0.0010
vn -0.0792 0.9969 -0.0041
vn -0.2341 0.9722 -0.0000
vn -0.2365 0.9716 -0.0000
vn -0.2374 0.9714 0.0000
vn -0.2399 0.9708 -0.0000
vn -0.3833 0.9236 -0.0000
vn -0.3874 0.9219 0.0000
vn -0.3870 0.9221 0.0000
vn -0.3893 0.9211 -0.0000
vn -0.5237 0.8519 0.0000
vn -0.5227 0.8525 0.0000
vn -0.5256 0.8508 -0.0000
vn -0.5272 0.8497 0.0000
vn -0.5291 0.8486 0.0000
vn -0.6504 0.7596 0.0000
vn -0.6522 0.7580 0.0000
vn -0.6530 0.7574 0.0000
vn -0.6534 0.7570 -0.0000
vn -0.7614 0.6483 -0.0000
vn -0.7639 0.6454 0.0000
vn -0.7639 0.6453 -0.0000
vn -0.7641 0.6451 0.0000
vn -0.8538 0.5205 0.0000
vn -0.8553 0.5181 0.0000
vn -0.8556 0.5177 0.0000
vn -0.8554 0.5180 -0.0000
vn -0.9249 0.3801 -0.0000
vn -0.9260 0.3776 0.0000
vn -0.9267 0.3758 0.0000
vn -0.9269 0.3753 0.0000
vn -0.9728 0.2315 -0.0000
vn -0.9729 0.2314 -0.0000
vn -0.9742 0.2256 0.0000
vn -0.9742 0.2255 0.0000
vn -0.9971 0.0759 0.0000
vn -0.9972 0.0745 0.0000
vn -0.9972 0.0742 -0.0000
vn -0.1995 0.9722 -0.1223
vn -0.1995 0.9723 -0.1222
vn -0.0668 0.9968 -0.0447
vn -0.0675 0.9969 -0.0410
vn -0.0667 0.9968 -0.0446
vn -0.0785 0.9969 -0.0062
vn -0.0758 0.9967 -0.0281
vn -0.0765 0.9969 -0.0183
vn -0.0757 0.9967 -0.0280
vn -0.2335 0.9722 -0.0185
vn -0.2334 0.9722 -0.0185
vn -0.2276 0.9722 -0.0547
vn -0.2276 0.9722 -0.0546
vn -0.2165 0.9722 -0.0896
vn -0.2162 0.9722 -0.0897
vn -0.1781 0.9722 -0.1519
vn -0.0593 0.9969 -0.0511
vn -0.3825 0.9235 -0.0301
vn -0.3825 0.9235 -0.0302
vn -0.3730 0.9235 -0.0895
vn -0.3730 0.9235 -0.0896
vn -0.3731 0.9235 -0.0896
vn -0.3544 0.9235 -0.1469
vn -0.3546 0.9234 -0.1469
vn -0.3545 0.9234 -0.1470
vn -0.3272 0.9235 -0.2005
vn -0.2492 0.9234 -0.2918
vn -0.2493 0.9234 -0.2918
vn -0.2491 0.9234 -0.2919
vn -0.1520 0.9722 -0.1780
vn -0.1521 0.9722 -0.1780
vn -0.1517 0.9723 -0.1780
vn -0.0448 0.9967 -0.0670
vn -0.0514 0.9969 -0.0599
vn -0.0447 0.9968 -0.0669
vn -0.5092 0.8519 -0.1223
vn -0.5093 0.8519 -0.1222
vn -0.4839 0.8519 -0.2004
vn -0.3982 0.8519 -0.3401
vn -0.3981 0.8520 -0.3401
vn -0.3398 0.7595 -0.5547
vn -0.3399 0.7594 -0.5547
vn -0.2005 0.9234 -0.3272
vn -0.2006 0.9234 -0.3273
vn -0.1224 0.9722 -0.1995
vn -0.0409 0.9969 -0.0671
vn -0.6487 0.7594 -0.0510
vn -0.6487 0.7593 -0.0510
vn -0.5547 0.7594 -0.3401
vn -0.5547 0.7594 -0.3400
vn -0.4949 0.7593 -0.4225
vn -0.4947 0.7594 -0.4226
vn -0.4224 0.7594 -0.4948
vn -0.4225 0.7594 -0.4948
vn -0.2005 0.8519 -0.4838
vn -0.1466 0.9235 -0.3545
vn -0.1467 0.9234 -0.3546
vn -0.0897 0.9722 -0.2163
vn -0.0895 0.9722 -0.2164
vn -0.0899 0.9722 -0.2164
vn -0.0274 0.9967 -0.0760
vn -0.0302 0.9969 -0.0726
vn -0.0274 0.9967 -0.0761
vn -0.7404 0.6483 -0.1777
vn -0.7403 0.6484 -0.1777
vn -0.7403 0.6483 -0.1777
vn -0.7034 0.6483 -0.2915
vn -0.6493 0.6482 -0.3978
vn -0.5790 0.6483 -0.4944
vn -0.5789 0.6483 -0.4945
vn -0.1993 0.5213 -0.8298
vn -0.1776 0.6483 -0.7404
vn -0.1777 0.6484 -0.7403
vn -0.1779 0.6482 -0.7404
vn -0.1518 0.7594 -0.6327
vn -0.1221 0.8519 -0.5092
vn -0.1221 0.8519 -0.5093
vn -0.0896 0.9235 -0.3730
vn -0.0895 0.9235 -0.3731
vn -0.0896 0.9235 -0.3731
vn -0.0546 0.9722 -0.2276
vn -0.0547 0.9722 -0.2276
vn -0.0187 0.9969 -0.0766
vn -0.8507 0.5213 -0.0669
vn -0.8298 0.5214 -0.1992
vn -0.7276 0.5212 -0.4460
vn -0.4460 0.5212 -0.7276
vn -0.3266 0.5214 -0.7883
vn -0.3266 0.5214 -0.7884
vn -0.0725 0.3817 -0.9214
vn -0.0669 0.5213 -0.8507
vn -0.0669 0.5214 -0.8507
vn -0.0671 0.5212 -0.8508
vn -0.0597 0.6482 -0.7591
vn -0.0597 0.6483 -0.7590
vn -0.0303 0.9235 -0.3825
vn -0.0303 0.9235 -0.3824
vn -0.0301 0.9235 -0.3824
vn -0.0185 0.9722 -0.2334
vn -0.0181 0.9722 -0.2334
vn -0.0067 0.9969 -0.0784
vn -0.8987 0.3817 -0.2159
vn -0.7028 0.3816 -0.6003
vn -0.6002 0.3817 -0.7029
vn -0.3538 0.3816 -0.8540
vn -0.2160 0.3817 -0.8987
vn -0.2159 0.3816 -0.8987
vn -0.0725 0.3816 -0.9215
vn -0.2913 0.6483 -0.7034
vn -0.3400 0.7594 -0.5547
vn -0.4226 0.7594 -0.4948
vn -0.2161 0.9722 -0.0897
vn -0.0764 0.2328 -0.9695
vn -0.3723 0.2325 -0.8985
vn -0.3722 0.2329 -0.8985
vn -0.5081 0.2327 -0.8293
vn -0.5081 0.2327 -0.8292
vn -0.9457 0.2328 -0.2271
vn -0.9456 0.2328 -0.2272
vn -0.9456 0.2328 -0.2271
vn -0.9696 0.2327 -0.0763
vn -0.0781 0.0780 -0.9939
vn -0.3815 0.0782 -0.9210
vn -0.5209 0.0783 -0.8500
vn -0.5209 0.0784 -0.8500
vn -0.6474 0.0782 -0.7581
vn -0.9939 0.0783 -0.0783
vn -0.5222 -0.0000 -0.8528
vn -0.6495 0.0000 -0.7603
vn -0.8527 -0.0000 -0.5225
vn -0.9969 0.0000 -0.0786
vn -0.9939 -0.0782 -0.0783
vn -0.9939 -0.0783 -0.0782
vn -0.8988 -0.3817 -0.2158
vn -0.9457 -0.2327 -0.2269
vn -0.9457 -0.2327 -0.2270
vn -0.8984 -0.2328 -0.3723
vn -0.8985 -0.2329 -0.3722
vn -0.9211 -0.0782 -0.3815
vn -0.8508 -0.5211 -0.0672
vn -0.7276 -0.5212 -0.4460
vn -0.8293 -0.2328 -0.5081
vn -0.8292 -0.2328 -0.5081
vn -0.6488 -0.5214 -0.5542
vn -0.7580 -0.0782 -0.6475
vn -0.3402 -0.8519 -0.3982
vn -0.4225 -0.7594 -0.4948
vn -0.5221 -0.8519 -0.0412
vn -0.2005 -0.9235 -0.3271
vn -0.2735 -0.8520 -0.4465
vn -0.3399 -0.7594 -0.5547
vn -0.3399 -0.7595 -0.5546
vn -0.3400 -0.7594 -0.5548
vn -0.4830 -0.3816 -0.7881
vn -0.4830 -0.3817 -0.7881
vn -0.5082 -0.2327 -0.8292
vn -0.5081 -0.2328 -0.8292
vn -0.5082 -0.2326 -0.8292
vn -0.5209 -0.0783 -0.8500
vn -0.3826 -0.9234 -0.0302
vn -0.3826 -0.9234 -0.0301
vn -0.0897 -0.9722 -0.2163
vn -0.1468 -0.9234 -0.3545
vn -0.1469 -0.9235 -0.3544
vn -0.2489 -0.7594 -0.6011
vn -0.3721 -0.2326 -0.8986
vn -0.3721 -0.2328 -0.8985
vn -0.3724 -0.2324 -0.8985
vn -0.0803 -0.9968 -0.0031
vn -0.0783 -0.9969 -0.0063
vn -0.2335 -0.9722 -0.0184
vn -0.2276 -0.9722 -0.0548
vn -0.2276 -0.9722 -0.0547
vn -0.0756 -0.9967 -0.0280
vn -0.3825 -0.9235 -0.0301
vn -0.3732 -0.9234 -0.0895
vn -0.3730 -0.9235 -0.0896
vn -0.2164 -0.9722 -0.0895
vn -0.2163 -0.9722 -0.0895
vn -0.5220 -0.8520 -0.0411
vn -0.5093 -0.8519 -0.1221
vn -0.5092 -0.8519 -0.1222
vn -0.3545 -0.9235 -0.1467
vn -0.3545 -0.9234 -0.1469
vn -0.3548 -0.9233 -0.1468
vn -0.0671 -0.9969 -0.0410
vn -0.0668 -0.9968 -0.0447
vn -0.0667 -0.9968 -0.0447
vn -0.5092 -0.8519 -0.1224
vn -0.3546 -0.9234 -0.1469
vn -0.3270 -0.9235 -0.2005
vn -0.3271 -0.9235 -0.2005
vn -0.1782 -0.9722 -0.1519
vn -0.1780 -0.9722 -0.1520
vn -0.1781 -0.9722 -0.1519
vn -0.0599 -0.9969 -0.0511
vn -0.7590 -0.6484 -0.0597
vn -0.7404 -0.6482 -0.1778
vn -0.7403 -0.6483 -0.1778
vn -0.7404 -0.6483 -0.1778
vn -0.6327 -0.7594 -0.1519
vn -0.2918 -0.9235 -0.2492
vn -0.2918 -0.9235 -0.2491
vn -0.1522 -0.9722 -0.1781
vn -0.1521 -0.9722 -0.1781
vn -0.0447 -0.9968 -0.0668
vn -0.7403 -0.6484 -0.1777
vn -0.7034 -0.6483 -0.2914
vn -0.7035 -0.6482 -0.2913
vn -0.5548 -0.7594 -0.3400
vn -0.2918 -0.9234 -0.2492
vn -0.2492 -0.9234 -0.2918
vn -0.1223 -0.9722 -0.1997
vn -0.0412 -0.9969 -0.0670
vn -0.0274 -0.9967 -0.0762
vn -0.0184 -0.9969 -0.0765
vn -0.0546 -0.9722 -0.2276
vn -0.0897 -0.9234 -0.3731
vn -0.0896 -0.9234 -0.3731
vn -0.0895 -0.9234 -0.3731
vn -0.1520 -0.7593 -0.6327
vn -0.1778 -0.6483 -0.7403
vn -0.1992 -0.5214 -0.8298
vn -0.2159 -0.3816 -0.8988
vn -0.2160 -0.3817 -0.8987
vn -0.2272 -0.2329 -0.9456
vn -0.2271 -0.2328 -0.9456
vn -0.2327 -0.0783 -0.9694
vn -0.0183 -0.9722 -0.2334
vn -0.0410 -0.8520 -0.5220
vn -0.0411 -0.8519 -0.5220
vn -0.0597 -0.6483 -0.7590
vn -0.0669 -0.5213 -0.8508
vn -0.0724 -0.3818 -0.9214
vn -0.0725 -0.3816 -0.9215
vn -0.0763 -0.2326 -0.9696
vn -0.0763 -0.2327 -0.9696
vn -0.5547 -0.7594 -0.3399
vn -0.4946 -0.7595 -0.4225
vn -0.2006 -0.9234 -0.3272
vn -0.0895 -0.9722 -0.2163
vn -0.0301 -0.9969 -0.0727
vn 0.0000 -0.2333 -0.9724
vn 0.0000 -0.5227 -0.8525
vn -0.0000 -0.5226 -0.8526
vn 0.0000 -0.5223 -0.8528
vn -0.0000 -0.8526 -0.5226
vn 0.0031 -0.9968 -0.0802
vn 0.0030 -0.9968 -0.0796
vn 0.0782 -0.0782 -0.9939
vn 0.0782 -0.0783 -0.9939
vn 0.0781 -0.0783 -0.9939
vn 0.0763 -0.2327 -0.9696
vn 0.0763 -0.2328 -0.9695
vn 0.2164 -0.3818 -0.8986
vn 0.2158 -0.3816 -0.8988
vn 0.2270 -0.2328 -0.9457
vn 0.2271 -0.2327 -0.9457
vn 0.2327 -0.0782 -0.9694
vn 0.0725 -0.3817 -0.9214
vn 0.0725 -0.3818 -0.9214
vn 0.3266 -0.5213 -0.7884
vn 0.3265 -0.5213 -0.7884
vn 0.3535 -0.3822 -0.8538
vn 0.3537 -0.3817 -0.8539
vn 0.3536 -0.3818 -0.8539
vn 0.3537 -0.3815 -0.8540
vn 0.3720 -0.2325 -0.8986
vn 0.3721 -0.2328 -0.8985
vn 0.3722 -0.2326 -0.8985
vn 0.3815 -0.0782 -0.9211
vn 0.3814 -0.0782 -0.9211
vn 0.0670 -0.5213 -0.8507
vn 0.0672 -0.5211 -0.8508
vn 0.3978 -0.6483 -0.6492
vn 0.4459 -0.5213 -0.7276
vn 0.4459 -0.5214 -0.7276
vn 0.4460 -0.5212 -0.7276
vn 0.4829 -0.3817 -0.7881
vn 0.4830 -0.3817 -0.7881
vn 0.5082 -0.2327 -0.8292
vn 0.5082 -0.2328 -0.8292
vn 0.5209 -0.0783 -0.8500
vn 0.5209 -0.0782 -0.8500
vn 0.5209 -0.0784 -0.8500
vn 0.0598 -0.6483 -0.7590
vn 0.0597 -0.6483 -0.7590
vn 0.4226 -0.7594 -0.4947
vn 0.4945 -0.6483 -0.5790
vn 0.5542 -0.5213 -0.6489
vn 0.5543 -0.5213 -0.6489
vn 0.6003 -0.3817 -0.7028
vn 0.6316 -0.2327 -0.7395
vn 0.6316 -0.2328 -0.7395
vn 0.6475 -0.0782 -0.7581
vn 0.0511 -0.7594 -0.6486
vn 0.0510 -0.7594 -0.6486
vn 0.3982 -0.8519 -0.3401
vn 0.3982 -0.8519 -0.3402
vn 0.4947 -0.7594 -0.4226
vn 0.5790 -0.6483 -0.4945
vn 0.6490 -0.5213 -0.5542
vn 0.6491 -0.5209 -0.5544
vn 0.6489 -0.5213 -0.5542
vn 0.7029 -0.3816 -0.6003
vn 0.7028 -0.3817 -0.6003
vn 0.7028 -0.3816 -0.6003
vn 0.7395 -0.2328 -0.6316
vn 0.7581 -0.0782 -0.6474
vn 0.0411 -0.8519 -0.5220
vn 0.0412 -0.8520 -0.5219
vn 0.3272 -0.9234 -0.2005
vn 0.3272 -0.9235 -0.2004
vn 0.4465 -0.8519 -0.2736
vn 0.4464 -0.8520 -0.2736
vn 0.4466 -0.8519 -0.2736
vn 0.5547 -0.7594 -0.3400
vn 0.5547 -0.7594 -0.3401
vn 0.5548 -0.7593 -0.3401
vn 0.6492 -0.6483 -0.3978
vn 0.7276 -0.5213 -0.4459
vn 0.7276 -0.5213 -0.4460
vn 0.7881 -0.3816 -0.4830
vn 0.7881 -0.3816 -0.4829
vn 0.7881 -0.3817 -0.4829
vn 0.7881 -0.3817 -0.4830
vn 0.8292 -0.2328 -0.5081
vn 0.8500 -0.0782 -0.5209
vn 0.0302 -0.9235 -0.3825
vn 0.0301 -0.9235 -0.3825
vn 0.2163 -0.9722 -0.0895
vn 0.2163 -0.9722 -0.0896
vn 0.3546 -0.9234 -0.1469
vn 0.3545 -0.9234 -0.1469
vn 0.4837 -0.8520 -0.2004
vn 0.4838 -0.8519 -0.2004
vn 0.6010 -0.7594 -0.2490
vn 0.6011 -0.7594 -0.2490
vn 0.7034 -0.6483 -0.2914
vn 0.7884 -0.5213 -0.3266
vn 0.8539 -0.3818 -0.3537
vn 0.8539 -0.3817 -0.3537
vn 0.8985 -0.2328 -0.3722
vn 0.9211 -0.0782 -0.3815
vn 0.9210 -0.0782 -0.3815
vn 0.0062 -0.9969 -0.0784
vn 0.0183 -0.9722 -0.2334
vn 0.0182 -0.9722 -0.2334
vn 0.0184 -0.9722 -0.2334
vn 0.0546 -0.9722 -0.2277
vn 0.0184 -0.9969 -0.0765
vn 0.0274 -0.9967 -0.0762
vn 0.0896 -0.9235 -0.3730
vn 0.0895 -0.9235 -0.3731
vn 0.0896 -0.9722 -0.2163
vn 0.0897 -0.9722 -0.2163
vn 0.0301 -0.9969 -0.0727
vn 0.0411 -0.8519 -0.5221
vn 0.1222 -0.8519 -0.5092
vn 0.1223 -0.8519 -0.5092
vn 0.1469 -0.9235 -0.3544
vn 0.1468 -0.9235 -0.3545
vn 0.1469 -0.9235 -0.3543
vn 0.1223 -0.9722 -0.1996
vn 0.0411 -0.9969 -0.0671
vn 0.0446 -0.9968 -0.0668
vn 0.0446 -0.9968 -0.0667
vn 0.1518 -0.7594 -0.6326
vn 0.1519 -0.7594 -0.6326
vn 0.2004 -0.8519 -0.4838
vn 0.2005 -0.9234 -0.3272
vn 0.1521 -0.9722 -0.1780
vn 0.1521 -0.9722 -0.1781
vn 0.0511 -0.9969 -0.0598
vn 0.1778 -0.6482 -0.7405
vn 0.1777 -0.6483 -0.7404
vn 0.1777 -0.6484 -0.7403
vn 0.1519 -0.7594 -0.6327
vn 0.2489 -0.7594 -0.6011
vn 0.2490 -0.7593 -0.6012
vn 0.2490 -0.7594 -0.6011
vn 0.2736 -0.8519 -0.4465
vn 0.2493 -0.9234 -0.2918
vn 0.2492 -0.9235 -0.2918
vn 0.2492 -0.9234 -0.2918
vn 0.1781 -0.9722 -0.1519
vn 0.1780 -0.9722 -0.1520
vn 0.0599 -0.9969 -0.0511
vn 0.0668 -0.9968 -0.0447
vn 0.0667 -0.9968 -0.0447
vn 0.0669 -0.5214 -0.8507
vn 0.1992 -0.5213 -0.8298
vn 0.1778 -0.6484 -0.7403
vn 0.2915 -0.6483 -0.7034
vn 0.2914 -0.6483 -0.7034
vn 0.3399 -0.7595 -0.5547
vn 0.3399 -0.7594 -0.5548
vn 0.3399 -0.7594 -0.5547
vn 0.3401 -0.8519 -0.3982
vn 0.2918 -0.9235 -0.2491
vn 0.2918 -0.9234 -0.2492
vn 0.1780 -0.9722 -0.1521
vn 0.1996 -0.9722 -0.1223
vn 0.1996 -0.9722 -0.1225
vn 0.0671 -0.9969 -0.0412
vn 0.0756 -0.9967 -0.0279
vn 0.0757 -0.9967 -0.0280
vn 0.0766 -0.9969 -0.0184
vn 0.2278 -0.9722 -0.0547
vn 0.2277 -0.9722 -0.0548
vn 0.2277 -0.9722 -0.0547
vn 0.2277 -0.9722 -0.0546
vn 0.3730 -0.9235 -0.0897
vn 0.3730 -0.9235 -0.0895
vn 0.3731 -0.9235 -0.0895
vn 0.5092 -0.8519 -0.1222
vn 0.6326 -0.7594 -0.1519
vn 0.6327 -0.7594 -0.1519
vn 0.6329 -0.7591 -0.1524
vn 0.7403 -0.6483 -0.1778
vn 0.7402 -0.6484 -0.1778
vn 0.7403 -0.6484 -0.1777
vn 0.7404 -0.6483 -0.1777
vn 0.8298 -0.5213 -0.1992
vn 0.8298 -0.5213 -0.1993
vn 0.8988 -0.3817 -0.2157
vn 0.8988 -0.3817 -0.2156
vn 0.8987 -0.3817 -0.2158
vn 0.9457 -0.2328 -0.2270
vn 0.9457 -0.2327 -0.2270
vn 0.9694 -0.0782 -0.2327
vn 0.0792 -0.9969 -0.0041
vn 0.0783 -0.9969 -0.0062
vn 0.0797 -0.9968 -0.0009
vn 0.2334 -0.9722 -0.0184
vn 0.2335 -0.9722 -0.0184
vn 0.3825 -0.9235 -0.0302
vn 0.3825 -0.9235 -0.0301
vn 0.5220 -0.8519 -0.0411
vn 0.6486 -0.7594 -0.0511
vn 0.6486 -0.7594 -0.0510
vn 0.7590 -0.6483 -0.0597
vn 0.7590 -0.6483 -0.0598
vn 0.8507 -0.5213 -0.0669
vn 0.8508 -0.5213 -0.0670
vn 0.8507 -0.5213 -0.0670
vn 0.9214 -0.3817 -0.0725
vn 0.9214 -0.3818 -0.0725
vn 0.9695 -0.2328 -0.0763
vn 0.9939 -0.0782 -0.0782
vn 0.9939 -0.0782 -0.0783
vn 0.2158 -0.3817 -0.8987
vn 0.2913 -0.6483 -0.7034
vn 0.3402 -0.8519 -0.3982
vn 0.3271 -0.9235 -0.2005
vn 0.1995 -0.9722 -0.1225
vn 0.2163 -0.9722 -0.0894
vn 0.0727 -0.9969 -0.0300
vn 0.0785 -0.0000 -0.9969
vn 0.0783 0.0000 -0.9969
vn 0.2333 -0.0000 -0.9724
vn 0.2334 0.0000 -0.9724
vn 0.5225 -0.0000 -0.8526
vn 0.5224 0.0000 -0.8527
vn 0.6495 -0.0000 -0.7604
vn 0.6495 0.0000 -0.7603
vn 0.6496 -0.0000 -0.7603
vn 0.7604 0.0000 -0.6494
vn 0.8526 0.0000 -0.5225
vn 0.8525 0.0000 -0.5227
vn 0.9239 -0.0000 -0.3826
vn 0.9239 0.0000 -0.3827
vn 0.9724 0.0000 -0.2334
vn 0.9724 0.0000 -0.2335
vn 0.9969 -0.0000 -0.0784
vn 0.1224 0.9722 -0.1997
vn 0.1226 0.9722 -0.1997
vn 0.1223 0.9722 -0.1997
vn 0.0409 0.9969 -0.0673
vn 0.0346 0.9967 -0.0736
vn 0.0346 0.9967 -0.0737
vn 0.0158 0.9967 -0.0790
vn 0.0186 0.9969 -0.0766
vn 0.0183 0.9722 -0.2334
vn 0.0182 0.9722 -0.2334
vn 0.0181 0.9722 -0.2334
vn 0.0546 0.9722 -0.2276
vn 0.0547 0.9722 -0.2277
vn 0.0546 0.9722 -0.2277
vn 0.0895 0.9722 -0.2163
vn 0.0896 0.9722 -0.2162
vn 0.0896 0.9722 -0.2163
vn 0.2492 0.9235 -0.2917
vn 0.2492 0.9235 -0.2918
vn 0.1519 0.9722 -0.1780
vn 0.1520 0.9722 -0.1780
vn 0.1520 0.9723 -0.1778
vn 0.0583 0.9965 -0.0592
vn 0.0512 0.9969 -0.0598
vn 0.0302 0.9235 -0.3825
vn 0.0302 0.9235 -0.3824
vn 0.0895 0.9235 -0.3731
vn 0.0895 0.9234 -0.3732
vn 0.0896 0.9235 -0.3731
vn 0.1468 0.9235 -0.3545
vn 0.1467 0.9235 -0.3545
vn 0.1468 0.9234 -0.3545
vn 0.1466 0.9235 -0.3546
vn 0.2005 0.9234 -0.3272
vn 0.2006 0.9234 -0.3272
vn 0.3983 0.8519 -0.3402
vn 0.3983 0.8519 -0.3401
vn 0.3983 0.8518 -0.3401
vn 0.2917 0.9235 -0.2492
vn 0.2917 0.9235 -0.2491
vn 0.2916 0.9235 -0.2493
vn 0.1781 0.9722 -0.1519
vn 0.1779 0.9722 -0.1520
vn 0.1781 0.9722 -0.1520
vn 0.1782 0.9722 -0.1520
vn 0.0593 0.9969 -0.0511
vn 0.0411 0.8519 -0.5221
vn 0.0410 0.8519 -0.5221
vn 0.0411 0.8520 -0.5220
vn 0.1223 0.8519 -0.5092
vn 0.1222 0.8519 -0.5092
vn 0.2005 0.8519 -0.4839
vn 0.2004 0.8519 -0.4839
vn 0.2005 0.8519 -0.4838
vn 0.2004 0.8519 -0.4838
vn 0.2737 0.8519 -0.4465
vn 0.2736 0.8519 -0.4465
vn 0.2735 0.8519 -0.4465
vn 0.3402 0.8519 -0.3983
vn 0.3402 0.8519 -0.3982
vn 0.5547 0.7594 -0.3401
vn 0.5547 0.7594 -0.3400
vn 0.4465 0.8519 -0.2736
vn 0.4465 0.8519 -0.2737
vn 0.3272 0.9234 -0.2005
vn 0.3272 0.9234 -0.2004
vn 0.1996 0.9722 -0.1223
vn 0.1995 0.9722 -0.1223
vn 0.1996 0.9722 -0.1224
vn 0.1997 0.9722 -0.1224
vn 0.0736 0.9966 -0.0376
vn 0.0675 0.9969 -0.0412
vn 0.0734 0.9966 -0.0379
vn 0.0510 0.7594 -0.6486
vn 0.1524 0.7591 -0.6329
vn 0.1519 0.7594 -0.6326
vn 0.2490 0.7594 -0.6011
vn 0.2489 0.7594 -0.6011
vn 0.3399 0.7594 -0.5547
vn 0.3399 0.7594 -0.5548
vn 0.3398 0.7595 -0.5548
vn 0.3400 0.7594 -0.5547
vn 0.4225 0.7594 -0.4948
vn 0.4225 0.7594 -0.4947
vn 0.4948 0.7594 -0.4225
vn 0.4948 0.7593 -0.4226
vn 0.7034 0.6483 -0.2914
vn 0.7034 0.6483 -0.2915
vn 0.6012 0.7594 -0.2490
vn 0.6011 0.7594 -0.2490
vn 0.4838 0.8519 -0.2004
vn 0.4839 0.8519 -0.2004
vn 0.4838 0.8519 -0.2005
vn 0.3545 0.9234 -0.1469
vn 0.3545 0.9234 -0.1470
vn 0.3548 0.9233 -0.1468
vn 0.3545 0.9235 -0.1467
vn 0.2163 0.9722 -0.0897
vn 0.2163 0.9722 -0.0896
vn 0.2162 0.9722 -0.0895
vn 0.0728 0.9969 -0.0299
vn 0.0599 0.6483 -0.7590
vn 0.0598 0.6483 -0.7590
vn 0.0597 0.6483 -0.7590
vn 0.1777 0.6483 -0.7404
vn 0.1777 0.6484 -0.7403
vn 0.1778 0.6484 -0.7403
vn 0.2914 0.6483 -0.7034
vn 0.3979 0.6483 -0.6492
vn 0.3978 0.6483 -0.6492
vn 0.3979 0.6483 -0.6491
vn 0.3978 0.6483 -0.6491
vn 0.4945 0.6483 -0.5790
vn 0.5789 0.6483 -0.4945
vn 0.5790 0.6483 -0.4944
vn 0.5790 0.6483 -0.4945
vn 0.6492 0.6483 -0.3978
vn 0.8298 0.5213 -0.1992
vn 0.7403 0.6483 -0.1778
vn 0.7402 0.6484 -0.1778
vn 0.7404 0.6483 -0.1778
vn 0.6326 0.7594 -0.1519
vn 0.5092 0.8519 -0.1223
vn 0.5093 0.8519 -0.1222
vn 0.5092 0.8519 -0.1222
vn 0.3733 0.9234 -0.0893
vn 0.3731 0.9235 -0.0895
vn 0.3731 0.9235 -0.0896
vn 0.3732 0.9234 -0.0895
vn 0.2276 0.9722 -0.0546
vn 0.2276 0.9722 -0.0547
vn 0.0821 0.9966 -0.0120
vn 0.0766 0.9969 -0.0186
vn 0.0824 0.9966 -0.0077
vn 0.0669 0.5214 -0.8507
vn 0.0670 0.5213 -0.8507
vn 0.0669 0.5213 -0.8507
vn 0.1992 0.5213 -0.8298
vn 0.1992 0.5214 -0.8298
vn 0.1992 0.5214 -0.8297
vn 0.3266 0.5213 -0.7884
vn 0.3265 0.5214 -0.7884
vn 0.3264 0.5214 -0.7884
vn 0.4459 0.5214 -0.7276
vn 0.4459 0.5213 -0.7276
vn 0.5542 0.5214 -0.6489
vn 0.5542 0.5213 -0.6489
vn 0.5544 0.5209 -0.6491
vn 0.6489 0.5214 -0.5542
vn 0.6489 0.5214 -0.5541
vn 0.7276 0.5213 -0.4459
vn 0.7277 0.5215 -0.4455
vn 0.7884 0.5213 -0.3266
vn 0.9214 0.3817 -0.0725
vn 0.8507 0.5213 -0.0669
vn 0.8507 0.5213 -0.0670
vn 0.8508 0.5213 -0.0670
vn 0.7590 0.6483 -0.0597
vn 0.6486 0.7594 -0.0511
vn 0.6486 0.7594 -0.0510
vn 0.5221 0.8519 -0.0411
vn 0.5220 0.8519 -0.0411
vn 0.5220 0.8519 -0.0412
vn 0.3825 0.9235 -0.0301
vn 0.3824 0.9235 -0.0301
vn 0.3826 0.9234 -0.0301
vn 0.2334 0.9722 -0.0183
vn 0.2334 0.9722 -0.0184
vn 0.2333 0.9722 -0.0183
vn 0.2333 0.9722 -0.0184
vn 0.0802 0.9968 -0.0032
vn 0.0727 0.3817 -0.9214
vn 0.0725 0.3817 -0.9214
vn 0.0725 0.3818 -0.9214
vn 0.2158 0.3816 -0.8988
vn 0.2161 0.3814 -0.8988
vn 0.2160 0.3817 -0.8987
vn 0.2157 0.3817 -0.8988
vn 0.3537 0.3817 -0.8539
vn 0.3538 0.3817 -0.8539
vn 0.4829 0.3817 -0.7881
vn 0.4830 0.3817 -0.7881
vn 0.4830 0.3817 -0.7880
vn 0.6003 0.3817 -0.7029
vn 0.6003 0.3817 -0.7028
vn 0.7028 0.3816 -0.6004
vn 0.7028 0.3816 -0.6003
vn 0.7028 0.3817 -0.6003
vn 0.7881 0.3816 -0.4830
vn 0.7881 0.3817 -0.4829
vn 0.8539 0.3817 -0.3537
vn 0.8538 0.3822 -0.3535
vn 0.8539 0.3817 -0.3538
vn 0.8988 0.3816 -0.2157
vn 0.8987 0.3817 -0.2158
vn 0.8298 0.5214 -0.1992
vn 0.7884 0.5213 -0.3267
vn 0.4948 0.7594 -0.4226
vn 0.3982 0.8519 -0.3401
vn 0.2492 0.9234 -0.2918
vn 0.2006 0.9234 -0.3271
vn 0.1222 0.9722 -0.1996
vn 0.0302 0.9969 -0.0727
vn 0.9695 0.2328 -0.0763
vn 0.9695 0.2327 -0.0763
vn 0.9456 0.2328 -0.2271
vn 0.9457 0.2328 -0.2270
vn 0.9457 0.2326 -0.2270
vn 0.8985 0.2328 -0.3721
vn 0.8985 0.2325 -0.3723
vn 0.8985 0.2329 -0.3722
vn 0.8985 0.2328 -0.3722
vn 0.8292 0.2327 -0.5082
vn 0.8292 0.2328 -0.5082
vn 0.8292 0.2328 -0.5081
vn 0.7395 0.2328 -0.6316
vn 0.7395 0.2327 -0.6316
vn 0.6316 0.2328 -0.7395
vn 0.5081 0.2329 -0.8292
vn 0.5082 0.2327 -0.8292
vn 0.5082 0.2328 -0.8292
vn 0.5083 0.2326 -0.8292
vn 0.3721 0.2328 -0.8985
vn 0.3724 0.2324 -0.8985
vn 0.3721 0.2326 -0.8986
vn 0.3722 0.2327 -0.8985
vn 0.2271 0.2328 -0.9456
vn 0.2270 0.2328 -0.9457
vn 0.2272 0.2329 -0.9456
vn 0.0763 0.2327 -0.9696
vn 0.0763 0.2328 -0.9695
vn 0.9939 0.0782 -0.0782
vn 0.9939 0.0782 -0.0783
vn 0.9694 0.0782 -0.2328
vn 0.9694 0.0782 -0.2327
vn 0.9211 0.0782 -0.3815
vn 0.8500 0.0782 -0.5209
vn 0.7581 0.0782 -0.6474
vn 0.7581 0.0782 -0.6475
vn 0.6475 0.0782 -0.7581
vn 0.6474 0.0783 -0.7581
vn 0.5209 0.0783 -0.8500
vn 0.5209 0.0782 -0.8500
vn 0.3814 0.0782 -0.9211
vn 0.3815 0.0783 -0.9211
vn 0.3815 0.0783 -0.9210
vn 0.3816 0.0783 -0.9210
vn 0.2327 0.0782 -0.9694
vn 0.2327 0.0783 -0.9694
vn 0.0783 0.0782 -0.9939
vn 0.0782 0.0782 -0.9939
vn 0.0797 0.9968 0.0039
vn 0.0792 0.9969 0.0025
vn 0.9972 0.0742 0.0000
vn 0.9742 0.2258 -0.0001
vn 0.9969 0.0784 0.0000
vn 0.9742 0.2256 -0.0000
vn 0.9266 0.3761 -0.0001
vn 0.9265 0.3762 -0.0001
vn 0.9265 0.3762 -0.0003
vn 0.9724 0.2334 -0.0000
vn 0.9266 0.3761 0.0000
vn 0.8560 0.5170 -0.0001
vn 0.9239 0.3827 -0.0000
vn 0.8558 0.5173 -0.0000
vn 0.7650 0.6440 -0.0001
vn 0.7650 0.6441 -0.0002
vn 0.8527 0.5224 0.0000
vn 0.7639 0.6454 0.0000
vn 0.6523 0.7580 -0.0001
vn 0.6524 0.7579 -0.0001
vn 0.6524 0.7579 -0.0003
vn 0.7604 0.6494 -0.0000
vn 0.6529 0.7574 0.0000
vn 0.5260 0.8505 -0.0001
vn 0.6495 0.7604 0.0000
vn 0.5253 0.8509 -0.0000
vn 0.3917 0.9201 -0.0001
vn 0.3917 0.9201 -0.0004
vn 0.5224 0.8527 0.0000
vn 0.3846 0.9231 0.0000
vn 0.2395 0.9709 -0.0001
vn 0.2395 0.9709 -0.0003
vn 0.3827 0.9239 0.0000
vn 0.2348 0.9720 0.0000
vn 0.0796 0.9968 0.0031
vn 0.0802 0.9968 -0.0001
vn 0.2334 0.9724 0.0000
vn 0.0762 0.2251 0.9713
vn 0.0765 0.2252 0.9713
vn 0.0763 0.2251 0.9713
vn 0.9713 0.2252 0.0764
vn 0.9713 0.2250 0.0766
vn 0.9714 0.2250 0.0764
vn 0.0728 0.3753 0.9241
vn 0.0729 0.3754 0.9240
vn 0.9242 0.3750 0.0728
vn 0.9241 0.3752 0.0728
vn 0.9241 0.3752 0.0727
vn 0.0673 0.5157 0.8541
vn 0.0670 0.5163 0.8538
vn 0.0671 0.5163 0.8538
vn 0.0600 0.6461 0.7609
vn 0.0600 0.6443 0.7624
vn 0.0600 0.6442 0.7625
vn 0.5779 0.3375 0.7430
vn 0.0514 0.7566 0.6518
vn 0.5614 0.4077 0.7202
vn 0.0415 0.8502 0.5248
vn 0.0414 0.8503 0.5247
vn 0.5416 0.4678 0.6985
vn 0.0304 0.9225 0.3848
vn 0.0304 0.9226 0.3846
vn 0.0189 0.9718 0.2349
vn 0.0188 0.9719 0.2347
vn 0.0191 0.9719 0.2347
vn 0.0247 0.9966 0.0789
vn 0.0249 0.9966 0.0788
vn 0.0302 0.9969 0.0730
vn 0.0185 0.9969 0.0768
vn 0.0017 0.9968 0.0800
vn 0.0061 0.9969 0.0789
vn 0.0037 0.9968 0.0798
vn 0.0789 0.9969 0.0062
vn 0.9949 0.0740 0.0683
vn 0.9932 0.0862 0.0782
vn 0.1840 0.0916 -0.9787
vn 0.9703 0.0838 0.2271
vn -0.4289 -0.0409 -0.9024
vn 0.9689 0.0844 0.2326
vn 0.9703 0.0985 0.2210
vn 0.9231 0.0941 0.3728
vn 0.9182 0.1104 0.3805
vn 0.8526 0.1023 0.5125
vn 0.8504 0.1033 0.5160
vn 0.8504 0.1026 0.5160
vn 0.8481 0.1030 0.5197
vn 0.8517 0.1224 0.5095
vn 0.7603 0.1107 0.6401
vn 0.7538 0.1326 0.6436
vn 0.6487 0.1175 0.7519
vn 0.6476 0.1155 0.7532
vn 0.6467 0.1167 0.7538
vn 0.6451 0.1158 0.7553
vn 0.6491 0.1449 0.7468
vn 0.5223 0.1214 0.8441
vn 0.5164 0.1527 0.8426
vn 0.5164 0.1527 0.8427
vn 0.3851 0.1151 0.9157
vn 0.3811 0.1199 0.9167
vn 0.3830 0.1168 0.9163
vn 0.3799 0.1210 0.9171
vn 0.3828 0.1667 0.9087
vn 0.3827 0.1667 0.9087
vn 0.2333 0.1214 0.9648
vn 0.2335 0.1211 0.9648
vn 0.2338 0.1226 0.9645
vn 0.2303 0.1615 0.9596
vn 0.0562 0.1237 0.9907
vn 0.0562 0.1233 0.9908
vn 0.0770 0.1143 0.9905
vn 0.0776 0.1143 0.9904
vn 0.0785 0.1526 0.9852
vn 0.2365 0.9715 0.0189
vn 0.2360 0.9716 0.0186
vn 0.2354 0.9717 0.0185
vn 0.2355 0.9717 0.0185
vn 0.1229 0.9719 0.2008
vn 0.1230 0.9719 0.2008
vn 0.1229 0.9719 0.2009
vn -0.1908 -0.8735 0.4478
vn -0.1003 -0.4592 -0.8827
vn 0.0191 0.9719 0.2348
vn 0.0544 0.9719 0.2292
vn 0.0550 0.9718 0.2291
vn 0.0545 0.9719 0.2291
vn 0.0551 0.9719 0.2290
vn 0.0903 0.9719 0.2175
vn 0.1229 0.9719 0.2010
vn 0.0417 0.9968 0.0675
vn 0.0497 0.9966 0.0654
vn 0.0497 0.9966 0.0655
vn 0.3859 0.9220 0.0305
vn 0.3854 0.9222 0.0304
vn 0.3845 0.9226 0.0303
vn 0.3844 0.9227 0.0302
vn 0.2384 0.9710 0.0187
vn 0.2508 0.9225 0.2934
vn 0.2508 0.9225 0.2935
vn 0.2509 0.9225 0.2934
vn 0.0313 0.9194 0.3920
vn 0.0893 0.9226 0.3753
vn 0.0900 0.9225 0.3753
vn 0.0897 0.9226 0.3752
vn 0.0903 0.9225 0.3753
vn 0.1473 0.9226 0.3566
vn 0.1480 0.9225 0.3566
vn 0.1476 0.9225 0.3566
vn 0.1482 0.9224 0.3566
vn 0.2016 0.9225 0.3291
vn 0.2015 0.9226 0.3290
vn 0.1529 0.9719 0.1789
vn 0.1527 0.9719 0.1790
vn 0.1534 0.9718 0.1792
vn 0.1537 0.9717 0.1792
vn 0.0515 0.9969 0.0602
vn 0.5258 0.8496 0.0414
vn 0.5247 0.8503 0.0413
vn 0.5248 0.8502 0.0414
vn 0.3873 0.9215 0.0306
vn 0.4002 0.8502 0.3419
vn 0.4004 0.8501 0.3421
vn 0.4000 0.8503 0.3420
vn 0.0410 0.8507 0.5240
vn 0.1228 0.8502 0.5119
vn 0.1229 0.8502 0.5119
vn 0.2016 0.8503 0.4862
vn 0.2014 0.8503 0.4863
vn 0.2015 0.8502 0.4863
vn 0.2013 0.8503 0.4864
vn 0.2750 0.8502 0.4489
vn 0.2751 0.8502 0.4489
vn 0.2750 0.8502 0.4490
vn 0.3419 0.8502 0.4003
vn 0.3422 0.8501 0.4004
vn 0.3421 0.8501 0.4004
vn 0.3423 0.8500 0.4005
vn 0.3998 0.8505 0.3419
vn 0.2932 0.9226 0.2506
vn 0.2932 0.9227 0.2505
vn 0.2933 0.9226 0.2506
vn 0.2934 0.9226 0.2506
vn 0.1791 0.9718 0.1531
vn 0.1791 0.9719 0.1530
vn 0.1792 0.9718 0.1531
vn 0.1793 0.9718 0.1531
vn 0.0603 0.9969 0.0515
vn 0.0660 0.9966 0.0491
vn 0.0658 0.9966 0.0493
vn 0.6521 0.7564 0.0514
vn 0.6520 0.7565 0.0513
vn 0.6518 0.7566 0.0513
vn 0.6518 0.7567 0.0513
vn 0.5256 0.8496 0.0439
vn 0.5575 0.7567 0.3416
vn 0.5576 0.7566 0.3415
vn 0.5574 0.7567 0.3416
vn 0.0512 0.7567 0.6517
vn 0.1528 0.7567 0.6357
vn 0.1527 0.7566 0.6358
vn 0.1526 0.7565 0.6359
vn 0.2503 0.7567 0.6040
vn 0.2500 0.7567 0.6040
vn 0.2501 0.7567 0.6040
vn 0.2499 0.7568 0.6040
vn 0.3416 0.7566 0.5575
vn 0.3416 0.7567 0.5574
vn 0.3417 0.7567 0.5574
vn 0.4248 0.7566 0.4971
vn 0.4246 0.7566 0.4972
vn 0.4247 0.7566 0.4972
vn 0.4245 0.7567 0.4972
vn 0.4972 0.7566 0.4247
vn 0.4973 0.7565 0.4247
vn 0.4973 0.7566 0.4247
vn 0.5573 0.7568 0.3416
vn 0.4488 0.8503 0.2750
vn 0.4490 0.8502 0.2750
vn 0.4488 0.8503 0.2749
vn 0.4486 0.8504 0.2749
vn 0.3290 0.9225 0.2016
vn 0.3290 0.9226 0.2015
vn 0.3291 0.9225 0.2017
vn 0.2006 0.9719 0.1231
vn 0.2007 0.9719 0.1231
vn 0.2004 0.9720 0.1230
vn 0.2003 0.9720 0.1230
vn 0.0675 0.9969 0.0414
vn 0.8541 0.5157 0.0672
vn 0.8540 0.5160 0.0672
vn 0.8539 0.5160 0.0672
vn 0.7628 0.6438 0.0600
vn 0.7629 0.6437 0.0600
vn 0.7625 0.6442 0.0600
vn 0.7623 0.6444 0.0600
vn 0.6525 0.7560 0.0513
vn 0.7066 0.6443 0.2926
vn 0.7065 0.6444 0.2925
vn 0.0600 0.6497 0.7578
vn 0.0601 0.6474 0.7597
vn 0.1790 0.6438 0.7439
vn 0.1785 0.6443 0.7436
vn 0.1784 0.6445 0.7435
vn 0.2923 0.6443 0.7067
vn 0.2926 0.6443 0.7066
vn 0.2925 0.6443 0.7066
vn 0.2928 0.6443 0.7065
vn 0.3997 0.6442 0.6521
vn 0.3995 0.6444 0.6521
vn 0.3996 0.6443 0.6521
vn 0.3994 0.6445 0.6520
vn 0.4969 0.6442 0.5815
vn 0.4967 0.6442 0.5816
vn 0.4968 0.6441 0.5816
vn 0.4966 0.6441 0.5818
vn 0.5817 0.6443 0.4965
vn 0.5816 0.6442 0.4967
vn 0.5816 0.6442 0.4968
vn 0.6518 0.6446 0.3995
vn 0.6520 0.6444 0.3996
vn 0.6522 0.6442 0.3995
vn 0.6041 0.7566 0.2502
vn 0.6041 0.7567 0.2501
vn 0.6041 0.7566 0.2503
vn 0.4864 0.8502 0.2015
vn 0.4864 0.8502 0.2016
vn 0.4863 0.8503 0.2013
vn 0.3566 0.9225 0.1477
vn 0.3565 0.9226 0.1476
vn 0.3564 0.9226 0.1477
vn 0.2176 0.9719 0.0901
vn 0.2174 0.9719 0.0901
vn 0.2175 0.9719 0.0900
vn 0.2176 0.9719 0.0899
vn 0.0733 0.9968 0.0304
vn 0.0786 0.9966 0.0241
vn 0.8542 0.5155 0.0671
vn 0.8538 0.5163 0.0673
vn 0.8329 0.5161 0.1999
vn 0.8329 0.5160 0.1999
vn 0.0676 0.5121 0.8562
vn 0.0679 0.5115 0.8566
vn 0.2001 0.5161 0.8328
vn 0.1999 0.5163 0.8328
vn 0.2000 0.5162 0.8328
vn 0.1998 0.5164 0.8327
vn 0.3278 0.5161 0.7913
vn 0.3279 0.5159 0.7914
vn 0.3279 0.5160 0.7914
vn 0.3280 0.5158 0.7914
vn 0.4474 0.5163 0.7303
vn 0.4475 0.5161 0.7303
vn 0.4475 0.5161 0.7304
vn 0.4475 0.5159 0.7305
vn 0.5563 0.5163 0.6512
vn 0.5563 0.5162 0.6513
vn 0.5563 0.5162 0.6512
vn 0.5562 0.5161 0.6513
vn 0.6512 0.5163 0.5563
vn 0.6513 0.5161 0.5563
vn 0.6514 0.5159 0.5564
vn 0.7301 0.5164 0.4476
vn 0.7303 0.5161 0.4475
vn 0.7303 0.5162 0.4475
vn 0.7305 0.5159 0.4474
vn 0.7912 0.5163 0.3279
vn 0.7913 0.5162 0.3278
vn 0.7914 0.5160 0.3277
vn 0.8329 0.5160 0.2000
vn 0.7436 0.6444 0.1785
vn 0.7435 0.6445 0.1786
vn 0.7436 0.6443 0.1785
vn 0.6358 0.7566 0.1526
vn 0.6358 0.7566 0.1527
vn 0.5121 0.8501 0.1229
vn 0.5119 0.8502 0.1229
vn 0.5123 0.8500 0.1229
vn 0.3753 0.9225 0.0901
vn 0.3755 0.9224 0.0902
vn 0.3750 0.9226 0.0901
vn 0.3748 0.9227 0.0900
vn 0.2288 0.9719 0.0550
vn 0.2287 0.9719 0.0550
vn 0.2296 0.9717 0.0551
vn 0.2298 0.9717 0.0551
vn 0.0768 0.9969 0.0187
vn 0.0734 0.3527 0.9329
vn 0.0734 0.3517 0.9332
vn 0.0734 0.3522 0.9330
vn 0.0728 0.3751 0.9241
vn 0.2163 0.3750 0.9014
vn 0.2165 0.3750 0.9014
vn 0.2166 0.3750 0.9014
vn 0.3547 0.3755 0.8563
vn 0.3547 0.3752 0.8564
vn 0.3548 0.3750 0.8564
vn 0.4843 0.3752 0.7904
vn 0.4844 0.3752 0.7903
vn 0.4844 0.3753 0.7903
vn 0.4845 0.3753 0.7902
vn 0.6017 0.3751 0.7052
vn 0.6019 0.3752 0.7049
vn 0.6021 0.3752 0.7048
vn 0.7048 0.3752 0.6021
vn 0.7049 0.3753 0.6019
vn 0.7048 0.3753 0.6020
vn 0.7049 0.3754 0.6018
vn 0.7903 0.3753 0.4843
vn 0.7903 0.3753 0.4844
vn 0.8565 0.3751 0.3546
vn 0.8564 0.3751 0.3547
vn 0.9013 0.3753 0.2163
vn 0.9013 0.3753 0.2164
vn 0.9242 0.3749 0.0727
vn 0.9242 0.3749 0.0729
vn 0.0768 0.2071 0.9753
vn 0.0760 0.2250 0.9714
vn 0.2276 0.2248 0.9475
vn 0.2275 0.2250 0.9474
vn 0.2275 0.2253 0.9474
vn 0.3730 0.2251 0.9001
vn 0.3728 0.2251 0.9002
vn 0.3725 0.2250 0.9003
vn 0.5093 0.2248 0.8307
vn 0.5092 0.2249 0.8307
vn 0.5092 0.2251 0.8307
vn 0.6328 0.2250 0.7409
vn 0.6328 0.2249 0.7409
vn 0.6329 0.2248 0.7409
vn 0.7408 0.2249 0.6330
vn 0.7409 0.2249 0.6329
vn 0.7410 0.2249 0.6327
vn 0.8308 0.2250 0.5091
vn 0.8308 0.2249 0.5092
vn 0.8308 0.2247 0.5092
vn 0.9003 0.2250 0.3727
vn 0.9002 0.2250 0.3728
vn 0.9002 0.2250 0.3729
vn 0.9475 0.2250 0.2274
vn 0.9474 0.2250 0.2275
vn 0.9713 0.2254 0.0765
vn 0.9714 0.2255 0.0747
vn -0.0000 0.1500 0.9887
vn 0.0000 0.1460 0.9893
vn -0.0000 0.1419 0.9899
vn 0.0000 0.2260 0.9741
vn -0.0000 0.2256 0.9742
vn -0.0000 0.2228 0.9749
vn 0.0000 0.2202 0.9755
vn -0.0000 0.2167 0.9762
vn 0.0000 0.2346 0.9721
vn -0.0000 0.3760 0.9266
vn 0.0000 0.3759 0.9267
vn 0.0000 0.3783 0.9257
vn 0.0000 0.3742 0.9273
vn 0.0000 0.3804 0.9248
vn 0.0000 0.3727 0.9279
vn 0.0000 0.5175 0.8557
vn -0.0000 0.5149 0.8572
vn 0.0000 0.5201 0.8541
vn 0.0000 0.5161 0.8566
vn -0.0000 0.5266 0.8501
vn 0.0000 0.6453 0.7639
vn -0.0000 0.6454 0.7638
vn -0.0002 0.6463 0.7631
vn 0.0000 0.6472 0.7623
vn 0.0000 0.6482 0.7615
vn 0.0000 0.7576 0.6527
vn -0.0000 0.7577 0.6526
vn 0.5518 0.3449 0.7593
vn 0.0000 0.4197 0.9076
vn 0.3535 -0.1464 -0.9239
vn -0.0000 0.8509 0.5253
vn 0.0000 0.8508 0.5254
vn 0.5457 0.4117 0.7299
vn 0.0000 0.4842 0.8750
vn 0.0000 0.9230 0.3849
vn 0.5385 0.4645 0.7031
vn 0.0000 0.5567 0.8307
vn -0.0000 0.9720 0.2348
vn 0.0000 0.9720 0.2349
vn -0.3535 0.1464 -0.9239
vn 0.0000 -0.1237 0.9923
vn 0.0000 -0.0826 0.9966
vn 0.0000 -0.0824 0.9966
vn 0.0000 -0.0822 0.9966
vn 0.0000 -0.0413 0.9991
vn 0.0000 -0.0411 0.9992
vn 0.0000 -0.0412 0.9992
vn 0.0000 0.0413 0.9991
vn -0.0000 0.0415 0.9991
vn -0.0000 0.0825 0.9966
vn 0.0000 0.0822 0.9966
vn 0.0000 0.0824 0.9966
vn 0.0000 0.0826 0.9966
vn 0.0000 0.1237 0.9923
vn -0.0037 -0.9968 0.0797
vn 0.0025 -0.9968 0.0799
vn -0.0017 -0.9968 0.0798
vn 0.0032 -0.9968 0.0802
vn 0.0000 -0.9720 0.2348
vn -0.0000 -0.9720 0.2349
vn 0.0000 -0.5567 0.8307
vn 0.8121 -0.3172 0.4898
vn 0.0000 -0.9230 0.3849
vn -0.0000 -0.9230 0.3848
vn 0.0000 -0.4842 0.8750
vn 0.8203 -0.2846 0.4961
vn 0.0000 -0.8509 0.5254
vn 0.0000 -0.8509 0.5253
vn 0.0000 -0.4198 0.9076
vn 0.8272 -0.2277 0.5137
vn 0.0000 -0.7577 0.6526
vn -0.0000 -0.7576 0.6527
vn 0.0000 -0.6470 0.7625
vn 0.0000 -0.6464 0.7630
vn 0.0001 -0.6459 0.7634
vn 0.0000 -0.6454 0.7639
vn -0.0000 -0.6454 0.7638
vn 0.0000 -0.5268 0.8500
vn -0.0000 -0.5170 0.8560
vn 0.0000 -0.5203 0.8540
vn -0.0000 -0.5152 0.8571
vn 0.0000 -0.5174 0.8557
vn -0.0000 -0.5178 0.8555
vn -0.0000 -0.3741 0.9274
vn 0.0000 -0.3802 0.9249
vn 0.0002 -0.3750 0.9270
vn 0.0000 -0.3781 0.9258
vn 0.0000 -0.3759 0.9267
vn 0.0000 -0.3760 0.9266
vn 0.0000 -0.2348 0.9720
vn -0.0000 -0.2204 0.9754
vn 0.0000 -0.2170 0.9762
vn 0.0001 -0.2229 0.9748
vn 0.0000 -0.2256 0.9742
vn -0.0000 -0.2260 0.9741
vn 0.0000 -0.1420 0.9899
vn -0.0000 -0.1462 0.9893
vn 0.0000 -0.1502 0.9887
vn -0.0785 -0.9966 0.0239
vn -0.0767 -0.9969 0.0185
vn -0.0660 -0.9966 0.0492
vn -0.0675 -0.9969 0.0413
vn -0.0658 -0.9966 0.0493
vn -0.0604 -0.9968 0.0516
vn -0.0497 -0.9966 0.0655
vn -0.0513 -0.9969 0.0600
vn -0.0414 -0.9969 0.0675
vn -0.0250 -0.9966 0.0790
vn -0.0304 -0.9969 0.0731
vn -0.0184 -0.9969 0.0769
vn -0.0061 -0.9969 0.0790
vn -0.2354 -0.9717 0.0185
vn -0.2352 -0.9718 0.0185
vn 0.6469 -0.4919 0.5827
vn -0.0188 -0.9719 0.2348
vn -0.3846 -0.9226 0.0303
vn -0.3842 -0.9227 0.0304
vn -0.3842 -0.9228 0.0303
vn -0.0302 -0.9226 0.3846
vn -0.0305 -0.9225 0.3848
vn -0.0304 -0.9225 0.3847
vn -0.5252 -0.8499 0.0413
vn -0.5248 -0.8502 0.0414
vn -0.0413 -0.8502 0.5249
vn -0.6520 -0.7565 0.0513
vn 0.7008 -0.3084 0.6433
vn -0.0513 -0.7566 0.6518
vn -0.0512 -0.7566 0.6519
vn -0.7624 -0.6443 0.0600
vn -0.0601 -0.6457 0.7612
vn -0.0600 -0.6444 0.7623
vn -0.8538 -0.5163 0.0672
vn -0.8538 -0.5162 0.0672
vn -0.0672 -0.5137 0.8554
vn -0.0670 -0.5163 0.8538
vn -0.9241 -0.3753 0.0727
vn -0.0729 -0.3718 0.9254
vn -0.0729 -0.3749 0.9242
vn -0.0728 -0.3751 0.9241
vn -0.9714 -0.2250 0.0764
vn -0.9713 -0.2251 0.0766
vn -0.0763 -0.2237 0.9717
vn -0.0765 -0.2251 0.9713
vn -0.0762 -0.2252 0.9713
vn -0.9949 -0.0741 0.0683
vn -0.9932 -0.0862 0.0782
vn 0.2237 -0.0620 0.9727
vn -0.9702 -0.0838 0.2273
vn -0.4290 -0.0409 0.9024
vn -0.9689 -0.0843 0.2326
vn -0.9703 -0.0984 0.2210
vn -0.9231 -0.0941 0.3728
vn -0.9182 -0.1106 0.3805
vn -0.8523 -0.1020 0.5131
vn -0.8504 -0.1028 0.5160
vn -0.8503 -0.1025 0.5163
vn -0.8482 -0.1030 0.5196
vn -0.8517 -0.1227 0.5095
vn -0.7604 -0.1103 0.6400
vn -0.7537 -0.1326 0.6437
vn -0.6490 -0.1162 0.7518
vn -0.6479 -0.1151 0.7530
vn -0.6468 -0.1160 0.7538
vn -0.6450 -0.1158 0.7553
vn -0.6491 -0.1456 0.7466
vn -0.5224 -0.1215 0.8440
vn -0.5160 -0.1547 0.8425
vn -0.3811 -0.1198 0.9167
vn -0.3799 -0.1209 0.9171
vn -0.3827 -0.1664 0.9088
vn -0.2332 -0.1303 0.9637
vn -0.2304 -0.1611 0.9597
vn -0.2303 -0.1610 0.9597
vn -0.0566 -0.1237 0.9907
vn -0.0769 -0.1225 0.9895
vn -0.0777 -0.1225 0.9894
vn -0.0786 -0.1412 0.9869
vn -0.9715 -0.2249 0.0747
vn -0.9475 -0.2249 0.2275
vn -0.9475 -0.2249 0.2274
vn -0.9002 -0.2250 0.3729
vn -0.9002 -0.2249 0.3729
vn -0.8307 -0.2249 0.5093
vn -0.8307 -0.2249 0.5092
vn -0.8307 -0.2251 0.5092
vn -0.7410 -0.2251 0.6327
vn -0.7409 -0.2250 0.6328
vn -0.7408 -0.2250 0.6329
vn -0.6329 -0.2247 0.7409
vn -0.6328 -0.2249 0.7409
vn -0.6327 -0.2251 0.7409
vn -0.5092 -0.2249 0.8307
vn -0.5093 -0.2247 0.8307
vn -0.5092 -0.2247 0.8308
vn -0.5093 -0.2245 0.8308
vn -0.3728 -0.2249 0.9003
vn -0.3728 -0.2249 0.9002
vn -0.3730 -0.2248 0.9002
vn -0.2275 -0.2254 0.9473
vn -0.2275 -0.2249 0.9474
vn -0.2276 -0.2245 0.9475
vn -0.0765 -0.2228 0.9719
vn -0.0765 -0.2205 0.9724
vn -0.9241 -0.3751 0.0727
vn -0.9013 -0.3753 0.2163
vn -0.9014 -0.3751 0.2164
vn -0.8564 -0.3752 0.3547
vn -0.8564 -0.3752 0.3548
vn -0.7903 -0.3753 0.4843
vn -0.7049 -0.3751 0.6020
vn -0.7049 -0.3750 0.6020
vn -0.6021 -0.3751 0.7048
vn -0.6021 -0.3752 0.7048
vn -0.6019 -0.3752 0.7049
vn -0.4841 -0.3755 0.7904
vn -0.4842 -0.3753 0.7904
vn -0.4843 -0.3751 0.7904
vn -0.3548 -0.3753 0.8563
vn -0.3547 -0.3751 0.8564
vn -0.3547 -0.3749 0.8565
vn -0.2166 -0.3752 0.9013
vn -0.2165 -0.3751 0.9014
vn -0.2163 -0.3748 0.9015
vn -0.0726 -0.3723 0.9253
vn -0.0730 -0.3670 0.9274
vn -0.8537 -0.5164 0.0672
vn -0.8328 -0.5161 0.2000
vn -0.7914 -0.5161 0.3277
vn -0.7914 -0.5160 0.3277
vn -0.7304 -0.5160 0.4475
vn -0.7304 -0.5161 0.4475
vn -0.7303 -0.5162 0.4475
vn -0.6514 -0.5160 0.5563
vn -0.6513 -0.5161 0.5563
vn -0.6512 -0.5162 0.5563
vn -0.5563 -0.5162 0.6512
vn -0.5562 -0.5162 0.6512
vn -0.4470 -0.5162 0.7306
vn -0.4474 -0.5160 0.7305
vn -0.4472 -0.5161 0.7305
vn -0.4478 -0.5159 0.7303
vn -0.3280 -0.5160 0.7913
vn -0.3279 -0.5160 0.7913
vn -0.3279 -0.5161 0.7913
vn -0.1998 -0.5164 0.8327
vn -0.2000 -0.5163 0.8328
vn -0.1999 -0.5163 0.8327
vn -0.2001 -0.5161 0.8328
vn -0.0669 -0.5165 0.8537
vn -0.0675 -0.5109 0.8570
vn -0.7622 -0.6446 0.0599
vn -0.7436 -0.6443 0.1786
vn -0.7436 -0.6444 0.1785
vn -0.7066 -0.6443 0.2926
vn -0.7067 -0.6442 0.2927
vn -0.6520 -0.6445 0.3994
vn -0.6520 -0.6443 0.3996
vn -0.6520 -0.6444 0.3997
vn -0.5814 -0.6444 0.4967
vn -0.5815 -0.6444 0.4966
vn -0.5815 -0.6444 0.4967
vn -0.5815 -0.6444 0.4965
vn -0.4966 -0.6442 0.5817
vn -0.4968 -0.6442 0.5816
vn -0.4967 -0.6442 0.5816
vn -0.4969 -0.6442 0.5815
vn -0.3995 -0.6445 0.6520
vn -0.3996 -0.6443 0.6520
vn -0.3997 -0.6442 0.6521
vn -0.2928 -0.6443 0.7066
vn -0.2926 -0.6443 0.7066
vn -0.2924 -0.6444 0.7066
vn -0.1784 -0.6444 0.7436
vn -0.1785 -0.6443 0.7436
vn -0.1785 -0.6443 0.7437
vn -0.1790 -0.6438 0.7439
vn -0.0599 -0.6466 0.7605
vn -0.0600 -0.6483 0.7590
vn -0.6522 -0.7564 0.0513
vn -0.6358 -0.7566 0.1527
vn -0.6357 -0.7566 0.1527
vn -0.6041 -0.7566 0.2502
vn -0.5577 -0.7565 0.3416
vn -0.5574 -0.7568 0.3415
vn -0.5575 -0.7567 0.3415
vn -0.5572 -0.7569 0.3414
vn -0.4973 -0.7565 0.4247
vn -0.4972 -0.7566 0.4247
vn -0.4244 -0.7568 0.4972
vn -0.4247 -0.7567 0.4971
vn -0.4246 -0.7567 0.4972
vn -0.4249 -0.7565 0.4971
vn -0.3416 -0.7568 0.5573
vn -0.3417 -0.7566 0.5575
vn -0.2499 -0.7567 0.6041
vn -0.2500 -0.7567 0.6041
vn -0.2501 -0.7566 0.6041
vn -0.2502 -0.7566 0.6041
vn -0.1529 -0.7566 0.6358
vn -0.0508 -0.7564 0.6521
vn -0.5257 -0.8496 0.0439
vn -0.5118 -0.8503 0.1228
vn -0.5120 -0.8501 0.1229
vn -0.5122 -0.8500 0.1230
vn -0.4864 -0.8502 0.2014
vn -0.4865 -0.8502 0.2014
vn -0.4487 -0.8503 0.2750
vn -0.4005 -0.8501 0.3420
vn -0.4001 -0.8503 0.3419
vn -0.4003 -0.8502 0.3420
vn -0.3999 -0.8504 0.3419
vn -0.3421 -0.8501 0.4003
vn -0.3419 -0.8503 0.4001
vn -0.2751 -0.8502 0.4488
vn -0.2750 -0.8502 0.4489
vn -0.2013 -0.8503 0.4863
vn -0.2015 -0.8503 0.4862
vn -0.2017 -0.8503 0.4862
vn -0.1232 -0.8502 0.5119
vn -0.1227 -0.8502 0.5120
vn -0.0414 -0.8502 0.5249
vn 0.4079 -0.6880 -0.6003
vn 0.3455 -0.5828 0.7355
vn -0.3848 -0.9225 0.0303
vn -0.3848 -0.9225 0.0302
vn -0.3755 -0.9224 0.0901
vn -0.3752 -0.9226 0.0901
vn -0.3754 -0.9225 0.0901
vn -0.3750 -0.9226 0.0899
vn -0.3565 -0.9225 0.1476
vn -0.3565 -0.9226 0.1476
vn -0.3566 -0.9225 0.1476
vn -0.3565 -0.9226 0.1477
vn -0.3293 -0.9224 0.2017
vn -0.3291 -0.9225 0.2016
vn -0.3294 -0.9224 0.2017
vn -0.2932 -0.9226 0.2507
vn -0.2934 -0.9226 0.2506
vn -0.2510 -0.9224 0.2935
vn -0.2511 -0.9224 0.2936
vn -0.2016 -0.9225 0.3291
vn -0.1479 -0.9225 0.3564
vn -0.1478 -0.9226 0.3564
vn -0.0901 -0.9225 0.3753
vn -0.0900 -0.9225 0.3754
vn -0.0899 -0.9225 0.3754
vn -0.0302 -0.9226 0.3845
vn 0.3165 -0.7296 -0.6062
vn 0.2709 -0.6245 0.7325
vn -0.2351 -0.9718 0.0185
vn -0.2289 -0.9719 0.0549
vn -0.2295 -0.9718 0.0551
vn -0.2291 -0.9718 0.0550
vn -0.2296 -0.9717 0.0551
vn -0.2174 -0.9719 0.0901
vn -0.2178 -0.9718 0.0900
vn -0.2180 -0.9718 0.0899
vn -0.2007 -0.9719 0.1231
vn -0.2004 -0.9720 0.1230
vn -0.2006 -0.9719 0.1231
vn -0.2003 -0.9720 0.1230
vn -0.1791 -0.9719 0.1530
vn -0.1792 -0.9718 0.1531
vn -0.1791 -0.9719 0.1531
vn -0.1793 -0.9718 0.1531
vn -0.1530 -0.9719 0.1789
vn -0.1535 -0.9718 0.1792
vn -0.1532 -0.9719 0.1789
vn -0.1538 -0.9717 0.1792
vn -0.1227 -0.9719 0.2007
vn -0.1227 -0.9719 0.2008
vn -0.0904 -0.9719 0.2175
vn -0.0903 -0.9719 0.2175
vn -0.0905 -0.9719 0.2175
vn -0.0549 -0.9719 0.2290
vn -0.0544 -0.9719 0.2291
vn -0.0547 -0.9719 0.2290
vn -0.0542 -0.9719 0.2291
vn -0.0184 -0.9727 0.2314
vn -0.0793 -0.9968 0.0030
vn -0.0791 -0.9969 0.0025
vn -0.0790 -0.9969 0.0062
vn -0.3849 -0.9229 -0.0000
vn -0.3851 -0.9229 -0.0004
vn -0.3851 -0.9229 -0.0001
vn -0.5252 -0.8510 -0.0001
vn -0.6529 -0.7574 0.0000
vn -0.7637 -0.6456 -0.0000
vn -0.8527 -0.5224 0.0000
vn -0.7638 -0.6455 -0.0002
vn -0.7638 -0.6455 -0.0001
vn -0.8558 -0.5173 -0.0001
vn -0.9266 -0.3761 0.0000
vn -0.9265 -0.3764 -0.0003
vn -0.9265 -0.3764 -0.0001
vn -0.9742 -0.2258 -0.0000
vn -0.9742 -0.2256 -0.0001
vn 0.0793 -0.9968 0.0031
vn 0.0796 -0.9968 0.0029
vn 0.0795 -0.9968 0.0031
vn 0.2341 -0.9722 -0.0000
vn 0.2334 -0.9724 -0.0000
vn 0.2343 -0.9722 -0.0000
vn 0.2347 -0.9721 -0.0000
vn 0.2346 -0.9721 -0.0001
vn 0.3833 -0.9236 -0.0000
vn 0.3835 -0.9235 -0.0000
vn 0.3848 -0.9230 0.0000
vn 0.3847 -0.9230 -0.0000
vn 0.5236 -0.8519 0.0000
vn 0.5225 -0.8527 0.0000
vn 0.5247 -0.8513 -0.0000
vn 0.5262 -0.8504 0.0000
vn 0.5269 -0.8499 0.0000
vn 0.6505 -0.7595 -0.0000
vn 0.6495 -0.7604 0.0000
vn 0.6519 -0.7583 0.0000
vn 0.6529 -0.7575 -0.0001
vn 0.6530 -0.7573 -0.0000
vn 0.7614 -0.6483 -0.0000
vn 0.7604 -0.6495 0.0000
vn 0.7638 -0.6455 -0.0000
vn 0.7639 -0.6454 0.0000
vn 0.8539 -0.5205 0.0000
vn 0.8527 -0.5224 0.0000
vn 0.8553 -0.5181 0.0000
vn 0.8560 -0.5171 0.0000
vn 0.8561 -0.5168 0.0000
vn 0.9250 -0.3800 -0.0000
vn 0.9259 -0.3777 0.0000
vn 0.9263 -0.3767 -0.0000
vn 0.9261 -0.3774 0.0000
vn 0.9728 -0.2316 -0.0000
vn 0.9729 -0.2314 -0.0000
vn 0.9742 -0.2256 0.0000
vn 0.9742 -0.2257 0.0000
vn 0.9971 -0.0759 0.0000
vn 0.9969 -0.0786 -0.0000
vn 0.9972 -0.0745 0.0000
vn 0.9972 -0.0743 -0.0000
vn 0.0251 -0.9966 0.0790
vn 0.0182 -0.9969 0.0769
vn 0.0248 -0.9966 0.0789
vn 0.0497 -0.9966 0.0656
vn 0.0413 -0.9969 0.0677
vn 0.0496 -0.9966 0.0657
vn 0.0514 -0.9969 0.0602
vn 0.0660 -0.9966 0.0492
vn 0.0602 -0.9969 0.0515
vn 0.0658 -0.9966 0.0493
vn 0.0676 -0.9969 0.0413
vn 0.0131 -0.6318 0.7750
vn -0.2048 0.8704 0.4476
vn 0.0190 -0.9726 0.2318
vn 0.0062 -0.9969 0.0789
vn 0.0305 -0.9969 0.0730
vn -0.3575 0.8242 0.4392
vn -0.1834 0.4226 -0.8876
vn 0.2275 -0.2250 0.9474
vn 0.2275 -0.2252 0.9474
vn 0.8524 -0.1022 0.5128
vn 0.8524 -0.1026 0.5128
vn 0.8525 -0.1029 0.5126
vn 0.6485 -0.1175 0.7521
vn 0.6490 -0.1169 0.7518
vn 0.6495 -0.1169 0.7513
vn 0.3848 -0.1161 0.9157
vn 0.3838 -0.1165 0.9160
vn 0.3825 -0.1217 0.9159
vn 0.0784 -0.1224 0.9894
vn 0.0782 -0.1230 0.9893
vn 0.0781 -0.1229 0.9893
vn 0.0566 -0.1234 0.9907
vn 0.0567 -0.1235 0.9907
vn 0.0567 -0.1234 0.9907
vn 0.2303 -0.1612 0.9597
vn 0.2303 -0.1611 0.9597
vn 0.2336 -0.1241 0.9644
vn 0.2331 -0.1238 0.9645
vn 0.2333 -0.1214 0.9648
vn 0.9231 -0.0942 0.3728
vn -0.8801 0.4739 0.0294
vn 0.9708 -0.0847 0.2246
vn 0.9711 -0.0843 0.2233
vn 0.9949 -0.0741 0.0683
vn 0.9932 -0.0862 0.0782
vn 0.9713 -0.2252 0.0764
vn 0.9713 -0.2251 0.0764
vn 0.9714 -0.2250 0.0764
vn 0.8308 -0.2248 0.5092
vn 0.8308 -0.2247 0.5092
vn 0.9241 -0.3752 0.0727
vn 0.9242 -0.3749 0.0728
vn 0.9242 -0.3750 0.0727
vn 0.9242 -0.3748 0.0729
vn 0.9713 -0.2250 0.0765
vn 0.7903 -0.3753 0.4843
vn 0.7904 -0.3752 0.4843
vn 0.7904 -0.3751 0.4843
vn 0.7049 -0.3754 0.6019
vn 0.7048 -0.3753 0.6020
vn 0.5224 -0.1215 0.8440
vn 0.5165 -0.1514 0.8428
vn 0.5092 -0.2250 0.8307
vn 0.5092 -0.2249 0.8308
vn 0.3724 -0.2253 0.9003
vn 0.3728 -0.2252 0.9002
vn 0.3728 -0.2251 0.9002
vn 0.3548 -0.3752 0.8564
vn 0.3546 -0.3751 0.8565
vn 0.3547 -0.3752 0.8564
vn 0.2164 -0.3746 0.9016
vn 0.2166 -0.3749 0.9014
vn 0.2165 -0.3749 0.9015
vn 0.2002 -0.5163 0.8327
vn 0.2004 -0.5164 0.8326
vn 0.2000 -0.5163 0.8327
vn 0.0769 -0.1413 0.9870
vn 0.0776 -0.1413 0.9869
vn 0.0762 -0.2251 0.9713
vn 0.0765 -0.2252 0.9713
vn 0.0760 -0.2251 0.9714
vn 0.0768 -0.2073 0.9753
vn 0.0781 -0.2073 0.9752
vn 0.0728 -0.3753 0.9240
vn 0.0729 -0.3755 0.9240
vn 0.3818 -0.1188 0.9166
vn 0.3779 -0.1615 0.9116
vn 0.3732 -0.2250 0.9001
vn 0.2276 -0.2249 0.9474
vn 0.2166 -0.3751 0.9013
vn 0.0728 -0.3751 0.9241
vn 0.8539 -0.5161 0.0672
vn 0.8540 -0.5159 0.0672
vn 0.8541 -0.5158 0.0672
vn 0.7303 -0.5161 0.4475
vn 0.6511 -0.5162 0.5564
vn 0.6513 -0.5161 0.5563
vn 0.6513 -0.5162 0.5563
vn 0.6514 -0.5160 0.5562
vn 0.5559 -0.5165 0.6513
vn 0.5562 -0.5162 0.6512
vn 0.5561 -0.5163 0.6512
vn 0.7624 -0.6443 0.0599
vn 0.7625 -0.6442 0.0600
vn 0.7626 -0.6440 0.0600
vn 0.6522 -0.6442 0.3995
vn 0.6520 -0.6444 0.3996
vn 0.6518 -0.6446 0.3995
vn 0.5816 -0.6443 0.4966
vn 0.5816 -0.6443 0.4967
vn 0.5816 -0.6442 0.4967
vn 0.4966 -0.6443 0.5816
vn 0.4968 -0.6441 0.5817
vn 0.4970 -0.6439 0.5817
vn 0.3996 -0.6445 0.6519
vn 0.3996 -0.6443 0.6520
vn 0.7604 -0.1107 0.6400
vn 0.7537 -0.1327 0.6437
vn 0.7409 -0.2250 0.6328
vn 0.7408 -0.2250 0.6329
vn 0.7409 -0.2249 0.6328
vn 0.6330 -0.2248 0.7408
vn 0.6328 -0.2250 0.7409
vn 0.6020 -0.3753 0.7048
vn 0.6021 -0.3753 0.7047
vn 0.6020 -0.3752 0.7049
vn 0.4843 -0.3752 0.7904
vn 0.4842 -0.3753 0.7904
vn 0.4475 -0.5161 0.7303
vn 0.4474 -0.5161 0.7303
vn 0.3275 -0.5163 0.7913
vn 0.3279 -0.5160 0.7913
vn 0.2925 -0.6444 0.7065
vn 0.2927 -0.6442 0.7067
vn 0.2925 -0.6444 0.7066
vn 0.1786 -0.6442 0.7437
vn 0.1785 -0.6443 0.7437
vn 0.1527 -0.7565 0.6359
vn 0.1528 -0.7566 0.6358
vn 0.1527 -0.7566 0.6358
vn 0.0735 -0.3513 0.9334
vn 0.0735 -0.3524 0.9330
vn 0.0735 -0.3519 0.9332
vn 0.0669 -0.5163 0.8538
vn 0.0671 -0.5163 0.8538
vn 0.0670 -0.5159 0.8540
vn 0.0673 -0.5119 0.8564
vn 0.0673 -0.5128 0.8559
vn 0.0600 -0.6442 0.7625
vn 0.0634 -0.6457 0.7610
vn 0.6495 -0.1161 0.7514
vn 0.6426 -0.1431 0.7527
vn 0.6426 -0.1430 0.7527
vn 0.6327 -0.2251 0.7409
vn 0.3550 -0.3753 0.8562
vn 0.3283 -0.5157 0.7913
vn 0.1998 -0.5163 0.8328
vn 0.1784 -0.6443 0.7437
vn 0.0600 -0.6467 0.7604
vn 0.6519 -0.7566 0.0513
vn 0.6518 -0.7567 0.0513
vn 0.6517 -0.7567 0.0513
vn 0.7623 -0.6444 0.0600
vn 0.5578 -0.7564 0.3416
vn 0.5575 -0.7566 0.3416
vn 0.5576 -0.7566 0.3416
vn 0.5573 -0.7568 0.3416
vn 0.4973 -0.7564 0.4249
vn 0.4974 -0.7565 0.4247
vn 0.4973 -0.7566 0.4245
vn 0.4242 -0.7571 0.4969
vn 0.4246 -0.7567 0.4971
vn 0.4245 -0.7568 0.4970
vn 0.4249 -0.7564 0.4973
vn 0.3414 -0.7570 0.5572
vn 0.3415 -0.7568 0.5574
vn 0.3415 -0.7568 0.5573
vn 0.3417 -0.7566 0.5575
vn 0.2499 -0.7569 0.6039
vn 0.2500 -0.7567 0.6041
vn 0.5248 -0.8502 0.0413
vn 0.5249 -0.8502 0.0413
vn 0.5247 -0.8503 0.0414
vn 0.5250 -0.8501 0.0414
vn 0.4489 -0.8502 0.2750
vn 0.4487 -0.8503 0.2750
vn 0.4486 -0.8504 0.2749
vn 0.4008 -0.8498 0.3423
vn 0.4002 -0.8502 0.3420
vn 0.4004 -0.8501 0.3421
vn 0.3999 -0.8504 0.3418
vn 0.3424 -0.8500 0.4004
vn 0.3422 -0.8500 0.4005
vn 0.3422 -0.8500 0.4004
vn 0.3420 -0.8501 0.4005
vn 0.2748 -0.8501 0.4492
vn 0.2752 -0.8501 0.4489
vn 0.2750 -0.8501 0.4491
vn 0.2753 -0.8502 0.4488
vn 0.2013 -0.8504 0.4861
vn 0.2015 -0.8502 0.4864
vn 0.2014 -0.8503 0.4863
vn 0.2016 -0.8501 0.4865
vn 0.1231 -0.8500 0.5121
vn 0.1229 -0.8502 0.5119
vn 0.0597 -0.6484 0.7589
vn 0.0513 -0.7566 0.6518
vn 0.0512 -0.7566 0.6518
vn 0.0319 -0.4275 0.9035
vn 0.0515 -0.7565 0.6520
vn -0.5909 0.6858 0.4248
vn 0.0413 -0.8502 0.5248
vn 0.0412 -0.8502 0.5249
vn 0.0262 -0.4940 0.8690
vn 0.8524 -0.1031 0.5127
vn 0.8463 -0.1219 0.5186
vn 0.8308 -0.2250 0.5092
vn 0.7410 -0.2248 0.6328
vn 0.7048 -0.3753 0.6021
vn 0.6019 -0.3750 0.7050
vn 0.5564 -0.5161 0.6512
vn 0.4474 -0.5162 0.7303
vn 0.3996 -0.6442 0.6522
vn 0.2925 -0.6445 0.7064
vn 0.2501 -0.7565 0.6043
vn 0.1229 -0.8503 0.5118
vn 0.0415 -0.8497 0.5256
vn -0.4749 0.7662 0.4328
vn 0.3848 -0.9225 0.0302
vn 0.3845 -0.9226 0.0303
vn 0.3844 -0.9227 0.0303
vn 0.0305 -0.9225 0.3848
vn 0.0303 -0.9226 0.3847
vn 0.0304 -0.9225 0.3847
vn 0.0302 -0.9226 0.3846
vn 0.0901 -0.9226 0.3751
vn 0.0899 -0.9226 0.3752
vn 0.0900 -0.9226 0.3752
vn 0.0897 -0.9226 0.3753
vn 0.1480 -0.9225 0.3566
vn 0.1478 -0.9225 0.3565
vn 0.1480 -0.9225 0.3565
vn 0.1477 -0.9226 0.3565
vn 0.2017 -0.9226 0.3290
vn 0.2015 -0.9225 0.3291
vn 0.2016 -0.9225 0.3291
vn 0.2015 -0.9225 0.3292
vn 0.2507 -0.9226 0.2934
vn 0.2507 -0.9225 0.2935
vn 0.2508 -0.9225 0.2935
vn 0.2509 -0.9224 0.2937
vn 0.2932 -0.9226 0.2506
vn 0.2931 -0.9227 0.2505
vn 0.3295 -0.9223 0.2018
vn 0.3289 -0.9226 0.2017
vn 0.3292 -0.9225 0.2017
vn 0.3286 -0.9227 0.2015
vn 0.2354 -0.9717 0.0184
vn 0.2347 -0.9719 0.0184
vn 0.2346 -0.9719 0.0185
vn 0.2345 -0.9719 0.0184
vn 0.3844 -0.9226 0.0308
vn 0.0187 -0.9719 0.2348
vn 0.0188 -0.9719 0.2347
vn 0.0547 -0.9719 0.2291
vn 0.0549 -0.9719 0.2291
vn 0.0546 -0.9719 0.2291
vn 0.0548 -0.9718 0.2292
vn 0.0902 -0.9719 0.2176
vn 0.0901 -0.9719 0.2173
vn 0.0902 -0.9719 0.2175
vn 0.1230 -0.9719 0.2008
vn 0.1229 -0.9719 0.2008
vn 0.1229 -0.9719 0.2009
vn 0.1529 -0.9719 0.1790
vn 0.1536 -0.9718 0.1790
vn 0.1530 -0.9719 0.1789
vn 0.1537 -0.9718 0.1790
vn 0.1792 -0.9718 0.1531
vn 0.1790 -0.9719 0.1529
vn 0.1791 -0.9719 0.1530
vn 0.1789 -0.9719 0.1527
vn 0.2007 -0.9719 0.1230
vn 0.2006 -0.9719 0.1232
vn 0.2005 -0.9719 0.1230
vn 0.2004 -0.9719 0.1232
vn 0.0792 -0.9968 0.0062
vn 0.2355 -0.9717 0.0184
vn 0.9677 -0.0984 0.2323
vn 0.9474 -0.2250 0.2274
vn 0.9474 -0.2249 0.2276
vn 0.9474 -0.2251 0.2273
vn 0.9013 -0.3752 0.2164
vn 0.9014 -0.3751 0.2164
vn 0.9013 -0.3754 0.2163
vn 0.8328 -0.5161 0.2000
vn 0.8330 -0.5159 0.2000
vn 0.8329 -0.5161 0.2000
vn 0.8327 -0.5163 0.2000
vn 0.7436 -0.6444 0.1784
vn 0.7437 -0.6442 0.1787
vn 0.7436 -0.6443 0.1786
vn 0.7435 -0.6444 0.1785
vn 0.6359 -0.7565 0.1526
vn 0.6360 -0.7564 0.1526
vn 0.6358 -0.7566 0.1526
vn 0.6357 -0.7567 0.1526
vn 0.5119 -0.8502 0.1229
vn 0.5117 -0.8503 0.1229
vn 0.5120 -0.8502 0.1229
vn 0.5121 -0.8501 0.1228
vn 0.3751 -0.9226 0.0901
vn 0.3752 -0.9226 0.0901
vn 0.3754 -0.9225 0.0901
vn 0.2293 -0.9718 0.0550
vn 0.2293 -0.9718 0.0551
vn 0.2289 -0.9719 0.0550
vn 0.2287 -0.9719 0.0551
vn 0.0767 -0.9969 0.0185
vn 0.0785 -0.9966 0.0238
vn 0.9182 -0.1104 0.3804
vn 0.9002 -0.2250 0.3728
vn 0.9002 -0.2249 0.3729
vn 0.9002 -0.2250 0.3729
vn 0.8564 -0.3752 0.3547
vn 0.8563 -0.3752 0.3548
vn 0.7913 -0.5161 0.3278
vn 0.7065 -0.6443 0.2927
vn 0.7066 -0.6443 0.2927
vn 0.7065 -0.6443 0.2926
vn 0.7065 -0.6444 0.2926
vn 0.6039 -0.7567 0.2502
vn 0.6040 -0.7567 0.2502
vn 0.6040 -0.7567 0.2501
vn 0.4865 -0.8501 0.2015
vn 0.4867 -0.8500 0.2016
vn 0.4863 -0.8503 0.2014
vn 0.4861 -0.8504 0.2013
vn 0.3565 -0.9226 0.1477
vn 0.3563 -0.9226 0.1477
vn 0.3566 -0.9225 0.1477
vn 0.3567 -0.9225 0.1478
vn 0.2177 -0.9718 0.0900
vn 0.2179 -0.9718 0.0900
vn 0.2174 -0.9719 0.0901
vn 0.2172 -0.9720 0.0900
vn 0.0732 -0.9969 0.0301
vn 0.8014 -0.0431 -0.5966
vn 0.9724 0.0289 0.2317
vn 0.9719 0.0243 0.2343
vn 0.9237 -0.0474 0.3802
vn 0.9238 -0.0473 0.3798
vn 0.9239 -0.0473 0.3797
vn 0.8528 0.0645 0.5183
vn 0.8526 0.0646 0.5185
vn 0.7606 -0.0803 0.6442
vn 0.7599 -0.0805 0.6450
vn 0.7602 -0.0804 0.6447
vn 0.2331 -0.0402 0.9716
vn 0.2333 -0.0402 0.9716
vn 0.0785 0.0823 0.9935
vn 0.0784 0.0823 0.9935
vn 0.0782 0.0823 0.9935
vn 0.0783 0.1234 0.9893
vn 0.0783 0.0000 0.9969
vn 0.0785 -0.0412 0.9961
vn 0.0784 -0.0412 0.9961
vn 0.0782 -0.0412 0.9961
vn 0.0788 -0.0412 0.9960
vn 0.0787 -0.0412 0.9960
vn 0.0786 -0.0823 0.9935
vn 0.0785 -0.0823 0.9935
vn 0.0788 -0.1233 0.9892
vn 0.0787 -0.1233 0.9892
vn 0.2335 0.1202 0.9649
vn 0.3823 -0.0763 0.9209
vn 0.3828 -0.0763 0.9207
vn 0.3822 -0.0763 0.9209
vn 0.2336 -0.0803 0.9690
vn 0.2333 -0.0803 0.9691
vn 0.2335 -0.0803 0.9690
vn 0.2337 -0.0803 0.9690
vn 0.0783 -0.0823 0.9935
vn 0.3827 0.1142 0.9168
vn 0.3824 0.1142 0.9169
vn 0.3823 0.0763 0.9209
vn 0.3824 0.0763 0.9208
vn 0.0566 -0.1233 0.9908
vn 0.2335 -0.1202 0.9649
vn 0.2337 -0.1202 0.9649
vn 0.3826 -0.1142 0.9168
vn 0.3822 -0.1142 0.9170
vn 0.5226 -0.1054 0.8460
vn 0.5223 -0.1053 0.8462
vn 0.5224 -0.1054 0.8462
vn 0.6489 0.0945 0.7550
vn 0.6491 0.0941 0.7549
vn 0.6493 0.0940 0.7547
vn 0.5224 0.1054 0.8462
vn 0.5225 0.1054 0.8461
vn 0.5226 0.1054 0.8460
vn 0.6488 0.0940 0.7552
vn 0.6498 0.0940 0.7543
vn 0.6495 0.0628 0.7578
vn 0.6491 0.0628 0.7581
vn 0.0786 0.0412 0.9961
vn 0.0787 0.0412 0.9960
vn 0.0788 0.0412 0.9960
vn 0.2334 0.0000 0.9724
vn 0.2332 0.0001 0.9724
vn 0.2332 -0.0000 0.9724
vn 0.3827 -0.0382 0.9231
vn 0.3828 -0.0382 0.9231
vn 0.3829 -0.0763 0.9206
vn 0.5225 -0.0704 0.8497
vn 0.5225 -0.0704 0.8498
vn 0.5227 -0.1054 0.8460
vn 0.6493 -0.0940 0.7547
vn 0.6495 -0.0940 0.7546
vn 0.6488 -0.0940 0.7551
vn 0.2332 0.0402 0.9716
vn 0.2331 0.0403 0.9716
vn 0.2331 0.0402 0.9716
vn 0.3828 -0.0000 0.9238
vn 0.3827 0.0000 0.9239
vn 0.3825 -0.0000 0.9239
vn 0.5218 -0.0354 0.8524
vn 0.5225 -0.0352 0.8519
vn 0.5226 -0.0704 0.8497
vn 0.6495 -0.0628 0.7578
vn 0.6492 -0.0628 0.7580
vn 0.6493 -0.0628 0.7579
vn 0.6496 -0.0940 0.7545
vn 0.6486 -0.0940 0.7553
vn 0.7602 0.0804 0.6447
vn 0.7603 0.0803 0.6446
vn 0.7604 0.0803 0.6445
vn 0.7604 0.0536 0.6472
vn 0.7603 0.0536 0.6474
vn 0.7605 0.0268 0.6487
vn 0.7606 0.0268 0.6487
vn 0.7602 0.0268 0.6491
vn 0.8528 0.0645 0.5182
vn 0.8525 0.0646 0.5188
vn 0.8526 0.0431 0.5208
vn 0.8525 0.0431 0.5209
vn 0.8525 0.0216 0.5223
vn 0.8525 0.0216 0.5222
vn 0.8526 0.0216 0.5221
vn 0.8527 0.0216 0.5219
vn 0.8526 -0.0000 0.5226
vn 0.8527 0.0000 0.5223
vn 0.8527 -0.0000 0.5224
vn 0.0783 0.0823 0.9935
vn 0.2335 0.0803 0.9690
vn 0.2333 0.0803 0.9691
vn 0.3831 0.0382 0.9229
vn 0.3825 0.0382 0.9232
vn 0.5224 -0.0000 0.8527
vn 0.5220 0.0000 0.8530
vn 0.5217 -0.0354 0.8524
vn 0.6492 -0.0314 0.7599
vn 0.6496 -0.0314 0.7596
vn 0.6495 -0.0314 0.7597
vn 0.6496 -0.0628 0.7577
vn 0.7604 -0.0536 0.6472
vn 0.7603 -0.0536 0.6474
vn 0.7602 -0.0536 0.6475
vn 0.8526 -0.0646 0.5185
vn 0.8525 -0.0646 0.5187
vn 0.8528 -0.0646 0.5182
vn 0.0561 0.1241 0.9907
vn 0.0787 0.1233 0.9892
vn 0.2337 0.1201 0.9649
vn 0.2337 0.0803 0.9690
vn 0.5228 0.0353 0.8517
vn 0.5223 0.0352 0.8521
vn 0.5219 0.0353 0.8523
vn 0.6491 -0.0000 0.7607
vn 0.6494 0.0000 0.7605
vn 0.6491 -0.0314 0.7600
vn 0.7605 -0.0268 0.6488
vn 0.7602 -0.0268 0.6491
vn 0.7603 -0.0268 0.6490
vn 0.8526 -0.0431 0.5208
vn 0.8527 -0.0646 0.5184
vn 0.8532 -0.0645 0.5176
vn 0.9238 0.0473 0.3800
vn 0.9238 0.0473 0.3799
vn 0.9238 0.0473 0.3798
vn 0.9239 0.0473 0.3797
vn 0.9238 0.0316 0.3815
vn 0.9237 0.0317 0.3819
vn 0.9239 0.0158 0.3824
vn 0.9239 0.0158 0.3823
vn 0.9238 0.0158 0.3826
vn 0.9239 -0.0000 0.3827
vn 0.9238 0.0000 0.3828
vn 0.9239 -0.0158 0.3824
vn 0.9238 -0.0158 0.3825
vn 0.9719 0.0265 0.2338
vn 0.9720 0.0165 0.2342
vn 0.9721 0.0126 0.2344
vn 0.9720 0.0068 0.2348
vn 0.9720 0.0028 0.2349
vn 0.9720 -0.0029 0.2348
vn 0.9720 -0.0068 0.2347
vn 0.9720 -0.0126 0.2345
vn 0.9721 -0.0165 0.2342
vn 0.9718 -0.0244 0.2344
vn 0.5224 0.0704 0.8498
vn 0.5226 0.0704 0.8497
vn 0.5230 0.0704 0.8494
vn 0.6494 0.0314 0.7598
vn 0.6493 0.0314 0.7599
vn 0.6490 0.0000 0.7608
vn 0.7604 -0.0000 0.6495
vn 0.7604 -0.0000 0.6494
vn 0.7606 -0.0268 0.6487
vn 0.8526 -0.0216 0.5221
vn 0.8526 -0.0216 0.5222
vn 0.8526 -0.0431 0.5209
vn 0.9238 -0.0316 0.3816
vn 0.9237 -0.0316 0.3818
vn 0.9720 -0.0266 0.2336
vn 0.9724 -0.0289 0.2316
vn 0.6246 -0.0184 0.7807
vn 0.5224 0.1055 0.8462
vn 0.5225 0.0704 0.8497
vn 0.6492 0.0628 0.7580
vn 0.6495 0.0314 0.7598
vn 0.8528 -0.0000 0.5222
vn 0.2771 -0.0001 -0.9609
vn 0.9969 -0.0097 0.0778
vn 0.9969 -0.0088 0.0783
vn 0.9969 -0.0075 0.0785
vn 0.9969 -0.0056 0.0787
vn 0.9969 -0.0042 0.0788
vn 0.9969 -0.0023 0.0788
vn 0.9969 -0.0009 0.0790
vn 0.9969 0.0009 0.0790
vn 0.9969 0.0023 0.0790
vn 0.9969 0.0042 0.0788
vn 0.9969 0.0056 0.0787
vn 0.9969 0.0075 0.0785
vn 0.9969 0.0088 0.0784
vn 0.9969 0.0097 0.0779
vn 0.9969 0.0097 0.0778
vn 0.9967 -0.0806 0.0080
vn 0.9967 -0.0783 0.0206
vn 0.9967 -0.0790 0.0179
vn 0.9967 -0.0739 0.0327
vn 0.9967 -0.0750 0.0304
vn 0.9967 -0.0678 0.0444
vn 0.9967 -0.0694 0.0420
vn 0.9967 -0.0600 0.0546
vn 0.9967 -0.0618 0.0525
vn 0.9967 -0.0501 0.0637
vn 0.9967 -0.0524 0.0616
vn 0.9967 -0.0397 0.0708
vn 0.9967 -0.0427 0.0693
vn 0.9967 -0.0275 0.0763
vn 0.9967 -0.0304 0.0749
vn 0.9968 -0.0148 0.0788
vn 0.9967 -0.0186 0.0791
vn 0.9968 -0.0103 0.0795
vn 0.9722 -0.0482 0.2291
vn 0.9235 -0.0790 0.3754
vn 0.9235 -0.0790 0.3755
vn 0.9235 -0.0789 0.3755
vn 0.8519 -0.1078 0.5125
vn 0.8519 -0.1077 0.5125
vn 0.8520 -0.1078 0.5124
vn 0.8519 -0.1079 0.5125
vn 0.7594 -0.1339 0.6367
vn 0.7594 -0.1337 0.6367
vn 0.7595 -0.1340 0.6366
vn 0.6481 -0.1567 0.7452
vn 0.6481 -0.1566 0.7453
vn 0.6482 -0.1567 0.7452
vn 0.5213 -0.1756 0.8351
vn 0.5209 -0.1756 0.8353
vn 0.5216 -0.1755 0.8350
vn 0.3816 -0.1902 0.9045
vn 0.3816 -0.1901 0.9046
vn 0.3816 -0.1903 0.9045
vn 0.2327 -0.2002 0.9517
vn 0.2329 -0.2002 0.9517
vn 0.2327 -0.2001 0.9517
vn 0.2325 -0.2002 0.9518
vn 0.0782 -0.2054 0.9755
vn 0.0781 -0.2052 0.9756
vn 0.0782 -0.2055 0.9755
vn 0.0783 -0.2057 0.9755
vn 0.9722 -0.0841 0.2185
vn 0.9722 -0.0842 0.2185
vn 0.9722 -0.0841 0.2184
vn 0.9234 -0.1379 0.3581
vn 0.9234 -0.1379 0.3582
vn 0.9234 -0.1381 0.3581
vn 0.9234 -0.1380 0.3581
vn 0.8519 -0.1882 0.4887
vn 0.8518 -0.1882 0.4888
vn 0.8519 -0.1882 0.4888
vn 0.7593 -0.2339 0.6073
vn 0.7594 -0.2338 0.6072
vn 0.7594 -0.2339 0.6072
vn 0.7593 -0.2341 0.6072
vn 0.6483 -0.2738 0.7105
vn 0.6482 -0.2740 0.7105
vn 0.6482 -0.2738 0.7106
vn 0.6483 -0.2736 0.7105
vn 0.5213 -0.3067 0.7964
vn 0.5211 -0.3067 0.7965
vn 0.5213 -0.3067 0.7963
vn 0.5214 -0.3067 0.7963
vn 0.3817 -0.3322 0.8625
vn 0.3816 -0.3324 0.8625
vn 0.3820 -0.3319 0.8625
vn 0.2327 -0.3496 0.9075
vn 0.2326 -0.3496 0.9075
vn 0.0782 -0.3584 0.9303
vn 0.0781 -0.3586 0.9302
vn 0.0783 -0.3584 0.9303
vn 0.0784 -0.3581 0.9304
vn 0.9722 -0.1180 0.2022
vn 0.9722 -0.1180 0.2023
vn 0.9234 -0.1934 0.3315
vn 0.9235 -0.1933 0.3315
vn 0.9235 -0.1933 0.3312
vn 0.9234 -0.1932 0.3315
vn 0.8519 -0.2639 0.4524
vn 0.8520 -0.2638 0.4523
vn 0.8519 -0.2639 0.4523
vn 0.8518 -0.2642 0.4524
vn 0.7595 -0.3278 0.5619
vn 0.7595 -0.3279 0.5619
vn 0.6482 -0.3836 0.6578
vn 0.6481 -0.3837 0.6578
vn 0.6481 -0.3836 0.6578
vn 0.6482 -0.3835 0.6578
vn 0.5213 -0.4300 0.7371
vn 0.5214 -0.4299 0.7371
vn 0.5215 -0.4300 0.7370
vn 0.3815 -0.4658 0.7984
vn 0.3816 -0.4656 0.7985
vn 0.3816 -0.4658 0.7984
vn 0.3816 -0.4660 0.7983
vn 0.2328 -0.4901 0.8400
vn 0.2330 -0.4902 0.8399
vn 0.2326 -0.4899 0.8402
vn 0.0782 -0.5025 0.8611
vn 0.0781 -0.5025 0.8610
vn 0.0782 -0.5025 0.8610
vn 0.0782 -0.5024 0.8611
vn 0.9722 -0.1488 0.1808
vn 0.9235 -0.2438 0.2962
vn 0.9235 -0.2436 0.2963
vn 0.9235 -0.2438 0.2963
vn 0.8519 -0.3328 0.4043
vn 0.8520 -0.3327 0.4043
vn 0.8519 -0.3327 0.4044
vn 0.7594 -0.4134 0.5024
vn 0.7594 -0.4134 0.5025
vn 0.7592 -0.4132 0.5028
vn 0.7593 -0.4135 0.5025
vn 0.6482 -0.4839 0.5880
vn 0.6482 -0.4840 0.5879
vn 0.6482 -0.4839 0.5879
vn 0.6483 -0.4839 0.5879
vn 0.5213 -0.5423 0.6589
vn 0.5214 -0.5422 0.6589
vn 0.5213 -0.5423 0.6588
vn 0.5213 -0.5424 0.6588
vn 0.3816 -0.5873 0.7137
vn 0.3818 -0.5872 0.7137
vn 0.3815 -0.5874 0.7138
vn 0.2326 -0.6180 0.7510
vn 0.2325 -0.6181 0.7509
vn 0.2327 -0.6180 0.7510
vn 0.2328 -0.6179 0.7510
vn 0.0783 -0.6333 0.7699
vn 0.0782 -0.6332 0.7700
vn 0.0783 -0.6334 0.7698
vn 0.9722 -0.1757 0.1547
vn 0.9722 -0.1757 0.1546
vn 0.9235 -0.2880 0.2534
vn 0.9234 -0.2880 0.2536
vn 0.8519 -0.3930 0.3461
vn 0.8519 -0.3931 0.3461
vn 0.8519 -0.3930 0.3460
vn 0.7594 -0.4883 0.4299
vn 0.7595 -0.4882 0.4299
vn 0.6481 -0.5716 0.5032
vn 0.6482 -0.5716 0.5031
vn 0.6480 -0.5716 0.5033
vn 0.6482 -0.5715 0.5032
vn 0.5214 -0.6404 0.5639
vn 0.5215 -0.6404 0.5638
vn 0.5214 -0.6405 0.5639
vn 0.5213 -0.6404 0.5640
vn 0.3817 -0.6937 0.6108
vn 0.3816 -0.6936 0.6109
vn 0.3816 -0.6938 0.6108
vn 0.2327 -0.7298 0.6428
vn 0.2329 -0.7299 0.6426
vn 0.2327 -0.7299 0.6428
vn 0.2326 -0.7298 0.6429
vn 0.0783 -0.7483 0.6587
vn 0.0782 -0.7484 0.6586
vn 0.0783 -0.7482 0.6588
vn 0.9722 -0.1982 0.1247
vn 0.9234 -0.3248 0.2043
vn 0.9235 -0.3246 0.2043
vn 0.9235 -0.3248 0.2043
vn 0.8518 -0.4435 0.2788
vn 0.8517 -0.4437 0.2788
vn 0.8519 -0.4433 0.2789
vn 0.7594 -0.5507 0.3465
vn 0.7594 -0.5508 0.3464
vn 0.7594 -0.5507 0.3464
vn 0.7595 -0.5506 0.3465
vn 0.6482 -0.6445 0.4055
vn 0.6482 -0.6446 0.4054
vn 0.6482 -0.6445 0.4054
vn 0.6483 -0.6444 0.4054
vn 0.5212 -0.7225 0.4543
vn 0.5213 -0.7224 0.4543
vn 0.5211 -0.7225 0.4543
vn 0.3816 -0.7824 0.4921
vn 0.3817 -0.7823 0.4923
vn 0.3815 -0.7826 0.4920
vn 0.2327 -0.8233 0.5177
vn 0.2328 -0.8232 0.5179
vn 0.2327 -0.8233 0.5178
vn 0.2326 -0.8234 0.5176
vn 0.0781 -0.8439 0.5308
vn 0.0782 -0.8439 0.5308
vn 0.0783 -0.8438 0.5308
vn 0.9722 -0.2156 0.0914
vn 0.9722 -0.2155 0.0914
vn 0.9234 -0.3533 0.1498
vn 0.9235 -0.3532 0.1498
vn 0.9234 -0.3534 0.1498
vn 0.8519 -0.4820 0.2046
vn 0.8519 -0.4822 0.2045
vn 0.8520 -0.4820 0.2045
vn 0.8519 -0.4821 0.2045
vn 0.7594 -0.5990 0.2540
vn 0.6483 -0.7010 0.2972
vn 0.6482 -0.7010 0.2972
vn 0.6485 -0.7008 0.2972
vn 0.5213 -0.7856 0.3332
vn 0.5211 -0.7858 0.3332
vn 0.5212 -0.7857 0.3332
vn 0.5214 -0.7856 0.3333
vn 0.3816 -0.8509 0.3609
vn 0.3817 -0.8509 0.3609
vn 0.3817 -0.8510 0.3608
vn 0.3815 -0.8511 0.3607
vn 0.2327 -0.8954 0.3796
vn 0.2329 -0.8953 0.3797
vn 0.2326 -0.8955 0.3795
vn 0.0782 -0.9179 0.3891
vn 0.0783 -0.9178 0.3892
vn 0.0783 -0.9179 0.3891
vn 0.9722 -0.2274 0.0558
vn 0.9234 -0.3728 0.0914
vn 0.9235 -0.3727 0.0914
vn 0.9235 -0.3726 0.0915
vn 0.9234 -0.3729 0.0915
vn 0.8519 -0.5086 0.1248
vn 0.7594 -0.6319 0.1551
vn 0.7594 -0.6318 0.1551
vn 0.7594 -0.6319 0.1550
vn 0.6483 -0.7394 0.1814
vn 0.6482 -0.7395 0.1814
vn 0.6483 -0.7395 0.1815
vn 0.6484 -0.7394 0.1815
vn 0.5213 -0.8288 0.2034
vn 0.5212 -0.8289 0.2034
vn 0.5212 -0.8288 0.2034
vn 0.3817 -0.8977 0.2202
vn 0.3816 -0.8977 0.2202
vn 0.3816 -0.8977 0.2203
vn 0.2326 -0.9445 0.2318
vn 0.2327 -0.9445 0.2319
vn 0.2326 -0.9445 0.2319
vn 0.0783 -0.9682 0.2376
vn 0.0782 -0.9682 0.2376
vn 0.9722 -0.2334 0.0188
vn 0.9722 -0.2333 0.0188
vn 0.9235 -0.3824 0.0306
vn 0.9234 -0.3826 0.0307
vn 0.9234 -0.3826 0.0306
vn 0.9235 -0.3825 0.0307
vn 0.8518 -0.5222 0.0419
vn 0.8519 -0.5220 0.0421
vn 0.8517 -0.5223 0.0418
vn 0.7594 -0.6485 0.0521
vn 0.7594 -0.6486 0.0521
vn 0.6483 -0.7590 0.0610
vn 0.6481 -0.7591 0.0610
vn 0.6482 -0.7590 0.0610
vn 0.5213 -0.8506 0.0684
vn 0.3817 -0.9213 0.0741
vn 0.3818 -0.9213 0.0741
vn 0.2328 -0.9694 0.0779
vn 0.0782 -0.9937 0.0799
vn 0.9969 -0.0074 0.0786
vn 0.9969 -0.0041 0.0788
vn 0.9969 -0.0060 0.0788
vn 0.9969 -0.0007 0.0790
vn 0.9969 -0.0027 0.0789
vn 0.9969 0.0027 0.0790
vn 0.9969 0.0007 0.0790
vn 0.9969 0.0060 0.0788
vn 0.9969 0.0041 0.0788
vn 0.9968 0.0103 0.0795
vn 0.9969 0.0074 0.0785
vn 0.9968 0.0147 0.0789
vn 0.9724 0.0247 0.2322
vn 0.9719 0.0175 0.2346
vn 0.9719 0.0223 0.2342
vn 0.9240 0.0405 0.3803
vn 0.9238 0.0405 0.3807
vn 0.9239 0.0405 0.3805
vn 0.8526 0.0552 0.5196
vn 0.8526 0.0552 0.5197
vn 0.7604 0.0686 0.6458
vn 0.7603 0.0686 0.6460
vn 0.7602 0.0686 0.6460
vn 0.6493 0.0804 0.7563
vn 0.6496 0.0805 0.7560
vn 0.5225 0.0901 0.8479
vn 0.5228 0.0901 0.8477
vn 0.5224 0.0901 0.8479
vn 0.3824 0.0976 0.9188
vn 0.3825 0.0976 0.9188
vn 0.3823 0.0976 0.9189
vn 0.2332 0.1028 0.9670
vn 0.2335 0.1029 0.9669
vn 0.2334 0.1028 0.9669
vn 0.2331 0.1028 0.9670
vn 0.0788 0.1054 0.9913
vn 0.0787 0.1054 0.9913
vn 0.0785 0.1054 0.9913
vn 0.0785 0.0633 0.9949
vn 0.0784 0.0633 0.9949
vn 0.0783 0.0633 0.9949
vn 0.9720 0.0079 0.2347
vn 0.9720 0.0119 0.2346
vn 0.9239 0.0243 0.3818
vn 0.9239 0.0243 0.3820
vn 0.9238 0.0243 0.3820
vn 0.9239 0.0243 0.3819
vn 0.8525 0.0332 0.5217
vn 0.8527 0.0332 0.5214
vn 0.8526 0.0332 0.5215
vn 0.8524 0.0332 0.5218
vn 0.7605 0.0412 0.6481
vn 0.7604 0.0413 0.6482
vn 0.7604 0.0412 0.6482
vn 0.6493 0.0483 0.7590
vn 0.6495 0.0483 0.7589
vn 0.6494 0.0483 0.7589
vn 0.5231 0.0542 0.8506
vn 0.5224 0.0542 0.8510
vn 0.3827 0.0587 0.9220
vn 0.3825 0.0587 0.9221
vn 0.2331 0.0617 0.9705
vn 0.2333 0.0617 0.9704
vn 0.2334 0.0617 0.9704
vn 0.2332 0.0617 0.9705
vn 0.9719 -0.0027 0.2354
vn 0.9719 0.0027 0.2354
vn 0.9239 0.0081 0.3826
vn 0.9239 0.0081 0.3825
vn 0.8525 0.0111 0.5226
vn 0.8528 0.0111 0.5221
vn 0.8527 0.0111 0.5222
vn 0.7604 0.0138 0.6493
vn 0.7603 0.0138 0.6494
vn 0.6495 0.0161 0.7602
vn 0.6493 0.0161 0.7604
vn 0.6496 0.0161 0.7601
vn 0.5223 0.0181 0.8525
vn 0.5221 0.0181 0.8527
vn 0.5217 0.0181 0.8530
vn 0.3826 0.0196 0.9237
vn 0.3825 0.0196 0.9237
vn 0.3827 0.0196 0.9237
vn 0.2334 0.0206 0.9722
vn 0.2333 0.0206 0.9722
vn 0.2332 0.0206 0.9722
vn 0.2333 0.0207 0.9722
vn 0.0782 0.0211 0.9967
vn 0.0783 0.0211 0.9967
vn 0.0784 0.0211 0.9967
vn 0.9720 -0.0119 0.2345
vn 0.9720 -0.0079 0.2347
vn 0.9239 -0.0081 0.3825
vn 0.9239 -0.0081 0.3827
vn 0.9239 -0.0081 0.3826
vn 0.8526 -0.0111 0.5225
vn 0.8526 -0.0111 0.5224
vn 0.7602 -0.0138 0.6495
vn 0.7603 -0.0138 0.6494
vn 0.6494 -0.0161 0.7603
vn 0.6496 -0.0161 0.7601
vn 0.6495 -0.0161 0.7602
vn 0.5218 -0.0181 0.8529
vn 0.5221 -0.0181 0.8527
vn 0.5225 -0.0181 0.8525
vn 0.3826 -0.0196 0.9237
vn 0.3829 -0.0196 0.9236
vn 0.3828 -0.0196 0.9236
vn 0.2332 -0.0206 0.9722
vn 0.2333 -0.0206 0.9722
vn 0.2335 -0.0206 0.9721
vn 0.2334 -0.0206 0.9722
vn 0.0782 -0.0211 0.9967
vn 0.0784 -0.0211 0.9967
vn 0.0784 -0.0633 0.9949
vn 0.0783 -0.0633 0.9949
vn 0.9719 -0.0223 0.2342
vn 0.9719 -0.0175 0.2346
vn 0.9239 -0.0243 0.3819
vn 0.9239 -0.0243 0.3820
vn 0.9239 -0.0243 0.3818
vn 0.8526 -0.0332 0.5216
vn 0.8525 -0.0332 0.5216
vn 0.8525 -0.0332 0.5217
vn 0.7602 -0.0412 0.6484
vn 0.7605 -0.0411 0.6480
vn 0.7605 -0.0412 0.6480
vn 0.6494 -0.0483 0.7589
vn 0.6493 -0.0483 0.7590
vn 0.5223 -0.0542 0.8510
vn 0.5225 -0.0541 0.8509
vn 0.5223 -0.0541 0.8511
vn 0.3828 -0.0587 0.9220
vn 0.3827 -0.0587 0.9220
vn 0.2332 -0.0617 0.9705
vn 0.2335 -0.0617 0.9704
vn 0.2334 -0.0617 0.9704
vn 0.2331 -0.0617 0.9705
vn 0.0785 -0.0633 0.9949
vn 0.9724 -0.0247 0.2322
vn 0.9724 -0.0247 0.2321
vn 0.9237 -0.0405 0.3809
vn 0.9240 -0.0405 0.3803
vn 0.9241 -0.0404 0.3799
vn 0.9237 -0.0404 0.3809
vn 0.8526 -0.0552 0.5196
vn 0.8526 -0.0552 0.5197
vn 0.7602 -0.0686 0.6460
vn 0.7603 -0.0686 0.6459
vn 0.7602 -0.0686 0.6461
vn 0.6496 -0.0803 0.7560
vn 0.6494 -0.0803 0.7562
vn 0.6494 -0.0804 0.7562
vn 0.6497 -0.0803 0.7560
vn 0.5227 -0.0901 0.8478
vn 0.5223 -0.0901 0.8480
vn 0.5224 -0.0901 0.8480
vn 0.5226 -0.0901 0.8478
vn 0.3827 -0.0976 0.9187
vn 0.3824 -0.0976 0.9188
vn 0.3828 -0.0976 0.9186
vn 0.2335 -0.1028 0.9669
vn 0.2332 -0.1028 0.9670
vn 0.0785 -0.1054 0.9913
vn 0.0786 -0.1054 0.9913
vn 0.9967 0.0185 0.0790
vn 0.9967 0.0305 0.0751
vn 0.9967 0.0275 0.0763
vn 0.9967 0.0426 0.0692
vn 0.9967 0.0396 0.0705
vn 0.9967 0.0525 0.0617
vn 0.9967 0.0502 0.0639
vn 0.9967 0.0617 0.0523
vn 0.9967 0.0598 0.0544
vn 0.9967 0.0693 0.0420
vn 0.9967 0.0678 0.0444
vn 0.9967 0.0751 0.0304
vn 0.9967 0.0739 0.0327
vn 0.9967 0.0790 0.0179
vn 0.9967 0.0782 0.0206
vn 0.9968 0.0796 0.0050
vn 0.9967 0.0807 0.0080
vn 0.9968 0.0797 0.0012
vn 0.9722 0.2334 0.0188
vn 0.9722 0.2333 0.0188
vn 0.9234 0.3826 0.0306
vn 0.9235 0.3824 0.0307
vn 0.9235 0.3825 0.0307
vn 0.9234 0.3827 0.0308
vn 0.8520 0.5219 0.0419
vn 0.8518 0.5221 0.0420
vn 0.8518 0.5222 0.0421
vn 0.8519 0.5220 0.0418
vn 0.7594 0.6486 0.0521
vn 0.7595 0.6484 0.0521
vn 0.7593 0.6486 0.0521
vn 0.6482 0.7590 0.0610
vn 0.6481 0.7591 0.0610
vn 0.6483 0.7589 0.0610
vn 0.5213 0.8506 0.0684
vn 0.5213 0.8506 0.0685
vn 0.3817 0.9213 0.0741
vn 0.3818 0.9213 0.0741
vn 0.2327 0.9694 0.0779
vn 0.2326 0.9694 0.0779
vn 0.2328 0.9694 0.0779
vn 0.0783 0.9937 0.0799
vn 0.0782 0.9937 0.0799
vn 0.9722 0.2274 0.0558
vn 0.9722 0.2275 0.0558
vn 0.9235 0.3726 0.0913
vn 0.9234 0.3727 0.0914
vn 0.9234 0.3728 0.0915
vn 0.8519 0.5086 0.1249
vn 0.8519 0.5086 0.1248
vn 0.7594 0.6319 0.1551
vn 0.7594 0.6318 0.1551
vn 0.7594 0.6319 0.1550
vn 0.7593 0.6320 0.1550
vn 0.6483 0.7395 0.1815
vn 0.6483 0.7394 0.1814
vn 0.6483 0.7395 0.1814
vn 0.6482 0.7395 0.1815
vn 0.5211 0.8289 0.2034
vn 0.5209 0.8290 0.2034
vn 0.5214 0.8287 0.2034
vn 0.3816 0.8977 0.2202
vn 0.2327 0.9445 0.2318
vn 0.2327 0.9445 0.2317
vn 0.2326 0.9445 0.2318
vn 0.0782 0.9682 0.2376
vn 0.0781 0.9682 0.2376
vn 0.0784 0.9682 0.2377
vn 0.9722 0.2156 0.0914
vn 0.9234 0.3533 0.1498
vn 0.9234 0.3534 0.1499
vn 0.8519 0.4822 0.2045
vn 0.8519 0.4821 0.2045
vn 0.8519 0.4821 0.2046
vn 0.8519 0.4822 0.2044
vn 0.7594 0.5990 0.2540
vn 0.7594 0.5990 0.2539
vn 0.7592 0.5992 0.2541
vn 0.6483 0.7010 0.2972
vn 0.6484 0.7009 0.2972
vn 0.6481 0.7012 0.2972
vn 0.5213 0.7857 0.3332
vn 0.5211 0.7858 0.3331
vn 0.5212 0.7857 0.3332
vn 0.5215 0.7855 0.3332
vn 0.3817 0.8509 0.3608
vn 0.3814 0.8511 0.3608
vn 0.3817 0.8509 0.3609
vn 0.3819 0.8509 0.3609
vn 0.2328 0.8953 0.3797
vn 0.2327 0.8954 0.3797
vn 0.2327 0.8954 0.3796
vn 0.2328 0.8954 0.3796
vn 0.0782 0.9178 0.3892
vn 0.0781 0.9178 0.3892
vn 0.0783 0.9179 0.3890
vn 0.9722 0.1982 0.1247
vn 0.9722 0.1981 0.1247
vn 0.9234 0.3249 0.2043
vn 0.9234 0.3250 0.2043
vn 0.9235 0.3248 0.2043
vn 0.8518 0.4434 0.2788
vn 0.8518 0.4435 0.2788
vn 0.8519 0.4434 0.2788
vn 0.7594 0.5507 0.3464
vn 0.7594 0.5508 0.3464
vn 0.7594 0.5507 0.3465
vn 0.6483 0.6445 0.4054
vn 0.6484 0.6443 0.4055
vn 0.6482 0.6446 0.4053
vn 0.5212 0.7224 0.4544
vn 0.5211 0.7225 0.4543
vn 0.5212 0.7224 0.4543
vn 0.5213 0.7224 0.4543
vn 0.3815 0.7825 0.4921
vn 0.3816 0.7825 0.4921
vn 0.2327 0.8233 0.5178
vn 0.2326 0.8234 0.5176
vn 0.2327 0.8233 0.5177
vn 0.2328 0.8233 0.5177
vn 0.0783 0.8438 0.5308
vn 0.0784 0.8438 0.5308
vn 0.0782 0.8440 0.5306
vn 0.0782 0.8439 0.5307
vn 0.9722 0.1757 0.1547
vn 0.9722 0.1758 0.1547
vn 0.9723 0.1756 0.1546
vn 0.9234 0.2880 0.2536
vn 0.9234 0.2882 0.2537
vn 0.9234 0.2881 0.2537
vn 0.9234 0.2880 0.2537
vn 0.8519 0.3931 0.3461
vn 0.8519 0.3930 0.3462
vn 0.8519 0.3931 0.3460
vn 0.7594 0.4883 0.4299
vn 0.7595 0.4882 0.4299
vn 0.7595 0.4883 0.4299
vn 0.7594 0.4884 0.4299
vn 0.6478 0.5721 0.5030
vn 0.6481 0.5716 0.5032
vn 0.6482 0.5716 0.5031
vn 0.5213 0.6405 0.5639
vn 0.5215 0.6404 0.5639
vn 0.5213 0.6404 0.5640
vn 0.5211 0.6405 0.5641
vn 0.3816 0.6937 0.6109
vn 0.3816 0.6937 0.6108
vn 0.2327 0.7298 0.6428
vn 0.2326 0.7299 0.6428
vn 0.2329 0.7298 0.6428
vn 0.0782 0.7483 0.6587
vn 0.0784 0.7484 0.6586
vn 0.0782 0.7484 0.6587
vn 0.0780 0.7483 0.6588
vn 0.9722 0.1488 0.1808
vn 0.9722 0.1487 0.1808
vn 0.9234 0.2439 0.2964
vn 0.9234 0.2438 0.2963
vn 0.9234 0.2439 0.2963
vn 0.8520 0.3327 0.4043
vn 0.8519 0.3327 0.4044
vn 0.8520 0.3326 0.4043
vn 0.7593 0.4135 0.5024
vn 0.7594 0.4134 0.5024
vn 0.7593 0.4135 0.5025
vn 0.6482 0.4839 0.5879
vn 0.6482 0.4839 0.5880
vn 0.5213 0.5423 0.6589
vn 0.5212 0.5426 0.6588
vn 0.5214 0.5423 0.6588
vn 0.5213 0.5422 0.6589
vn 0.3816 0.5874 0.7137
vn 0.3817 0.5874 0.7137
vn 0.3815 0.5874 0.7138
vn 0.2326 0.6180 0.7510
vn 0.2329 0.6179 0.7509
vn 0.2324 0.6181 0.7510
vn 0.0783 0.6333 0.7700
vn 0.0784 0.6332 0.7700
vn 0.0783 0.6333 0.7699
vn 0.0784 0.6334 0.7698
vn 0.9722 0.1180 0.2023
vn 0.9722 0.1179 0.2021
vn 0.9234 0.1932 0.3315
vn 0.9235 0.1933 0.3314
vn 0.9234 0.1933 0.3315
vn 0.8519 0.2639 0.4524
vn 0.8519 0.2640 0.4523
vn 0.7594 0.3279 0.5619
vn 0.7595 0.3278 0.5619
vn 0.7593 0.3280 0.5620
vn 0.6482 0.3836 0.6578
vn 0.6481 0.3836 0.6579
vn 0.5213 0.4299 0.7372
vn 0.5212 0.4301 0.7371
vn 0.5214 0.4301 0.7370
vn 0.5214 0.4298 0.7372
vn 0.3815 0.4658 0.7984
vn 0.3817 0.4658 0.7984
vn 0.3816 0.4658 0.7984
vn 0.3814 0.4659 0.7984
vn 0.2328 0.4901 0.8400
vn 0.2330 0.4900 0.8400
vn 0.2329 0.4901 0.8400
vn 0.2327 0.4901 0.8400
vn 0.0783 0.5025 0.8610
vn 0.0781 0.5023 0.8612
vn 0.0783 0.5024 0.8611
vn 0.0784 0.5026 0.8609
vn 0.9722 0.0841 0.2185
vn 0.9722 0.0842 0.2185
vn 0.9234 0.1378 0.3582
vn 0.9235 0.1378 0.3580
vn 0.9235 0.1379 0.3581
vn 0.9234 0.1380 0.3582
vn 0.8519 0.1881 0.4887
vn 0.8518 0.1883 0.4888
vn 0.8519 0.1881 0.4888
vn 0.8520 0.1880 0.4886
vn 0.7593 0.2339 0.6072
vn 0.7593 0.2339 0.6073
vn 0.7594 0.2338 0.6072
vn 0.6481 0.2738 0.7106
vn 0.6481 0.2740 0.7106
vn 0.6482 0.2736 0.7106
vn 0.5214 0.3066 0.7963
vn 0.5212 0.3067 0.7964
vn 0.5213 0.3066 0.7964
vn 0.5215 0.3067 0.7963
vn 0.3817 0.3322 0.8625
vn 0.3816 0.3322 0.8625
vn 0.3816 0.3322 0.8626
vn 0.2328 0.3496 0.9075
vn 0.2327 0.3493 0.9077
vn 0.2327 0.3496 0.9075
vn 0.2329 0.3499 0.9074
vn 0.0782 0.3584 0.9303
vn 0.0783 0.3581 0.9304
vn 0.0781 0.3587 0.9302
vn 0.9722 0.0482 0.2291
vn 0.9722 0.0482 0.2292
vn 0.9722 0.0482 0.2290
vn 0.9234 0.0790 0.3755
vn 0.9235 0.0790 0.3754
vn 0.9235 0.0790 0.3755
vn 0.9234 0.0790 0.3756
vn 0.8520 0.1078 0.5124
vn 0.8519 0.1077 0.5124
vn 0.8519 0.1078 0.5125
vn 0.8518 0.1079 0.5126
vn 0.7595 0.1338 0.6366
vn 0.7594 0.1338 0.6367
vn 0.6482 0.1567 0.7452
vn 0.6481 0.1569 0.7452
vn 0.6481 0.1567 0.7452
vn 0.6483 0.1565 0.7451
vn 0.5210 0.1754 0.8353
vn 0.5214 0.1756 0.8351
vn 0.5212 0.1756 0.8352
vn 0.5212 0.1755 0.8352
vn 0.3815 0.1903 0.9046
vn 0.3815 0.1900 0.9046
vn 0.3815 0.1906 0.9045
vn 0.2326 0.2000 0.9518
vn 0.2327 0.2001 0.9517
vn 0.2327 0.2002 0.9517
vn 0.2326 0.2002 0.9517
vn 0.0782 0.2055 0.9755
vn 0.0783 0.2057 0.9755
vn 0.0781 0.2052 0.9756
vn 0.9968 0.0798 -0.0014
vn 0.9968 0.0797 -0.0049
vn 0.9724 0.2335 0.0000
vn 0.8526 0.5225 -0.0000
vn 0.8527 0.5225 0.0000
vn 0.7605 0.6494 0.0000
vn 0.6494 0.7604 0.0000
vn 0.5225 0.8526 -0.0000
vn 0.2335 0.9724 -0.0000
vn 0.2333 0.9724 0.0000
vn 0.0785 0.9969 -0.0000
vn 0.0786 0.9969 0.0000
vn 0.0784 0.9969 0.0000
vn 0.9967 0.0806 -0.0085
vn 0.9967 0.0795 -0.0168
vn 0.9967 0.0785 -0.0204
vn 0.9967 0.0751 -0.0297
vn 0.9967 0.0742 -0.0325
vn 0.9967 0.0701 -0.0409
vn 0.9967 0.0683 -0.0436
vn 0.9967 0.0624 -0.0515
vn 0.9967 0.0607 -0.0536
vn 0.9967 0.0534 -0.0606
vn 0.9967 0.0515 -0.0625
vn 0.9967 0.0437 -0.0683
vn 0.9967 0.0407 -0.0701
vn 0.9967 0.0330 -0.0743
vn 0.9967 0.0297 -0.0755
vn 0.9967 0.0200 -0.0781
vn 0.9967 0.0176 -0.0790
vn 0.9967 0.0078 -0.0807
vn 0.9722 0.2334 -0.0184
vn 0.9722 0.2277 -0.0546
vn 0.9722 0.2277 -0.0547
vn 0.9722 0.2163 -0.0896
vn 0.9722 0.1996 -0.1223
vn 0.9722 0.1780 -0.1521
vn 0.9722 0.1521 -0.1780
vn 0.9722 0.1522 -0.1780
vn 0.9722 0.1223 -0.1996
vn 0.9722 0.0896 -0.2163
vn 0.9722 0.0547 -0.2277
vn 0.9722 0.0184 -0.2334
vn 0.9234 0.3825 -0.0301
vn 0.9234 0.3826 -0.0301
vn 0.9235 0.3824 -0.0302
vn 0.9235 0.3825 -0.0301
vn 0.9235 0.3730 -0.0896
vn 0.9235 0.3729 -0.0896
vn 0.9235 0.3730 -0.0895
vn 0.9235 0.3731 -0.0895
vn 0.9234 0.3546 -0.1470
vn 0.9234 0.3546 -0.1468
vn 0.9235 0.3545 -0.1468
vn 0.9235 0.3272 -0.2005
vn 0.9234 0.3272 -0.2005
vn 0.9235 0.3272 -0.2004
vn 0.9235 0.2917 -0.2492
vn 0.9235 0.2918 -0.2492
vn 0.9234 0.2918 -0.2492
vn 0.9235 0.2492 -0.2917
vn 0.9234 0.2492 -0.2918
vn 0.9235 0.2006 -0.3271
vn 0.9235 0.2006 -0.3270
vn 0.9234 0.2005 -0.3272
vn 0.9235 0.1468 -0.3545
vn 0.9235 0.1467 -0.3545
vn 0.9235 0.0896 -0.3730
vn 0.9234 0.0896 -0.3731
vn 0.9235 0.0895 -0.3731
vn 0.9235 0.0301 -0.3825
vn 0.9235 0.0301 -0.3824
vn 0.8519 0.5220 -0.0411
vn 0.8519 0.5221 -0.0411
vn 0.8519 0.5221 -0.0410
vn 0.8519 0.5092 -0.1223
vn 0.8519 0.4838 -0.2004
vn 0.8520 0.4838 -0.2003
vn 0.8519 0.4464 -0.2736
vn 0.8519 0.4465 -0.2736
vn 0.8519 0.3982 -0.3401
vn 0.8519 0.3401 -0.3982
vn 0.8519 0.2736 -0.4465
vn 0.8519 0.2736 -0.4466
vn 0.8519 0.2004 -0.4838
vn 0.8518 0.2003 -0.4840
vn 0.8520 0.2004 -0.4838
vn 0.8519 0.1222 -0.5092
vn 0.8519 0.1223 -0.5092
vn 0.8519 0.1223 -0.5093
vn 0.8519 0.0411 -0.5221
vn 0.7594 0.6486 -0.0510
vn 0.7595 0.6485 -0.0510
vn 0.7598 0.6481 -0.0513
vn 0.7593 0.6327 -0.1519
vn 0.7594 0.6327 -0.1519
vn 0.7594 0.6326 -0.1519
vn 0.7595 0.6326 -0.1519
vn 0.7594 0.6011 -0.2490
vn 0.7595 0.5547 -0.3398
vn 0.7594 0.5547 -0.3399
vn 0.7594 0.5547 -0.3400
vn 0.7594 0.4947 -0.4225
vn 0.7594 0.4948 -0.4226
vn 0.7594 0.4226 -0.4947
vn 0.7594 0.4225 -0.4947
vn 0.7594 0.3399 -0.5547
vn 0.7593 0.3401 -0.5547
vn 0.7594 0.3400 -0.5547
vn 0.7594 0.2490 -0.6011
vn 0.7594 0.1519 -0.6326
vn 0.7595 0.1520 -0.6325
vn 0.7594 0.1520 -0.6326
vn 0.7594 0.0510 -0.6487
vn 0.7594 0.0510 -0.6486
vn 0.7594 0.0511 -0.6486
vn 0.6483 0.7590 -0.0597
vn 0.6483 0.7591 -0.0597
vn 0.6483 0.7404 -0.1778
vn 0.6483 0.7403 -0.1779
vn 0.6484 0.7403 -0.1778
vn 0.6483 0.7035 -0.2913
vn 0.6483 0.7034 -0.2914
vn 0.6483 0.6492 -0.3978
vn 0.6484 0.6492 -0.3978
vn 0.6483 0.5790 -0.4945
vn 0.6483 0.4945 -0.5790
vn 0.6483 0.4944 -0.5790
vn 0.6483 0.3978 -0.6492
vn 0.6483 0.2914 -0.7034
vn 0.6483 0.1777 -0.7404
vn 0.6482 0.1777 -0.7404
vn 0.6483 0.0597 -0.7590
vn 0.5213 0.8507 -0.0670
vn 0.5214 0.8507 -0.0670
vn 0.5213 0.8298 -0.1992
vn 0.5214 0.8298 -0.1992
vn 0.5213 0.7884 -0.3266
vn 0.5214 0.7884 -0.3266
vn 0.5214 0.7883 -0.3266
vn 0.5214 0.7883 -0.3267
vn 0.5213 0.7276 -0.4459
vn 0.5214 0.7276 -0.4459
vn 0.5215 0.7275 -0.4459
vn 0.5214 0.7276 -0.4458
vn 0.5213 0.6489 -0.5542
vn 0.5214 0.6489 -0.5542
vn 0.5214 0.6488 -0.5542
vn 0.5213 0.5543 -0.6489
vn 0.5213 0.5542 -0.6489
vn 0.5213 0.5542 -0.6490
vn 0.5213 0.4459 -0.7276
vn 0.5213 0.3266 -0.7884
vn 0.5213 0.3265 -0.7884
vn 0.5213 0.1991 -0.8298
vn 0.5213 0.1992 -0.8298
vn 0.5214 0.0670 -0.8507
vn 0.5213 0.0670 -0.8507
vn 0.5213 0.0669 -0.8507
vn 0.3817 0.9214 -0.0724
vn 0.3817 0.9214 -0.0725
vn 0.3816 0.8988 -0.2158
vn 0.3817 0.8987 -0.2158
vn 0.3817 0.8539 -0.3538
vn 0.3816 0.8539 -0.3538
vn 0.3816 0.8540 -0.3537
vn 0.3817 0.7881 -0.4829
vn 0.3816 0.7029 -0.6003
vn 0.3816 0.7028 -0.6003
vn 0.3817 0.7028 -0.6003
vn 0.3818 0.6003 -0.7028
vn 0.3817 0.6003 -0.7028
vn 0.3817 0.4830 -0.7881
vn 0.3817 0.4829 -0.7881
vn 0.3817 0.3537 -0.8539
vn 0.3817 0.2157 -0.8988
vn 0.3818 0.2157 -0.8987
vn 0.3818 0.2158 -0.8987
vn 0.3817 0.0725 -0.9214
vn 0.3817 0.0726 -0.9214
vn 0.2329 0.9695 -0.0763
vn 0.2328 0.9695 -0.0762
vn 0.2328 0.9457 -0.2270
vn 0.2328 0.9456 -0.2274
vn 0.2328 0.9456 -0.2272
vn 0.2327 0.8985 -0.3722
vn 0.2328 0.8985 -0.3722
vn 0.2329 0.8292 -0.5081
vn 0.2328 0.8292 -0.5081
vn 0.2327 0.8292 -0.5082
vn 0.2328 0.7395 -0.6316
vn 0.2327 0.7396 -0.6316
vn 0.2328 0.6316 -0.7395
vn 0.2327 0.6316 -0.7395
vn 0.2327 0.6317 -0.7395
vn 0.2328 0.5081 -0.8292
vn 0.2327 0.3722 -0.8985
vn 0.2328 0.3722 -0.8985
vn 0.2328 0.2270 -0.9457
vn 0.2327 0.2271 -0.9457
vn 0.2327 0.0763 -0.9695
vn 0.2328 0.0763 -0.9695
vn 0.0782 0.9939 -0.0783
vn 0.0782 0.9939 -0.0782
vn 0.0781 0.9694 -0.2327
vn 0.0782 0.9694 -0.2327
vn 0.0782 0.9210 -0.3815
vn 0.0782 0.9211 -0.3815
vn 0.0782 0.8500 -0.5210
vn 0.0782 0.8500 -0.5209
vn 0.0783 0.8500 -0.5209
vn 0.0782 0.7580 -0.6475
vn 0.0782 0.7581 -0.6475
vn 0.0782 0.7581 -0.6474
vn 0.0782 0.6475 -0.7580
vn 0.0782 0.6475 -0.7581
vn 0.0782 0.6476 -0.7580
vn 0.0782 0.6474 -0.7581
vn 0.0782 0.5209 -0.8500
vn 0.0781 0.3815 -0.9211
vn 0.0782 0.3815 -0.9211
vn 0.0781 0.3816 -0.9210
vn 0.0782 0.2328 -0.9694
vn 0.0782 0.2327 -0.9694
vn 0.0114 0.9969 -0.0785
vn 0.0015 0.9968 -0.0798
vn 0.0000 0.0787 -0.9969
vn 0.1224 0.9722 -0.1996
vn 0.1223 0.9722 -0.1996
vn 0.0414 0.9969 -0.0671
vn 0.0351 0.9967 -0.0736
vn 0.0351 0.9967 -0.0735
vn 0.0154 0.9967 -0.0792
vn 0.0177 0.9969 -0.0765
vn 0.0185 0.9722 -0.2334
vn 0.0186 0.9722 -0.2333
vn 0.0185 0.9722 -0.2333
vn 0.0187 0.9722 -0.2333
vn 0.0545 0.9722 -0.2276
vn 0.0548 0.9722 -0.2277
vn 0.0550 0.9722 -0.2278
vn 0.0898 0.9722 -0.2164
vn 0.0896 0.9722 -0.2161
vn 0.0897 0.9722 -0.2163
vn 0.2493 0.9234 -0.2917
vn 0.1521 0.9722 -0.1780
vn 0.1519 0.9722 -0.1781
vn 0.0589 0.9965 -0.0587
vn 0.0511 0.9969 -0.0598
vn 0.0300 0.9235 -0.3825
vn 0.0301 0.9234 -0.3825
vn 0.0299 0.9235 -0.3825
vn 0.0896 0.9234 -0.3732
vn 0.0897 0.9234 -0.3731
vn 0.0896 0.9234 -0.3733
vn 0.0898 0.9235 -0.3731
vn 0.1469 0.9235 -0.3545
vn 0.2003 0.9235 -0.3272
vn 0.3983 0.8519 -0.3400
vn 0.2918 0.9235 -0.2492
vn 0.1780 0.9722 -0.1520
vn 0.1782 0.9722 -0.1519
vn 0.0598 0.9969 -0.0511
vn 0.1221 0.8519 -0.5092
vn 0.2735 0.8520 -0.4465
vn 0.3401 0.8519 -0.3983
vn 0.3401 0.8519 -0.3982
vn 0.5548 0.7594 -0.3400
vn 0.5547 0.7594 -0.3399
vn 0.4466 0.8518 -0.2737
vn 0.4466 0.8519 -0.2736
vn 0.3271 0.9235 -0.2005
vn 0.3272 0.9235 -0.2005
vn 0.3271 0.9235 -0.2004
vn 0.3270 0.9235 -0.2005
vn 0.1997 0.9722 -0.1223
vn 0.0734 0.9966 -0.0378
vn 0.0673 0.9969 -0.0411
vn 0.0731 0.9966 -0.0382
vn 0.0511 0.7594 -0.6486
vn 0.0512 0.7594 -0.6486
vn 0.1520 0.7593 -0.6327
vn 0.2490 0.7594 -0.6012
vn 0.2490 0.7593 -0.6012
vn 0.2490 0.7594 -0.6010
vn 0.3398 0.7594 -0.5548
vn 0.4226 0.7594 -0.4947
vn 0.4947 0.7594 -0.4226
vn 0.7035 0.6483 -0.2913
vn 0.7034 0.6483 -0.2913
vn 0.6011 0.7594 -0.2489
vn 0.4838 0.8519 -0.2003
vn 0.3545 0.9235 -0.1469
vn 0.3548 0.9234 -0.1468
vn 0.2162 0.9722 -0.0896
vn 0.0727 0.9969 -0.0301
vn 0.0597 0.6483 -0.7591
vn 0.1777 0.6483 -0.7403
vn 0.2913 0.6483 -0.7034
vn 0.2913 0.6484 -0.7034
vn 0.5789 0.6483 -0.4946
vn 0.8298 0.5213 -0.1991
vn 0.7403 0.6483 -0.1777
vn 0.7404 0.6483 -0.1776
vn 0.7403 0.6484 -0.1777
vn 0.6326 0.7595 -0.1519
vn 0.3734 0.9234 -0.0893
vn 0.2277 0.9722 -0.0547
vn 0.2277 0.9722 -0.0546
vn 0.2276 0.9722 -0.0548
vn 0.0821 0.9966 -0.0117
vn 0.0765 0.9969 -0.0184
vn 0.0823 0.9966 -0.0075
vn 0.0670 0.5214 -0.8507
vn 0.3265 0.5213 -0.7884
vn 0.4460 0.5213 -0.7276
vn 0.4461 0.5213 -0.7275
vn 0.5542 0.5212 -0.6489
vn 0.5542 0.5214 -0.6488
vn 0.6489 0.5213 -0.5542
vn 0.6488 0.5214 -0.5543
vn 0.7276 0.5212 -0.4459
vn 0.7276 0.5212 -0.4460
vn 0.7276 0.5214 -0.4457
vn 0.7884 0.5213 -0.3265
vn 0.9214 0.3818 -0.0725
vn 0.8508 0.5213 -0.0669
vn 0.8507 0.5214 -0.0669
vn 0.8507 0.5214 -0.0670
vn 0.7590 0.6484 -0.0597
vn 0.7591 0.6483 -0.0597
vn 0.7591 0.6483 -0.0598
vn 0.5221 0.8519 -0.0412
vn 0.5220 0.8520 -0.0411
vn 0.3825 0.9234 -0.0301
vn 0.2333 0.9722 -0.0182
vn 0.0799 0.9968 -0.0030
vn 0.0727 0.3818 -0.9214
vn 0.0726 0.3817 -0.9214
vn 0.2160 0.3815 -0.8988
vn 0.2158 0.3817 -0.8988
vn 0.3537 0.3818 -0.8539
vn 0.3536 0.3818 -0.8539
vn 0.7029 0.3816 -0.6003
vn 0.7027 0.3818 -0.6004
vn 0.7881 0.3816 -0.4829
vn 0.7881 0.3817 -0.4830
vn 0.8539 0.3818 -0.3537
vn 0.8987 0.3818 -0.2158
vn 0.9214 0.3817 -0.0726
vn 0.7884 0.5214 -0.3265
vn 0.6492 0.6483 -0.3979
vn 0.5548 0.7593 -0.3401
vn 0.4947 0.7595 -0.4225
vn 0.3982 0.8519 -0.3402
vn 0.3400 0.8519 -0.3983
vn 0.0894 0.9723 -0.2162
vn 0.0303 0.9969 -0.0726
vn 0.9696 0.2327 -0.0763
vn 0.9696 0.2326 -0.0763
vn 0.9457 0.2327 -0.2270
vn 0.8985 0.2327 -0.3722
vn 0.8985 0.2325 -0.3722
vn 0.8986 0.2324 -0.3720
vn 0.7395 0.2328 -0.6317
vn 0.5081 0.2328 -0.8292
vn 0.5081 0.2327 -0.8292
vn 0.5081 0.2327 -0.8293
vn 0.3722 0.2328 -0.8985
vn 0.3721 0.2329 -0.8985
vn 0.3721 0.2327 -0.8986
vn 0.2270 0.2327 -0.9457
vn 0.0764 0.2327 -0.9695
vn 0.9939 0.0783 -0.0782
vn 0.9210 0.0782 -0.3815
vn 0.8500 0.0783 -0.5210
vn 0.6475 0.0783 -0.7581
vn 0.3815 0.0782 -0.9210
vn 0.0782 0.0783 -0.9939
vn 0.0781 0.0782 -0.9939
vn 0.0792 0.9968 0.0116
vn 0.0779 0.9970 0.0024
vn 0.9742 0.2256 -0.0001
vn 0.9969 0.0786 -0.0000
vn 0.9742 0.2257 -0.0000
vn 0.9266 0.3760 -0.0001
vn 0.9266 0.3760 -0.0003
vn 0.8563 0.5164 -0.0001
vn 0.7624 0.6471 -0.0001
vn 0.7624 0.6471 -0.0002
vn 0.7639 0.6453 0.0000
vn 0.6548 0.7558 -0.0001
vn 0.6547 0.7559 -0.0001
vn 0.6547 0.7559 -0.0003
vn 0.7604 0.6495 -0.0000
vn 0.5240 0.8517 -0.0001
vn 0.5238 0.8518 0.0001
vn 0.3817 0.9243 -0.0001
vn 0.3817 0.9243 -0.0004
vn 0.2337 0.9723 -0.0001
vn 0.2337 0.9723 -0.0003
vn 0.0762 0.9971 0.0030
vn 0.0731 0.9973 -0.0001
vn -0.0000 0.1382 0.9904
vn -0.0007 0.2057 0.9786
vn 0.0007 0.2259 0.9742
vn 0.0007 0.2252 0.9743
vn 0.0007 0.2250 0.9744
vn 0.0007 0.2244 0.9745
vn -0.0007 0.3593 0.9332
vn 0.0006 0.3764 0.9265
vn 0.0006 0.3766 0.9264
vn 0.0006 0.3764 0.9264
vn 0.0006 0.3767 0.9263
vn -0.0006 0.5041 0.8637
vn 0.0005 0.5172 0.8559
vn 0.0005 0.5178 0.8555
vn 0.0005 0.5176 0.8556
vn 0.0005 0.5185 0.8551
vn -0.0007 0.6353 0.7723
vn -0.0002 0.6390 0.7692
vn 0.0003 0.6433 0.7656
vn 0.0004 0.6450 0.7642
vn 0.0004 0.6444 0.7647
vn -0.0005 0.7506 0.6608
vn -0.0002 0.7530 0.6581
vn 0.0000 0.7554 0.6552
vn 0.0004 0.7577 0.6526
vn 0.0004 0.8465 0.5324
vn -0.0118 0.7556 0.6549
vn 0.0003 0.8510 0.5251
vn 0.0003 0.9206 0.3905
vn -0.0119 0.8490 0.5283
vn 0.0002 0.9230 0.3848
vn 0.0002 0.9712 0.2383
vn -0.0121 0.9242 0.3817
vn 0.0001 0.9721 0.2347
vn 0.0001 0.9968 0.0801
vn -0.0117 0.9741 0.2258
vn -0.0118 0.9738 0.2270
vn -0.0116 0.9745 0.2242
vn -0.0000 0.9969 0.0789
vn 0.0029 0.9968 0.0800
vn 0.0096 0.9966 0.0821
vn 0.0767 0.2254 0.9712
vn 0.0767 0.2250 0.9713
vn 0.9714 0.2250 0.0765
vn 0.0728 0.3748 0.9243
vn 0.0728 0.3752 0.9241
vn 0.9242 0.3750 0.0727
vn 0.9241 0.3751 0.0727
vn 0.0672 0.5157 0.8541
vn 0.0674 0.5160 0.8539
vn 0.0672 0.5160 0.8539
vn 0.0600 0.6438 0.7628
vn 0.0601 0.6444 0.7623
vn 0.0513 0.7553 0.6534
vn 0.0515 0.7567 0.6517
vn 0.0414 0.8495 0.5260
vn 0.0413 0.8503 0.5247
vn 0.0302 0.9230 0.3835
vn 0.0301 0.9226 0.3847
vn 0.0303 0.9226 0.3846
vn 0.0189 0.9707 0.2394
vn 0.0187 0.9718 0.2349
vn 0.0186 0.9719 0.2348
vn 0.0382 0.9966 0.0734
vn 0.0303 0.9969 0.0731
vn 0.0379 0.9966 0.0737
vn 0.0124 0.9966 0.0819
vn 0.0189 0.9969 0.0769
vn 0.0809 0.9967 0.0107
vn 0.9948 0.0741 0.0695
vn 0.9942 0.0769 0.0748
vn 0.9943 0.0770 0.0744
vn 0.9933 0.0846 0.0782
vn 0.1836 0.0860 -0.9792
vn 0.9699 0.0834 0.2288
vn -0.4324 -0.0421 -0.9007
vn 0.9690 0.0833 0.2326
vn 0.9703 0.0951 0.2226
vn 0.9230 0.0920 0.3737
vn 0.9187 0.1054 0.3807
vn 0.8483 0.0995 0.5201
vn 0.8495 0.1000 0.5180
vn 0.8482 0.0997 0.5202
vn 0.8484 0.1001 0.5199
vn 0.8517 0.1153 0.5112
vn 0.7601 0.1076 0.6409
vn 0.7548 0.1225 0.6444
vn 0.6439 0.1150 0.7564
vn 0.6489 0.1141 0.7523
vn 0.6445 0.1143 0.7560
vn 0.6454 0.1134 0.7554
vn 0.6490 0.1313 0.7494
vn 0.5224 0.1188 0.8444
vn 0.5177 0.1354 0.8448
vn 0.3803 0.1218 0.9168
vn 0.3814 0.1221 0.9163
vn 0.3799 0.1221 0.9169
vn 0.3798 0.1224 0.9169
vn 0.3825 0.1427 0.9129
vn 0.3824 0.1426 0.9129
vn 0.3824 0.1427 0.9129
vn 0.2333 0.1285 0.9639
vn 0.2323 0.1329 0.9635
vn 0.2322 0.1344 0.9633
vn 0.2307 0.1393 0.9630
vn 0.9757 0.0446 -0.2143
vn 0.0817 0.1303 0.9881
vn 0.0375 0.0906 0.9952
vn 0.0782 0.1343 0.9878
vn 0.0785 0.1381 0.9873
vn 0.2367 0.9714 0.0188
vn 0.2360 0.9716 0.0185
vn 0.2346 0.9719 0.0186
vn 0.2345 0.9719 0.0186
vn 0.1228 0.9719 0.2009
vn 0.1225 0.9719 0.2009
vn 0.0191 0.9688 0.2470
vn 0.0189 0.9716 0.2360
vn 0.0549 0.9719 0.2291
vn 0.0894 0.9719 0.2176
vn 0.0904 0.9718 0.2176
vn 0.0899 0.9719 0.2176
vn 0.0909 0.9718 0.2176
vn 0.1225 0.9719 0.2010
vn 0.0413 0.9969 0.0675
vn 0.3846 0.9226 0.0302
vn 0.3847 0.9226 0.0304
vn 0.2507 0.9225 0.2935
vn 0.0298 0.9238 0.3816
vn 0.0304 0.9230 0.3835
vn 0.0898 0.9226 0.3753
vn 0.0899 0.9225 0.3753
vn 0.0901 0.9225 0.3753
vn 0.1478 0.9226 0.3562
vn 0.1478 0.9225 0.3565
vn 0.1477 0.9226 0.3564
vn 0.1477 0.9225 0.3566
vn 0.2016 0.9226 0.3290
vn 0.2014 0.9226 0.3290
vn 0.2013 0.9227 0.3289
vn 0.1530 0.9718 0.1792
vn 0.1527 0.9719 0.1791
vn 0.1532 0.9718 0.1791
vn 0.1536 0.9717 0.1793
vn 0.0512 0.9969 0.0600
vn 0.0584 0.9966 0.0583
vn 0.5244 0.8505 0.0413
vn 0.5225 0.8516 0.0413
vn 0.5248 0.8502 0.0413
vn 0.3842 0.9228 0.0303
vn 0.4001 0.8503 0.3419
vn 0.3999 0.8504 0.3419
vn 0.4002 0.8503 0.3419
vn 0.0416 0.8480 0.5284
vn 0.0414 0.8497 0.5256
vn 0.1230 0.8503 0.5118
vn 0.1227 0.8502 0.5119
vn 0.2015 0.8502 0.4864
vn 0.2015 0.8501 0.4865
vn 0.2749 0.8503 0.4488
vn 0.2750 0.8503 0.4488
vn 0.2749 0.8503 0.4489
vn 0.3420 0.8502 0.4002
vn 0.3422 0.8501 0.4002
vn 0.3421 0.8502 0.4002
vn 0.3423 0.8501 0.4002
vn 0.4004 0.8502 0.3419
vn 0.2935 0.9225 0.2508
vn 0.2931 0.9227 0.2505
vn 0.2929 0.9228 0.2503
vn 0.1791 0.9719 0.1529
vn 0.1790 0.9719 0.1527
vn 0.1792 0.9719 0.1529
vn 0.1793 0.9718 0.1530
vn 0.0604 0.9968 0.0515
vn 0.6519 0.7566 0.0513
vn 0.5202 0.8531 0.0413
vn 0.5574 0.7567 0.3415
vn 0.5573 0.7569 0.3415
vn 0.5575 0.7567 0.3415
vn 0.0515 0.7527 0.6564
vn 0.0512 0.7550 0.6537
vn 0.1529 0.7566 0.6358
vn 0.1529 0.7566 0.6357
vn 0.1527 0.7567 0.6357
vn 0.2505 0.7566 0.6040
vn 0.2502 0.7566 0.6041
vn 0.2499 0.7566 0.6042
vn 0.3413 0.7568 0.5575
vn 0.3415 0.7567 0.5575
vn 0.4250 0.7564 0.4972
vn 0.4246 0.7567 0.4971
vn 0.4970 0.7567 0.4248
vn 0.4971 0.7566 0.4247
vn 0.4971 0.7567 0.4247
vn 0.5577 0.7565 0.3415
vn 0.4489 0.8502 0.2750
vn 0.4487 0.8503 0.2750
vn 0.4490 0.8501 0.2750
vn 0.4492 0.8500 0.2750
vn 0.3290 0.9226 0.2016
vn 0.3289 0.9226 0.2015
vn 0.3291 0.9225 0.2016
vn 0.3292 0.9225 0.2018
vn 0.2009 0.9719 0.1231
vn 0.2008 0.9719 0.1230
vn 0.2006 0.9719 0.1232
vn 0.0675 0.9969 0.0411
vn 0.0736 0.9966 0.0378
vn 0.0733 0.9966 0.0382
vn 0.8539 0.5161 0.0672
vn 0.8540 0.5159 0.0673
vn 0.7618 0.6450 0.0599
vn 0.7622 0.6446 0.0600
vn 0.7624 0.6443 0.0600
vn 0.7623 0.6444 0.0599
vn 0.6524 0.7562 0.0515
vn 0.7065 0.6444 0.2926
vn 0.7067 0.6442 0.2925
vn 0.0600 0.6430 0.7635
vn 0.0602 0.6442 0.7625
vn 0.1790 0.6438 0.7440
vn 0.1786 0.6443 0.7436
vn 0.1786 0.6445 0.7434
vn 0.2926 0.6442 0.7066
vn 0.2925 0.6444 0.7066
vn 0.3996 0.6444 0.6520
vn 0.4965 0.6444 0.5815
vn 0.4966 0.6444 0.5816
vn 0.4965 0.6444 0.5816
vn 0.4966 0.6443 0.5816
vn 0.5817 0.6444 0.4965
vn 0.5816 0.6443 0.4966
vn 0.6521 0.6442 0.3996
vn 0.6521 0.6443 0.3996
vn 0.7064 0.6445 0.2926
vn 0.6042 0.7565 0.2503
vn 0.6042 0.7565 0.2502
vn 0.4865 0.8501 0.2016
vn 0.3565 0.9225 0.1478
vn 0.3563 0.9226 0.1477
vn 0.3568 0.9224 0.1478
vn 0.2178 0.9718 0.0903
vn 0.2177 0.9718 0.0903
vn 0.2178 0.9718 0.0904
vn 0.0730 0.9969 0.0303
vn 0.8541 0.5158 0.0672
vn 0.8328 0.5162 0.1999
vn 0.0672 0.5149 0.8546
vn 0.0670 0.5156 0.8542
vn 0.2001 0.5159 0.8330
vn 0.1999 0.5160 0.8329
vn 0.1997 0.5162 0.8329
vn 0.3277 0.5160 0.7914
vn 0.3279 0.5162 0.7912
vn 0.3280 0.5163 0.7911
vn 0.4476 0.5160 0.7303
vn 0.4476 0.5160 0.7304
vn 0.4477 0.5160 0.7303
vn 0.5561 0.5161 0.6514
vn 0.5562 0.5160 0.6514
vn 0.5562 0.5161 0.6514
vn 0.6512 0.5162 0.5563
vn 0.6514 0.5160 0.5562
vn 0.7301 0.5163 0.4476
vn 0.7304 0.5161 0.4475
vn 0.7306 0.5158 0.4474
vn 0.7913 0.5161 0.3278
vn 0.7914 0.5160 0.3278
vn 0.7913 0.5161 0.3279
vn 0.7911 0.5161 0.3282
vn 0.8329 0.5161 0.2000
vn 0.7436 0.6443 0.1786
vn 0.7437 0.6442 0.1785
vn 0.7435 0.6444 0.1786
vn 0.7434 0.6445 0.1786
vn 0.6357 0.7567 0.1527
vn 0.6357 0.7566 0.1527
vn 0.5118 0.8503 0.1228
vn 0.5118 0.8502 0.1229
vn 0.5118 0.8503 0.1229
vn 0.3753 0.9225 0.0900
vn 0.3752 0.9226 0.0901
vn 0.3754 0.9225 0.0900
vn 0.3756 0.9224 0.0901
vn 0.2289 0.9719 0.0550
vn 0.2291 0.9719 0.0549
vn 0.2290 0.9719 0.0550
vn 0.0768 0.9969 0.0184
vn 0.0727 0.3745 0.9244
vn 0.2161 0.3753 0.9014
vn 0.2163 0.3752 0.9014
vn 0.2164 0.3752 0.9013
vn 0.3548 0.3751 0.8564
vn 0.3548 0.3749 0.8565
vn 0.4845 0.3752 0.7903
vn 0.4843 0.3753 0.7903
vn 0.4842 0.3754 0.7903
vn 0.6018 0.3753 0.7050
vn 0.6018 0.3753 0.7049
vn 0.6019 0.3753 0.7049
vn 0.7050 0.3752 0.6018
vn 0.7049 0.3752 0.6019
vn 0.7049 0.3751 0.6020
vn 0.7048 0.3751 0.6021
vn 0.7904 0.3751 0.4843
vn 0.7905 0.3751 0.4842
vn 0.7904 0.3752 0.4842
vn 0.8562 0.3754 0.3549
vn 0.8564 0.3752 0.3547
vn 0.8565 0.3750 0.3547
vn 0.9013 0.3752 0.2164
vn 0.9243 0.3748 0.0729
vn 0.0765 0.2251 0.9713
vn 0.0764 0.2244 0.9715
vn 0.2273 0.2250 0.9475
vn 0.2274 0.2250 0.9475
vn 0.3731 0.2251 0.9001
vn 0.3728 0.2250 0.9002
vn 0.3729 0.2250 0.9002
vn 0.3726 0.2249 0.9003
vn 0.5090 0.2250 0.8308
vn 0.5090 0.2252 0.8308
vn 0.5089 0.2252 0.8308
vn 0.5090 0.2254 0.8308
vn 0.6330 0.2249 0.7408
vn 0.6327 0.2250 0.7410
vn 0.7411 0.2249 0.6326
vn 0.7409 0.2250 0.6328
vn 0.7410 0.2250 0.6327
vn 0.7408 0.2250 0.6329
vn 0.8308 0.2249 0.5091
vn 0.9474 0.2251 0.2274
vn 0.9475 0.2249 0.2274
vn 0.9475 0.2248 0.2274
vn 0.9714 0.2249 0.0757
vn 0.8084 -0.0111 -0.5885
vn 0.9724 0.0247 0.2321
vn 0.9718 0.0199 0.2349
vn 0.9239 -0.0405 0.3805
vn 0.9238 -0.0405 0.3806
vn 0.9238 -0.0405 0.3807
vn 0.8531 0.0551 0.5188
vn 0.8527 0.0552 0.5196
vn 0.7603 -0.0687 0.6459
vn 0.7604 -0.0686 0.6458
vn 0.0787 0.0211 0.9967
vn 0.8624 0.0198 0.5058
vn 0.0823 0.1054 0.9910
vn 0.0783 -0.0211 0.9967
vn 0.0786 -0.0211 0.9967
vn 0.0787 -0.0633 0.9949
vn 0.0782 -0.0633 0.9949
vn 0.0381 -0.0527 0.9979
vn 0.0788 -0.1054 0.9913
vn 0.0829 -0.1053 0.9910
vn 0.2330 0.1028 0.9670
vn 0.3829 -0.0587 0.9219
vn 0.3826 0.0976 0.9188
vn 0.3880 0.0975 0.9165
vn 0.9995 0.0000 -0.0331
vn 0.2334 -0.1028 0.9669
vn 0.2329 -0.1028 0.9670
vn 0.3825 -0.0976 0.9188
vn 0.3828 -0.0976 0.9187
vn 0.3823 -0.0976 0.9189
vn 0.3816 -0.0975 0.9192
vn 0.6474 0.0806 0.7579
vn 0.6496 0.0804 0.7560
vn 0.5226 0.0901 0.8478
vn 0.5223 0.0901 0.8480
vn 0.6519 0.0802 0.7540
vn 0.6462 0.0806 0.7589
vn 0.0781 0.0211 0.9967
vn 0.2331 0.0206 0.9722
vn 0.2336 0.0206 0.9721
vn 0.3827 -0.0196 0.9237
vn 0.5221 -0.0541 0.8512
vn 0.5226 -0.0541 0.8509
vn 0.6493 -0.0804 0.7563
vn 0.6473 -0.0805 0.7580
vn 0.2336 0.0617 0.9704
vn 0.3824 0.0196 0.9238
vn 0.3830 0.0196 0.9235
vn 0.3828 0.0196 0.9236
vn 0.5226 -0.0181 0.8524
vn 0.5228 -0.0181 0.8523
vn 0.5224 -0.0181 0.8525
vn 0.5222 -0.0541 0.8511
vn 0.6494 -0.0483 0.7590
vn 0.6491 -0.0483 0.7592
vn 0.6519 -0.0802 0.7540
vn 0.6461 -0.0806 0.7589
vn 0.7603 0.0687 0.6459
vn 0.7604 0.0686 0.6459
vn 0.7605 0.0686 0.6457
vn 0.7606 0.0412 0.6479
vn 0.8531 0.0552 0.5188
vn 0.8519 0.0552 0.5207
vn 0.8525 0.0332 0.5216
vn 0.8527 0.0111 0.5223
vn -0.0009 -0.0012 -1.0000
vn 0.3828 0.0587 0.9220
vn 0.5224 0.0181 0.8525
vn 0.5227 0.0181 0.8523
vn 0.5225 -0.0181 0.8524
vn 0.6491 -0.0161 0.7605
vn 0.6492 -0.0161 0.7605
vn 0.6491 -0.0161 0.7606
vn 0.7602 -0.0412 0.6483
vn 0.7606 -0.0412 0.6479
vn 0.8525 -0.0552 0.5198
vn 0.8532 -0.0551 0.5186
vn 0.5226 0.0541 0.8509
vn 0.5223 0.0543 0.8510
vn 0.5222 0.0543 0.8511
vn 0.6491 0.0161 0.7606
vn 0.6492 0.0161 0.7604
vn 0.7605 -0.0138 0.6492
vn 0.8526 -0.0332 0.5215
vn 0.8519 -0.0553 0.5207
vn 0.8535 -0.0552 0.5181
vn 0.9239 0.0405 0.3806
vn 0.9238 0.0405 0.3808
vn 0.9238 0.0243 0.3822
vn 0.9238 0.0243 0.3821
vn 0.9238 0.0081 0.3827
vn 0.9238 -0.0081 0.3828
vn 0.9713 0.0222 0.2367
vn 0.9719 0.0126 0.2350
vn 0.9719 0.0072 0.2352
vn 0.9720 0.0020 0.2349
vn 0.9720 -0.0020 0.2349
vn 0.9719 -0.0072 0.2353
vn 0.9719 -0.0126 0.2351
vn 0.9712 -0.0200 0.2374
vn 0.3956 0.0972 0.9132
vn 0.5225 0.0541 0.8509
vn 0.6490 0.0483 0.7592
vn 0.7605 0.0138 0.6492
vn 0.8527 -0.0111 0.5223
vn 0.8527 -0.0332 0.5213
vn 0.9238 -0.0243 0.3822
vn 0.9238 -0.0243 0.3820
vn 0.6253 -0.0157 0.7802
vn 0.7603 0.0412 0.6483
vn 0.9237 -0.0243 0.3822
vn 0.2786 0.0005 -0.9604
vn 0.9969 -0.0083 0.0779
vn 0.9969 -0.0074 0.0785
vn 0.9969 -0.0060 0.0787
vn 0.9969 0.0041 0.0789
vn 0.9969 0.0060 0.0787
vn 0.9969 0.0083 0.0779
vn 0.9969 0.0083 0.0780
vn 0.0250 -0.9966 0.0789
vn 0.0183 -0.9969 0.0770
vn 0.0333 -0.9963 0.0794
vn 0.0415 -0.9968 0.0676
vn 0.0381 -0.9966 0.0737
vn 0.0514 -0.9969 0.0601
vn 0.0583 -0.9966 0.0584
vn 0.0584 -0.9966 0.0584
vn 0.0736 -0.9966 0.0379
vn 0.0674 -0.9969 0.0414
vn 0.0734 -0.9966 0.0383
vn 0.0187 -0.9710 0.2383
vn 0.0190 -0.9696 0.2440
vn 0.0185 -0.9718 0.2349
vn 0.0063 -0.9969 0.0789
vn 0.0017 -0.9968 0.0803
vn 0.0038 -0.9968 0.0797
vn 0.0304 -0.9229 0.3839
vn 0.0303 -0.9233 0.3828
vn 0.0306 -0.9228 0.3841
vn 0.2274 -0.2250 0.9475
vn 0.8490 -0.0995 0.5190
vn 0.8506 -0.0997 0.5162
vn 0.8515 -0.0996 0.5147
vn 0.6494 -0.1146 0.7518
vn 0.6494 -0.1140 0.7518
vn 0.6509 -0.1136 0.7506
vn 0.3799 -0.1218 0.9170
vn 0.3812 -0.1228 0.9163
vn 0.3824 -0.1227 0.9158
vn 0.0799 -0.1340 0.9878
vn 0.8938 0.0342 0.4472
vn 0.0783 -0.1324 0.9881
vn 0.2323 -0.1344 0.9633
vn 0.2313 -0.1392 0.9629
vn 0.2324 -0.1323 0.9636
vn 0.2334 -0.1279 0.9639
vn 0.9230 -0.0920 0.3737
vn -0.7866 0.6164 0.0361
vn 0.9704 -0.0837 0.2266
vn 0.9710 -0.0832 0.2243
vn 0.9948 -0.0740 0.0696
vn 0.9943 -0.0770 0.0744
vn 0.9942 -0.0769 0.0748
vn 0.9933 -0.0846 0.0782
vn 0.9713 -0.2252 0.0765
vn 0.9713 -0.2251 0.0765
vn 0.9714 -0.2250 0.0765
vn 0.8308 -0.2249 0.5091
vn 0.8307 -0.2251 0.5091
vn 0.9241 -0.3752 0.0728
vn 0.9241 -0.3750 0.0728
vn 0.9243 -0.3746 0.0728
vn 0.7904 -0.3753 0.4842
vn 0.7905 -0.3751 0.4842
vn 0.7905 -0.3750 0.4843
vn 0.7049 -0.3749 0.6021
vn 0.7048 -0.3752 0.6021
vn 0.7048 -0.3751 0.6021
vn 0.5225 -0.1187 0.8443
vn 0.5177 -0.1357 0.8447
vn 0.5090 -0.2250 0.8308
vn 0.5091 -0.2251 0.8307
vn 0.3729 -0.2250 0.9002
vn 0.3728 -0.2250 0.9002
vn 0.3548 -0.3750 0.8564
vn 0.3546 -0.3748 0.8566
vn 0.2165 -0.3747 0.9015
vn 0.2163 -0.3750 0.9014
vn 0.2163 -0.3751 0.9014
vn 0.2000 -0.5161 0.8329
vn 0.1997 -0.5161 0.8329
vn 0.1999 -0.5160 0.8329
vn 0.0779 -0.1362 0.9876
vn 0.0764 -0.2251 0.9713
vn 0.0766 -0.2255 0.9712
vn 0.0764 -0.2252 0.9713
vn 0.0763 -0.2245 0.9715
vn 0.0765 -0.2251 0.9713
vn 0.0728 -0.3752 0.9241
vn 0.0727 -0.3748 0.9242
vn 0.3825 -0.1237 0.9156
vn 0.3789 -0.1407 0.9147
vn 0.3730 -0.2249 0.9002
vn 0.2273 -0.2247 0.9475
vn 0.2161 -0.3754 0.9013
vn 0.8540 -0.5160 0.0672
vn 0.9241 -0.3751 0.0727
vn 0.7302 -0.5162 0.4476
vn 0.7303 -0.5162 0.4474
vn 0.7302 -0.5163 0.4474
vn 0.6513 -0.5165 0.5559
vn 0.6513 -0.5162 0.5562
vn 0.6513 -0.5161 0.5562
vn 0.6514 -0.5158 0.5565
vn 0.5563 -0.5162 0.6512
vn 0.5561 -0.5162 0.6514
vn 0.5562 -0.5162 0.6513
vn 0.7624 -0.6443 0.0600
vn 0.7621 -0.6447 0.0600
vn 0.7622 -0.6445 0.0600
vn 0.7618 -0.6450 0.0600
vn 0.8539 -0.5162 0.0672
vn 0.6522 -0.6442 0.3996
vn 0.6521 -0.6443 0.3996
vn 0.6521 -0.6442 0.3997
vn 0.5813 -0.6448 0.4963
vn 0.5815 -0.6445 0.4965
vn 0.4966 -0.6445 0.5814
vn 0.4966 -0.6444 0.5815
vn 0.4965 -0.6444 0.5815
vn 0.4965 -0.6444 0.5816
vn 0.3998 -0.6441 0.6522
vn 0.3997 -0.6442 0.6521
vn 0.7601 -0.1076 0.6408
vn 0.7547 -0.1229 0.6445
vn 0.7409 -0.2251 0.6327
vn 0.7409 -0.2252 0.6327
vn 0.6327 -0.2252 0.7409
vn 0.6328 -0.2251 0.7409
vn 0.6020 -0.3751 0.7049
vn 0.6020 -0.3752 0.7048
vn 0.4844 -0.3753 0.7903
vn 0.4476 -0.5162 0.7303
vn 0.4473 -0.5164 0.7302
vn 0.4476 -0.5161 0.7303
vn 0.3280 -0.5159 0.7914
vn 0.3279 -0.5162 0.7912
vn 0.3279 -0.5161 0.7912
vn 0.2925 -0.6443 0.7066
vn 0.2926 -0.6442 0.7067
vn 0.2925 -0.6443 0.7067
vn 0.1788 -0.6443 0.7436
vn 0.1785 -0.6444 0.7435
vn 0.1786 -0.6443 0.7436
vn 0.1527 -0.7568 0.6356
vn 0.0726 -0.3745 0.9244
vn 0.0672 -0.5161 0.8539
vn 0.0673 -0.5160 0.8539
vn 0.0671 -0.5158 0.8541
vn 0.0671 -0.5156 0.8542
vn 0.0671 -0.5151 0.8545
vn 0.0601 -0.6444 0.7623
vn 0.0600 -0.6443 0.7624
vn 0.0602 -0.6439 0.7628
vn 0.6493 -0.1134 0.7520
vn 0.6439 -0.1308 0.7539
vn 0.6329 -0.2249 0.7408
vn 0.5089 -0.2251 0.8309
vn 0.4843 -0.3752 0.7903
vn 0.3550 -0.3752 0.8563
vn 0.3278 -0.5164 0.7912
vn 0.2001 -0.5160 0.8329
vn 0.1785 -0.6444 0.7436
vn 0.0601 -0.6442 0.7625
vn 0.6520 -0.7565 0.0513
vn 0.6522 -0.7563 0.0513
vn 0.7624 -0.6444 0.0600
vn 0.5574 -0.7568 0.3414
vn 0.5574 -0.7567 0.3416
vn 0.5575 -0.7567 0.3416
vn 0.5575 -0.7566 0.3417
vn 0.4970 -0.7566 0.4249
vn 0.4971 -0.7566 0.4247
vn 0.4970 -0.7567 0.4248
vn 0.4971 -0.7567 0.4246
vn 0.4250 -0.7565 0.4971
vn 0.4247 -0.7566 0.4972
vn 0.4249 -0.7566 0.4971
vn 0.4246 -0.7567 0.4972
vn 0.3414 -0.7567 0.5575
vn 0.3415 -0.7567 0.5575
vn 0.3415 -0.7567 0.5574
vn 0.3416 -0.7567 0.5574
vn 0.2504 -0.7566 0.6041
vn 0.2502 -0.7566 0.6042
vn 0.2502 -0.7566 0.6041
vn 0.5246 -0.8503 0.0413
vn 0.5252 -0.8500 0.0413
vn 0.5244 -0.8505 0.0413
vn 0.6517 -0.7567 0.0512
vn 0.4490 -0.8502 0.2750
vn 0.4490 -0.8501 0.2751
vn 0.4003 -0.8501 0.3421
vn 0.4000 -0.8503 0.3419
vn 0.4002 -0.8503 0.3419
vn 0.3999 -0.8505 0.3417
vn 0.3420 -0.8502 0.4002
vn 0.3421 -0.8502 0.4002
vn 0.3418 -0.8504 0.4000
vn 0.2748 -0.8504 0.4487
vn 0.2749 -0.8503 0.4488
vn 0.2750 -0.8502 0.4490
vn 0.2016 -0.8502 0.4863
vn 0.2016 -0.8502 0.4864
vn 0.1228 -0.8501 0.5121
vn 0.1230 -0.8502 0.5119
vn 0.1229 -0.8502 0.5120
vn 0.0604 -0.6430 0.7634
vn 0.0513 -0.7567 0.6517
vn 0.0515 -0.7567 0.6517
vn 0.0513 -0.7552 0.6535
vn 0.0513 -0.7550 0.6537
vn 0.0515 -0.7526 0.6565
vn 0.0413 -0.8503 0.5247
vn 0.0415 -0.8503 0.5247
vn 0.0413 -0.8496 0.5259
vn 0.8522 -0.0998 0.5136
vn 0.8470 -0.1150 0.5189
vn 0.8308 -0.2247 0.5091
vn 0.7047 -0.3754 0.6021
vn 0.6019 -0.3751 0.7050
vn 0.5560 -0.5161 0.6515
vn 0.4478 -0.5158 0.7304
vn 0.3997 -0.6444 0.6519
vn 0.2924 -0.6443 0.7067
vn 0.2500 -0.7566 0.6042
vn 0.1528 -0.7564 0.6360
vn 0.1231 -0.8503 0.5118
vn 0.0412 -0.8497 0.5256
vn 0.0415 -0.8482 0.5280
vn 0.3847 -0.9226 0.0303
vn 0.3848 -0.9225 0.0303
vn 0.3850 -0.9224 0.0304
vn 0.5246 -0.8504 0.0413
vn 0.0302 -0.9226 0.3847
vn 0.0304 -0.9226 0.3846
vn 0.0901 -0.9225 0.3753
vn 0.0900 -0.9225 0.3754
vn 0.1476 -0.9226 0.3565
vn 0.1478 -0.9226 0.3564
vn 0.1477 -0.9226 0.3564
vn 0.1479 -0.9226 0.3562
vn 0.2015 -0.9226 0.3289
vn 0.2014 -0.9226 0.3290
vn 0.2012 -0.9226 0.3291
vn 0.2508 -0.9226 0.2933
vn 0.2507 -0.9226 0.2933
vn 0.2505 -0.9225 0.2935
vn 0.2936 -0.9225 0.2506
vn 0.2933 -0.9226 0.2505
vn 0.2935 -0.9225 0.2507
vn 0.2932 -0.9227 0.2505
vn 0.3291 -0.9225 0.2017
vn 0.3288 -0.9226 0.2015
vn 0.3291 -0.9225 0.2016
vn 0.3288 -0.9226 0.2016
vn 0.2346 -0.9719 0.0186
vn 0.2347 -0.9719 0.0185
vn 0.2348 -0.9719 0.0184
vn 0.3847 -0.9225 0.0304
vn 0.0186 -0.9719 0.2349
vn 0.0185 -0.9719 0.2348
vn 0.0550 -0.9719 0.2290
vn 0.0548 -0.9719 0.2291
vn 0.0545 -0.9719 0.2292
vn 0.0905 -0.9718 0.2176
vn 0.0903 -0.9718 0.2177
vn 0.0904 -0.9719 0.2175
vn 0.0902 -0.9718 0.2177
vn 0.1232 -0.9718 0.2009
vn 0.1229 -0.9719 0.2006
vn 0.1233 -0.9718 0.2009
vn 0.1529 -0.9719 0.1792
vn 0.1532 -0.9718 0.1790
vn 0.1528 -0.9719 0.1791
vn 0.1533 -0.9719 0.1789
vn 0.1793 -0.9718 0.1530
vn 0.1787 -0.9720 0.1529
vn 0.1784 -0.9720 0.1528
vn 0.2009 -0.9719 0.1230
vn 0.2002 -0.9720 0.1228
vn 0.2008 -0.9719 0.1229
vn 0.1999 -0.9721 0.1227
vn 0.0803 -0.9967 0.0148
vn 0.0796 -0.9968 0.0042
vn 0.0810 -0.9967 0.0109
vn 0.0798 -0.9968 0.0032
vn 0.2344 -0.9720 0.0186
vn 0.9680 -0.0950 0.2324
vn 0.9475 -0.2250 0.2274
vn 0.9475 -0.2249 0.2274
vn 0.9014 -0.3752 0.2163
vn 0.8329 -0.5160 0.1999
vn 0.7435 -0.6445 0.1785
vn 0.7434 -0.6446 0.1785
vn 0.7434 -0.6445 0.1785
vn 0.7436 -0.6444 0.1785
vn 0.6358 -0.7566 0.1527
vn 0.6356 -0.7568 0.1527
vn 0.6356 -0.7568 0.1526
vn 0.5119 -0.8502 0.1228
vn 0.5123 -0.8500 0.1228
vn 0.5116 -0.8504 0.1228
vn 0.5112 -0.8507 0.1227
vn 0.3754 -0.9225 0.0900
vn 0.2292 -0.9718 0.0549
vn 0.2289 -0.9719 0.0549
vn 0.2290 -0.9719 0.0550
vn 0.0769 -0.9969 0.0185
vn 0.9187 -0.1054 0.3806
vn 0.8564 -0.3751 0.3547
vn 0.7914 -0.5160 0.3278
vn 0.7913 -0.5162 0.3278
vn 0.7066 -0.6443 0.2926
vn 0.6042 -0.7565 0.2503
vn 0.6044 -0.7564 0.2502
vn 0.6041 -0.7566 0.2503
vn 0.6039 -0.7567 0.2503
vn 0.4866 -0.8500 0.2016
vn 0.4868 -0.8499 0.2017
vn 0.4865 -0.8501 0.2016
vn 0.4863 -0.8503 0.2015
vn 0.3565 -0.9225 0.1478
vn 0.3566 -0.9225 0.1478
vn 0.2178 -0.9718 0.0902
vn 0.2178 -0.9718 0.0903
vn 0.2180 -0.9718 0.0903
vn 0.2179 -0.9718 0.0903
vn 0.0732 -0.9969 0.0303
vn -0.0001 -0.9968 0.0795
vn -0.0001 -0.9968 0.0801
vn 0.0000 -0.9724 0.2335
vn 0.0001 -0.9722 0.2342
vn -0.0000 -0.9718 0.2357
vn -0.0002 -0.9715 0.2370
vn 0.0000 -0.9243 0.3817
vn 0.0000 -0.9237 0.3832
vn 0.0002 -0.9228 0.3852
vn -0.0001 -0.9215 0.3884
vn -0.0003 -0.9206 0.3904
vn 0.0003 -0.8503 0.5264
vn 0.0003 -0.8507 0.5257
vn -0.0002 -0.8483 0.5296
vn -0.0002 -0.8505 0.5260
vn -0.0004 -0.8466 0.5323
vn 0.0008 -0.7544 0.6564
vn 0.0008 -0.7561 0.6545
vn 0.0002 -0.7555 0.6551
vn -0.0002 -0.7529 0.6581
vn -0.0005 -0.7506 0.6608
vn 0.0004 -0.6445 0.7646
vn 0.0004 -0.6450 0.7642
vn 0.0003 -0.6433 0.7656
vn -0.0001 -0.6391 0.7691
vn -0.0007 -0.6353 0.7723
vn 0.0005 -0.5187 0.8550
vn 0.0005 -0.5179 0.8554
vn 0.0005 -0.5176 0.8556
vn 0.0005 -0.5172 0.8559
vn -0.0006 -0.5041 0.8637
vn 0.0006 -0.3768 0.9263
vn 0.0006 -0.3766 0.9264
vn 0.0006 -0.3764 0.9264
vn 0.0006 -0.3764 0.9265
vn -0.0007 -0.3593 0.9332
vn -0.0008 -0.2057 0.9786
vn 0.0007 -0.2259 0.9742
vn 0.0007 -0.2250 0.9744
vn 0.0007 -0.2252 0.9743
vn 0.0007 -0.2244 0.9745
vn 0.0621 0.0000 -0.9981
vn 0.1867 0.0000 -0.9824
vn 0.1871 -0.0000 -0.9823
vn 0.1866 -0.0000 -0.9824
vn 0.2334 0.0001 -0.9724
vn 0.3143 -0.0000 -0.9493
vn 0.3827 0.0001 -0.9239
vn 0.4455 -0.0001 -0.8953
vn 0.4454 -0.0001 -0.8954
vn 0.4453 -0.0001 -0.8954
vn 0.4452 -0.0001 -0.8954
vn 0.5227 0.0001 -0.8525
vn 0.5792 -0.0001 -0.8152
vn 0.5795 -0.0001 -0.8150
vn 0.5794 -0.0001 -0.8150
vn 0.5796 -0.0001 -0.8149
vn 0.6495 0.0001 -0.7604
vn 0.7126 -0.0001 -0.7016
vn 0.7605 0.0001 -0.6494
vn 0.8365 -0.0001 -0.5479
vn 0.8365 -0.0001 -0.5480
vn 0.8364 -0.0001 -0.5480
vn 0.9360 -0.0001 -0.3520
vn 0.9358 -0.0001 -0.3526
vn 0.9360 -0.0001 -0.3521
vn 0.9724 0.0001 -0.2335
vn 0.9926 -0.0001 -0.1218
vn 0.9969 -0.0001 -0.0785
vn 0.9925 -0.0000 -0.1219
vn 0.9360 -0.3520 -0.0000
vn 0.9926 -0.1218 -0.0000
vn 0.9741 -0.2259 0.0000
vn 0.9972 -0.0742 0.0000
vn 0.9265 -0.3764 -0.0000
vn 0.9265 -0.3762 -0.0001
vn 0.9266 -0.3762 0.0000
vn 0.9266 -0.3761 0.0000
vn 0.9360 -0.3521 -0.0000
vn 0.8560 -0.5169 -0.0000
vn 0.9357 -0.3528 -0.0000
vn 0.8558 -0.5173 0.0000
vn 0.8365 -0.5480 -0.0000
vn 0.7636 -0.6457 -0.0000
vn 0.6529 -0.7574 0.0000
vn 0.6529 -0.7575 -0.0000
vn 0.5239 -0.8518 -0.0000
vn 0.5240 -0.8517 -0.0000
vn 0.5238 -0.8518 0.0000
vn 0.5253 -0.8509 -0.0000
vn 0.4455 -0.8953 0.0000
vn 0.3849 -0.9230 -0.0000
vn 0.3851 -0.9229 0.0000
vn 0.2344 -0.9721 0.0000
vn 0.3144 -0.9493 -0.0000
vn 0.2348 -0.9720 0.0000
vn 0.1870 -0.9824 -0.0000
vn 0.0798 -0.9968 0.0000
vn 0.0788 -0.9969 0.0000
vn 0.0000 0.3828 -0.9238
vn -0.0000 0.3829 -0.9238
vn -0.0000 0.5223 -0.8528
vn -0.0000 0.7603 -0.6496
vn 0.0000 0.7604 -0.6495
vn -0.0000 0.9238 -0.3828
vn -0.0000 0.9725 -0.2331
vn 0.0000 0.9724 -0.2332
vn -0.0000 0.9969 0.0785
vn 0.0000 0.9725 0.2331
vn -0.0000 0.9724 0.2332
vn 0.0000 0.9725 0.2328
vn 0.0000 0.9239 0.3827
vn -0.0000 0.9238 0.3828
vn 0.0000 0.8526 0.5225
vn -0.0000 0.7604 0.6494
vn 0.0000 0.6496 0.7603
vn -0.0000 0.6494 0.7604
vn 0.0000 0.6495 0.7604
vn -0.0000 0.5224 0.8527
vn -0.0000 0.5225 0.8526
vn -0.0000 0.3827 0.9239
vn 0.0000 0.3830 0.9238
vn 0.0000 0.3828 0.9238
vn 0.0000 0.2335 0.9724
vn -0.0000 0.0785 0.9969
vn 0.0000 -0.0786 0.9969
vn -0.0000 -0.0785 0.9969
vn -0.0000 -0.2335 0.9724
vn 0.0000 -0.3823 0.9240
vn -0.0000 -0.3828 0.9238
vn 0.0000 -0.3827 0.9239
vn 0.0000 -0.5227 0.8525
vn -0.0000 -0.5225 0.8526
vn 0.0000 -0.5226 0.8526
vn 0.0000 -0.5225 0.8527
vn -0.0000 -0.6494 0.7604
vn 0.0000 -0.6495 0.7603
vn 0.0000 -0.7604 0.6494
vn -0.0000 -0.8526 0.5225
vn -0.0000 -0.9238 0.3830
vn 0.0000 -0.9238 0.3828
vn -0.0000 -0.9238 0.3829
vn 0.0000 -0.9725 0.2328
vn 0.0000 -0.9724 0.2332
vn 0.0000 -0.9969 0.0785
vn 0.0000 -0.9725 -0.2328
vn -0.0000 -0.9724 -0.2332
vn 0.0000 -0.9238 -0.3830
vn -0.0000 -0.9238 -0.3828
vn 0.0000 -0.9238 -0.3829
vn 0.0000 -0.7606 -0.6492
vn -0.0000 -0.7603 -0.6496
vn 0.0000 -0.7604 -0.6495
vn -0.0000 -0.6494 -0.7605
vn 0.0000 -0.6495 -0.7603
vn -0.0000 -0.5225 -0.8527
vn 0.0000 -0.3828 -0.9238
vn 0.0000 -0.2331 0.9725
vn 0.0000 -0.2332 0.9724
vn -0.0000 -0.6495 0.7604
vn 0.0000 -0.7603 0.6496
vn -0.0000 -0.8527 0.5225
vn 0.0000 -0.8527 0.5224
vn -0.0000 -0.9725 0.2331
vn 0.0000 -0.9969 0.0784
vn 0.0000 -0.9725 -0.2331
vn -0.0000 -0.9723 -0.2336
vn 0.0000 -0.8527 -0.5225
vn 0.0000 -0.3823 -0.9240
vn -0.0000 -0.2331 -0.9725
vn 0.0000 -0.2332 -0.9724
vn 0.0000 0.2328 -0.9725
vn 0.0000 0.2331 -0.9725
vn 0.0000 0.3824 -0.9240
vn -0.0000 0.5227 -0.8525
vn 0.0000 0.7603 -0.6495
vn 0.0000 0.8530 -0.5220
vn 0.0000 0.9238 -0.3829
vn 0.0000 0.9725 -0.2328
vn 0.0000 0.9969 -0.0787
vn -0.0000 0.9969 0.0784
vn 0.0000 0.9240 0.3824
vn -0.0000 0.9238 0.3829
vn 0.0000 0.8527 0.5224
vn -0.0000 0.7603 0.6496
vn -0.0000 0.7603 0.6495
vn 0.0000 0.3824 0.9240
vn 0.0000 0.2328 0.9725
vn -0.0000 0.2331 0.9725
vn 0.0000 0.0787 0.9969
vn 0.0000 0.0782 0.9969
vn -0.0000 0.0784 0.9969
vn 0.0000 0.2334 0.9724
vn -0.0000 0.2337 0.9723
vn 0.0000 0.3829 0.9238
vn 0.0000 0.5220 0.8530
vn 0.0000 0.9240 0.3823
vn -0.0000 0.9238 0.3830
vn -0.0000 0.9723 0.2336
vn 0.0000 0.9724 0.2335
vn -0.0000 -0.0782 -0.9969
vn 0.0000 -0.2337 -0.9723
vn 0.0000 -0.2336 -0.9723
vn 0.0000 -0.3829 -0.9238
vn 0.0000 -0.8528 -0.5223
usemtl None.016
s 1
f 1//1 2//1 3//1
f 3//1 2//1 4//1
f 3//2 4//2 5//2
f 5//2 4//2 6//2
f 5//2 6//2 7//2
f 7//2 6//2 8//2
f 7//3 8//3 9//3
f 9//3 8//3 10//3
f 9//4 10//4 11//4
f 11//4 10//4 12//4
f 11//5 12//5 13//5
f 13//5 12//5 14//5
f 13//5 14//5 15//5
f 15//5 14//5 16//5
f 15//6 16//6 17//6
f 17//6 16//6 18//6
f 19//7 20//7 21//7
f 22//8 23//8 24//8
f 24//9 23//9 25//9
f 24//10 25//10 26//10
f 27//11 28//11 29//11
f 29//12 30//12 27//12
f 27//13 30//13 31//13
f 27//14 31//14 22//14
f 22//15 31//15 32//15
f 22//16 32//16 23//16
f 33//17 34//17 35//17
f 35//18 36//18 33//18
f 33//19 36//19 37//19
f 33//20 37//20 28//20
f 28//21 37//21 38//21
f 28//22 38//22 29//22
f 20//23 19//23 39//23
f 19//24 40//24 39//24
f 39//25 40//25 41//25
f 39//26 41//26 34//26
f 34//27 41//27 42//27
f 34//18 42//18 35//18
f 43//28 44//28 21//28
f 21//29 44//30 45//30
f 21//29 45//30 19//30
f 21//31 46//31 43//31
f 43//32 46//33 47//34
f 43//35 47//35 48//35
f 48//36 49//37 50//38
f 45//39 44//39 50//39
f 50//40 44//40 43//40
f 50//40 43//40 48//41
f 50//42 51//42 45//42
f 45//43 51//43 52//43
f 45//44 52//45 19//46
f 53//47 41//47 52//47
f 52//48 41//48 40//48
f 52//45 40//49 19//46
f 54//50 55//50 37//50
f 37//51 36//52 54//51
f 54//53 36//53 35//53
f 54//54 35//54 53//54
f 53//55 35//55 42//55
f 53//56 42//56 41//56
f 56//57 57//57 31//57
f 31//58 30//58 56//58
f 56//59 30//59 29//59
f 56//60 29//60 55//60
f 55//61 29//61 38//61
f 55//62 38//62 37//62
f 58//63 59//63 26//63
f 26//64 25//64 58//64
f 58//65 25//65 23//65
f 58//66 23//66 57//66
f 57//67 23//67 32//67
f 57//68 32//68 31//68
f 60//69 61//69 62//69
f 63//70 64//71 65//72
f 66//73 67//74 68//75
f 69//76 70//77 71//78
f 72//79 73//80 74//81
f 75//82 76//83 77//84
f 78//85 79//86 80//87
f 81//88 82//89 83//90
f 84//91 85//92 86//93
f 87//94 88//95 89//96
f 90//97 91//98 92//99
f 93//100 91//101 90//102
f 94//103 95//103 96//104
f 96//105 95//106 97//107
f 97//108 95//109 98//110
f 98//111 95//111 99//112
f 98//113 99//114 100//115
f 100//116 99//116 101//116
f 100//117 101//118 102//119
f 102//119 101//118 103//120
f 103//121 101//121 104//121
f 103//122 104//122 105//122
f 105//123 104//124 106//124
f 105//125 106//126 107//127
f 107//127 106//126 108//128
f 108//129 106//129 109//129
f 108//130 109//130 110//130
f 110//131 109//131 111//131
f 110//132 111//133 112//134
f 112//134 111//133 113//135
f 113//136 111//136 114//136
f 113//137 114//137 115//137
f 115//138 114//138 62//138
f 115//139 62//140 116//141
f 116//141 62//140 117//142
f 117//143 62//143 61//143
f 117//144 61//144 118//144
f 119//145 120//146 121//147
f 121//147 120//146 90//148
f 93//100 90//102 120//149
f 122//150 123//151 124//152
f 124//153 123//154 125//155
f 124//156 125//157 90//158
f 119//159 87//94 120//160
f 120//160 87//94 89//96
f 120//161 89//162 93//161
f 93//161 89//162 126//163
f 93//164 126//165 91//166
f 91//166 126//165 127//167
f 91//168 127//169 92//170
f 92//170 127//169 128//171
f 129//172 130//173 122//174
f 122//174 130//173 131//175
f 122//150 131//176 123//151
f 132//177 133//178 134//179
f 88//180 84//91 89//181
f 89//181 84//91 86//93
f 89//182 86//183 126//184
f 126//184 86//183 135//185
f 126//186 135//187 127//187
f 127//187 135//187 136//188
f 127//189 136//190 128//191
f 128//191 136//190 132//192
f 132//177 134//179 128//193
f 128//194 134//195 137//196
f 128//194 137//196 92//197
f 92//99 137//198 90//97
f 138//199 139//200 129//200
f 129//201 139//154 140//202
f 129//172 140//203 130//173
f 141//204 142//205 143//206
f 85//207 81//88 86//208
f 86//208 81//88 83//90
f 86//209 83//210 135//211
f 135//211 83//210 144//212
f 135//213 144//214 136//215
f 136//215 144//214 145//216
f 136//217 145//218 132//218
f 132//218 145//218 146//219
f 132//220 146//221 133//222
f 133//222 146//221 141//223
f 141//204 143//206 133//224
f 133//225 143//226 147//227
f 133//225 147//227 134//228
f 134//229 147//230 148//231
f 134//229 148//231 137//232
f 137//233 148//234 90//235
f 149//236 150//237 138//238
f 138//238 150//237 151//239
f 138//199 151//199 139//200
f 152//240 153//241 154//240
f 82//242 78//85 83//243
f 83//243 78//85 80//87
f 83//244 80//245 144//245
f 144//245 80//245 155//246
f 144//247 155//248 145//249
f 145//249 155//248 156//250
f 145//251 156//252 146//253
f 146//253 156//252 157//254
f 146//255 157//256 141//257
f 141//257 157//256 158//258
f 141//259 158//260 142//261
f 142//261 158//260 152//262
f 152//240 154//240 142//263
f 142//264 154//265 159//266
f 142//264 159//266 143//267
f 143//268 159//269 160//270
f 143//268 160//270 147//271
f 147//272 160//273 161//274
f 147//272 161//274 148//275
f 148//234 161//276 90//235
f 162//277 163//278 164//279
f 164//280 163//281 165//282
f 164//280 165//282 149//283
f 149//283 165//282 166//284
f 149//236 166//285 150//237
f 167//286 168//287 169//288
f 79//289 75//82 80//290
f 80//290 75//82 77//84
f 80//291 77//292 155//293
f 155//293 77//292 170//294
f 155//295 170//296 156//296
f 156//296 170//296 171//297
f 156//298 171//299 157//299
f 157//299 171//299 172//300
f 157//301 172//302 158//303
f 158//303 172//302 173//304
f 158//305 173//306 152//307
f 152//307 173//306 174//308
f 152//309 174//310 153//310
f 153//310 174//310 167//310
f 167//286 169//288 153//311
f 153//312 169//313 175//312
f 153//312 175//312 154//314
f 154//315 175//316 176//317
f 154//315 176//317 159//318
f 159//319 176//320 177//321
f 159//319 177//321 160//322
f 160//323 177//324 178//323
f 160//323 178//323 161//325
f 161//326 178//327 90//328
f 70//329 162//277 71//330
f 71//330 162//277 164//279
f 71//331 164//332 179//333
f 76//334 72//79 77//334
f 77//334 72//79 74//81
f 77//335 74//336 170//336
f 170//336 74//336 180//337
f 170//338 180//339 171//339
f 171//339 180//339 181//340
f 171//341 181//342 172//342
f 172//342 181//342 182//343
f 172//344 182//345 173//346
f 173//346 182//345 183//346
f 173//347 183//348 174//348
f 174//348 183//348 184//349
f 174//350 184//351 167//351
f 167//351 184//351 185//352
f 167//353 185//354 168//354
f 168//354 185//354 179//355
f 179//333 164//332 168//356
f 168//357 164//358 149//358
f 168//357 149//358 169//359
f 169//360 149//361 138//362
f 169//360 138//362 175//363
f 175//364 138//365 129//366
f 175//364 129//366 176//367
f 176//368 129//368 122//369
f 176//368 122//369 177//370
f 177//371 122//372 124//373
f 177//371 124//373 178//374
f 178//327 124//375 90//328
f 73//376 66//73 74//377
f 74//377 66//73 68//75
f 74//378 68//379 180//380
f 180//380 68//379 186//379
f 180//381 186//382 181//383
f 181//383 186//382 187//382
f 181//384 187//385 182//384
f 182//384 187//385 188//386
f 182//387 188//388 183//388
f 183//388 188//388 189//389
f 183//390 189//391 184//391
f 184//391 189//391 190//392
f 184//393 190//394 185//395
f 185//395 190//394 191//396
f 185//397 191//398 179//397
f 179//397 191//398 192//399
f 179//400 192//401 71//401
f 71//401 192//401 65//402
f 71//78 65//403 69//76
f 69//76 65//403 64//404
f 67//405 60//69 68//406
f 68//406 60//69 62//69
f 68//407 62//408 186//408
f 186//408 62//408 114//409
f 186//410 114//411 187//412
f 187//412 114//411 111//413
f 187//414 111//415 188//415
f 188//415 111//415 109//416
f 188//417 109//418 189//419
f 189//419 109//418 106//420
f 189//421 106//422 190//422
f 190//422 106//422 104//423
f 190//424 104//425 191//426
f 191//426 104//425 101//427
f 191//428 101//429 192//429
f 192//429 101//429 99//429
f 192//430 99//431 65//431
f 65//431 99//431 95//431
f 65//72 95//432 63//70
f 63//70 95//432 94//433
f 193//434 194//435 195//436
f 196//437 113//438 115//439
f 197//440 198//441 199//442
f 200//443 108//444 110//445
f 201//446 202//447 203//447
f 204//448 205//449 206//450
f 207//451 208//451 209//451
f 210//452 211//452 201//452
f 201//453 211//453 212//454
f 201//453 212//454 202//455
f 202//455 212//454 213//453
f 202//456 213//456 214//457
f 96//105 97//107 215//458
f 215//458 97//107 216//459
f 217//460 218//461 219//462
f 220//463 203//464 221//465
f 221//466 203//467 202//468
f 221//466 202//468 216//469
f 216//456 202//456 214//457
f 216//456 214//457 215//456
f 218//470 217//470 222//471
f 223//472 224//473 217//473
f 97//108 98//110 216//474
f 216//475 98//113 100//115
f 216//475 100//115 221//476
f 221//477 100//117 102//119
f 221//477 102//119 220//478
f 220//478 102//119 103//120
f 220//479 103//480 105//480
f 225//481 226//482 227//483
f 227//484 226//485 228//485
f 229//486 225//481 230//487
f 230//487 225//481 227//483
f 230//488 227//488 231//489
f 232//490 210//491 233//492
f 233//452 210//452 201//452
f 233//493 201//494 234//495
f 234//446 201//446 203//447
f 234//496 203//497 235//498
f 235//499 203//464 220//463
f 235//500 220//501 236//502
f 236//503 220//479 105//480
f 236//504 105//505 107//506
f 205//507 232//490 206//508
f 206//508 232//490 233//492
f 206//509 233//510 237//511
f 237//493 233//493 234//495
f 237//512 234//513 238//513
f 238//514 234//496 235//498
f 238//515 235//516 239//517
f 239//518 235//500 236//502
f 239//519 236//520 200//521
f 200//522 236//504 107//506
f 200//522 107//506 108//523
f 198//524 229//524 199//525
f 199//525 229//524 230//526
f 199//527 230//527 240//528
f 240//528 230//527 231//528
f 240//529 231//529 241//530
f 242//531 197//440 243//441
f 243//441 197//440 199//442
f 243//532 199//532 244//533
f 244//533 199//532 240//533
f 244//534 240//535 245//535
f 245//535 240//535 241//536
f 245//537 241//538 246//539
f 209//540 204//448 247//540
f 247//540 204//448 206//450
f 247//541 206//542 248//543
f 248//509 206//509 237//511
f 248//544 237//545 249//546
f 249//512 237//512 238//513
f 249//547 238//548 250//548
f 250//515 238//515 239//517
f 250//549 239//550 251//549
f 251//551 239//519 200//521
f 251//552 200//553 252//553
f 252//443 200//443 110//445
f 252//554 110//554 112//555
f 207//556 209//557 219//556
f 219//558 209//558 247//558
f 219//462 247//559 217//460
f 217//560 247//541 248//543
f 217//473 248//561 223//472
f 223//544 248//544 249//546
f 223//562 249//563 253//564
f 253//548 249//547 250//548
f 253//565 250//566 254//567
f 254//568 250//549 251//549
f 254//569 251//570 255//571
f 255//552 251//552 252//553
f 255//572 252//572 196//572
f 196//573 252//554 112//555
f 196//573 112//555 113//574
f 194//575 242//576 195//577
f 195//577 242//576 243//577
f 195//578 243//578 256//579
f 256//579 243//578 244//579
f 256//580 244//580 257//580
f 257//580 244//580 245//581
f 257//582 245//582 258//582
f 258//582 245//582 246//582
f 258//583 246//583 259//584
f 260//142 193//434 261//585
f 261//585 193//434 195//436
f 261//585 195//436 262//586
f 262//586 195//436 256//587
f 262//586 256//587 263//588
f 263//588 256//587 257//589
f 263//588 257//589 264//590
f 264//590 257//589 258//591
f 264//590 258//591 265//592
f 265//592 258//591 259//593
f 265//592 259//593 266//594
f 224//595 223//596 267//597
f 267//598 223//562 253//564
f 267//599 253//600 268//601
f 268//602 253//565 254//567
f 268//603 254//603 269//603
f 269//604 254//569 255//571
f 269//605 255//606 270//606
f 270//572 255//572 196//572
f 270//607 196//608 271//609
f 271//439 196//437 115//439
f 271//610 115//611 116//612
f 222//471 217//470 228//613
f 228//613 217//470 224//614
f 228//485 224//615 227//484
f 227//616 224//595 267//597
f 227//488 267//489 231//489
f 231//617 267//599 268//601
f 231//529 268//529 241//530
f 241//603 268//603 269//603
f 241//538 269//618 246//539
f 246//619 269//605 270//606
f 246//583 270//584 259//584
f 259//620 270//607 271//609
f 259//593 271//610 266//594
f 266//594 271//610 116//612
f 266//594 116//612 117//621
f 117//622 118//623 266//624
f 266//624 118//623 272//625
f 266//624 272//625 265//626
f 265//626 272//625 273//627
f 265//626 273//627 264//628
f 264//628 273//627 274//629
f 264//628 274//629 263//630
f 263//630 274//629 275//631
f 263//630 275//631 262//632
f 262//632 275//631 276//633
f 262//632 276//633 261//634
f 261//634 276//633 277//635
f 261//634 277//635 260//636
f 260//636 277//635 278//637
f 279//638 280//639 281//640
f 279//641 281//642 282//643
f 282//644 281//644 283//644
f 282//645 283//645 284//645
f 284//646 283//646 285//646
f 285//647 283//647 286//647
f 285//648 286//648 287//648
f 287//649 286//649 288//650
f 288//651 286//651 289//651
f 288//652 289//652 290//652
f 290//653 289//653 291//653
f 291//654 289//654 292//654
f 291//655 292//656 293//657
f 293//657 292//656 294//658
f 293//659 294//660 295//661
f 295//661 294//660 296//662
f 296//662 294//660 297//663
f 296//664 297//665 298//666
f 298//666 297//665 299//667
f 299//668 297//668 300//668
f 299//669 300//670 301//671
f 301//671 300//670 302//672
f 302//673 300//673 303//673
f 302//674 303//675 304//676
f 304//676 303//675 305//677
f 305//678 303//678 306//678
f 305//679 306//680 307//680
f 307//681 306//682 308//683
f 308//683 306//682 309//684
f 308//685 309//686 310//687
f 310//687 309//686 311//688
f 310//687 311//688 312//689
f 312//689 311//688 313//690
f 312//691 313//692 314//693
f 314//693 313//692 315//694
f 314//693 315//694 316//695
f 316//695 315//694 317//696
f 316//697 317//698 318//699
f 318//699 317//698 319//700
f 318//699 319//700 320//701
f 320//701 319//700 321//702
f 320//703 321//704 322//705
f 322//705 321//704 323//706
f 322//705 323//706 324//707
f 324//707 323//706 325//708
f 324//709 325//710 326//711
f 326//711 325//710 327//712
f 328//713 329//714 330//715
f 331//716 328//713 332//717
f 333//718 331//716 334//719
f 335//720 333//718 336//721
f 337//722 335//720 338//723
f 327//724 325//724 339//724
f 339//725 325//725 340//725
f 341//726 342//726 343//726
f 343//727 342//727 344//727
f 343//728 344//729 345//729
f 345//729 344//729 346//730
f 346//731 344//731 347//731
f 346//732 347//733 348//733
f 349//734 350//735 351//736
f 349//737 351//738 347//739
f 347//739 351//738 352//740
f 347//733 352//741 348//733
f 350//735 349//734 353//742
f 353//743 349//743 354//743
f 353//744 354//745 355//746
f 356//747 357//747 358//748
f 358//748 357//747 359//749
f 358//750 359//751 354//752
f 354//752 359//751 360//753
f 354//745 360//754 355//746
f 356//755 358//755 361//755
f 361//756 358//756 362//756
f 361//757 362//757 363//757
f 363//758 362//758 364//758
f 364//759 362//759 365//759
f 364//760 365//760 366//760
f 366//761 365//762 330//763
f 366//764 330//765 367//765
f 329//714 368//766 330//715
f 330//767 368//768 369//769
f 330//765 369//765 367//765
f 337//722 338//723 370//770
f 370//771 338//772 371//773
f 370//771 371//773 372//771
f 372//774 371//775 373//776
f 372//774 373//776 374//777
f 374//778 373//779 375//780
f 374//778 375//780 376//778
f 376//781 375//782 377//783
f 376//781 377//783 378//781
f 378//784 377//785 379//786
f 378//784 379//786 380//784
f 380//787 379//788 381//789
f 380//787 381//789 382//790
f 382//791 381//792 383//793
f 382//791 383//793 384//794
f 384//795 383//795 385//796
f 384//795 385//796 386//795
f 386//797 385//798 309//798
f 386//797 309//798 306//797
f 387//799 313//800 311//801
f 335//720 336//721 338//723
f 338//772 336//802 388//803
f 338//772 388//803 371//773
f 371//804 388//805 389//804
f 371//804 389//804 373//804
f 373//806 389//807 390//808
f 373//806 390//808 375//807
f 375//809 390//810 391//810
f 375//809 391//810 377//809
f 377//811 391//812 392//813
f 377//811 392//813 379//814
f 379//815 392//816 393//816
f 379//815 393//816 381//817
f 381//818 393//818 394//819
f 381//818 394//819 383//820
f 383//821 394//822 387//823
f 383//821 387//823 385//821
f 385//824 387//799 311//801
f 385//824 311//801 309//799
f 395//825 317//825 315//826
f 333//718 334//719 336//721
f 336//802 334//827 396//828
f 336//802 396//828 388//803
f 388//829 396//829 397//829
f 388//829 397//829 389//830
f 389//831 397//832 398//833
f 389//831 398//833 390//834
f 390//835 398//836 399//836
f 390//835 399//836 391//837
f 391//838 399//839 400//840
f 391//838 400//840 392//838
f 392//841 400//842 401//843
f 392//841 401//843 393//841
f 393//844 401//845 402//846
f 393//844 402//846 394//847
f 394//848 402//849 395//850
f 394//848 395//850 387//848
f 387//825 395//825 315//826
f 387//825 315//826 313//826
f 403//851 321//852 319//853
f 331//716 332//717 334//719
f 334//827 332//854 404//855
f 334//827 404//855 396//828
f 396//856 404//857 405//858
f 396//856 405//858 397//856
f 397//859 405//860 406//860
f 397//859 406//860 398//859
f 398//861 406//862 407//861
f 398//861 407//861 399//863
f 399//864 407//864 408//865
f 399//864 408//865 400//866
f 400//867 408//868 409//868
f 400//867 409//868 401//869
f 401//870 409//871 410//871
f 401//870 410//871 402//870
f 402//872 410//873 403//874
f 402//872 403//874 395//874
f 395//851 403//851 319//853
f 395//851 319//853 317//852
f 323//875 342//876 325//876
f 325//877 342//877 341//877
f 325//878 341//879 340//880
f 328//713 330//715 332//717
f 332//854 330//763 365//762
f 332//854 365//762 404//855
f 404//881 365//882 362//883
f 404//881 362//883 405//884
f 405//885 362//886 358//887
f 405//885 358//887 406//885
f 406//888 358//888 354//889
f 406//888 354//889 407//888
f 407//890 354//891 349//891
f 407//890 349//891 408//892
f 408//893 349//894 347//894
f 408//893 347//894 409//893
f 409//895 347//896 344//897
f 409//895 344//897 410//897
f 410//898 344//899 342//900
f 410//898 342//900 403//898
f 403//901 342//876 323//875
f 403//901 323//875 321//875
f 411//902 337//722 370//770
f 412//903 411//902 413//904
f 414//905 412//903 415//906
f 416//907 414//905 417//908
f 418//909 416//907 419//910
f 420//911 418//909 421//912
f 422//913 420//911 423//914
f 424//915 422//913 425//916
f 426//917 424//915 427//918
f 426//917 427//918 428//919
f 428//920 427//920 429//920
f 428//920 429//920 430//920
f 430//921 429//922 431//923
f 430//921 431//923 432//924
f 432//925 431//926 433//927
f 432//925 433//927 434//928
f 434//929 433//929 435//929
f 434//929 435//929 436//930
f 436//931 435//932 437//932
f 436//931 437//932 438//933
f 438//934 437//934 439//935
f 438//934 439//935 440//934
f 440//936 439//937 441//936
f 440//936 441//936 442//938
f 442//939 441//940 443//939
f 442//939 443//939 444//941
f 444//942 443//942 283//942
f 444//942 283//942 281//942
f 424//915 425//916 427//918
f 427//943 425//944 445//943
f 427//943 445//943 429//945
f 429//946 445//947 446//948
f 429//946 446//948 431//949
f 431//950 446//951 447//950
f 431//950 447//950 433//950
f 433//952 447//953 448//954
f 433//952 448//954 435//954
f 435//955 448//956 449//957
f 435//955 449//957 437//957
f 437//958 449//959 450//960
f 437//958 450//960 439//961
f 439//962 450//962 451//962
f 439//962 451//962 441//963
f 441//964 451//965 452//964
f 441//964 452//964 443//966
f 443//967 452//968 286//967
f 443//967 286//967 283//967
f 422//913 423//914 425//916
f 425//969 423//969 453//969
f 425//969 453//969 445//970
f 445//971 453//972 454//971
f 445//971 454//971 446//973
f 446//974 454//975 455//976
f 446//974 455//976 447//977
f 447//978 455//979 456//980
f 447//978 456//980 448//981
f 448//982 456//983 457//984
f 448//982 457//984 449//985
f 449//986 457//987 458//986
f 449//986 458//986 450//988
f 450//989 458//990 459//991
f 450//989 459//991 451//992
f 451//993 459//994 460//995
f 451//993 460//995 452//996
f 452//997 460//998 289//997
f 452//997 289//997 286//999
f 420//911 421//912 423//914
f 423//1000 421//1001 461//1001
f 423//1000 461//1001 453//1000
f 453//1002 461//1003 462//1002
f 453//1002 462//1002 454//1004
f 454//1005 462//1006 463//1005
f 454//1005 463//1005 455//1005
f 455//1007 463//1008 464//1009
f 455//1007 464//1009 456//1010
f 456//1011 464//1012 465//1011
f 456//1011 465//1011 457//1013
f 457//1014 465//1015 466//1014
f 457//1014 466//1014 458//1016
f 458//1017 466//1018 467//1017
f 458//1017 467//1017 459//1019
f 459//1020 467//1021 468//1020
f 459//1020 468//1020 460//1022
f 460//1023 468//1024 292//1025
f 460//1023 292//1025 289//1026
f 418//909 419//910 421//912
f 421//1027 419//1027 469//1027
f 421//1027 469//1027 461//1027
f 461//1028 469//1029 470//1030
f 461//1028 470//1030 462//1031
f 462//1032 470//1033 471//1034
f 462//1032 471//1034 463//1035
f 463//1036 471//1037 472//1038
f 463//1036 472//1038 464//1039
f 464//1040 472//1041 473//1042
f 464//1040 473//1042 465//1043
f 465//1044 473//1045 474//1046
f 465//1044 474//1046 466//1047
f 466//1048 474//1049 475//1048
f 466//1048 475//1048 467//1050
f 467//1051 475//1052 476//1053
f 467//1051 476//1053 468//1054
f 468//1055 476//1056 294//1055
f 468//1055 294//1055 292//1057
f 416//907 417//908 419//910
f 419//1058 417//1059 477//1059
f 419//1058 477//1059 469//1058
f 469//1060 477//1061 478//1061
f 469//1060 478//1061 470//1062
f 470//1063 478//1064 479//1065
f 470//1063 479//1065 471//1066
f 471//1067 479//1068 480//1069
f 471//1067 480//1069 472//1070
f 472//1071 480//1072 481//1073
f 472//1071 481//1073 473//1074
f 473//1075 481//1076 482//1075
f 473//1075 482//1075 474//1077
f 474//1078 482//1079 483//1080
f 474//1078 483//1080 475//1081
f 475//1082 483//1083 484//1084
f 475//1082 484//1084 476//1085
f 476//1086 484//1087 297//1086
f 476//1086 297//1086 294//1088
f 414//905 415//906 417//908
f 417//1089 415//1089 485//1089
f 417//1089 485//1089 477//1090
f 477//1091 485//1092 486//1093
f 477//1091 486//1093 478//1091
f 478//1094 486//1095 487//1096
f 478//1094 487//1096 479//1097
f 479//1098 487//1099 488//1098
f 479//1098 488//1098 480//1098
f 480//1100 488//1101 489//1100
f 480//1100 489//1100 481//1102
f 481//1103 489//1103 490//1103
f 481//1103 490//1103 482//1104
f 482//1105 490//1106 491//1105
f 482//1105 491//1105 483//1107
f 483//1108 491//1109 492//1108
f 483//1108 492//1108 484//1110
f 484//1111 492//1112 300//1111
f 484//1111 300//1111 297//1113
f 412//903 413//904 415//906
f 415//1114 413//1114 493//1115
f 415//1114 493//1115 485//1116
f 485//1117 493//1118 494//1119
f 485//1117 494//1119 486//1120
f 486//1121 494//1122 495//1123
f 486//1121 495//1123 487//1124
f 487//1125 495//1125 496//1126
f 487//1125 496//1126 488//1126
f 488//1127 496//1128 497//1127
f 488//1127 497//1127 489//1129
f 489//1130 497//1131 498//1132
f 489//1130 498//1132 490//1133
f 490//1134 498//1135 499//1134
f 490//1134 499//1134 491//1136
f 491//1137 499//1138 500//1139
f 491//1137 500//1139 492//1140
f 492//1141 500//1142 303//1143
f 492//1141 303//1143 300//1144
f 411//902 370//770 413//904
f 413//1145 370//1145 372//1146
f 413//1145 372//1146 493//1146
f 493//1147 372//1148 374//1149
f 493//1147 374//1149 494//1147
f 494//1150 374//1151 376//1152
f 494//1150 376//1152 495//1150
f 495//1153 376//1153 378//1153
f 495//1153 378//1153 496//1154
f 496//1155 378//1156 380//1155
f 496//1155 380//1155 497//1157
f 497//1158 380//1159 382//1160
f 497//1158 382//1160 498//1161
f 498//1162 382//1163 384//1162
f 498//1162 384//1162 499//1164
f 499//1165 384//1166 386//1167
f 499//1165 386//1167 500//1168
f 500//1169 386//1170 306//1169
f 500//1169 306//1169 303//1171
f 501//1172 426//917 428//919
f 501//1172 428//919 502//1173
f 502//1174 428//1174 430//1174
f 502//1174 430//1174 503//1174
f 503//1175 430//1175 432//1175
f 503//1175 432//1175 504//1175
f 504//1176 432//1176 434//1176
f 504//1176 434//1176 505//1176
f 505//1177 434//1178 436//1177
f 505//1177 436//1177 506//1177
f 506//1179 436//1179 438//1179
f 506//1179 438//1179 507//1179
f 507//1180 438//1181 440//1181
f 507//1180 440//1181 508//1181
f 508//1182 440//1183 442//1182
f 508//1182 442//1182 509//1182
f 509//1184 442//1184 444//1184
f 509//1184 444//1184 510//1184
f 510//1185 444//1185 281//1185
f 510//1185 281//1185 511//1185
f 280//1186 512//1186 281//1186
f 281//1186 512//1186 511//1186
f 513//1187 514//1188 515//1189
f 513//1187 515//1189 516//1189
f 516//1190 515//1191 517//1190
f 516//1190 517//1190 518//1190
f 518//1192 517//1192 519//1192
f 518//1192 519//1192 520//1192
f 520//1193 519//1193 521//1193
f 520//1193 521//1193 522//1194
f 522//1195 521//1196 523//1196
f 522//1195 523//1196 524//1195
f 524//1197 523//1198 525//1198
f 524//1197 525//1198 526//1197
f 526//1199 525//1199 527//1199
f 526//1199 527//1199 528//1200
f 528//1201 527//1201 529//1201
f 528//1201 529//1201 530//1201
f 530//1202 529//1202 531//1202
f 530//1202 531//1202 532//1203
f 532//1204 531//1205 511//1205
f 532//1204 511//1205 512//1206
f 533//1207 534//1207 535//1207
f 533//1207 535//1207 536//1207
f 536//1208 535//1208 537//1208
f 536//1208 537//1208 538//1208
f 539//1209 537//1209 540//1209
f 540//1210 537//1210 535//1210
f 540//1210 535//1210 541//1210
f 541//1211 535//1211 534//1211
f 541//1211 534//1211 542//1211
f 543//1212 544//1212 538//1212
f 545//1213 539//1213 546//1213
f 546//1214 539//1215 540//1215
f 546//1214 540//1215 547//1216
f 547//1217 540//1218 541//1218
f 547//1217 541//1218 548//1218
f 548//1219 541//1219 542//1219
f 548//1219 542//1219 549//1219
f 550//1220 551//1221 544//1222
f 552//1223 545//1223 553//1224
f 553//1225 545//1226 546//1225
f 553//1225 546//1225 554//1225
f 554//1227 546//1228 547//1227
f 554//1227 547//1227 555//1229
f 555//1230 547//1230 548//1230
f 555//1230 548//1230 556//1231
f 556//1232 548//1232 549//1232
f 556//1232 549//1232 557//1232
f 558//1233 559//1234 551//1234
f 560//1235 552//1236 561//1236
f 561//1237 552//1238 553//1237
f 561//1237 553//1237 562//1237
f 562//1239 553//1240 554//1239
f 562//1239 554//1239 563//1241
f 563//1242 554//1242 555//1243
f 563//1242 555//1243 564//1244
f 564//1245 555//1245 556//1245
f 564//1245 556//1245 565//1245
f 565//1246 556//1247 557//1246
f 565//1246 557//1246 566//1246
f 567//1248 568//1248 559//1248
f 569//1249 560//1249 570//1249
f 570//1250 560//1250 561//1250
f 570//1250 561//1250 571//1250
f 571//1251 561//1252 562//1252
f 571//1251 562//1252 572//1253
f 572//1254 562//1255 563//1254
f 572//1254 563//1254 573//1256
f 573//1257 563//1257 564//1257
f 573//1257 564//1257 574//1257
f 574//1258 564//1259 565//1258
f 574//1258 565//1258 575//1260
f 575//1261 565//1262 566//1261
f 575//1261 566//1261 576//1261
f 577//1263 578//1263 568//1263
f 579//1264 569//1265 580//1266
f 580//1267 569//1268 570//1269
f 580//1267 570//1269 581//1270
f 581//1271 570//1271 571//1271
f 581//1271 571//1271 582//1272
f 582//1273 571//1274 572//1273
f 582//1273 572//1273 583//1275
f 583//1276 572//1277 573//1277
f 583//1276 573//1277 584//1277
f 584//1278 573//1278 574//1278
f 584//1278 574//1278 585//1278
f 585//1279 574//1280 575//1280
f 585//1279 575//1280 586//1279
f 586//1281 575//1282 576//1281
f 586//1281 576//1281 587//1281
f 588//1283 589//1284 578//1284
f 590//1285 579//1286 591//1286
f 591//1287 579//1287 580//1287
f 591//1287 580//1287 592//1288
f 592//1289 580//1289 581//1289
f 592//1289 581//1289 593//1289
f 593//1290 581//1290 582//1290
f 593//1290 582//1290 594//1290
f 594//1291 582//1292 583//1291
f 594//1291 583//1291 595//1291
f 595//1293 583//1294 584//1293
f 595//1293 584//1293 596//1293
f 596//1295 584//1296 585//1297
f 596//1295 585//1297 597//1298
f 597//1299 585//1299 586//1300
f 597//1299 586//1300 598//1299
f 598//1301 586//1302 587//1303
f 598//1301 587//1303 599//1304
f 512//1305 600//1306 601//1307
f 601//1308 600//1308 589//1309
f 589//1309 588//1310 601//1308
f 601//1311 588//1312 602//1311
f 601//1313 602//1314 512//1315
f 578//1284 577//1316 588//1283
f 588//1317 577//1318 603//1319
f 588//1312 603//1320 602//1311
f 602//1321 603//1322 604//1323
f 602//1314 604//1324 512//1315
f 568//1263 567//1263 577//1263
f 577//1325 567//1326 605//1327
f 577//1318 605//1319 603//1319
f 603//1328 605//1329 606//1330
f 603//1322 606//1322 604//1323
f 604//1331 606//1332 607//1333
f 604//1334 607//1335 512//1336
f 559//1248 558//1248 567//1248
f 567//1337 558//1337 608//1337
f 567//1326 608//1326 605//1327
f 605//1338 608//1338 609//1338
f 605//1329 609//1339 606//1330
f 606//1340 609//1341 610//1342
f 606//1332 610//1343 607//1333
f 607//1344 610//1344 611//1345
f 607//1335 611//1346 512//1336
f 551//1234 550//1233 558//1233
f 558//1347 550//1348 612//1347
f 558//1337 612//1337 608//1337
f 608//1349 612//1349 613//1349
f 608//1338 613//1338 609//1338
f 609//1350 613//1351 614//1350
f 609//1341 614//1341 610//1342
f 610//1352 614//1353 615//1352
f 610//1344 615//1354 611//1345
f 611//1355 615//1356 616//1356
f 611//1357 616//1358 512//1359
f 544//1222 543//1220 550//1220
f 550//1360 543//1360 617//1360
f 550//1348 617//1347 612//1347
f 612//1361 617//1362 618//1363
f 612//1349 618//1349 613//1349
f 613//1364 618//1364 619//1365
f 613//1351 619//1350 614//1350
f 614//1366 619//1367 620//1367
f 614//1353 620//1368 615//1352
f 615//1369 620//1369 621//1369
f 615//1356 621//1370 616//1356
f 616//1371 621//1371 622//1371
f 616//1358 622//1372 512//1359
f 512//1373 590//1374 623//1375
f 623//1376 590//1376 591//1377
f 623//1376 591//1377 624//1376
f 624//1378 591//1378 592//1379
f 624//1378 592//1379 625//1380
f 625//1381 592//1382 593//1383
f 625//1381 593//1383 626//1384
f 626//1385 593//1386 594//1385
f 626//1385 594//1385 627//1385
f 627//1387 594//1388 595//1387
f 627//1387 595//1387 628//1389
f 628//1390 595//1390 596//1390
f 628//1390 596//1390 629//1391
f 629//1392 596//1393 597//1393
f 629//1392 597//1393 630//1393
f 630//1394 597//1394 598//1395
f 630//1394 598//1395 631//1395
f 631//1396 598//1396 599//1396
f 631//1396 599//1396 632//1396
f 512//1206 623//1397 532//1204
f 532//1398 623//1398 624//1398
f 532//1398 624//1398 530//1398
f 530//1399 624//1399 625//1400
f 530//1399 625//1400 528//1399
f 528//1401 625//1401 626//1401
f 528//1401 626//1401 526//1401
f 526//1402 626//1402 627//1402
f 526//1402 627//1402 524//1403
f 524//1404 627//1404 628//1404
f 524//1404 628//1404 522//1404
f 522//1405 628//1406 629//1407
f 522//1405 629//1407 520//1408
f 520//1409 629//1410 630//1410
f 520//1409 630//1410 518//1409
f 518//1411 630//1412 631//1411
f 518//1411 631//1411 516//1411
f 516//1413 631//1414 632//1413
f 516//1413 632//1413 513//1415
f 538//1212 537//1416 543//1212
f 543//1209 537//1209 539//1209
f 543//1360 539//1360 617//1360
f 617//1417 539//1213 545//1213
f 617//1362 545//1418 618//1363
f 618//1223 545//1223 552//1223
f 618//1364 552//1364 619//1365
f 619//1236 552//1236 560//1235
f 619//1367 560//1367 620//1367
f 620//1249 560//1249 569//1249
f 620//1369 569//1419 621//1369
f 621//1265 569//1265 579//1264
f 621//1371 579//1371 622//1371
f 622//1285 579//1286 590//1285
f 622//1420 590//1374 512//1373
f 512//1305 280//1421 633//1422
f 634//1423 635//1423 533//1423
f 634//1424 533//1424 636//1424
f 636//1425 533//1425 536//1425
f 636//1426 536//1426 637//1426
f 637//1427 536//1427 638//1428
f 638//1174 536//1174 538//1174
f 638//1429 538//1429 639//1429
f 639//1430 538//1430 640//1430
f 640//1431 538//1431 544//1431
f 640//1432 544//1432 641//1432
f 641//1433 544//1433 642//1434
f 642//1435 544//1435 551//1435
f 642//1436 551//1436 643//1436
f 643//1437 551//1437 644//1438
f 644//1439 551//1439 559//1439
f 644//1440 559//1440 645//1440
f 645//1441 559//1441 646//1441
f 646//1442 559//1442 568//1442
f 646//1443 568//1443 647//1443
f 647//1444 568//1444 648//1445
f 648//1181 568//1181 578//1181
f 648//1446 578//1446 649//1446
f 649//1447 578//1447 650//1448
f 650//1182 578//1182 589//1182
f 650//1449 589//1449 651//1449
f 651//1450 589//1451 633//1422
f 633//1452 589//1452 600//1452
f 633//1422 600//1306 512//1305
f 652//1453 653//1454 280//1455
f 652//1453 280//1455 654//1456
f 655//1457 654//1458 280//1459
f 656//1460 655//1457 280//1459
f 657//1461 656//1462 280//1463
f 658//1464 657//1461 280//1463
f 659//1465 658//1466 280//1467
f 660//1468 659//1465 280//1467
f 279//638 660//1469 280//639
f 650//1470 651//1471 653//1472
f 282//1473 284//1474 661//1475
f 648//1476 649//1477 662//1478
f 285//1479 287//1480 663//1481
f 646//1482 647//1483 664//1484
f 288//1485 290//1486 665//1487
f 644//1488 645//1489 666//1490
f 291//1491 293//1492 667//1493
f 642//1494 643//1495 668//1495
f 295//1496 296//1497 669//1498
f 640//1499 641//1500 670//1500
f 298//1501 299//1502 671//1503
f 638//1504 639//1505 672//1506
f 301//1507 302//1508 673//1508
f 636//1509 637//1510 674//1511
f 304//1512 305//1513 675//1513
f 635//1514 634//1515 676//1516
f 676//1516 634//1515 677//1517
f 676//1518 677//1519 678//1520
f 678//1520 677//1519 679//1521
f 678//1522 679//1522 680//1522
f 680//1523 679//1523 681//1523
f 681//1524 679//1524 682//1524
f 681//1525 682//1526 683//1527
f 683//1527 682//1526 684//1528
f 683//1529 684//1529 685//1529
f 685//1530 684//1530 686//1530
f 686//1531 684//1531 687//1531
f 686//1532 687//1533 688//1534
f 688//1534 687//1533 689//1535
f 688//1536 689//1536 690//1536
f 690//1537 689//1537 691//1537
f 691//1538 689//1538 692//1538
f 691//1539 692//1540 693//1541
f 693//1541 692//1540 694//1542
f 693//1543 694//1543 695//1544
f 695//1545 694//1546 696//1547
f 696//1547 694//1546 675//1548
f 696//1549 675//1550 697//1551
f 697//1551 675//1550 305//1552
f 697//1551 305//1552 307//1553
f 634//1554 636//1509 677//1509
f 677//1509 636//1509 674//1511
f 677//1555 674//1555 679//1555
f 679//1555 674//1555 698//1556
f 679//1557 698//1557 682//1557
f 682//1557 698//1557 699//1558
f 682//1559 699//1560 684//1560
f 684//1560 699//1560 700//1561
f 684//1562 700//1563 687//1564
f 687//1564 700//1563 701//1565
f 687//1566 701//1567 689//1567
f 689//1567 701//1567 702//1568
f 689//1569 702//1570 692//1569
f 692//1569 702//1570 703//1571
f 692//1572 703//1573 694//1573
f 694//1573 703//1573 704//1574
f 694//1575 704//1576 675//1576
f 675//1576 704//1576 673//1577
f 675//1513 673//1578 304//1512
f 304//1512 673//1578 302//1579
f 637//1580 638//1504 674//1580
f 674//1580 638//1504 672//1506
f 674//1581 672//1582 698//1583
f 698//1583 672//1582 705//1581
f 698//1584 705//1585 699//1585
f 699//1585 705//1585 706//1586
f 699//1587 706//1588 700//1588
f 700//1588 706//1588 707//1588
f 700//1589 707//1590 701//1590
f 701//1590 707//1590 708//1590
f 701//1591 708//1592 702//1593
f 702//1593 708//1592 709//1594
f 702//1595 709//1596 703//1596
f 703//1596 709//1596 710//1597
f 703//1598 710//1599 704//1600
f 704//1600 710//1599 711//1601
f 704//1602 711//1603 673//1603
f 673//1603 711//1603 671//1604
f 673//1508 671//1605 301//1507
f 301//1507 671//1605 299//1606
f 639//1607 640//1499 672//1500
f 672//1500 640//1499 670//1500
f 672//1608 670//1609 705//1609
f 705//1609 670//1609 712//1610
f 705//1611 712//1611 706//1612
f 706//1612 712//1611 713//1613
f 706//1614 713//1615 707//1615
f 707//1615 713//1615 714//1616
f 707//1617 714//1618 708//1618
f 708//1618 714//1618 715//1619
f 708//1620 715//1621 709//1621
f 709//1621 715//1621 716//1622
f 709//1623 716//1624 710//1625
f 710//1625 716//1624 717//1624
f 710//1626 717//1627 711//1628
f 711//1628 717//1627 718//1629
f 711//1630 718//1631 671//1632
f 671//1632 718//1631 669//1633
f 671//1503 669//1634 298//1501
f 298//1501 669//1634 296//1635
f 641//1636 642//1494 670//1494
f 670//1494 642//1494 668//1495
f 670//1637 668//1638 712//1639
f 712//1639 668//1638 719//1640
f 712//1641 719//1642 713//1643
f 713//1643 719//1642 720//1644
f 713//1645 720//1645 714//1645
f 714//1645 720//1645 721//1645
f 714//1646 721//1647 715//1647
f 715//1647 721//1647 722//1647
f 715//1648 722//1648 716//1648
f 716//1648 722//1648 723//1649
f 716//1650 723//1650 717//1650
f 717//1650 723//1650 724//1650
f 717//1651 724//1652 718//1653
f 718//1653 724//1652 725//1654
f 718//1655 725//1656 669//1657
f 669//1657 725//1656 667//1658
f 669//1498 667//1659 295//1496
f 295//1496 667//1659 293//1660
f 643//1661 644//1488 668//1662
f 668//1662 644//1488 666//1490
f 668//1663 666//1664 719//1665
f 719//1665 666//1664 726//1666
f 719//1667 726//1668 720//1669
f 720//1669 726//1668 727//1670
f 720//1671 727//1672 721//1673
f 721//1673 727//1672 728//1674
f 721//1675 728//1676 722//1675
f 722//1675 728//1676 729//1677
f 722//1678 729//1679 723//1680
f 723//1680 729//1679 730//1681
f 723//1682 730//1683 724//1684
f 724//1684 730//1683 731//1685
f 724//1686 731//1687 725//1688
f 725//1688 731//1687 732//1687
f 725//1689 732//1690 667//1691
f 667//1691 732//1690 665//1692
f 667//1493 665//1693 291//1491
f 291//1491 665//1693 290//1694
f 645//1695 646//1482 666//1696
f 666//1696 646//1482 664//1484
f 666//1697 664//1697 726//1697
f 726//1697 664//1697 733//1697
f 726//1698 733//1699 727//1700
f 727//1700 733//1699 734//1699
f 727//1701 734//1702 728//1701
f 728//1701 734//1702 735//1703
f 728//1704 735//1705 729//1705
f 729//1705 735//1705 736//1706
f 729//1707 736//1708 730//1709
f 730//1709 736//1708 737//1710
f 730//1711 737//1712 731//1712
f 731//1712 737//1712 738//1712
f 731//1713 738//1714 732//1714
f 732//1714 738//1714 739//1714
f 732//1715 739//1716 665//1715
f 665//1715 739//1716 663//1717
f 665//1487 663//1718 288//1485
f 288//1485 663//1718 287//1719
f 647//1720 648//1476 664//1721
f 664//1721 648//1476 662//1478
f 664//1722 662//1723 733//1724
f 733//1724 662//1723 740//1723
f 733//1725 740//1726 734//1726
f 734//1726 740//1726 741//1727
f 734//1728 741//1729 735//1730
f 735//1730 741//1729 742//1731
f 735//1732 742//1733 736//1734
f 736//1734 742//1733 743//1735
f 736//1736 743//1737 737//1736
f 737//1736 743//1737 744//1738
f 737//1739 744//1740 738//1741
f 738//1741 744//1740 745//1742
f 738//1743 745//1744 739//1745
f 739//1745 745//1744 746//1746
f 739//1747 746//1748 663//1749
f 663//1749 746//1748 661//1750
f 663//1481 661//1751 285//1479
f 285//1479 661//1751 284//1752
f 649//1753 650//1470 662//1754
f 662//1754 650//1470 653//1472
f 662//1755 653//1756 740//1757
f 740//1757 653//1756 652//1756
f 740//1758 652//1759 741//1758
f 741//1758 652//1759 654//1760
f 741//1761 654//1762 742//1763
f 742//1763 654//1762 655//1764
f 742//1765 655//1766 743//1767
f 743//1767 655//1766 656//1768
f 743//1769 656//1770 744//1771
f 744//1771 656//1770 657//1770
f 744//1772 657//1773 745//1774
f 745//1774 657//1773 658//1775
f 745//1776 658//1777 746//1778
f 746//1778 658//1777 659//1779
f 746//1780 659//1781 661//1780
f 661//1780 659//1781 660//1782
f 661//1475 660//1783 282//1473
f 282//1473 660//1783 279//1784
f 651//1450 633//1422 653//1785
f 653//1785 633//1422 280//1421
f 696//1786 747//1787 748//1788
f 322//1789 324//1790 749//1791
f 750//1792 751//1792 752//1792
f 753//1793 754//1794 755//1795
f 755//1796 754//1797 756//1798
f 755//1799 756//1799 757//1799
f 757//1800 756//1801 758//1802
f 751//1803 750//1804 756//1805
f 756//1801 750//1806 759//1807
f 756//1801 759//1807 758//1802
f 760//1808 761//1808 752//1808
f 752//1809 761//1810 762//1811
f 752//1809 762//1811 750//1811
f 763//1812 764//1812 760//1812
f 760//1813 764//1813 765//1814
f 760//1813 765//1814 761//1814
f 766//1815 767//1815 763//1815
f 763//1816 767//1817 768//1816
f 763//1816 768//1816 764//1818
f 769//1819 770//1819 766//1819
f 766//1820 770//1821 771//1822
f 766//1820 771//1822 767//1823
f 772//1824 773//1825 769//1826
f 769//1827 773//1828 774//1829
f 769//1827 774//1829 770//1830
f 772//1824 769//1826 775//1831
f 775//1832 769//1832 776//1832
f 775//1833 776//1833 777//1833
f 777//1834 776//1834 749//1834
f 777//1835 749//1836 778//1837
f 778//1837 749//1836 779//1835
f 779//1838 749//1838 324//1838
f 779//1839 324//1839 326//1839
f 697//1840 307//1841 308//1842
f 310//1843 747//1843 308//1843
f 308//1842 747//1844 696//1845
f 308//1842 696//1845 697//1840
f 310//1843 312//1846 780//1846
f 780//1847 312//1848 314//1848
f 314//1848 316//1849 781//1847
f 781//1850 316//1850 318//1851
f 318//1851 320//1852 782//1852
f 782//1853 320//1854 322//1789
f 691//1855 693//1856 748//1857
f 748//1857 693//1856 695//1858
f 748//1788 695//1786 696//1786
f 748//1857 783//1859 691//1855
f 691//1860 783//1861 784//1862
f 691//1860 784//1862 690//1863
f 690//1864 784//1865 688//1866
f 688//1866 784//1865 785//1867
f 688//1866 785//1867 686//1868
f 686//1869 785//1870 786//1871
f 686//1869 786//1871 685//1869
f 685//1872 786//1873 683//1874
f 683//1874 786//1873 787//1875
f 683//1874 787//1875 681//1876
f 681//1877 787//1878 788//1879
f 681//1877 788//1879 680//1880
f 680//1881 788//1882 678//1883
f 678//1883 788//1882 789//1884
f 678//1883 789//1884 676//142
f 676//1885 789//1886 790//1887
f 676//1885 790//1887 635//1885
f 310//1843 780//1846 747//1843
f 747//1888 780//1889 791//1889
f 747//1888 791//1889 748//1890
f 748//1891 791//1892 792//1893
f 748//1891 792//1893 783//1894
f 783//1895 792//1896 793//1896
f 783//1895 793//1896 784//1897
f 784//1898 793//1898 794//1899
f 784//1898 794//1899 785//1900
f 785//1901 794//1902 795//1901
f 785//1901 795//1901 786//1901
f 786//1903 795//1904 796//1904
f 786//1903 796//1904 787//1905
f 787//1906 796//1907 797//1906
f 787//1906 797//1906 788//1907
f 788//1882 797//1908 798//1909
f 788//1882 798//1909 789//1884
f 789//1886 798//1910 799//1911
f 789//1886 799//1911 790//1887
f 314//1848 781//1847 780//1847
f 780//1912 781//1913 800//1913
f 780//1912 800//1913 791//1912
f 791//1914 800//1915 801//1915
f 791//1914 801//1915 792//1914
f 792//1916 801//1917 802//1917
f 792//1916 802//1917 793//1916
f 793//1918 802//1919 803//1920
f 793//1918 803//1920 794//1920
f 794//1921 803//1922 804//1922
f 794//1921 804//1922 795//1923
f 795//1924 804//1925 805//1926
f 795//1924 805//1926 796//1924
f 796//1927 805//1928 806//1927
f 796//1927 806//1927 797//1927
f 797//1908 806//1929 807//1930
f 797//1908 807//1930 798//1909
f 798//1910 807//629 808//1931
f 798//1910 808//1931 799//1911
f 318//1851 782//1852 781//1850
f 781//1932 782//1933 809//1932
f 781//1932 809//1932 800//1932
f 800//1934 809//1935 810//1935
f 800//1934 810//1935 801//1936
f 801//1937 810//1938 811//1938
f 801//1937 811//1938 802//1937
f 802//1939 811//1940 812//1941
f 802//1939 812//1941 803//1942
f 803//1943 812//1944 813//1943
f 803//1943 813//1943 804//1945
f 804//1946 813//1947 814//1948
f 804//1946 814//1948 805//1948
f 805//1949 814//1950 815//1951
f 805//1949 815//1951 806//1952
f 806//1929 815//1953 816//1954
f 806//1929 816//1954 807//1930
f 807//629 816//1955 817//1956
f 807//629 817//1956 808//1931
f 322//1789 749//1791 782//1853
f 782//1957 749//1958 776//1959
f 782//1957 776//1959 809//1959
f 809//1960 776//1961 769//1962
f 809//1960 769//1962 810//1960
f 810//1963 769//1964 766//1963
f 810//1963 766//1963 811//1963
f 811//1965 766//1966 763//1967
f 811//1965 763//1967 812//1965
f 812//1968 763//1969 760//1968
f 812//1968 760//1968 813//1968
f 813//1970 760//1971 752//1970
f 813//1970 752//1970 814//1972
f 814//1973 752//1974 751//1974
f 814//1973 751//1974 815//1975
f 815//1953 751//1803 756//1805
f 815//1953 756//1805 816//1954
f 816//1955 756//1798 754//1797
f 816//1955 754//1797 817//1956
f 753//1793 818//1976 754//1794
f 754//1794 818//1976 533//1976
f 754//1794 533//1976 817//1976
f 817//1976 533//1976 635//1976
f 817//1976 635//1976 808//1976
f 808//1976 635//1976 790//1976
f 808//1976 790//1976 799//1976
f 326//1977 819//1977 779//1977
f 779//1978 819//1979 820//1980
f 779//1981 820//1982 778//1983
f 778//1983 820//1982 777//1984
f 777//1985 820//1985 821//1985
f 777//1986 821//1986 775//1986
f 822//1987 773//1987 821//1987
f 821//1988 773//1989 772//1990
f 821//1988 772//1990 775//1991
f 823//1992 770//1992 822//1992
f 822//1993 770//1994 824//1995
f 822//1993 824//1995 773//1996
f 825//1997 767//1997 823//1997
f 823//1998 767//1999 826//2000
f 823//1998 826//2000 770//2001
f 827//2002 764//2002 825//2002
f 825//2003 764//2003 828//2004
f 825//2003 828//2004 767//2005
f 829//2006 761//2006 827//2006
f 827//2007 761//2008 830//2007
f 827//2007 830//2007 764//2007
f 831//2009 759//2009 832//2009
f 832//2010 759//2010 750//2010
f 832//2011 750//2011 829//2011
f 829//2012 750//2012 833//2013
f 829//2012 833//2013 761//2014
f 818//2015 753//2015 831//2015
f 831//2016 753//1793 755//1795
f 755//2017 757//2017 831//2017
f 831//2018 757//2019 834//2010
f 831//2018 834//2010 759//2010
f 835//2020 836//2020 837//2021
f 836//2022 835//2023 819//2022
f 819//1979 838//2024 820//1980
f 839//2025 838//2026 819//2027
f 821//2028 820//2028 840//2028
f 840//2028 820//2028 838//2029
f 840//2030 838//2031 841//2030
f 841//2030 838//2031 839//2031
f 841//2032 839//2033 842//2034
f 843//2035 837//2036 844//2036
f 844//2037 837//2038 836//2039
f 844//2037 836//2039 845//2040
f 845//2041 836//2022 819//2022
f 822//2042 821//2043 846//2042
f 846//2042 821//2043 840//2043
f 846//2044 840//2045 847//2046
f 847//2046 840//2045 841//2047
f 847//2048 841//2049 848//2050
f 848//2050 841//2049 842//2051
f 848//2052 842//2053 849//2052
f 850//2054 843//2054 851//2055
f 851//2056 843//2057 844//2058
f 851//2056 844//2058 852//2059
f 852//2060 844//2061 845//2062
f 852//2060 845//2062 853//2063
f 853//2064 845//2065 819//2064
f 823//2066 822//2067 854//2068
f 854//2068 822//2067 846//2069
f 854//2070 846//2071 855//2072
f 855//2072 846//2071 847//2073
f 855//2074 847//2075 856//2076
f 856//2076 847//2075 848//2075
f 856//2077 848//2078 857//2077
f 857//2077 848//2078 849//2078
f 857//2079 849//2079 858//2079
f 859//2080 850//2081 860//2081
f 860//2082 850//2082 851//2083
f 860//2082 851//2083 861//2083
f 861//2084 851//2085 852//2086
f 861//2084 852//2086 862//2087
f 862//2088 852//2089 853//2089
f 862//2088 853//2089 863//2090
f 863//2091 853//2064 819//2064
f 825//2092 823//2092 864//2093
f 864//2093 823//2092 854//2092
f 864//2094 854//2095 865//2096
f 865//2096 854//2095 855//2097
f 865//2098 855//2099 866//2099
f 866//2099 855//2099 856//2100
f 866//2101 856//2101 867//2101
f 867//2101 856//2101 857//2101
f 867//2102 857//2102 868//2103
f 868//2103 857//2102 858//2103
f 868//2104 858//2104 869//2104
f 870//2105 859//2105 871//2106
f 871//2107 859//2107 860//2107
f 871//2107 860//2107 872//2108
f 872//2109 860//2110 861//2111
f 872//2109 861//2111 873//2112
f 873//2113 861//2113 862//2114
f 873//2113 862//2114 874//2115
f 874//2116 862//2117 863//2118
f 874//2116 863//2118 875//2119
f 875//2120 863//2121 819//2122
f 827//2123 825//2124 876//2124
f 876//2124 825//2124 864//2125
f 876//2126 864//2127 877//2127
f 877//2127 864//2127 865//2127
f 877//2128 865//2128 878//2128
f 878//2128 865//2128 866//2128
f 878//2129 866//2129 879//2129
f 879//2129 866//2129 867//2129
f 879//2130 867//2130 880//2130
f 880//2130 867//2130 868//2131
f 880//2132 868//2132 881//2132
f 881//2132 868//2132 869//2133
f 881//2134 869//2135 882//2135
f 883//2136 870//2136 884//2136
f 884//2137 870//2138 871//2137
f 884//2137 871//2137 885//2139
f 885//2140 871//2141 872//2140
f 885//2140 872//2140 886//2140
f 886//2142 872//2143 873//2143
f 886//2142 873//2143 887//2143
f 887//2144 873//2145 874//2146
f 887//2144 874//2146 888//2147
f 888//2148 874//2149 875//2150
f 888//2148 875//2150 889//2151
f 889//2152 875//2120 819//2122
f 829//2153 827//2153 890//2153
f 890//2153 827//2153 876//2153
f 890//2154 876//2155 891//2154
f 891//2154 876//2155 877//2155
f 891//2156 877//2156 892//2156
f 892//2156 877//2156 878//2156
f 892//2157 878//2158 893//2159
f 893//2159 878//2158 879//2158
f 893//2160 879//2160 894//2161
f 894//2161 879//2160 880//2162
f 894//2163 880//2163 895//2163
f 895//2163 880//2163 881//2163
f 895//2164 881//2165 896//2166
f 896//2166 881//2165 882//2167
f 896//2168 882//2168 897//2168
f 898//2169 883//2169 899//2170
f 899//2171 883//2172 884//2171
f 899//2171 884//2171 900//2173
f 900//2174 884//2174 885//2175
f 900//2174 885//2175 901//2174
f 901//2176 885//2177 886//2176
f 901//2176 886//2176 902//2178
f 902//2179 886//2180 887//2179
f 902//2179 887//2179 903//2179
f 903//2181 887//2182 888//2183
f 903//2181 888//2183 904//2184
f 904//2185 888//2186 889//2187
f 904//2185 889//2187 905//2188
f 905//2189 889//2190 819//2191
f 832//2192 829//2193 906//2193
f 906//2193 829//2193 890//2193
f 906//2194 890//2195 907//2194
f 907//2194 890//2195 891//2195
f 907//2196 891//2197 908//2198
f 908//2198 891//2197 892//2196
f 908//2199 892//2199 909//2199
f 909//2199 892//2199 893//2199
f 909//2200 893//2200 910//2200
f 910//2200 893//2200 894//2200
f 910//2201 894//2202 911//2202
f 911//2202 894//2202 895//2202
f 911//2203 895//2204 912//2204
f 912//2204 895//2204 896//2204
f 912//2205 896//2206 913//2207
f 913//2207 896//2206 897//2207
f 913//2208 897//2209 914//2210
f 898//2169 914//2211 883//2169
f 883//2212 914//2210 897//2209
f 883//2136 897//2136 870//2136
f 870//2168 897//2168 882//2168
f 870//2105 882//2105 859//2105
f 859//2135 882//2135 869//2135
f 859//2080 869//2213 850//2081
f 850//2104 869//2104 858//2104
f 850//2054 858//2214 843//2054
f 843//2079 858//2079 849//2079
f 843//2035 849//2035 837//2036
f 837//2215 849//2052 842//2053
f 837//2021 842//2216 835//2020
f 835//2033 842//2034 839//2033
f 835//2217 839//2025 819//2027
f 898//2218 915//2218 914//2218
f 914//2218 915//2218 916//2219
f 914//2220 916//2220 913//2220
f 913//2220 916//2220 917//2221
f 913//2222 917//2223 912//2224
f 912//2224 917//2223 918//2225
f 912//2226 918//2227 911//2227
f 911//2227 918//2227 919//2227
f 911//2228 919//2228 910//2228
f 910//2228 919//2228 920//2229
f 910//2230 920//2230 909//2230
f 909//2230 920//2230 921//2230
f 909//2231 921//2232 908//2231
f 908//2231 921//2232 922//2232
f 908//2233 922//2234 907//2235
f 907//2235 922//2234 923//2236
f 907//2237 923//2237 906//2237
f 906//2237 923//2237 924//2237
f 906//2238 924//2238 832//2238
f 832//2238 924//2238 831//2238
f 915//2239 925//2239 916//2240
f 916//2240 925//2239 926//2240
f 916//2241 926//2241 917//2241
f 917//2241 926//2241 927//2241
f 917//2242 927//2243 918//2243
f 918//2243 927//2243 928//2243
f 918//2244 928//2244 919//2244
f 919//2244 928//2244 929//2244
f 919//2245 929//2245 920//2245
f 920//2245 929//2245 930//2246
f 920//2247 930//2247 921//2247
f 921//2247 930//2247 931//2247
f 921//2248 931//2249 922//2249
f 922//2249 931//2249 932//2249
f 922//2250 932//2250 923//2251
f 923//2251 932//2250 933//2250
f 923//2252 933//2252 924//2252
f 924//2252 933//2252 934//2253
f 924//2254 934//2255 831//2255
f 831//2255 934//2255 818//2255
f 533//2256 818//2256 934//2256
f 533//2256 934//2256 534//2256
f 534//2257 934//2257 933//2257
f 534//2257 933//2257 542//2257
f 542//2258 933//2258 932//2259
f 542//2258 932//2259 549//2258
f 549//2260 932//2261 931//2260
f 549//2260 931//2260 557//2262
f 557//2263 931//2264 930//2264
f 557//2263 930//2264 566//2263
f 566//2265 930//2265 929//2265
f 566//2265 929//2265 576//2265
f 576//2266 929//2266 928//2267
f 576//2266 928//2267 587//2268
f 587//2269 928//2269 927//2269
f 587//2269 927//2269 599//2270
f 599//2271 927//2272 926//2272
f 599//2271 926//2272 632//2271
f 632//2273 926//2274 925//2275
f 632//2273 925//2275 513//2273
f 935//154 514//154 925//154
f 925//154 514//154 513//154
f 819//2191 936//2276 937//2277
f 819//2191 937//2277 905//2189
f 905//2278 937//2278 938//2279
f 905//2278 938//2279 904//2279
f 904//2280 938//2280 939//2280
f 904//2280 939//2280 903//2281
f 903//2282 939//2283 940//2282
f 903//2282 940//2282 902//2282
f 902//2284 940//2285 941//2285
f 902//2284 941//2285 901//2284
f 901//2286 941//2287 942//2287
f 901//2286 942//2287 900//2286
f 900//2288 942//2289 943//2289
f 900//2288 943//2289 899//2289
f 899//2290 943//2290 944//2290
f 899//2290 944//2290 898//2290
f 898//2291 944//2291 945//2291
f 898//2291 945//2291 915//2292
f 915//2293 945//2294 935//2295
f 915//2293 935//2295 925//2293
f 326//2296 327//2296 819//2296
f 819//2296 327//2296 936//2296
f 340//2297 341//2297 946//2297
f 351//2298 947//2298 948//2298
f 359//2299 949//2299 950//2299
f 951//2300 952//2300 364//2300
f 364//2301 366//2301 951//2301
f 951//2302 366//2302 953//2302
f 951//2303 953//2015 954//2304
f 954//2305 953//2305 369//2305
f 954//2306 369//769 368//768
f 950//2006 949//2006 955//2006
f 949//2307 356//2307 955//2307
f 955//2308 356//2308 956//2308
f 955//2011 956//2011 952//2011
f 952//2309 956//2309 363//2309
f 952//2301 363//2301 364//2301
f 948//2310 947//2310 957//2310
f 947//2311 353//2311 957//2311
f 957//2312 353//2312 958//2312
f 957//2313 958//2313 950//2313
f 950//2314 958//2314 360//2314
f 950//2315 360//2315 359//2315
f 959//2316 348//2316 948//2316
f 948//2317 348//2317 352//2317
f 948//2318 352//2318 351//2318
f 946//2319 341//2319 960//2319
f 341//2320 343//2320 960//2320
f 960//2321 343//2321 345//2321
f 960//2322 345//2322 959//2322
f 959//2323 345//2323 346//2323
f 959//2324 346//2324 348//2324
f 936//2325 327//2325 946//2325
f 946//2326 327//2326 339//2326
f 946//2327 339//2327 340//2327
f 961//2328 962//2329 963//2330
f 963//2330 962//2329 964//2331
f 963//2330 964//2331 965//2332
f 965//2332 964//2331 966//2333
f 965//2332 966//2333 967//2334
f 967//2334 966//2333 968//2335
f 967//2334 968//2335 969//2336
f 969//2336 968//2335 970//2337
f 969//2336 970//2337 971//2338
f 971//2338 970//2337 972//2339
f 971//2338 972//2339 973//2340
f 973//2340 972//2339 974//2341
f 973//2340 974//2341 975//2342
f 975//2342 974//2341 976//2343
f 975//2342 976//2343 977//2344
f 977//2344 976//2343 978//2345
f 977//2344 978//2345 979//2346
f 979//2346 978//2345 980//2347
f 979//2346 980//2347 954//2304
f 954//2304 980//2347 951//2303
f 962//2348 981//2348 964//2348
f 964//2348 981//2348 982//2348
f 964//2349 982//2349 966//2349
f 966//2349 982//2349 983//2349
f 966//2350 983//2350 968//2350
f 968//2350 983//2350 984//2351
f 968//2352 984//2353 970//2354
f 970//2354 984//2353 985//2354
f 970//2355 985//2355 972//2355
f 972//2355 985//2355 986//2355
f 972//2356 986//2356 974//2356
f 974//2356 986//2356 987//2356
f 974//2357 987//2357 976//2357
f 976//2357 987//2357 988//2357
f 976//2358 988//2358 978//2358
f 978//2358 988//2358 989//2358
f 978//2359 989//2359 980//2359
f 980//2359 989//2359 990//2360
f 980//2361 990//2361 951//2361
f 951//2361 990//2361 952//2361
f 981//2362 991//2363 982//2364
f 982//2364 991//2363 992//2362
f 982//2365 992//2366 983//2367
f 983//2367 992//2366 993//2365
f 983//2368 993//2368 984//2369
f 984//2369 993//2368 994//2369
f 984//2370 994//2371 985//2372
f 985//2372 994//2371 995//2373
f 985//2374 995//2375 986//2375
f 986//2375 995//2375 996//2374
f 986//2376 996//2377 987//2378
f 987//2378 996//2377 997//2377
f 987//2379 997//2380 988//2380
f 988//2380 997//2380 998//2381
f 988//2382 998//2383 989//2384
f 989//2384 998//2383 999//2382
f 989//2385 999//2386 990//2387
f 990//2387 999//2386 1000//2388
f 990//2389 1000//2390 952//2391
f 952//2391 1000//2390 955//2389
f 991//2392 1001//2393 992//2393
f 992//2393 1001//2393 1002//2393
f 992//2394 1002//2394 993//2394
f 993//2394 1002//2394 1003//2395
f 993//2396 1003//2397 994//2398
f 994//2398 1003//2397 1004//2396
f 994//2399 1004//2400 995//2400
f 995//2400 1004//2400 1005//2400
f 995//2401 1005//2401 996//2401
f 996//2401 1005//2401 1006//2401
f 996//2402 1006//2402 997//2402
f 997//2402 1006//2402 1007//2402
f 997//2403 1007//2403 998//2404
f 998//2404 1007//2403 1008//2404
f 998//2405 1008//2406 999//2407
f 999//2407 1008//2406 1009//2408
f 999//2409 1009//2409 1000//2409
f 1000//2409 1009//2409 1010//2409
f 1000//2410 1010//2410 955//2411
f 955//2411 1010//2410 950//2410
f 1001//2412 1011//2413 1002//2413
f 1002//2413 1011//2413 1012//2414
f 1002//2415 1012//2416 1003//2417
f 1003//2417 1012//2416 1013//2417
f 1003//2418 1013//2418 1004//2418
f 1004//2418 1013//2418 1014//2418
f 1004//2419 1014//2420 1005//2421
f 1005//2421 1014//2420 1015//2422
f 1005//2423 1015//2423 1006//2424
f 1006//2424 1015//2423 1016//2424
f 1006//2425 1016//2425 1007//2425
f 1007//2425 1016//2425 1017//2425
f 1007//2426 1017//2427 1008//2428
f 1008//2428 1017//2427 1018//2429
f 1008//2430 1018//2430 1009//2430
f 1009//2430 1018//2430 1019//2431
f 1009//2432 1019//2433 1010//2434
f 1010//2434 1019//2433 1020//2435
f 1010//2436 1020//2437 950//2438
f 950//2438 1020//2437 957//2438
f 1011//2439 1021//2440 1012//2440
f 1012//2440 1021//2440 1022//2440
f 1012//2441 1022//2442 1013//2442
f 1013//2442 1022//2442 1023//2442
f 1013//2443 1023//2444 1014//2444
f 1014//2444 1023//2444 1024//2444
f 1014//2445 1024//2445 1015//2445
f 1015//2445 1024//2445 1025//2446
f 1015//2447 1025//2447 1016//2447
f 1016//2447 1025//2447 1026//2447
f 1016//2448 1026//2449 1017//2449
f 1017//2449 1026//2449 1027//2450
f 1017//2451 1027//2451 1018//2451
f 1018//2451 1027//2451 1028//2451
f 1018//2452 1028//2452 1019//2452
f 1019//2452 1028//2452 1029//2452
f 1019//2453 1029//2454 1020//2455
f 1020//2455 1029//2454 1030//2456
f 1020//2457 1030//2457 957//2457
f 957//2457 1030//2457 948//2458
f 1021//2459 1031//2460 1022//2459
f 1022//2459 1031//2460 1032//2459
f 1022//2461 1032//2462 1023//2462
f 1023//2462 1032//2462 1033//2463
f 1023//2464 1033//2464 1024//2465
f 1024//2465 1033//2464 1034//2465
f 1024//2466 1034//2467 1025//2468
f 1025//2468 1034//2467 1035//2467
f 1025//2469 1035//2470 1026//2469
f 1026//2469 1035//2470 1036//2471
f 1026//2472 1036//2473 1027//2474
f 1027//2474 1036//2473 1037//2475
f 1027//2476 1037//2477 1028//2478
f 1028//2478 1037//2477 1038//2478
f 1028//2479 1038//2480 1029//2480
f 1029//2480 1038//2480 1039//2480
f 1029//2481 1039//2481 1030//2481
f 1030//2481 1039//2481 1040//2481
f 1030//2482 1040//2482 948//2482
f 948//2482 1040//2482 959//2482
f 1031//2483 1041//2484 1032//2484
f 1032//2484 1041//2484 1042//2484
f 1032//2485 1042//2485 1033//2485
f 1033//2485 1042//2485 1043//2486
f 1033//2487 1043//2488 1034//2488
f 1034//2488 1043//2488 1044//2489
f 1034//2490 1044//2491 1035//2491
f 1035//2491 1044//2491 1045//2491
f 1035//2492 1045//2492 1036//2492
f 1036//2492 1045//2492 1046//2492
f 1036//2493 1046//2493 1037//2493
f 1037//2493 1046//2493 1047//2493
f 1037//2494 1047//2494 1038//2494
f 1038//2494 1047//2494 1048//2495
f 1038//2496 1048//2496 1039//2496
f 1039//2496 1048//2496 1049//2496
f 1039//2497 1049//2497 1040//2497
f 1040//2497 1049//2497 1050//2498
f 1040//2499 1050//2499 959//2499
f 959//2499 1050//2499 960//2500
f 1041//2501 1051//2502 1042//2502
f 1042//2502 1051//2502 1052//2502
f 1042//2503 1052//2504 1043//2505
f 1043//2505 1052//2504 1053//2504
f 1043//2506 1053//2507 1044//2506
f 1044//2506 1053//2507 1054//2507
f 1044//2508 1054//2509 1045//2509
f 1045//2509 1054//2509 1055//2509
f 1045//2510 1055//2511 1046//2511
f 1046//2511 1055//2511 1056//2512
f 1046//2513 1056//2513 1047//2513
f 1047//2513 1056//2513 1057//2513
f 1047//2514 1057//2514 1048//2514
f 1048//2514 1057//2514 1058//2515
f 1048//2516 1058//2517 1049//2518
f 1049//2518 1058//2517 1059//2519
f 1049//2520 1059//2521 1050//2520
f 1050//2520 1059//2521 1060//2522
f 1050//2523 1060//2523 960//2523
f 960//2523 1060//2523 946//2524
f 1051//2525 935//2240 1052//2240
f 1052//2240 935//2240 945//2239
f 1052//2526 945//2527 1053//2527
f 1053//2527 945//2527 944//2527
f 1053//2528 944//2529 1054//2529
f 1054//2529 944//2529 943//2530
f 1054//2531 943//2531 1055//2531
f 1055//2531 943//2531 942//2531
f 1055//2532 942//2532 1056//2533
f 1056//2533 942//2532 941//2534
f 1056//2535 941//2536 1057//2537
f 1057//2537 941//2536 940//2536
f 1057//2538 940//2538 1058//2538
f 1058//2538 940//2538 939//2539
f 1058//2540 939//2540 1059//2540
f 1059//2540 939//2540 938//2540
f 1059//2541 938//2541 1060//2542
f 1060//2542 938//2541 937//2542
f 1060//2543 937//2543 946//2543
f 946//2543 937//2543 936//2544
f 961//2328 1061//2545 1062//2546
f 961//2328 1062//2546 962//2329
f 962//2547 1062//2548 1063//2548
f 962//2547 1063//2548 981//2549
f 981//2258 1063//2258 1064//2258
f 981//2258 1064//2258 991//2258
f 991//2261 1064//2260 1065//2260
f 991//2261 1065//2260 1001//2260
f 1001//2263 1065//2263 1066//2263
f 1001//2263 1066//2263 1011//2263
f 1011//2265 1066//2265 1067//2265
f 1011//2265 1067//2265 1021//2265
f 1021//2266 1067//2267 1068//2267
f 1021//2266 1068//2267 1031//2267
f 1031//2270 1068//2269 1069//2269
f 1031//2270 1069//2269 1041//2270
f 1041//2550 1069//2550 1070//2550
f 1041//2550 1070//2550 1051//2550
f 1051//2274 1070//2275 514//2551
f 1051//2274 514//2551 935//2274
f 501//1172 502//1173 1071//2552
f 1071//2552 502//1173 1072//2553
f 1071//2552 1072//2553 1073//2554
f 1073//2554 1072//2553 1074//2555
f 1073//2554 1074//2555 1075//2556
f 1075//2556 1074//2555 1076//2557
f 1075//2556 1076//2557 1077//2558
f 1077//2558 1076//2557 1078//2559
f 1077//2558 1078//2559 1079//2560
f 1079//2560 1078//2559 1080//2561
f 1079//2560 1080//2561 1081//2562
f 1081//2562 1080//2561 1082//2563
f 1081//2562 1082//2563 1083//2564
f 1083//2564 1082//2563 1084//2565
f 1083//2564 1084//2565 1085//2566
f 1085//2566 1084//2565 1086//2567
f 1085//2566 1086//2567 1087//2568
f 1087//2568 1086//2567 1088//2569
f 1087//2568 1088//2569 1061//2545
f 1061//2545 1088//2569 1062//2546
f 502//2570 503//2570 1072//2570
f 1072//2570 503//2570 1089//2570
f 1072//2571 1089//2571 1074//2571
f 1074//2571 1089//2571 1090//2571
f 1074//2572 1090//2572 1076//2572
f 1076//2572 1090//2572 1091//2572
f 1076//2573 1091//2573 1078//2573
f 1078//2573 1091//2573 1092//2573
f 1078//2574 1092//2574 1080//2574
f 1080//2574 1092//2574 1093//2574
f 1080//2575 1093//2575 1082//2575
f 1082//2575 1093//2575 1094//2575
f 1082//2576 1094//2576 1084//2576
f 1084//2576 1094//2576 1095//2576
f 1084//2577 1095//2577 1086//2577
f 1086//2577 1095//2577 1096//2577
f 1086//2578 1096//2578 1088//2578
f 1088//2578 1096//2578 1097//2578
f 1088//2579 1097//2579 1062//2579
f 1062//2579 1097//2579 1063//2579
f 503//2580 504//2581 1089//2582
f 1089//2582 504//2581 1098//2582
f 1089//2583 1098//2583 1090//2584
f 1090//2584 1098//2583 1099//2585
f 1090//2586 1099//2587 1091//2587
f 1091//2587 1099//2587 1100//2587
f 1091//2588 1100//2589 1092//2590
f 1092//2590 1100//2589 1101//2591
f 1092//2592 1101//2592 1093//2592
f 1093//2592 1101//2592 1102//2592
f 1093//2593 1102//2594 1094//2595
f 1094//2595 1102//2594 1103//2593
f 1094//2596 1103//2597 1095//2598
f 1095//2598 1103//2597 1104//2599
f 1095//2600 1104//2601 1096//2600
f 1096//2600 1104//2601 1105//2601
f 1096//2602 1105//2603 1097//2604
f 1097//2604 1105//2603 1106//2604
f 1097//2605 1106//2606 1063//2607
f 1063//2607 1106//2606 1064//2605
f 504//2608 505//2608 1098//2608
f 1098//2608 505//2608 1107//2608
f 1098//2609 1107//2609 1099//2609
f 1099//2609 1107//2609 1108//2610
f 1099//2611 1108//2612 1100//2613
f 1100//2613 1108//2612 1109//2611
f 1100//2614 1109//2614 1101//2615
f 1101//2615 1109//2614 1110//2614
f 1101//2616 1110//2616 1102//2616
f 1102//2616 1110//2616 1111//2616
f 1102//2617 1111//2617 1103//2617
f 1103//2617 1111//2617 1112//2617
f 1103//2618 1112//2618 1104//2619
f 1104//2619 1112//2618 1113//2618
f 1104//2620 1113//2621 1105//2622
f 1105//2622 1113//2621 1114//2622
f 1105//2623 1114//2623 1106//2623
f 1106//2623 1114//2623 1115//2624
f 1106//2625 1115//2625 1064//2625
f 1064//2625 1115//2625 1065//2625
f 505//2626 506//2626 1107//2627
f 1107//2627 506//2626 1116//2628
f 1107//2629 1116//2629 1108//2629
f 1108//2629 1116//2629 1117//2629
f 1108//2630 1117//2630 1109//2630
f 1109//2630 1117//2630 1118//2630
f 1109//2631 1118//2632 1110//2633
f 1110//2633 1118//2632 1119//2632
f 1110//2634 1119//2634 1111//2635
f 1111//2635 1119//2634 1120//2636
f 1111//2637 1120//2637 1112//2637
f 1112//2637 1120//2637 1121//2637
f 1112//2638 1121//2639 1113//2638
f 1113//2638 1121//2639 1122//2640
f 1113//2641 1122//2641 1114//2641
f 1114//2641 1122//2641 1123//2642
f 1114//2643 1123//2644 1115//2645
f 1115//2645 1123//2644 1124//2645
f 1115//2646 1124//2646 1065//2646
f 1065//2646 1124//2646 1066//2647
f 506//2648 507//2649 1116//2648
f 1116//2648 507//2649 1125//2649
f 1116//2650 1125//2651 1117//2651
f 1117//2651 1125//2651 1126//2652
f 1117//2653 1126//2653 1118//2653
f 1118//2653 1126//2653 1127//2653
f 1118//2654 1127//2654 1119//2654
f 1119//2654 1127//2654 1128//2654
f 1119//2655 1128//2655 1120//2656
f 1120//2656 1128//2655 1129//2656
f 1120//2657 1129//2657 1121//2658
f 1121//2658 1129//2657 1130//2657
f 1121//2659 1130//2659 1122//2659
f 1122//2659 1130//2659 1131//2659
f 1122//2660 1131//2660 1123//2660
f 1123//2660 1131//2660 1132//2661
f 1123//2662 1132//2663 1124//2664
f 1124//2664 1132//2663 1133//2665
f 1124//2666 1133//2666 1066//2666
f 1066//2666 1133//2666 1067//2667
f 507//2668 508//2668 1125//2668
f 1125//2668 508//2668 1134//2668
f 1125//2669 1134//2669 1126//2669
f 1126//2669 1134//2669 1135//2669
f 1126//2670 1135//2670 1127//2670
f 1127//2670 1135//2670 1136//2671
f 1127//2672 1136//2672 1128//2673
f 1128//2673 1136//2672 1137//2672
f 1128//2674 1137//2674 1129//2675
f 1129//2675 1137//2674 1138//2676
f 1129//2677 1138//2677 1130//2678
f 1130//2678 1138//2677 1139//2678
f 1130//2679 1139//2679 1131//2680
f 1131//2680 1139//2679 1140//2679
f 1131//2681 1140//2682 1132//2682
f 1132//2682 1140//2682 1141//2683
f 1132//2684 1141//2684 1133//2684
f 1133//2684 1141//2684 1142//2684
f 1133//2685 1142//2685 1067//2685
f 1067//2685 1142//2685 1068//2685
f 508//2686 509//2686 1134//2686
f 1134//2686 509//2686 1143//2686
f 1134//2687 1143//2687 1135//2687
f 1135//2687 1143//2687 1144//2688
f 1135//2689 1144//2690 1136//2690
f 1136//2690 1144//2690 1145//2690
f 1136//2691 1145//2691 1137//2691
f 1137//2691 1145//2691 1146//2691
f 1137//2692 1146//2693 1138//2693
f 1138//2693 1146//2693 1147//2693
f 1138//2694 1147//2694 1139//2694
f 1139//2694 1147//2694 1148//2694
f 1139//2695 1148//2696 1140//2696
f 1140//2696 1148//2696 1149//2696
f 1140//2697 1149//2697 1141//2697
f 1141//2697 1149//2697 1150//2697
f 1141//2698 1150//2699 1142//2700
f 1142//2700 1150//2699 1151//2701
f 1142//2702 1151//2702 1068//2702
f 1068//2702 1151//2702 1069//2702
f 509//2703 510//2703 1143//2703
f 1143//2703 510//2703 1152//2703
f 1143//2704 1152//2705 1144//2706
f 1144//2706 1152//2705 1153//2706
f 1144//2707 1153//2707 1145//2707
f 1145//2707 1153//2707 1154//2707
f 1145//2708 1154//2708 1146//2708
f 1146//2708 1154//2708 1155//2708
f 1146//2709 1155//2709 1147//2709
f 1147//2709 1155//2709 1156//2710
f 1147//2711 1156//2711 1148//2712
f 1148//2712 1156//2711 1157//2712
f 1148//2713 1157//2714 1149//2714
f 1149//2714 1157//2714 1158//2714
f 1149//2715 1158//2715 1150//2715
f 1150//2715 1158//2715 1159//2715
f 1150//2716 1159//2716 1151//2716
f 1151//2716 1159//2716 1160//2716
f 1151//2717 1160//2717 1069//2717
f 1069//2717 1160//2717 1070//2717
f 510//2718 511//2719 1152//2718
f 1152//2718 511//2719 531//2720
f 1152//2721 531//2722 1153//2722
f 1153//2722 531//2722 529//2722
f 1153//2723 529//2723 1154//2723
f 1154//2723 529//2723 527//2723
f 1154//2724 527//2724 1155//2724
f 1155//2724 527//2724 525//2724
f 1155//2725 525//2726 1156//2726
f 1156//2726 525//2726 523//2727
f 1156//2728 523//2728 1157//2728
f 1157//2728 523//2728 521//2729
f 1157//2730 521//2730 1158//2730
f 1158//2730 521//2730 519//2730
f 1158//2731 519//2732 1159//2733
f 1159//2733 519//2732 517//2734
f 1159//2735 517//2735 1160//2735
f 1160//2735 517//2735 515//2735
f 1160//1415 515//1415 1070//1415
f 1070//1415 515//1415 514//2736
f 337//1976 411//1976 278//1976
f 1071//1976 1073//1976 1161//1976
f 963//1976 965//1976 1162//1976
f 337//1976 278//1976 335//1976
f 1073//1976 1075//1976 1161//1976
f 1161//1976 1075//1976 1077//1976
f 1161//1976 1077//1976 1079//1976
f 1079//1976 1081//1976 1161//1976
f 1161//1976 1081//1976 1083//1976
f 1161//1976 1083//1976 1085//1976
f 411//1976 412//1976 278//1976
f 278//1976 412//1976 414//1976
f 278//1976 414//1976 416//1976
f 416//1976 418//1976 278//1976
f 278//1976 418//1976 420//1976
f 278//1976 420//1976 422//1976
f 422//1976 424//1976 278//1976
f 278//1976 424//1976 426//1976
f 278//1976 426//1976 1161//1976
f 1161//1976 426//1976 501//1976
f 1161//1976 501//1976 1071//1976
f 965//1976 967//1976 1162//1976
f 1162//1976 967//1976 969//1976
f 1162//1976 969//1976 971//1976
f 971//1976 973//1976 1162//1976
f 1162//1976 973//1976 975//1976
f 1162//1976 975//1976 977//1976
f 977//1976 979//1976 1162//1976
f 1162//1976 979//1976 954//2306
f 1162//1976 954//2306 118//1976
f 118//1976 954//2306 368//768
f 118//1976 368//768 272//1976
f 272//1976 368//768 329//1976
f 272//1976 329//1976 273//1976
f 273//1976 329//1976 328//1976
f 273//1976 328//1976 274//1976
f 274//1976 328//1976 331//1976
f 274//1976 331//1976 275//1976
f 275//1976 331//1976 333//1976
f 275//1976 333//1976 276//1976
f 276//1976 333//1976 335//1976
f 276//1976 335//1976 277//1976
f 277//1976 335//1976 278//1976
f 1085//1976 1087//1976 1161//1976
f 1161//1976 1087//1976 1061//1976
f 1161//1976 1061//1976 1162//1976
f 1162//1976 1061//1976 961//1976
f 1162//1976 961//1976 963//1976
f 1163//2296 1164//2296 1165//2296
f 1165//2296 1164//2296 1166//2296
f 1167//1976 1168//1976 1169//1976
f 1169//1976 1168//1976 1170//1976
f 1166//1976 1171//1976 1172//1976
f 1172//1976 1173//1976 1166//1976
f 1166//1976 1173//1976 1174//1976
f 1166//1976 1174//1976 1175//1976
f 1171//1976 1166//1976 1176//1976
f 1176//1976 1166//1976 1164//1976
f 1176//1976 1164//1976 1177//1976
f 1175//1976 1178//1976 1166//1976
f 1166//1976 1178//1976 1179//1976
f 1166//1976 1179//1976 1180//1976
f 1181//1976 1182//1976 1169//1976
f 1169//1976 1182//1976 1183//1976
f 1169//1976 1183//1976 1167//1976
f 1170//1976 1184//1976 1169//1976
f 1169//1976 1184//1976 1185//1976
f 1169//1976 1185//1976 1164//1976
f 1164//1976 1185//1976 1186//1976
f 1164//1976 1186//1976 1187//1976
f 1187//1976 1188//1976 1164//1976
f 1164//1976 1188//1976 1189//1976
f 1164//1976 1189//1976 1190//1976
f 1190//1976 1191//1976 1164//1976
f 1164//1976 1191//1976 1192//1976
f 1164//1976 1192//1976 1193//1976
f 1193//1976 1194//1976 1164//1976
f 1164//1976 1194//1976 1195//1976
f 1164//1976 1195//1976 1177//1976
f 1180//1976 1196//1976 1166//1976
f 1166//1976 1196//1976 1197//1976
f 1166//1976 1197//1976 1198//1976
f 1198//1976 1197//1976 1199//1976
f 1198//1976 1199//1976 1200//1976
f 1201//1976 1202//1976 1198//1976
f 1198//1976 1202//1976 1203//1976
f 1198//1976 1203//1976 1204//1976
f 1200//1976 1205//1976 1198//1976
f 1198//1976 1205//1976 1206//1976
f 1198//1976 1206//1976 1201//1976
f 1207//1976 1208//1976 1169//1976
f 1169//1976 1208//1976 1209//1976
f 1169//1976 1209//1976 1181//1976
f 1204//1976 1210//1976 1198//1976
f 1198//1976 1210//1976 1211//1976
f 1198//1976 1211//1976 1169//1976
f 1169//1976 1211//1976 1212//1976
f 1169//1976 1212//1976 1207//1976
f 1169//1186 1213//1186 1198//1186
f 1198//1186 1213//1186 1214//1186
f 1215//2737 1216//2737 1213//2737
f 1213//2737 1216//2737 1217//2737
f 1213//2737 1217//2737 1214//2737
f 1214//2737 1217//2737 1218//2737
f 1214//2737 1218//2737 1219//2737
f 1219//2737 1220//2737 1214//2737
f 1214//2737 1220//2737 1221//2737
f 1214//2737 1221//2737 1222//2737
f 1223//2737 1213//2737 1224//2737
f 1224//2737 1213//2737 1225//2737
f 1222//2737 1226//2737 1214//2737
f 1214//2737 1226//2737 1227//2737
f 1214//2737 1227//2737 1228//2737
f 1229//2737 1230//2737 1213//2737
f 1213//2737 1230//2737 1231//2737
f 1213//2737 1231//2737 1215//2737
f 1228//2737 1232//2737 1214//2737
f 1214//2737 1232//2737 1233//2737
f 1214//2737 1233//2737 1165//2737
f 1165//2737 1233//2737 1234//2737
f 1165//2737 1234//2737 1235//2737
f 1235//2737 1236//2737 1165//2737
f 1165//2737 1236//2737 1237//2737
f 1165//2737 1237//2737 1238//2737
f 1163//2737 1239//2737 1240//2737
f 1223//2737 1241//2737 1213//2737
f 1213//2737 1241//2737 1242//2737
f 1213//2737 1242//2737 1229//2737
f 1238//2737 1243//2737 1165//2737
f 1165//2737 1243//2737 1244//2737
f 1165//2737 1244//2737 1245//2737
f 1246//2737 1247//2737 1163//2737
f 1163//2737 1247//2737 1248//2737
f 1163//2737 1248//2737 1249//2737
f 1239//2737 1163//2737 1250//2737
f 1240//2737 1251//2737 1163//2737
f 1163//2737 1251//2737 1252//2737
f 1163//2737 1252//2737 1246//2737
f 1245//2737 1253//2737 1165//2737
f 1165//2737 1253//2737 1254//2737
f 1165//2737 1254//2737 1163//2737
f 1163//2737 1254//2737 1255//2737
f 1163//2737 1255//2737 1250//2737
f 1249//2737 1256//2737 1163//2737
f 1163//2737 1256//2737 1257//2737
f 1163//2737 1257//2737 1213//2737
f 1213//2737 1257//2737 1258//2737
f 1213//2737 1258//2737 1225//2737
f 1165//154 1259//154 1214//154
f 1214//154 1259//154 1260//154
f 1214//154 1260//154 1198//154
f 1198//154 1260//154 1261//154
f 1198//154 1261//154 1166//154
f 1166//154 1261//154 1262//154
f 1166//154 1262//154 1165//154
f 1165//154 1262//154 1259//154
f 1261//2294 1260//2295 1263//2293
f 1261//2294 1263//2293 1264//2295
f 1264//2291 1263//2738 1265//2738
f 1264//2291 1265//2738 1266//2291
f 1266//2290 1265//2290 1267//2290
f 1266//2290 1267//2290 1268//2290
f 1268//2739 1267//2289 1269//2289
f 1268//2739 1269//2289 1270//2740
f 1270//2287 1269//2287 1271//2287
f 1270//2287 1271//2287 1272//2287
f 1272//2285 1271//2284 1273//2284
f 1272//2285 1273//2284 1274//2284
f 1274//2741 1273//2741 1275//2741
f 1274//2741 1275//2741 1276//2282
f 1276//2280 1275//2280 1277//2280
f 1276//2280 1277//2280 1278//2280
f 1278//2278 1277//2279 1279//2279
f 1278//2278 1279//2279 1280//2278
f 1280//2742 1279//2743 1281//2744
f 1280//2742 1281//2744 1282//2745
f 1281//2296 90//2296 1282//2296
f 1282//2296 90//2296 1283//2296
f 121//147 90//148 1284//2746
f 1284//2746 90//148 1281//2747
f 121//147 1284//2746 119//145
f 119//2748 1284//1985 1285//2749
f 119//2748 1285//2749 87//2750
f 87//2750 1285//2749 88//2751
f 88//2752 1285//1987 1286//2753
f 88//2752 1286//2753 84//2754
f 84//2754 1286//2753 85//2755
f 85//2756 1286//2757 1287//2758
f 85//2756 1287//2758 81//2759
f 81//2759 1287//2758 82//2760
f 82//2761 1287//1997 1288//2762
f 82//2761 1288//2762 78//2763
f 78//2763 1288//2762 79//2764
f 79//2765 1288//2313 1289//2766
f 79//2765 1289//2766 75//2767
f 75//2767 1289//2766 76//2768
f 76//2769 1289//2006 1290//2770
f 76//2769 1290//2770 72//2771
f 72//2771 1290//2770 73//2772
f 73//2773 1290//2011 1291//2774
f 73//2773 1291//2774 66//2775
f 66//2775 1291//2774 67//2776
f 67//2777 1291//2009 1292//2778
f 67//2777 1292//2778 60//2779
f 60//2779 1292//2778 61//2780
f 61//2781 1292//2015 1162//2782
f 61//2781 1162//2782 118//2783
f 1293//2784 1294//2785 1295//2020
f 1294//2786 1293//2787 1281//2788
f 1281//2747 1296//2789 1284//2746
f 1297//2790 1296//2791 1281//2792
f 1285//2793 1284//2029 1298//2794
f 1298//2794 1284//2029 1296//2029
f 1298//2795 1296//2796 1299//2031
f 1299//2031 1296//2796 1297//2796
f 1299//2797 1297//2798 1300//2033
f 1301//2036 1295//2036 1302//2036
f 1302//2039 1295//2799 1294//2039
f 1302//2039 1294//2039 1303//2039
f 1303//2800 1294//2786 1281//2788
f 1286//2801 1285//2802 1304//2801
f 1304//2801 1285//2802 1298//2801
f 1304//2803 1298//2803 1305//2804
f 1305//2804 1298//2803 1299//2805
f 1305//2806 1299//2807 1306//2808
f 1306//2808 1299//2807 1300//2807
f 1306//2809 1300//2215 1307//2052
f 1308//2214 1301//2214 1309//2214
f 1309//2810 1301//2811 1302//2812
f 1309//2810 1302//2812 1310//2059
f 1310//2813 1302//2814 1303//2062
f 1310//2813 1303//2062 1311//2815
f 1311//2816 1303//2817 1281//2818
f 1287//2067 1286//2067 1312//2067
f 1312//2067 1286//2067 1304//2067
f 1312//2819 1304//2071 1313//2820
f 1313//2820 1304//2071 1305//2820
f 1313//2821 1305//2076 1314//2076
f 1314//2076 1305//2076 1306//2076
f 1314//2078 1306//2078 1315//2077
f 1315//2077 1306//2078 1307//2078
f 1315//2822 1307//2822 1316//2823
f 1317//2081 1308//2824 1318//2825
f 1318//2082 1308//2082 1309//2082
f 1318//2082 1309//2082 1319//2082
f 1319//2826 1309//2826 1310//2827
f 1319//2826 1310//2827 1320//2827
f 1320//2828 1310//2089 1311//2089
f 1320//2828 1311//2089 1321//2089
f 1321//2829 1311//2816 1281//2818
f 1288//2092 1287//2830 1322//2830
f 1322//2830 1287//2830 1312//2831
f 1322//2096 1312//2096 1323//2096
f 1323//2096 1312//2096 1313//2096
f 1323//2100 1313//2100 1324//2100
f 1324//2100 1313//2100 1314//2100
f 1324//2832 1314//2833 1325//2833
f 1325//2833 1314//2833 1315//2832
f 1325//2834 1315//2103 1326//2103
f 1326//2103 1315//2103 1316//2835
f 1326//2836 1316//2837 1327//2837
f 1328//2105 1317//2105 1329//2105
f 1329//2107 1317//2107 1318//2107
f 1329//2107 1318//2107 1330//2107
f 1330//2838 1318//2111 1319//2111
f 1330//2838 1319//2111 1331//2838
f 1331//2115 1319//2839 1320//2840
f 1331//2115 1320//2840 1332//2115
f 1332//2841 1320//2842 1321//2841
f 1332//2841 1321//2841 1333//2843
f 1333//2844 1321//2845 1281//2846
f 1289//2124 1288//2124 1334//2124
f 1334//2124 1288//2124 1322//2124
f 1334//2847 1322//2848 1335//2849
f 1335//2849 1322//2848 1323//2848
f 1335//2128 1323//2128 1336//2850
f 1336//2850 1323//2128 1324//2128
f 1336//2851 1324//2129 1337//2129
f 1337//2129 1324//2129 1325//2129
f 1337//2130 1325//2852 1338//2130
f 1338//2130 1325//2852 1326//2853
f 1338//2132 1326//2132 1339//2132
f 1339//2132 1326//2132 1327//2132
f 1339//2135 1327//2135 1340//2135
f 1341//2136 1328//2136 1342//2854
f 1342//2138 1328//2855 1329//2856
f 1342//2138 1329//2856 1343//2857
f 1343//2140 1329//2858 1330//2140
f 1343//2140 1330//2140 1344//2140
f 1344//2142 1330//2143 1331//2859
f 1344//2142 1331//2859 1345//2860
f 1345//2861 1331//2862 1332//2863
f 1345//2861 1332//2863 1346//2863
f 1346//2150 1332//2864 1333//2149
f 1346//2150 1333//2149 1347//2865
f 1347//2866 1333//2844 1281//2846
f 1290//2867 1289//2867 1348//2867
f 1348//2867 1289//2867 1334//2867
f 1348//2154 1334//2868 1349//2155
f 1349//2155 1334//2868 1335//2155
f 1349//2156 1335//2156 1350//2156
f 1350//2156 1335//2156 1336//2156
f 1350//2158 1336//2158 1351//2869
f 1351//2869 1336//2158 1337//2158
f 1351//2160 1337//2161 1352//2161
f 1352//2161 1337//2161 1338//2162
f 1352//2163 1338//2163 1353//2163
f 1353//2163 1338//2163 1339//2163
f 1353//2167 1339//2165 1354//2870
f 1354//2870 1339//2165 1340//2165
f 1354//2871 1340//2872 1355//2871
f 1265//2873 1341//2873 1267//2873
f 1267//2874 1341//2875 1342//2875
f 1267//2874 1342//2875 1269//2876
f 1269//2174 1342//2174 1343//2877
f 1269//2174 1343//2877 1271//2878
f 1271//2176 1343//2176 1344//2176
f 1271//2176 1344//2176 1273//2176
f 1273//2180 1344//2180 1345//2180
f 1273//2180 1345//2180 1275//2179
f 1275//2879 1345//2880 1346//2881
f 1275//2879 1346//2881 1277//2181
f 1277//2187 1346//2882 1347//2187
f 1277//2187 1347//2187 1279//2883
f 1279//2743 1347//2884 1281//2744
f 1291//2193 1290//2193 1356//2193
f 1356//2193 1290//2193 1348//2193
f 1356//2194 1348//2885 1357//2195
f 1357//2195 1348//2885 1349//2195
f 1357//2196 1349//2196 1358//2196
f 1358//2196 1349//2196 1350//2196
f 1358//2199 1350//2199 1359//2199
f 1359//2199 1350//2199 1351//2199
f 1359//2886 1351//2200 1360//2200
f 1360//2200 1351//2200 1352//2200
f 1360//2887 1352//2202 1361//2202
f 1361//2202 1352//2202 1353//2202
f 1361//2204 1353//2204 1362//2203
f 1362//2203 1353//2204 1354//2204
f 1362//2888 1354//2207 1363//2205
f 1363//2205 1354//2207 1355//2207
f 1363//2212 1355//2889 1364//2890
f 1265//2873 1364//2891 1341//2873
f 1341//2208 1364//2890 1355//2889
f 1341//2136 1355//2136 1328//2136
f 1328//2872 1355//2871 1340//2872
f 1328//2105 1340//2892 1317//2105
f 1317//2135 1340//2135 1327//2135
f 1317//2081 1327//2893 1308//2824
f 1308//2894 1327//2837 1316//2837
f 1308//2214 1316//2054 1301//2214
f 1301//2079 1316//2823 1307//2822
f 1301//2036 1307//2036 1295//2036
f 1295//2215 1307//2052 1300//2215
f 1295//2020 1300//2784 1293//2784
f 1293//2895 1300//2033 1297//2798
f 1293//2217 1297//2790 1281//2792
f 1265//2218 1263//2219 1364//2219
f 1364//2219 1263//2219 1365//2896
f 1364//2220 1365//2221 1363//2221
f 1363//2221 1365//2221 1366//2221
f 1363//2225 1366//2897 1362//2898
f 1362//2898 1366//2897 1367//2222
f 1362//2226 1367//2899 1361//2900
f 1361//2900 1367//2899 1368//2899
f 1361//2229 1368//2229 1360//2229
f 1360//2229 1368//2229 1369//2229
f 1360//2230 1369//2230 1359//2230
f 1359//2230 1369//2230 1370//2230
f 1359//2232 1370//2232 1358//2232
f 1358//2232 1370//2232 1371//2232
f 1358//2236 1371//2236 1357//2236
f 1357//2236 1371//2236 1372//2236
f 1357//2237 1372//2901 1356//2902
f 1356//2902 1372//2901 1373//2903
f 1356//2904 1373//2904 1291//2904
f 1291//2904 1373//2904 1292//2238
f 1263//2905 1260//2239 1365//2239
f 1365//2239 1260//2239 1374//2239
f 1365//2241 1374//2241 1366//2241
f 1366//2241 1374//2241 1375//2241
f 1366//2906 1375//2906 1367//2906
f 1367//2906 1375//2906 1376//2243
f 1367//2244 1376//2907 1368//2244
f 1368//2244 1376//2907 1377//2908
f 1368//2909 1377//2245 1369//2245
f 1369//2245 1377//2245 1378//2245
f 1369//2247 1378//2247 1370//2247
f 1370//2247 1378//2247 1379//2247
f 1370//2249 1379//2249 1371//2249
f 1371//2249 1379//2249 1380//2248
f 1371//2250 1380//2250 1372//2250
f 1372//2250 1380//2250 1381//2251
f 1372//2252 1381//2252 1373//2252
f 1373//2252 1381//2252 1382//2252
f 1373//2255 1382//2255 1292//2255
f 1292//2255 1382//2255 1162//2910
f 1260//2273 1259//2273 1383//2273
f 1260//2273 1383//2273 1374//2273
f 1374//2272 1383//2271 1384//2271
f 1374//2272 1384//2271 1375//2272
f 1375//2270 1384//2270 1385//2270
f 1375//2270 1385//2270 1376//2270
f 1376//2267 1385//2268 1386//2268
f 1376//2267 1386//2268 1377//2911
f 1377//2265 1386//2265 1387//2912
f 1377//2265 1387//2912 1378//2265
f 1378//2264 1387//2264 1388//2264
f 1378//2264 1388//2264 1379//2264
f 1379//2913 1388//2261 1389//2260
f 1379//2913 1389//2260 1380//2260
f 1380//2259 1389//2258 1390//2258
f 1380//2259 1390//2258 1381//2259
f 1381//2548 1390//2548 1391//2548
f 1381//2548 1391//2548 1382//2548
f 1382//2256 1391//2914 1161//2914
f 1382//2256 1161//2914 1162//2914
f 1161//1207 1391//2915 1392//1207
f 1161//1207 1392//1207 1393//2916
f 1393//1208 1392//1208 1394//1208
f 1393//1208 1394//1208 1395//1208
f 1396//1209 1394//1209 1397//2917
f 1397//2918 1394//1210 1392//2919
f 1397//2918 1392//2919 1398//2919
f 1398//1211 1392//1211 1391//1211
f 1398//1211 1391//1211 1390//1211
f 1399//1212 1400//1416 1395//1212
f 1401//1213 1396//1213 1402//1213
f 1402//1214 1396//1215 1397//1216
f 1402//1214 1397//1216 1403//1215
f 1403//2920 1397//1218 1398//2921
f 1403//2920 1398//2921 1404//1218
f 1404//1219 1398//2922 1390//1219
f 1404//1219 1390//1219 1389//1219
f 1405//1220 1406//2923 1400//1220
f 1407//1223 1401//1223 1408//1223
f 1408//2924 1401//1226 1402//2924
f 1408//2924 1402//2924 1409//1225
f 1409//1227 1402//1227 1403//1227
f 1409//1227 1403//1227 1410//1227
f 1410//2925 1403//2926 1404//2926
f 1410//2925 1404//2926 1411//2926
f 1411//1232 1404//1232 1389//1232
f 1411//1232 1389//1232 1388//1232
f 1412//1234 1413//1234 1406//1234
f 1414//1235 1407//1236 1415//1235
f 1415//1238 1407//1238 1408//1238
f 1415//1238 1408//1238 1416//1238
f 1416//1239 1408//2927 1409//1239
f 1416//1239 1409//1239 1417//1239
f 1417//1243 1409//1242 1410//1242
f 1417//1243 1410//1242 1418//1244
f 1418//1245 1410//1245 1411//1245
f 1418//1245 1411//1245 1419//1245
f 1419//1246 1411//2928 1388//1247
f 1419//1246 1388//1247 1387//1246
f 1420//1248 1421//1248 1413//1248
f 1422//1249 1414//2929 1423//2929
f 1423//2930 1414//2930 1415//1250
f 1423//2930 1415//1250 1424//1250
f 1424//1252 1415//1252 1416//1251
f 1424//1252 1416//1251 1425//1252
f 1425//1256 1416//1255 1417//1256
f 1425//1256 1417//1256 1426//1256
f 1426//1257 1417//1257 1418//1257
f 1426//1257 1418//1257 1427//1257
f 1427//1259 1418//1259 1419//1259
f 1427//1259 1419//1259 1428//1259
f 1428//1262 1419//1262 1387//1262
f 1428//1262 1387//1262 1386//1262
f 1429//1263 1430//2931 1421//1263
f 1431//1265 1422//1265 1432//2932
f 1432//1267 1422//2933 1423//1267
f 1432//1267 1423//1267 1433//1267
f 1433//2934 1423//2935 1424//1271
f 1433//2934 1424//1271 1434//2936
f 1434//1273 1424//1273 1425//1273
f 1434//1273 1425//1273 1435//1273
f 1435//1276 1425//1277 1426//1277
f 1435//1276 1426//1277 1436//1277
f 1436//2937 1426//2938 1427//2937
f 1436//2937 1427//2937 1437//2937
f 1437//2939 1427//2940 1428//2939
f 1437//2939 1428//2939 1438//2941
f 1438//2942 1428//2942 1386//2942
f 1438//2942 1386//2942 1385//1281
f 1439//2943 1440//2944 1430//2944
f 1441//1285 1431//1286 1442//2945
f 1442//2946 1431//2947 1432//1287
f 1442//2946 1432//1287 1443//1287
f 1443//1289 1432//1289 1433//1289
f 1443//1289 1433//1289 1444//1289
f 1444//1290 1433//2948 1434//1290
f 1444//1290 1434//1290 1445//1290
f 1445//1291 1434//1291 1435//1291
f 1445//1291 1435//1291 1446//1291
f 1446//1294 1435//1293 1436//1294
f 1446//1294 1436//1294 1447//1294
f 1447//1296 1436//1296 1437//1297
f 1447//1296 1437//1297 1448//1298
f 1448//2949 1437//2950 1438//2951
f 1448//2949 1438//2951 1449//2950
f 1449//1301 1438//1301 1385//1301
f 1449//1301 1385//1301 1384//1301
f 1450//1305 1451//2952 1452//2953
f 1452//1308 1451//1308 1440//2954
f 1440//2954 1439//2954 1452//1308
f 1452//2955 1439//2956 1453//2955
f 1452//1313 1453//1315 1450//2957
f 1430//2944 1429//2958 1439//2943
f 1439//1319 1429//2959 1454//2960
f 1439//2956 1454//1312 1453//2955
f 1453//2961 1454//2962 1455//2961
f 1453//1315 1455//1324 1450//2957
f 1421//1263 1420//2963 1429//1263
f 1429//2964 1420//2965 1456//1326
f 1429//2959 1456//1319 1454//2960
f 1454//2966 1456//2967 1457//2968
f 1454//2962 1457//2962 1455//2961
f 1455//1333 1457//1333 1458//1333
f 1455//2969 1458//2970 1450//2971
f 1413//1248 1412//1248 1420//1248
f 1420//1337 1412//1337 1459//1337
f 1420//2965 1459//2972 1456//1326
f 1456//1338 1459//1338 1460//1338
f 1456//2967 1460//2973 1457//2968
f 1457//2974 1460//2975 1461//2975
f 1457//1333 1461//1333 1458//1333
f 1458//2976 1461//2977 1462//2978
f 1458//2970 1462//2979 1450//2971
f 1406//1234 1405//2980 1412//1234
f 1412//2981 1405//2982 1463//2983
f 1412//1337 1463//2984 1459//1337
f 1459//1349 1463//1349 1464//1349
f 1459//1338 1464//1338 1460//1338
f 1460//1351 1464//1351 1465//1350
f 1460//2975 1465//1341 1461//2975
f 1461//1368 1465//2985 1466//2986
f 1461//2977 1466//2977 1462//2978
f 1462//2987 1466//1356 1467//2988
f 1462//1357 1467//2989 1450//1359
f 1400//1220 1399//1220 1405//1220
f 1405//1360 1399//1360 1468//1360
f 1405//2982 1468//2990 1463//2983
f 1463//2991 1468//2991 1469//2992
f 1463//1349 1469//1349 1464//1349
f 1464//1364 1469//2993 1470//1364
f 1464//1351 1470//1351 1465//1350
f 1465//1366 1470//1367 1471//1367
f 1465//2985 1471//2994 1466//2986
f 1466//2995 1471//1419 1472//2995
f 1466//1356 1472//1370 1467//2988
f 1467//2996 1472//1371 1473//2996
f 1467//2989 1473//2997 1450//1359
f 1450//1374 1441//2998 1474//2999
f 1474//3000 1441//1376 1442//1376
f 1474//3000 1442//1376 1475//1376
f 1475//3001 1442//3002 1443//3003
f 1475//3001 1443//3003 1476//1380
f 1476//1383 1443//1381 1444//1383
f 1476//1383 1444//1383 1477//1383
f 1477//1385 1444//1385 1445//1385
f 1477//1385 1445//1385 1478//3004
f 1478//1388 1445//3005 1446//1387
f 1478//1388 1446//1387 1479//1388
f 1479//3006 1446//1390 1447//1390
f 1479//3006 1447//1390 1480//1390
f 1480//3007 1447//1393 1448//3008
f 1480//3007 1448//3008 1481//1393
f 1481//3009 1448//3010 1449//1395
f 1481//3009 1449//1395 1482//1395
f 1482//3011 1449//1396 1384//3011
f 1482//3011 1384//3011 1383//3011
f 1450//1206 1474//1397 1483//1204
f 1483//3012 1474//3012 1475//3012
f 1483//3012 1475//3012 1484//1398
f 1484//1399 1475//1399 1476//1399
f 1484//1399 1476//1399 1485//1400
f 1485//1401 1476//3013 1477//3014
f 1485//1401 1477//3014 1486//1401
f 1486//1403 1477//1402 1478//1402
f 1486//1403 1478//1402 1487//1402
f 1487//3015 1478//1404 1479//3015
f 1487//3015 1479//3015 1488//1404
f 1488//1407 1479//1406 1480//1405
f 1488//1407 1480//1405 1489//3016
f 1489//1410 1480//3017 1481//1410
f 1489//1410 1481//1410 1490//3018
f 1490//3019 1481//3020 1482//1411
f 1490//3019 1482//1411 1491//1411
f 1491//1415 1482//1415 1383//1415
f 1491//1415 1383//1415 1259//1413
f 1395//1212 1394//1212 1399//1212
f 1399//1209 1394//1209 1396//1209
f 1399//1360 1396//1360 1468//1360
f 1468//1213 1396//1213 1401//1213
f 1468//2991 1401//2991 1469//2992
f 1469//1223 1401//1223 1407//1223
f 1469//2993 1407//3021 1470//1364
f 1470//3022 1407//1236 1414//1235
f 1470//1367 1414//1367 1471//1367
f 1471//1249 1414//2929 1422//1249
f 1471//1419 1422//1369 1472//2995
f 1472//3023 1422//1265 1431//1265
f 1472//1371 1431//2996 1473//2996
f 1473//3024 1431//1286 1441//1285
f 1473//3025 1441//2998 1450//1374
f 1259//1189 1262//1188 1492//1188
f 1259//1189 1492//1188 1491//1189
f 1491//1190 1492//3026 1493//3026
f 1491//1190 1493//3026 1490//1190
f 1490//1192 1493//1192 1494//1192
f 1490//1192 1494//1192 1489//1192
f 1489//1193 1494//3027 1495//3028
f 1489//1193 1495//3028 1488//3029
f 1488//1195 1495//1195 1496//1195
f 1488//1195 1496//1195 1487//1195
f 1487//1198 1496//1198 1497//1198
f 1487//1198 1497//1198 1486//1198
f 1486//1200 1497//3030 1498//3030
f 1486//1200 1498//3030 1485//1200
f 1485//1201 1498//1201 1499//1201
f 1485//1201 1499//1201 1484//1201
f 1484//1202 1499//1202 1500//1202
f 1484//1202 1500//1202 1483//1202
f 1483//1204 1500//3031 1501//3032
f 1483//1204 1501//3032 1450//1206
f 1262//3033 1502//3034 1503//3035
f 1262//3033 1503//3035 1492//3033
f 1492//3036 1503//3037 1504//3037
f 1492//3036 1504//3037 1493//3036
f 1505//3038 1504//3039 1506//3039
f 1506//3040 1504//3041 1503//3040
f 1506//3040 1503//3040 1507//3040
f 1507//3042 1503//3042 1502//3042
f 1507//3042 1502//3042 1508//3042
f 1509//3043 1494//3044 1493//3043
f 1510//3045 1505//3046 1511//3046
f 1511//3047 1505//3048 1506//3049
f 1511//3047 1506//3049 1512//3050
f 1512//3051 1506//3052 1507//3053
f 1512//3051 1507//3053 1513//3052
f 1513//3054 1507//3054 1508//3054
f 1513//3054 1508//3054 1514//3055
f 1515//3056 1495//3057 1494//3056
f 1516//3058 1510//3058 1517//3058
f 1517//3059 1510//3060 1511//3061
f 1517//3059 1511//3061 1518//3059
f 1518//3062 1511//3063 1512//3063
f 1518//3062 1512//3063 1519//3062
f 1519//3064 1512//3065 1513//3064
f 1519//3064 1513//3064 1520//3064
f 1520//3066 1513//3067 1514//3066
f 1520//3066 1514//3066 1521//3068
f 1522//3069 1496//3070 1495//3070
f 1523//3071 1516//3071 1524//3071
f 1524//3072 1516//3072 1517//3072
f 1524//3072 1517//3072 1525//3072
f 1525//3073 1517//3073 1518//3073
f 1525//3073 1518//3073 1526//3074
f 1526//3075 1518//3075 1519//3075
f 1526//3075 1519//3075 1527//3075
f 1527//3076 1519//3076 1520//3076
f 1527//3076 1520//3076 1528//3077
f 1528//3078 1520//3078 1521//3078
f 1528//3078 1521//3078 1529//3078
f 1530//3079 1497//3079 1496//3080
f 1531//3081 1523//3082 1532//3081
f 1532//3083 1523//3083 1524//3083
f 1532//3083 1524//3083 1533//3083
f 1533//3084 1524//3084 1525//3084
f 1533//3084 1525//3084 1534//3084
f 1534//3085 1525//3086 1526//3085
f 1534//3085 1526//3085 1535//3087
f 1535//3088 1526//3089 1527//3088
f 1535//3088 1527//3088 1536//3090
f 1536//3091 1527//3091 1528//3091
f 1536//3091 1528//3091 1537//3091
f 1537//3092 1528//3092 1529//3092
f 1537//3092 1529//3092 1538//3092
f 1539//3093 1498//3094 1497//3093
f 1540//3095 1531//3096 1541//3096
f 1541//3097 1531//3098 1532//3097
f 1541//3097 1532//3097 1542//3099
f 1542//3100 1532//3101 1533//3100
f 1542//3100 1533//3100 1543//3102
f 1543//3103 1533//3103 1534//3103
f 1543//3103 1534//3103 1544//3103
f 1544//3104 1534//3104 1535//3105
f 1544//3104 1535//3105 1545//3104
f 1545//3106 1535//3107 1536//3108
f 1545//3106 1536//3108 1546//3109
f 1546//3110 1536//3110 1537//3110
f 1546//3110 1537//3110 1547//3110
f 1547//3111 1537//3111 1538//3111
f 1547//3111 1538//3111 1548//3111
f 1549//3112 1499//3112 1498//3113
f 1550//3114 1540//3115 1551//3115
f 1551//3116 1540//3117 1541//3116
f 1551//3116 1541//3116 1552//3116
f 1552//3118 1541//3118 1542//3118
f 1552//3118 1542//3118 1553//3119
f 1553//3120 1542//3121 1543//3121
f 1553//3120 1543//3121 1554//3121
f 1554//3122 1543//3122 1544//3122
f 1554//3122 1544//3122 1555//3122
f 1555//3123 1544//3123 1545//3123
f 1555//3123 1545//3123 1556//3123
f 1556//3124 1545//3125 1546//3125
f 1556//3124 1546//3125 1557//3125
f 1557//3126 1546//3126 1547//3126
f 1557//3126 1547//3126 1558//3126
f 1558//3127 1547//3127 1548//3128
f 1558//3127 1548//3128 1559//3127
f 1501//3032 1500//3031 1560//3129
f 1560//3130 1500//3131 1499//3132
f 1499//3132 1549//3132 1560//3130
f 1560//3133 1549//3133 1561//3133
f 1560//3134 1561//3135 1501//3135
f 1498//3113 1539//3112 1549//3112
f 1549//3136 1539//3136 1562//3137
f 1549//3133 1562//3133 1561//3133
f 1561//3138 1562//3139 1563//3138
f 1561//3135 1563//3140 1501//3135
f 1497//3093 1530//3141 1539//3093
f 1539//3142 1530//3143 1564//3143
f 1539//3136 1564//3137 1562//3137
f 1562//3144 1564//3145 1565//3146
f 1562//3139 1565//3139 1563//3138
f 1563//3147 1565//3147 1566//3147
f 1563//3148 1566//3149 1501//3150
f 1496//3080 1522//3080 1530//3079
f 1530//3151 1522//3152 1567//3152
f 1530//3143 1567//3143 1564//3143
f 1564//3153 1567//3153 1568//3153
f 1564//3145 1568//3145 1565//3146
f 1565//3154 1568//3154 1569//3154
f 1565//3147 1569//3147 1566//3147
f 1566//3155 1569//3156 1570//3155
f 1566//3149 1570//3157 1501//3150
f 1495//3070 1515//3069 1522//3069
f 1522//3158 1515//3159 1571//3160
f 1522//3152 1571//3161 1567//3152
f 1567//3162 1571//3163 1572//3164
f 1567//3153 1572//3153 1568//3153
f 1568//3165 1572//3165 1573//3165
f 1568//3154 1573//3154 1569//3154
f 1569//3166 1573//3167 1574//3168
f 1569//3156 1574//3156 1570//3155
f 1570//3169 1574//3170 1575//3170
f 1570//3171 1575//3172 1501//3173
f 1494//3056 1509//3174 1515//3056
f 1515//3175 1509//3175 1576//3175
f 1515//3159 1576//3176 1571//3160
f 1571//3177 1576//3178 1577//3178
f 1571//3163 1577//3164 1572//3164
f 1572//3179 1577//3180 1578//3181
f 1572//3165 1578//3165 1573//3165
f 1573//3182 1578//3182 1579//3182
f 1573//3167 1579//3168 1574//3168
f 1574//3183 1579//3184 1580//3183
f 1574//3170 1580//3185 1575//3170
f 1575//3186 1580//3187 1581//3186
f 1575//3172 1581//3188 1501//3173
f 1501//3189 1550//3190 1582//3191
f 1582//3192 1550//3193 1551//3194
f 1582//3192 1551//3194 1583//3195
f 1583//3196 1551//3197 1552//3198
f 1583//3196 1552//3198 1584//3197
f 1584//3199 1552//3199 1553//3199
f 1584//3199 1553//3199 1585//3199
f 1585//3200 1553//3201 1554//3200
f 1585//3200 1554//3200 1586//3202
f 1586//3203 1554//3204 1555//3205
f 1586//3203 1555//3205 1587//3206
f 1587//3207 1555//3208 1556//3207
f 1587//3207 1556//3207 1588//3207
f 1588//3209 1556//3209 1557//3210
f 1588//3209 1557//3210 1589//3211
f 1589//3212 1557//3212 1558//3213
f 1589//3212 1558//3213 1590//3212
f 1590//3214 1558//3214 1559//3214
f 1590//3214 1559//3214 1591//3214
f 1501//3215 1582//3216 1592//3217
f 1592//3218 1582//3218 1583//3218
f 1592//3218 1583//3218 1593//3219
f 1593//3220 1583//3221 1584//3221
f 1593//3220 1584//3221 1594//3221
f 1594//3222 1584//3222 1585//3222
f 1594//3222 1585//3222 1595//3222
f 1595//3223 1585//3223 1586//3223
f 1595//3223 1586//3223 1596//3224
f 1596//3225 1586//3225 1587//3226
f 1596//3225 1587//3226 1597//3225
f 1597//3227 1587//3228 1588//3229
f 1597//3227 1588//3229 1598//3229
f 1598//3230 1588//3231 1589//3230
f 1598//3230 1589//3230 1599//3230
f 1599//3232 1589//3232 1590//3232
f 1599//3232 1590//3232 1600//3232
f 1600//3233 1590//3234 1591//3233
f 1600//3233 1591//3233 1601//3233
f 1493//3043 1504//3043 1509//3043
f 1509//3235 1504//3039 1505//3038
f 1509//3175 1505//3175 1576//3175
f 1576//3045 1505//3046 1510//3045
f 1576//3178 1510//3236 1577//3178
f 1577//3058 1510//3058 1516//3058
f 1577//3180 1516//3180 1578//3181
f 1578//3071 1516//3071 1523//3071
f 1578//3182 1523//3237 1579//3182
f 1579//3081 1523//3082 1531//3081
f 1579//3184 1531//3184 1580//3183
f 1580//3238 1531//3096 1540//3095
f 1580//3187 1540//3239 1581//3186
f 1581//3240 1540//3115 1550//3114
f 1581//3241 1550//3190 1501//3189
f 1262//3242 1261//3242 1602//3242
f 1262//3242 1602//3242 1502//3243
f 1502//3244 1602//3245 1603//3245
f 1502//3244 1603//3245 1508//3244
f 1508//57 1603//57 1604//57
f 1508//57 1604//57 1514//57
f 1514//3246 1604//3247 1605//3247
f 1514//3246 1605//3247 1521//3246
f 1521//3248 1605//3249 1606//3250
f 1521//3248 1606//3250 1529//3248
f 1529//3251 1606//3251 1607//3251
f 1529//3251 1607//3251 1538//3251
f 1538//3252 1607//3252 1608//3252
f 1538//3252 1608//3252 1548//3253
f 1548//3254 1608//3255 1609//3255
f 1548//3254 1609//3255 1559//3255
f 1559//3256 1609//3256 1610//3256
f 1559//3256 1610//3256 1591//3257
f 1591//36 1610//3258 1611//36
f 1591//36 1611//36 1601//36
f 1612//3259 1613//3260 1614//3261
f 1613//3262 1612//3263 1282//3264
f 1282//2745 1615//3265 1280//2742
f 1616//3266 1615//3265 1282//2745
f 1278//3267 1280//3268 1617//3269
f 1617//3269 1280//3268 1615//3269
f 1617//3270 1615//3271 1618//3270
f 1618//3270 1615//3271 1616//3272
f 1618//3273 1616//3274 1619//3275
f 1620//3276 1614//3277 1621//3276
f 1621//3278 1614//3279 1613//3280
f 1621//3278 1613//3280 1622//3280
f 1622//3281 1613//3282 1282//3281
f 1276//3283 1278//3284 1623//3283
f 1623//3283 1278//3284 1617//3283
f 1623//3285 1617//3285 1624//3286
f 1624//3286 1617//3285 1618//3287
f 1624//3288 1618//3289 1625//3290
f 1625//3290 1618//3289 1619//3291
f 1625//3292 1619//3293 1626//3292
f 1627//3294 1620//3295 1628//3296
f 1628//3297 1620//3298 1621//3297
f 1628//3297 1621//3297 1629//3299
f 1629//3300 1621//3301 1622//3302
f 1629//3300 1622//3302 1630//3303
f 1630//3304 1622//3281 1282//3281
f 1274//3305 1276//3306 1631//3305
f 1631//3305 1276//3306 1623//3307
f 1631//3308 1623//3308 1632//3308
f 1632//3308 1623//3308 1624//3309
f 1632//3310 1624//3311 1633//3312
f 1633//3312 1624//3311 1625//3313
f 1633//3314 1625//3315 1634//3314
f 1634//3314 1625//3315 1626//3316
f 1634//3317 1626//3318 1635//3318
f 1636//3319 1627//3320 1637//3320
f 1637//3321 1627//3322 1628//3321
f 1637//3321 1628//3321 1638//3321
f 1638//3323 1628//3323 1629//3324
f 1638//3323 1629//3324 1639//3323
f 1639//3325 1629//3326 1630//3327
f 1639//3325 1630//3327 1640//3328
f 1640//3329 1630//3330 1282//3331
f 1272//3332 1274//3332 1641//3332
f 1641//3332 1274//3332 1631//3332
f 1641//3333 1631//3334 1642//3334
f 1642//3334 1631//3334 1632//3334
f 1642//3335 1632//3335 1643//3335
f 1643//3335 1632//3335 1633//3336
f 1643//3337 1633//3338 1644//3339
f 1644//3339 1633//3338 1634//3340
f 1644//3341 1634//3341 1645//3342
f 1645//3342 1634//3341 1635//3342
f 1645//3343 1635//3343 1646//3344
f 1647//3345 1636//3345 1648//3346
f 1648//3347 1636//3348 1637//3348
f 1648//3347 1637//3348 1649//3348
f 1649//3349 1637//3350 1638//3349
f 1649//3349 1638//3349 1650//3351
f 1650//3352 1638//3353 1639//3354
f 1650//3352 1639//3354 1651//3355
f 1651//3356 1639//3357 1640//3357
f 1651//3356 1640//3357 1652//3358
f 1652//3359 1640//3329 1282//3331
f 1270//3360 1272//3361 1653//3361
f 1653//3361 1272//3361 1641//3362
f 1653//3363 1641//3364 1654//3365
f 1654//3365 1641//3364 1642//3363
f 1654//3366 1642//3366 1655//3366
f 1655//3366 1642//3366 1643//3366
f 1655//3367 1643//3368 1656//3369
f 1656//3369 1643//3368 1644//3370
f 1656//3371 1644//3371 1657//3371
f 1657//3371 1644//3371 1645//3371
f 1657//3372 1645//3373 1658//3373
f 1658//3373 1645//3373 1646//3374
f 1658//3375 1646//3375 1659//3375
f 1660//3376 1647//3376 1661//3376
f 1661//3377 1647//3378 1648//3377
f 1661//3377 1648//3377 1662//3379
f 1662//3380 1648//3380 1649//3380
f 1662//3380 1649//3380 1663//3380
f 1663//3381 1649//3382 1650//3382
f 1663//3381 1650//3382 1664//3383
f 1664//3384 1650//3385 1651//3386
f 1664//3384 1651//3386 1665//3387
f 1665//3388 1651//3388 1652//3388
f 1665//3388 1652//3388 1666//3389
f 1666//3390 1652//3391 1282//3392
f 1268//3393 1270//3394 1667//3395
f 1667//3395 1270//3394 1653//3394
f 1667//3396 1653//3397 1668//3396
f 1668//3396 1653//3397 1654//3398
f 1668//3399 1654//3400 1669//3399
f 1669//3399 1654//3400 1655//3401
f 1669//3402 1655//3403 1670//3403
f 1670//3403 1655//3403 1656//3403
f 1670//3404 1656//3405 1671//3405
f 1671//3405 1656//3405 1657//3406
f 1671//3407 1657//3408 1672//3408
f 1672//3408 1657//3408 1658//3407
f 1672//3409 1658//3409 1673//3409
f 1673//3409 1658//3409 1659//3410
f 1673//3411 1659//3411 1674//3411
f 1675//3412 1660//3412 1676//3412
f 1676//3413 1660//3414 1661//3413
f 1676//3413 1661//3413 1677//3415
f 1677//3416 1661//3416 1662//3416
f 1677//3416 1662//3416 1678//3416
f 1678//3417 1662//3418 1663//3418
f 1678//3417 1663//3418 1679//3417
f 1679//3419 1663//3419 1664//3420
f 1679//3419 1664//3420 1680//3421
f 1680//3422 1664//3423 1665//3422
f 1680//3422 1665//3422 1681//3424
f 1681//3425 1665//3426 1666//3427
f 1681//3425 1666//3427 1682//3428
f 1682//3429 1666//3390 1282//3392
f 1266//3430 1268//3431 1683//3431
f 1683//3431 1268//3431 1667//3432
f 1683//3433 1667//3434 1684//3435
f 1684//3435 1667//3434 1668//3436
f 1684//3437 1668//3437 1685//3438
f 1685//3438 1668//3437 1669//3437
f 1685//3439 1669//3439 1686//3440
f 1686//3440 1669//3439 1670//3441
f 1686//3442 1670//3443 1687//3443
f 1687//3443 1670//3443 1671//3443
f 1687//3444 1671//3445 1688//3446
f 1688//3446 1671//3445 1672//3446
f 1688//3447 1672//3447 1689//3447
f 1689//3447 1672//3447 1673//3448
f 1689//3449 1673//3450 1690//3451
f 1690//3451 1673//3450 1674//3451
f 1690//3452 1674//3453 1691//3453
f 1675//3412 1691//3412 1660//3412
f 1660//3453 1691//3453 1674//3453
f 1660//3376 1674//3454 1647//3376
f 1647//3455 1674//3411 1659//3411
f 1647//3345 1659//3346 1636//3345
f 1636//3375 1659//3375 1646//3375
f 1636//3319 1646//3319 1627//3320
f 1627//3456 1646//3344 1635//3343
f 1627//3294 1635//3457 1620//3295
f 1620//3317 1635//3318 1626//3318
f 1620//3276 1626//3458 1614//3277
f 1614//3459 1626//3292 1619//3293
f 1614//3261 1619//3460 1612//3259
f 1612//3274 1619//3275 1616//3274
f 1612//3263 1616//3461 1282//3264
f 1675//3462 1692//3462 1691//3463
f 1691//3463 1692//3462 1693//3463
f 1691//3464 1693//3465 1690//3465
f 1690//3465 1693//3465 1694//3466
f 1690//3467 1694//3468 1689//3469
f 1689//3469 1694//3468 1695//3470
f 1689//3471 1695//3472 1688//3471
f 1688//3471 1695//3472 1696//3473
f 1688//3474 1696//3475 1687//3475
f 1687//3475 1696//3475 1697//3475
f 1687//3476 1697//3476 1686//3476
f 1686//3476 1697//3476 1698//3476
f 1686//3477 1698//3478 1685//3479
f 1685//3479 1698//3478 1699//3480
f 1685//3481 1699//3482 1684//3483
f 1684//3483 1699//3482 1700//3484
f 1684//3485 1700//3486 1683//3487
f 1683//3487 1700//3486 1701//3486
f 1683//3488 1701//3489 1266//3488
f 1266//3488 1701//3489 1264//3489
f 1692//3490 1611//3490 1693//3490
f 1693//3490 1611//3490 1610//3491
f 1693//3492 1610//3493 1694//3493
f 1694//3493 1610//3493 1609//3493
f 1694//3494 1609//3494 1695//3494
f 1695//3494 1609//3494 1608//3494
f 1695//3495 1608//3495 1696//3495
f 1696//3495 1608//3495 1607//3495
f 1696//3496 1607//3497 1697//3497
f 1697//3497 1607//3497 1606//3497
f 1697//3498 1606//3498 1698//3498
f 1698//3498 1606//3498 1605//3499
f 1698//3500 1605//3500 1699//3500
f 1699//3500 1605//3500 1604//3501
f 1699//3502 1604//3503 1700//3504
f 1700//3504 1604//3503 1603//3505
f 1700//3506 1603//3506 1701//3506
f 1701//3506 1603//3506 1602//3507
f 1701//3508 1602//3509 1264//3509
f 1264//3509 1602//3509 1261//3509
f 1282//3392 1283//3510 1702//3511
f 1703//3512 1704//3512 1611//3512
f 1703//3513 1611//3513 1705//3513
f 1705//3514 1611//3514 1692//3514
f 1705//3515 1692//3515 1706//3515
f 1706//3516 1692//3517 1707//3518
f 1707//3519 1692//3519 1675//3519
f 1707//3520 1675//3520 1708//3520
f 1708//3521 1675//3521 1709//3521
f 1709//3522 1675//3522 1676//3522
f 1709//3523 1676//3523 1710//3523
f 1710//3524 1676//3524 1711//3525
f 1711//3526 1676//3526 1677//3526
f 1711//3527 1677//3527 1712//3527
f 1712//3528 1677//3529 1713//3530
f 1713//3531 1677//3531 1678//3531
f 1713//3532 1678//3532 1714//3532
f 1714//3533 1678//3533 1715//3533
f 1715//3534 1678//3534 1679//3534
f 1715//3535 1679//3535 1716//3535
f 1716//3536 1679//3536 1717//3537
f 1717//3538 1679//3538 1680//3538
f 1717//3539 1680//3539 1718//3539
f 1718//3540 1680//3540 1719//3541
f 1719//3542 1680//3542 1681//3542
f 1719//3543 1681//3543 1720//3543
f 1720//3544 1681//3545 1702//3511
f 1702//3546 1681//3546 1682//3546
f 1702//3511 1682//3429 1282//3392
f 1721//3547 1722//3548 1723//3549
f 1705//3550 1706//3551 1724//3552
f 1725//3553 1726//3554 1727//3553
f 1707//3555 1708//3556 1728//3557
f 1729//3558 1730//3559 1731//3560
f 1732//3561 1733//3562 1734//3563
f 1735//3564 1736//3565 1737//3565
f 1738//3566 1739//3567 1740//3568
f 1741//3569 1742//3570 1743//3571
f 1744//3572 1745//3573 1746//3574
f 1283//3575 1747//3576 1748//3577
f 1749//3578 1747//3576 1283//3575
f 1750//3579 1749//3580 1283//3581
f 1702//3511 1283//3510 1751//3582
f 1704//3583 1703//3583 1752//3583
f 1752//3584 1703//3584 1753//3584
f 1752//3585 1753//3586 1754//3587
f 1754//3587 1753//3586 1755//3588
f 1754//3589 1755//3589 1756//3589
f 1756//3590 1755//3590 1757//3590
f 1757//3591 1755//3591 1758//3591
f 1757//3592 1758//3593 1759//3594
f 1759//3594 1758//3593 1760//3595
f 1759//3596 1760//3596 1761//3596
f 1761//3597 1760//3597 1762//3597
f 1762//3598 1760//3598 1763//3598
f 1762//3599 1763//3600 1764//3601
f 1764//3601 1763//3600 1765//3602
f 1764//3603 1765//3603 1766//3603
f 1766//3604 1765//3604 1767//3604
f 1767//3605 1765//3605 1768//3606
f 1767//3607 1768//3608 1769//3609
f 1769//3609 1768//3608 1770//3610
f 1769//3611 1770//3612 1771//3611
f 1771//3613 1770//3614 1772//3615
f 1772//3616 1770//3616 1723//3616
f 1772//3617 1723//3618 1773//3617
f 1773//3619 1723//3620 1722//3620
f 1773//3621 1722//3621 1774//3621
f 1775//3622 1719//3623 1751//3624
f 1751//3624 1719//3623 1720//3625
f 1751//3582 1720//3544 1702//3511
f 1776//3626 1777//3627 1778//3628
f 1750//142 1744//3629 1749//3630
f 1749//3631 1744//3572 1746//3574
f 1749//3632 1746//3633 1747//3634
f 1747//3634 1746//3633 1779//3635
f 1747//3636 1779//3636 1748//3636
f 1748//3636 1779//3636 1776//3636
f 1776//3626 1778//3628 1748//3637
f 1748//3638 1778//3639 1283//3640
f 1780//3641 1717//3642 1775//3643
f 1775//3643 1717//3642 1718//3644
f 1775//3622 1718//3645 1719//3623
f 1781//3646 1782//3647 1783//3648
f 1745//142 1741//3569 1746//3649
f 1746//3649 1741//3569 1743//3571
f 1746//3650 1743//3651 1779//3652
f 1779//3652 1743//3651 1784//3653
f 1779//3654 1784//3655 1776//3656
f 1776//3656 1784//3655 1785//3657
f 1776//3658 1785//3659 1777//3658
f 1777//3658 1785//3659 1781//3659
f 1781//3646 1783//3648 1777//3648
f 1777//3660 1783//3661 1786//3662
f 1777//3660 1786//3662 1778//3663
f 1778//3639 1786//3664 1283//3640
f 1787//3665 1715//3666 1780//3667
f 1780//3667 1715//3666 1716//3667
f 1780//3641 1716//3668 1717//3642
f 1788//3669 1789//3670 1790//3671
f 1742//142 1738//3566 1743//3672
f 1743//3672 1738//3566 1740//3568
f 1743//3673 1740//3673 1784//3674
f 1784//3674 1740//3673 1791//3674
f 1784//3675 1791//3676 1785//3677
f 1785//3677 1791//3676 1792//3678
f 1785//3679 1792//3679 1781//3680
f 1781//3680 1792//3679 1793//3681
f 1781//3682 1793//3683 1782//3684
f 1782//3684 1793//3683 1788//3685
f 1788//3669 1790//3671 1782//3686
f 1782//3687 1790//3688 1794//3689
f 1782//3687 1794//3689 1783//3690
f 1783//3691 1794//3692 1795//3693
f 1783//3691 1795//3693 1786//3694
f 1786//3695 1795//3696 1283//3697
f 1796//3698 1713//3699 1787//3700
f 1787//3700 1713//3699 1714//3701
f 1787//3665 1714//3702 1715//3666
f 1797//3703 1798//3704 1799//3705
f 1739//142 1735//3564 1740//3706
f 1740//3706 1735//3564 1737//3565
f 1740//3707 1737//3708 1791//3708
f 1791//3708 1737//3708 1800//3709
f 1791//3710 1800//3711 1792//3712
f 1792//3712 1800//3711 1801//3713
f 1792//3714 1801//3715 1793//3715
f 1793//3715 1801//3715 1802//3716
f 1793//3717 1802//3718 1788//3719
f 1788//3719 1802//3718 1803//3720
f 1788//3721 1803//3721 1789//3722
f 1789//3722 1803//3721 1797//3723
f 1797//3703 1799//3705 1789//3724
f 1789//3725 1799//3726 1804//3727
f 1789//3725 1804//3727 1790//3728
f 1790//3729 1804//3730 1805//3731
f 1790//3729 1805//3731 1794//3731
f 1794//3732 1805//3733 1806//3734
f 1794//3732 1806//3734 1795//3735
f 1795//3696 1806//3736 1283//3697
f 1709//3737 1710//3738 1807//3739
f 1807//3740 1710//3741 1711//3742
f 1807//3740 1711//3742 1796//3743
f 1796//3743 1711//3742 1712//3743
f 1796//3698 1712//3744 1713//3699
f 1808//3745 1809//3746 1810//3745
f 1736//3747 1732//3561 1737//3748
f 1737//3748 1732//3561 1734//3563
f 1737//3749 1734//3750 1800//3750
f 1800//3750 1734//3750 1811//3751
f 1800//3752 1811//3753 1801//3754
f 1801//3754 1811//3753 1812//3755
f 1801//3756 1812//3757 1802//3758
f 1802//3758 1812//3757 1813//3759
f 1802//3760 1813//3761 1803//3762
f 1803//3762 1813//3761 1814//3763
f 1803//3764 1814//3765 1797//3765
f 1797//3765 1814//3765 1815//3766
f 1797//3767 1815//3768 1798//3768
f 1798//3768 1815//3768 1808//3769
f 1808//3745 1810//3745 1798//3745
f 1798//3770 1810//3771 1816//3770
f 1798//3770 1816//3770 1799//3772
f 1799//3773 1816//3774 1817//3773
f 1799//3773 1817//3773 1804//3775
f 1804//3776 1817//3777 1818//3778
f 1804//3776 1818//3778 1805//3778
f 1805//3779 1818//3780 1819//3781
f 1805//3779 1819//3781 1806//3782
f 1806//3783 1819//3784 1283//3784
f 1708//3785 1709//3737 1728//3786
f 1728//3786 1709//3737 1807//3739
f 1728//3787 1807//3787 1820//3788
f 1733//3789 1729//3558 1734//3790
f 1734//3790 1729//3558 1731//3560
f 1734//3791 1731//3792 1811//3793
f 1811//3793 1731//3792 1821//3794
f 1811//3795 1821//3796 1812//3797
f 1812//3797 1821//3796 1822//3798
f 1812//3799 1822//3800 1813//3801
f 1813//3801 1822//3800 1823//3802
f 1813//3803 1823//3804 1814//3805
f 1814//3805 1823//3804 1824//3806
f 1814//3807 1824//3808 1815//3808
f 1815//3808 1824//3808 1825//3809
f 1815//3810 1825//3811 1808//3812
f 1808//3812 1825//3811 1826//3813
f 1808//3814 1826//3815 1809//3815
f 1809//3815 1826//3815 1820//3816
f 1820//3788 1807//3787 1809//3817
f 1809//3818 1807//3819 1796//3818
f 1809//3818 1796//3818 1810//3820
f 1810//3821 1796//3821 1787//3821
f 1810//3821 1787//3821 1816//3822
f 1816//3823 1787//3824 1780//3823
f 1816//3823 1780//3823 1817//3825
f 1817//3826 1780//3827 1775//3828
f 1817//3826 1775//3828 1818//3829
f 1818//3830 1775//3831 1751//3832
f 1818//3830 1751//3832 1819//3833
f 1819//3784 1751//3834 1283//3784
f 1730//3835 1725//3836 1731//3837
f 1731//3838 1725//3553 1727//3553
f 1731//3839 1727//3840 1821//3840
f 1821//3840 1727//3840 1827//3841
f 1821//3842 1827//3843 1822//3843
f 1822//3843 1827//3843 1828//3844
f 1822//3845 1828//3846 1823//3847
f 1823//3847 1828//3846 1829//3848
f 1823//3849 1829//3850 1824//3850
f 1824//3850 1829//3850 1830//3851
f 1824//3852 1830//3853 1825//3854
f 1825//3854 1830//3853 1831//3855
f 1825//3856 1831//3856 1826//3856
f 1826//3856 1831//3856 1832//3857
f 1826//3858 1832//3859 1820//3859
f 1820//3859 1832//3859 1833//3859
f 1820//3860 1833//3861 1728//3861
f 1728//3861 1833//3861 1724//3861
f 1728//3557 1724//3862 1707//3555
f 1707//3555 1724//3862 1706//3863
f 1726//3864 1721//3864 1727//3864
f 1727//3865 1721//3547 1723//3549
f 1727//3866 1723//3867 1827//3867
f 1827//3867 1723//3867 1770//3868
f 1827//3869 1770//3870 1828//3870
f 1828//3870 1770//3870 1768//3871
f 1828//3872 1768//3873 1829//3873
f 1829//3873 1768//3873 1765//3874
f 1829//3875 1765//3876 1830//3876
f 1830//3876 1765//3876 1763//3877
f 1830//3878 1763//3879 1831//3879
f 1831//3879 1763//3879 1760//3880
f 1831//3881 1760//3882 1832//3882
f 1832//3882 1760//3882 1758//3883
f 1832//3884 1758//3885 1833//3885
f 1833//3885 1758//3885 1755//3886
f 1833//3887 1755//3888 1724//3888
f 1724//3888 1755//3888 1753//3888
f 1724//3552 1753//3889 1705//3550
f 1705//3550 1753//3889 1703//3890
f 96//3891 1774//3892 94//3892
f 94//3892 1774//3892 1722//3893
f 94//3894 1722//3895 63//3896
f 63//3896 1722//3895 1721//3897
f 63//3896 1721//3897 64//3898
f 64//3899 1721//3899 1726//3899
f 64//3900 1726//3901 69//3902
f 69//3902 1726//3901 1725//3903
f 69//3902 1725//3903 70//3904
f 70//3904 1725//3903 1730//3905
f 70//3906 1730//3906 162//3907
f 162//3907 1730//3906 1729//3908
f 162//3907 1729//3908 163//3909
f 163//3909 1729//3908 1733//3910
f 163//3911 1733//3912 165//3913
f 165//3913 1733//3912 1732//3914
f 165//3913 1732//3914 166//3915
f 166//3915 1732//3914 1736//3915
f 166//3916 1736//3917 150//3918
f 150//3918 1736//3917 1735//3919
f 150//3918 1735//3919 151//154
f 151//154 1735//3919 1739//3920
f 151//3921 1739//3922 139//3923
f 139//3923 1739//3922 1738//3924
f 139//3923 1738//3924 140//154
f 140//154 1738//3924 1742//3920
f 140//3925 1742//3925 130//3926
f 130//3926 1742//3925 1741//3927
f 130//3926 1741//3927 131//154
f 131//154 1741//3927 1745//3920
f 131//3928 1745//3928 123//3929
f 123//3929 1745//3928 1744//3929
f 123//3930 1744//2270 125//154
f 125//57 1744//154 1750//3920
f 125//157 1750//3579 90//158
f 90//158 1750//3579 1283//3581
f 208//3931 1834//3931 209//3931
f 209//3931 1834//3931 1835//3931
f 209//3932 1835//3932 204//3933
f 204//3933 1835//3932 1836//3933
f 204//3933 1836//3933 205//3934
f 205//3934 1836//3933 1837//3934
f 205//3935 1837//3935 232//3935
f 232//3935 1837//3935 1838//3936
f 232//3935 1838//3936 210//3937
f 210//3937 1838//3936 1839//3935
f 210//142 1839//142 211//142
f 211//142 1839//142 1840//142
f 211//3938 1840//3939 212//3938
f 212//3938 1840//3939 1841//3938
f 212//3938 1841//3938 213//3938
f 213//3938 1841//3938 1842//3938
f 213//3940 1842//3941 214//3942
f 214//3942 1842//3941 1843//3942
f 214//3942 1843//3942 215//3943
f 215//3943 1843//3942 1844//3943
f 215//3944 1844//3944 96//3944
f 96//3944 1844//3944 1774//3944
f 1845//3945 1846//3946 1847//3947
f 1847//3947 1846//3946 1848//3948
f 1847//3930 1848//2270 1849//154
f 1849//57 1848//154 1850//3920
f 1849//3949 1850//3950 1851//3950
f 1851//3950 1850//3950 1852//3949
f 1851//3930 1852//154 1853//3951
f 1853//3951 1852//154 1854//3952
f 1853//3951 1854//3952 1855//3953
f 1855//3953 1854//3952 1856//3954
f 1855//3930 1856//154 1857//3955
f 1857//3955 1856//154 1858//3956
f 1857//3955 1858//3956 1859//3957
f 1859//3957 1858//3956 1860//3958
f 1859//3930 1860//154 1861//3959
f 1861//3959 1860//154 1862//3960
f 1861//3959 1862//3960 1863//3961
f 1863//3961 1862//3960 1864//3962
f 1863//3963 1864//3963 1865//3964
f 1865//3964 1864//3963 1866//3965
f 1865//3964 1866//3965 1867//3966
f 1867//3966 1866//3965 1868//3967
f 1867//3968 1868//3969 1869//3970
f 1869//3970 1868//3969 1870//3971
f 1869//3970 1870//3971 1871//3972
f 1871//3972 1870//3971 1872//3973
f 1871//3974 1872//3975 1873//3976
f 1873//3976 1872//3975 1874//3977
f 1873//3976 1874//3977 1875//3978
f 1875//3978 1874//3977 1876//3979
f 1875//3980 1876//3980 1877//3980
f 1877//3981 1876//3982 1878//3983
f 1877//3981 1878//3983 1879//3984
f 1879//3984 1878//3983 1880//3985
f 1879//3986 1880//3987 208//3987
f 208//3987 1880//3987 1834//3988
f 1881//3989 1882//3990 1845//3989
f 1881//3989 1845//3989 1883//1456
f 1884//3991 1883//3992 1845//3993
f 1885//3994 1884//3991 1845//3993
f 1886//3995 1885//3996 1845//1463
f 1887//3997 1886//3995 1845//1463
f 1888//3998 1887//3999 1845//1467
f 1889//4000 1888//3998 1845//1467
f 1847//3947 1889//4001 1845//3945
f 1890//1753 1891//4002 1882//4003
f 1849//4004 1851//4005 1892//4005
f 1893//4006 1894//4007 1895//4008
f 1853//4009 1855//4010 1896//4011
f 1897//4012 1898//4013 1899//4013
f 1857//4014 1859//1487 1900//4014
f 1901//4015 1902//4015 1903//1662
f 1861//4016 1863//4017 1904//4018
f 1905//1494 1906//4019 1907//4019
f 1865//4020 1867//4021 1908//1497
f 1909//4022 1910//4023 1911//4023
f 1869//4024 1871//1503 1912//4025
f 1913//1506 1914//4026 1915//1506
f 1873//4027 1875//4028 1916//4029
f 1917//4030 1918//4031 1919//4030
f 1877//4032 1879//4033 1920//4034
f 278//4035 1921//4035 260//4035
f 260//4036 1921//4036 1922//4036
f 260//4037 1922//4038 193//4039
f 193//4039 1922//4038 1923//4040
f 193//4041 1923//4041 194//4041
f 194//4042 1923//4042 242//4042
f 242//4043 1923//4043 1924//4043
f 242//4044 1924//4045 197//4046
f 197//4046 1924//4045 1925//4047
f 197//4048 1925//4048 198//4048
f 198//4049 1925//4049 229//4049
f 229//4050 1925//4050 1926//4050
f 229//4051 1926//4052 225//4053
f 225//4053 1926//4052 1927//4054
f 225//4055 1927//4055 226//4055
f 226//4056 1927//4056 228//4056
f 228//4057 1927//4057 1928//4057
f 228//613 1928//4058 222//471
f 222//471 1928//4058 1929//4059
f 222//4060 1929//4060 218//4060
f 218//461 1929//4061 219//462
f 219//4062 1929//4063 1920//4063
f 219//556 1920//4064 207//556
f 207//4065 1920//4066 1879//4066
f 207//4067 1879//4067 208//4067
f 1921//4068 1917//4030 1922//4030
f 1922//4030 1917//4030 1919//4030
f 1922//4069 1919//4069 1923//4069
f 1923//4069 1919//4069 1930//4070
f 1923//4071 1930//1558 1924//4072
f 1924//4072 1930//1558 1931//1558
f 1924//4073 1931//4074 1925//4073
f 1925//4073 1931//4074 1932//4075
f 1925//4076 1932//4077 1926//4077
f 1926//4077 1932//4077 1933//4078
f 1926//4079 1933//4080 1927//4080
f 1927//4080 1933//4080 1934//4081
f 1927//4082 1934//4083 1928//4084
f 1928//4084 1934//4083 1935//4085
f 1928//1572 1935//4086 1929//4087
f 1929//4087 1935//4086 1936//4088
f 1929//4089 1936//4090 1920//1575
f 1920//1575 1936//4090 1916//4091
f 1920//4034 1916//4092 1877//4032
f 1877//4032 1916//4092 1875//4093
f 1918//1504 1913//1506 1919//4094
f 1919//4094 1913//1506 1915//1506
f 1919//4095 1915//1581 1930//4096
f 1930//4096 1915//1581 1937//4096
f 1930//4097 1937//4097 1931//4097
f 1931//4097 1937//4097 1938//4098
f 1931//4099 1938//4099 1932//4099
f 1932//4099 1938//4099 1939//4099
f 1932//1589 1939//4100 1933//4100
f 1933//4100 1939//4100 1940//4101
f 1933//4102 1940//1593 1934//4103
f 1934//4103 1940//1593 1941//4104
f 1934//4105 1941//4106 1935//4106
f 1935//4106 1941//4106 1942//4107
f 1935//4108 1942//4109 1936//4109
f 1936//4109 1942//4109 1943//4110
f 1936//4111 1943//1602 1916//4112
f 1916//4112 1943//1602 1912//4113
f 1916//4029 1912//4114 1873//4027
f 1873//4027 1912//4114 1871//4115
f 1914//4116 1909//4022 1915//1499
f 1915//1499 1909//4022 1911//4023
f 1915//1609 1911//4117 1937//1609
f 1937//1609 1911//4117 1944//4117
f 1937//4118 1944//4118 1938//4118
f 1938//4118 1944//4118 1945//4119
f 1938//4120 1945//4121 1939//4121
f 1939//4121 1945//4121 1946//4122
f 1939//4123 1946//4124 1940//4124
f 1940//4124 1946//4124 1947//4125
f 1940//4126 1947//4126 1941//4126
f 1941//4126 1947//4126 1948//4127
f 1941//4128 1948//4129 1942//4130
f 1942//4130 1948//4129 1949//4131
f 1942//4132 1949//4133 1943//4134
f 1943//4134 1949//4133 1950//1628
f 1943//4135 1950//4136 1912//4137
f 1912//4137 1950//4136 1908//4138
f 1912//4025 1908//4139 1869//4024
f 1869//4024 1908//4139 1867//4140
f 1910//4141 1905//1494 1911//1495
f 1911//1495 1905//1494 1907//4019
f 1911//4142 1907//4143 1944//1638
f 1944//1638 1907//4143 1951//1639
f 1944//4144 1951//4144 1945//4144
f 1945//4144 1951//4144 1952//4145
f 1945//4146 1952//1645 1946//4147
f 1946//4147 1952//1645 1953//4148
f 1946//4149 1953//4150 1947//4151
f 1947//4151 1953//4150 1954//4152
f 1947//4153 1954//4154 1948//4155
f 1948//4155 1954//4154 1955//4156
f 1948//4157 1955//4158 1949//4158
f 1949//4158 1955//4158 1956//4159
f 1949//4160 1956//4161 1950//4161
f 1950//4161 1956//4161 1957//4162
f 1950//4163 1957//4164 1908//4165
f 1908//4165 1957//4164 1904//4166
f 1908//1497 1904//4167 1865//4020
f 1865//4020 1904//4167 1863//4168
f 1906//4169 1901//4015 1907//1490
f 1907//1490 1901//4015 1903//1662
f 1907//4170 1903//4170 1951//4171
f 1951//4171 1903//4170 1958//1664
f 1951//1667 1958//4172 1952//1667
f 1952//1667 1958//4172 1959//1670
f 1952//4173 1959//4174 1953//4175
f 1953//4175 1959//4174 1960//4176
f 1953//4177 1960//4177 1954//4178
f 1954//4178 1960//4177 1961//4177
f 1954//4179 1961//4180 1955//4181
f 1955//4181 1961//4180 1962//4182
f 1955//4183 1962//1682 1956//1682
f 1956//1682 1962//1682 1963//4184
f 1956//4185 1963//4186 1957//4187
f 1957//4187 1963//4186 1964//4188
f 1957//1691 1964//1689 1904//1691
f 1904//1691 1964//1689 1900//4189
f 1904//4018 1900//4190 1861//4016
f 1861//4016 1900//4190 1859//154
f 1902//4191 1897//4012 1903//1484
f 1903//1484 1897//4012 1899//4013
f 1903//4192 1899//1697 1958//4193
f 1958//4193 1899//1697 1965//4194
f 1958//1698 1965//4195 1959//1700
f 1959//1700 1965//4195 1966//4196
f 1959//1702 1966//4197 1960//1701
f 1960//1701 1966//4197 1967//4197
f 1960//4198 1967//4199 1961//4200
f 1961//4200 1967//4199 1968//4201
f 1961//4202 1968//1710 1962//4202
f 1962//4202 1968//1710 1969//4203
f 1962//4204 1969//4205 1963//4205
f 1963//4205 1969//4205 1970//1711
f 1963//4206 1970//4207 1964//4206
f 1964//4206 1970//4207 1971//4208
f 1964//4209 1971//1715 1900//1716
f 1900//1716 1971//1715 1896//4210
f 1900//4014 1896//4211 1857//4014
f 1857//4212 1896//4213 1855//154
f 1898//4214 1893//4006 1899//4215
f 1899//4215 1893//4006 1895//4008
f 1899//4216 1895//4217 1965//4218
f 1965//4218 1895//4217 1972//4219
f 1965//4220 1972//4221 1966//4222
f 1966//4222 1972//4221 1973//4223
f 1966//1731 1973//4224 1967//4225
f 1967//4225 1973//4224 1974//4226
f 1967//4227 1974//4228 1968//1733
f 1968//1733 1974//4228 1975//1734
f 1968//1737 1975//4229 1969//1736
f 1969//1736 1975//4229 1976//4230
f 1969//1741 1976//4231 1970//1741
f 1970//1741 1976//4231 1977//4231
f 1970//1743 1977//4232 1971//4233
f 1971//4233 1977//4232 1978//4233
f 1971//4234 1978//4235 1896//4236
f 1896//4236 1978//4235 1892//4235
f 1896//4011 1892//4237 1853//4009
f 1853//4238 1892//4239 1851//154
f 1894//4240 1890//1753 1895//1470
f 1895//1470 1890//1753 1882//4003
f 1895//4241 1882//4242 1972//4243
f 1972//4243 1882//4242 1881//4244
f 1972//4245 1881//4246 1973//4245
f 1973//4245 1881//4246 1883//4247
f 1973//4248 1883//4249 1974//4250
f 1974//4250 1883//4249 1884//4251
f 1974//4252 1884//4253 1975//4254
f 1975//4254 1884//4253 1885//4255
f 1975//4256 1885//4257 1976//4258
f 1976//4258 1885//4257 1886//4259
f 1976//4260 1886//1774 1977//4261
f 1977//4261 1886//1774 1887//1774
f 1977//1779 1887//4262 1978//4263
f 1978//4263 1887//4262 1888//4264
f 1978//4265 1888//4266 1892//4267
f 1892//4267 1888//4266 1889//4268
f 1892//4005 1889//4269 1849//4004
f 1849//4004 1889//4269 1847//154
f 1891//4270 1979//4271 1882//4272
f 1882//4272 1979//4271 1845//1421
f 1440//1452 1451//1452 1979//1452
f 1979//4271 1451//2952 1450//1305
f 1979//4271 1450//1305 1845//1421
f 1979//4271 1891//4270 1440//1451
f 1440//1449 1891//1449 1890//1449
f 1440//1182 1890//1182 1430//1182
f 1890//1448 1894//1447 1430//1447
f 1430//4273 1894//4273 1893//4273
f 1430//1181 1893//1181 1421//1181
f 1893//4274 1898//4275 1421//4275
f 1421//1443 1898//1443 1897//1443
f 1421//1442 1897//1442 1413//1442
f 1897//4276 1902//4276 1413//4276
f 1413//4277 1902//4277 1901//4277
f 1413//1177 1901//1177 1406//1177
f 1901//1438 1906//1437 1406//1437
f 1406//4278 1906//4278 1905//4278
f 1406//4279 1905//4279 1400//4279
f 1905//4280 1910//4281 1400//4281
f 1400//1432 1910//1432 1909//1432
f 1400//1175 1909//1175 1395//1175
f 1909//4282 1914//4282 1395//4282
f 1395//4283 1914//4283 1913//4283
f 1395//1174 1913//1174 1393//1174
f 1913//4284 1918//4285 1393//4285
f 1393//4286 1918//4286 1917//4286
f 1393//1425 1917//1425 1161//1425
f 1161//4287 1917//4287 1921//4287
f 1161//1423 1921//1423 278//1423
f 1501//1186 1846//1186 1450//1186
f 1450//1186 1846//1186 1845//1186
f 1980//4288 1846//4289 1592//3217
f 1592//3217 1846//4289 1501//3215
f 1980//4288 1592//3217 1981//4290
f 1981//4291 1592//4292 1593//4293
f 1981//4291 1593//4293 1982//4294
f 1982//4294 1593//4293 1983//4295
f 1983//4296 1593//11 1594//4297
f 1983//4296 1594//4297 1984//4298
f 1984//4298 1594//4297 1985//4299
f 1985//4300 1594//4301 1595//4302
f 1985//4300 1595//4302 1986//4303
f 1986//4303 1595//4302 1987//4304
f 1987//4305 1595//4306 1596//4307
f 1987//4305 1596//4307 1988//4308
f 1988//4308 1596//4307 1989//4309
f 1989//4310 1596//4311 1597//4312
f 1989//4310 1597//4312 1990//4312
f 1990//4312 1597//4312 1991//4313
f 1991//4314 1597//4315 1598//4316
f 1991//4314 1598//4316 1992//4317
f 1992//4317 1598//4316 1993//4318
f 1993//4319 1598//7 1599//4320
f 1993//4319 1599//4320 1994//4321
f 1994//4321 1599//4320 1995//4322
f 1995//4323 1599//31 1600//4324
f 1995//4323 1600//4324 1996//4325
f 1996//4325 1600//4324 1997//4326
f 1997//4327 1600//4328 1601//4329
f 1997//4327 1601//4329 1998//4330
f 1999//4331 2000//4332 1846//4333
f 2001//4334 2002//4335 1846//4336
f 2001//4334 1846//4336 2003//4337
f 2004//4338 2003//4339 1846//4340
f 2005//4341 2004//4338 1846//4340
f 1850//4342 1848//4343 2000//4344
f 2000//4345 1848//3948 1846//3946
f 2002//4346 1999//4331 1846//4333
f 1854//142 1852//4347 2006//4348
f 2007//4349 2008//4350 2009//4349
f 2010//4351 2011//4352 2012//4353
f 2013//4354 2014//4355 2015//4356
f 2016//4357 2017//4358 2018//4359
f 2008//4360 2019//4361 1834//4362
f 2019//4363 2008//4364 2020//4365
f 2020//4366 2008//4367 2007//4367
f 2020//4368 2007//4369 2021//4370
f 2022//4371 2023//4371 2010//4371
f 2024//154 2025//4372 2026//4373
f 2026//4373 2025//4372 2023//4374
f 1998//4375 2024//4375 1997//4375
f 1997//4376 2024//4376 2026//4376
f 1997//4377 2026//4378 1996//4379
f 1996//4379 2026//4378 2027//4379
f 2028//4380 2029//4381 2012//4380
f 2030//4382 1994//4383 2027//4384
f 2027//4384 1994//4383 1995//4385
f 2027//4379 1995//4386 1996//4379
f 2031//4387 2029//4388 2032//4388
f 2032//4388 2029//4388 2028//4389
f 2032//4390 2028//4391 2033//4391
f 2034//4392 2016//4392 2035//4392
f 2035//4393 2016//4393 2018//4393
f 2035//4394 2018//4395 2036//4394
f 2036//4396 2018//4397 2037//4398
f 2036//4399 2037//4400 2038//4401
f 2038//4402 2037//4403 2039//4404
f 2038//4405 2039//4406 2040//4407
f 1834//4408 1880//4409 2008//4409
f 2008//4410 1880//4411 1878//4410
f 2008//4410 1878//4410 2009//4412
f 2009//4413 1878//4414 1876//4413
f 2009//4415 1876//4416 1874//4415
f 2017//4358 2021//4417 2018//4359
f 2018//4418 2021//4418 2007//4418
f 2018//4397 2007//4419 2037//4398
f 2037//4420 2007//4349 2009//4349
f 2037//4403 2009//4421 2039//4404
f 2039//4422 2009//4415 1874//4415
f 2041//4423 1992//4424 2030//4424
f 2030//4424 1992//4424 1993//4425
f 2030//4382 1993//4382 1994//4383
f 2042//4426 2031//4426 2043//4426
f 2043//4426 2031//4426 2032//4426
f 2043//4427 2032//4428 2044//4429
f 2044//4429 2032//4428 2033//4430
f 2044//4431 2033//4432 2045//4433
f 2046//4434 1990//4435 2041//4435
f 2041//4435 1990//4435 1991//4436
f 2041//4423 1991//4423 1992//4424
f 2047//4437 2042//4438 2048//4438
f 2048//4438 2042//4438 2043//4439
f 2048//4440 2043//4441 2049//4442
f 2049//4442 2043//4441 2044//4442
f 2049//4443 2044//4444 2050//4444
f 2050//4444 2044//4444 2045//4445
f 2050//4446 2045//4447 2051//4447
f 2052//4448 2013//4448 2053//4448
f 2053//4449 2013//4449 2015//4449
f 2053//4450 2015//4451 2054//4452
f 2054//4453 2015//4454 2055//4454
f 2054//4455 2055//4456 2056//4457
f 2056//4458 2055//4459 2057//4458
f 2056//4460 2057//4460 2058//4461
f 2058//4462 2057//4463 2059//4463
f 2058//4464 2059//4465 2060//4466
f 2060//4467 2059//4467 2061//4468
f 2060//4469 2061//4470 2062//4471
f 1874//4472 1872//4473 2039//4474
f 2039//4475 1872//4476 1870//4477
f 2039//4475 1870//4477 2040//4478
f 2040//4478 1870//4477 1868//4479
f 2040//4480 1868//4480 1866//4481
f 2014//4355 2034//4482 2015//4356
f 2015//4483 2034//4484 2035//4483
f 2015//4454 2035//4485 2055//4454
f 2055//4394 2035//4394 2036//4394
f 2055//4459 2036//4459 2057//4458
f 2057//4486 2036//4399 2038//4401
f 2057//4463 2038//4487 2059//4463
f 2059//4488 2038//4405 2040//4407
f 2059//4467 2040//4489 2061//4468
f 2061//4490 2040//4480 1866//4481
f 2063//4491 1988//4492 2046//4491
f 2046//4491 1988//4492 1989//4493
f 2046//4434 1989//4494 1990//4435
f 2064//4495 2047//4496 2065//4497
f 2065//4497 2047//4496 2048//4498
f 2065//4499 2048//4500 2066//4500
f 2066//4500 2048//4500 2049//4501
f 2066//4502 2049//4503 2067//4504
f 2067//4504 2049//4503 2050//4505
f 2067//4506 2050//4507 2068//4508
f 2068//4508 2050//4507 2051//4509
f 2068//4510 2051//4511 2069//4511
f 2070//4512 1986//4513 2063//4514
f 2063//4514 1986//4513 1987//4515
f 2063//4491 1987//4491 1988//4492
f 2071//4516 2064//4517 2072//4517
f 2072//4517 2064//4517 2065//4518
f 2072//4519 2065//4520 2073//4521
f 2073//4521 2065//4520 2066//4522
f 2073//4523 2066//4524 2074//4525
f 2074//4525 2066//4524 2067//4526
f 2074//4527 2067//4528 2075//4529
f 2075//4529 2067//4528 2068//4530
f 2075//4531 2068//4532 2076//4533
f 2076//4533 2068//4532 2069//4534
f 2076//4535 2069//4536 2077//4536
f 1866//4481 1864//4537 2061//4490
f 2061//4538 1864//4539 1862//4540
f 2061//4538 1862//4540 2062//4541
f 2062//4541 1862//4540 1860//4542
f 2062//4543 1860//4544 1858//4545
f 2011//4352 2052//4546 2012//4353
f 2012//4547 2052//4547 2053//4547
f 2012//4380 2053//4548 2028//4380
f 2028//4549 2053//4450 2054//4452
f 2028//4391 2054//4550 2033//4391
f 2033//4551 2054//4455 2056//4457
f 2033//4432 2056//4552 2045//4433
f 2045//4553 2056//4460 2058//4461
f 2045//4447 2058//4554 2051//4447
f 2051//4555 2058//4464 2060//4466
f 2051//4511 2060//4556 2069//4511
f 2069//4469 2060//4469 2062//4471
f 2069//4536 2062//4557 2077//4536
f 2077//4558 2062//4543 1858//4545
f 2077//4558 1858//4545 1856//4559
f 2078//4560 1984//4561 2070//4561
f 2070//4561 1984//4561 1985//4562
f 2070//4512 1985//4512 1986//4513
f 1856//4563 1854//4564 2077//4565
f 2077//4565 1854//4564 2006//4566
f 2077//4567 2006//4568 2076//4569
f 2076//4569 2006//4568 2079//4570
f 2076//4571 2079//4572 2075//4573
f 2075//4573 2079//4572 2080//4574
f 2075//4575 2080//4576 2074//4577
f 2074//4577 2080//4576 2081//4578
f 2074//4579 2081//4580 2073//4581
f 2073//4581 2081//4580 2082//4582
f 2073//4583 2082//4583 2072//4583
f 2072//4583 2082//4583 2083//4584
f 2072//4585 2083//4586 2071//4587
f 2071//4587 2083//4586 2084//4588
f 2085//4589 1982//4590 2078//4591
f 2078//4591 1982//4590 1983//4592
f 2078//4560 1983//4593 1984//4561
f 1852//4594 1850//4342 2006//4595
f 2006//4595 1850//4342 2000//4344
f 2006//4596 2000//4597 2079//4598
f 2079//4598 2000//4597 1999//4599
f 2079//4600 1999//4601 2080//4602
f 2080//4602 1999//4601 2002//4601
f 2080//4603 2002//4604 2081//4605
f 2081//4605 2002//4604 2001//4605
f 2081//4606 2001//4607 2082//4608
f 2082//4608 2001//4607 2003//4609
f 2082//4610 2003//4611 2083//4612
f 2083//4612 2003//4611 2004//4613
f 2083//4614 2004//4615 2084//4616
f 2084//4616 2004//4615 2005//4617
f 1846//4289 1980//4288 2085//4618
f 2085//4618 1980//4288 1981//4290
f 2085//4589 1981//4619 1982//4590
f 2023//4620 2022//4620 2026//4620
f 2026//4621 2022//4622 2086//4621
f 2026//4621 2086//4621 2027//4623
f 2027//4624 2086//4625 2087//4624
f 2027//4624 2087//4624 2030//4626
f 2030//4627 2087//4628 2088//4629
f 2030//4627 2088//4629 2041//4630
f 2041//4631 2088//4632 2089//4633
f 2041//4631 2089//4633 2046//4634
f 2046//4635 2089//4636 2090//4637
f 2046//4635 2090//4637 2063//4638
f 2063//4639 2090//4640 2091//4641
f 2063//4639 2091//4641 2070//4642
f 2070//4643 2091//4644 2092//4645
f 2070//4643 2092//4645 2078//4645
f 2078//4646 2092//4647 2093//4648
f 2078//4646 2093//4648 2085//4649
f 2085//4650 2093//4651 1846//4651
f 2010//4652 2012//4652 2022//4652
f 2022//4653 2012//4654 2029//4655
f 2022//4653 2029//4655 2086//4653
f 2086//4656 2029//4656 2031//4656
f 2086//4656 2031//4656 2087//4657
f 2087//4658 2031//4658 2042//4658
f 2087//4658 2042//4658 2088//4658
f 2088//4659 2042//4660 2047//4661
f 2088//4659 2047//4661 2089//4662
f 2089//4663 2047//4664 2064//4664
f 2089//4663 2064//4664 2090//4665
f 2090//4666 2064//4667 2071//4668
f 2090//4666 2071//4668 2091//4669
f 2091//4670 2071//4671 2084//4672
f 2091//4670 2084//4672 2092//4673
f 2092//4674 2084//4675 2005//4676
f 2092//4674 2005//4676 2093//4677
f 2093//4651 2005//4678 1846//4651
f 1754//4679 1756//4680 2094//4681
f 2095//4682 2010//4683 2023//4684
f 1759//4685 1761//4686 2096//4686
f 2097//4687 2013//4688 2052//4689
f 2098//4690 2099//4691 2100//4691
f 1843//4692 1842//4693 2101//4694
f 1773//4695 1774//4695 1844//4695
f 1840//4696 1839//4696 2098//4696
f 2098//4697 1839//4698 1838//4699
f 2098//4697 1838//4699 2099//4700
f 2099//4700 1838//4699 1837//4701
f 2099//4702 1837//4702 1836//4703
f 1834//4362 2019//4361 1835//4704
f 1835//4704 2019//4361 2102//4705
f 2103//4706 1771//3613 1772//3615
f 2104//4707 2100//4708 2105//4709
f 2105//4710 2100//4711 2099//4712
f 2105//4710 2099//4712 2102//4713
f 2102//4714 2099//4702 1836//4703
f 2102//4714 1836//4703 1835//4714
f 1771//4715 2103//4716 1769//3609
f 2106//4717 2107//4717 2103//4718
f 2019//4363 2020//4365 2102//4719
f 2102//4720 2020//4368 2021//4370
f 2102//4720 2021//4370 2105//4721
f 2105//4722 2021//4417 2017//4358
f 2105//4722 2017//4358 2104//4723
f 2104//4723 2017//4358 2016//4357
f 2104//4724 2016//4725 2034//4726
f 1764//4727 1766//4728 2108//4729
f 2108//4730 1766//4731 1767//4732
f 1762//4733 1764//4727 2109//4734
f 2109//4734 1764//4727 2108//4729
f 2109//4735 2108//4735 2110//4736
f 1841//4737 1840//4738 2111//4739
f 2111//4696 1840//4696 2098//4696
f 2111//4740 2098//4741 2112//4742
f 2112//4690 2098//4690 2100//4691
f 2112//4743 2100//4744 2113//4743
f 2113//4745 2100//4708 2104//4707
f 2113//4746 2104//4746 2114//4747
f 2114//4748 2104//4724 2034//4726
f 2114//4749 2034//4750 2014//4751
f 1842//4738 1841//4737 2101//4739
f 2101//4739 1841//4737 2111//4739
f 2101//4752 2111//4753 2115//4754
f 2115//4740 2111//4740 2112//4742
f 2115//4755 2112//4756 2116//4757
f 2116//4743 2112//4743 2113//4743
f 2116//4758 2113//4759 2117//4759
f 2117//4760 2113//4746 2114//4747
f 2117//4761 2114//4762 2097//4763
f 2097//4764 2114//4749 2014//4751
f 2097//4764 2014//4751 2013//4765
f 1761//4766 1762//4766 2096//4767
f 2096//4767 1762//4766 2109//4768
f 2096//4769 2109//4769 2118//4770
f 2118//4770 2109//4769 2110//4770
f 2118//4771 2110//4772 2119//4773
f 1757//4774 1759//4685 2120//4775
f 2120//4775 1759//4685 2096//4686
f 2120//4776 2096//4776 2121//4777
f 2121//4777 2096//4776 2118//4777
f 2121//4778 2118//4779 2122//4780
f 2122//4780 2118//4779 2119//4781
f 2122//4782 2119//4783 2123//4784
f 1844//4785 1843//4692 2124//4785
f 2124//4785 1843//4692 2101//4694
f 2124//4786 2101//4787 2125//4786
f 2125//4752 2101//4752 2115//4754
f 2125//4788 2115//4789 2126//4789
f 2126//4755 2115//4755 2116//4757
f 2126//4790 2116//4791 2127//4790
f 2127//4792 2116//4758 2117//4759
f 2127//4793 2117//4794 2128//4795
f 2128//4796 2117//4761 2097//4763
f 2128//4797 2097//4798 2129//4799
f 2129//4687 2097//4687 2052//4689
f 2129//4800 2052//4801 2011//4802
f 1773//3617 1844//4803 1772//3617
f 1772//4804 1844//4804 2124//4804
f 1772//3615 2124//4805 2103//4706
f 2103//4806 2124//4786 2125//4786
f 2103//4718 2125//4718 2106//4717
f 2106//4788 2125//4788 2126//4789
f 2106//4807 2126//4808 2130//4809
f 2130//4791 2126//4790 2127//4790
f 2130//4810 2127//4811 2131//4811
f 2131//4812 2127//4793 2128//4795
f 2131//4813 2128//4814 2132//4815
f 2132//4797 2128//4797 2129//4799
f 2132//4816 2129//4816 2095//4816
f 2095//4817 2129//4800 2011//4802
f 2095//4817 2011//4802 2010//4818
f 1756//4819 1757//4820 2094//4821
f 2094//4821 1757//4820 2120//4822
f 2094//4823 2120//4824 2133//4823
f 2133//4823 2120//4824 2121//4823
f 2133//4825 2121//4826 2134//4827
f 2134//4827 2121//4826 2122//4827
f 2134//4828 2122//4828 2135//4829
f 2135//4829 2122//4828 2123//4828
f 2135//4830 2123//4830 2136//4831
f 1752//154 1754//4679 2137//4832
f 2137//4832 1754//4679 2094//4681
f 2137//4832 2094//4681 2138//4833
f 2138//4833 2094//4681 2133//4834
f 2138//4833 2133//4834 2139//4835
f 2139//4835 2133//4834 2134//4836
f 2139//4835 2134//4836 2140//4837
f 2140//4837 2134//4836 2135//4838
f 2140//4837 2135//4838 2141//4839
f 2141//4839 2135//4838 2136//4840
f 2141//4839 2136//4840 2142//4841
f 2107//4842 2106//4843 2143//4844
f 2143//4807 2106//4807 2130//4809
f 2143//4845 2130//4846 2144//4845
f 2144//4847 2130//4810 2131//4811
f 2144//4848 2131//4849 2145//4848
f 2145//4850 2131//4813 2132//4815
f 2145//4851 2132//4851 2146//4852
f 2146//4853 2132//4816 2095//4816
f 2146//4854 2095//4855 2147//4855
f 2147//4684 2095//4682 2023//4684
f 2147//4856 2023//4857 2025//4858
f 1769//3609 2103//4716 1767//3607
f 1767//3607 2103//4716 2107//4716
f 1767//4732 2107//4859 2108//4730
f 2108//4860 2107//4842 2143//4844
f 2108//4735 2143//4861 2110//4736
f 2110//4862 2143//4845 2144//4845
f 2110//4772 2144//4773 2119//4773
f 2119//4848 2144//4848 2145//4848
f 2119//4783 2145//4863 2123//4784
f 2123//4851 2145//4851 2146//4852
f 2123//4830 2146//4830 2136//4831
f 2136//4854 2146//4854 2147//4855
f 2136//4840 2147//4856 2142//4841
f 2142//4841 2147//4856 2025//4858
f 2142//4841 2025//4858 2024//4864
f 2024//4865 1998//4865 2142//4866
f 2142//4866 1998//4865 2148//4867
f 2142//4866 2148//4867 2141//4868
f 2141//4868 2148//4867 2149//4869
f 2141//4868 2149//4869 2140//4870
f 2140//4870 2149//4869 2150//4871
f 2140//4870 2150//4871 2139//4872
f 2139//4872 2150//4871 2151//4873
f 2139//4872 2151//4873 2138//4874
f 2138//4874 2151//4873 2152//4875
f 2138//4874 2152//4875 2137//4876
f 2137//4876 2152//4875 2153//4877
f 2137//4876 2153//4877 1752//4878
f 1752//4878 2153//4877 1704//4879
f 47//2737 2154//2737 1998//2737
f 47//2737 1998//2737 48//2737
f 48//2737 1998//2737 1601//2737
f 48//2737 1601//2737 49//2737
f 49//2737 1601//2737 1611//2737
f 49//2737 1611//2737 2155//2737
f 2156//2737 2157//2737 1704//2737
f 2158//2737 2159//2737 1704//2737
f 1704//2737 2159//2737 2160//2737
f 2161//2737 1611//2737 2162//2737
f 2162//2737 1611//2737 2163//2737
f 2161//2737 2164//2737 1611//2737
f 1611//2737 2164//2737 2165//2737
f 1611//2737 2165//2737 2166//2737
f 2166//2737 2167//2737 1611//2737
f 1611//2737 2167//2737 2168//2737
f 1611//2737 2168//2737 2155//2737
f 2169//2737 2170//2737 1998//2737
f 1998//2737 2170//2737 2171//2737
f 1998//2737 2171//2737 2172//2737
f 2156//2737 1704//2737 2173//2737
f 2157//2737 2174//2737 1704//2737
f 1704//2737 2174//2737 2175//2737
f 1704//2737 2175//2737 2158//2737
f 2160//2737 2176//2737 1704//2737
f 1704//2737 2176//2737 2177//2737
f 1704//2737 2177//2737 1611//2737
f 1611//2737 2177//2737 2178//2737
f 1611//2737 2178//2737 2163//2737
f 2154//2737 2179//2737 1998//2737
f 1998//2737 2179//2737 2180//2737
f 1998//2737 2180//2737 2169//2737
f 2173//2737 1704//2737 2181//2737
f 2181//2737 1704//2737 2153//2737
f 2181//2737 2153//2737 2182//2737
f 2182//2737 2153//2737 2152//2737
f 2182//2737 2152//2737 2183//2737
f 2172//2737 2184//2737 1998//2737
f 1998//2737 2184//2737 2185//2737
f 1998//2737 2185//2737 2148//2737
f 2148//2737 2185//2737 2186//2737
f 2148//2737 2186//2737 2149//2737
f 2149//2737 2186//2737 2187//2737
f 2149//2737 2187//2737 2150//2737
f 2150//2737 2187//2737 2183//2737
f 2150//2737 2183//2737 2151//2737
f 2151//2737 2183//2737 2152//2737
f 2154//4880 47//34 46//33
f 2179//4881 2154//4880 2188//4882
f 2180//4883 2179//4881 2189//4884
f 2169//4885 2180//4883 2190//4886
f 2170//4887 2169//4885 2191//4888
f 2171//4889 2170//4887 2192//4890
f 2172//4891 2171//4889 2193//4892
f 2184//4893 2172//4891 2194//4894
f 2185//4895 2184//4893 2195//4896
f 2185//4895 2195//4896 2196//4897
f 2196//4898 2195//4898 2197//4898
f 2196//4898 2197//4898 2198//4898
f 2198//4899 2197//4900 2199//4899
f 2198//4899 2199//4899 2200//4901
f 2200//4902 2199//4903 2201//4904
f 2200//4902 2201//4904 2202//4905
f 2202//4906 2201//4907 2203//4906
f 2202//4906 2203//4906 2204//4908
f 2204//4909 2203//4910 2205//4909
f 2204//4909 2205//4909 2206//4911
f 2206//4912 2205//4913 2207//4912
f 2206//4912 2207//4912 2208//4914
f 2208//4915 2207//4916 2209//4915
f 2208//4915 2209//4915 2210//4917
f 2210//4918 2209//4919 2211//4920
f 2210//4918 2211//4920 2212//4921
f 2212//4922 2211//4923 2213//4924
f 2212//4922 2213//4924 1//4925
f 2184//4893 2194//4894 2195//4896
f 2195//4926 2194//4927 2214//4926
f 2195//4926 2214//4926 2197//4928
f 2197//4929 2214//4930 2215//4931
f 2197//4929 2215//4931 2199//4932
f 2199//4933 2215//4934 2216//4935
f 2199//4933 2216//4935 2201//4933
f 2201//4936 2216//4937 2217//4938
f 2201//4936 2217//4938 2203//4939
f 2203//4940 2217//4941 2218//4942
f 2203//4940 2218//4942 2205//4943
f 2205//4944 2218//4945 2219//4946
f 2205//4944 2219//4946 2207//4947
f 2207//4948 2219//4949 2220//4948
f 2207//4948 2220//4948 2209//4950
f 2209//4951 2220//4952 2221//4951
f 2209//4951 2221//4951 2211//4951
f 2211//4953 2221//4954 2222//4955
f 2211//4953 2222//4955 2213//4956
f 2172//4891 2193//4892 2194//4894
f 2194//4957 2193//4958 2223//4957
f 2194//4957 2223//4957 2214//4957
f 2214//4959 2223//4960 2224//4961
f 2214//4959 2224//4961 2215//4962
f 2215//4963 2224//4964 2225//4965
f 2215//4963 2225//4965 2216//4966
f 2216//4967 2225//4967 2226//4968
f 2216//4967 2226//4968 2217//4967
f 2217//4969 2226//4970 2227//4971
f 2217//4969 2227//4971 2218//4972
f 2218//4973 2227//4974 2228//4974
f 2218//4973 2228//4974 2219//4975
f 2219//4976 2228//4977 2229//4978
f 2219//4976 2229//4978 2220//4979
f 2220//4980 2229//4981 2230//4980
f 2220//4980 2230//4980 2221//4982
f 2221//4983 2230//4984 2231//4985
f 2221//4983 2231//4985 2222//4986
f 2171//4889 2192//4890 2193//4892
f 2193//4987 2192//4987 2232//4987
f 2193//4987 2232//4987 2223//4987
f 2223//4988 2232//4989 2233//4990
f 2223//4988 2233//4990 2224//4988
f 2224//4991 2233//4992 2234//4993
f 2224//4991 2234//4993 2225//4993
f 2225//4994 2234//4995 2235//4996
f 2225//4994 2235//4996 2226//4997
f 2226//4998 2235//4999 2236//5000
f 2226//4998 2236//5000 2227//5001
f 2227//5002 2236//5003 2237//5004
f 2227//5002 2237//5004 2228//5005
f 2228//5006 2237//5007 2238//5006
f 2228//5006 2238//5006 2229//5008
f 2229//5009 2238//5010 2239//5011
f 2229//5009 2239//5011 2230//5012
f 2230//5013 2239//5014 2240//5013
f 2230//5013 2240//5013 2231//5015
f 2170//4887 2191//4888 2192//4890
f 2192//5016 2191//5016 2241//5016
f 2192//5016 2241//5016 2232//5017
f 2232//5018 2241//5019 2242//5019
f 2232//5018 2242//5019 2233//5019
f 2233//5020 2242//5021 2243//5021
f 2233//5020 2243//5021 2234//5022
f 2234//5023 2243//5023 2244//5023
f 2234//5023 2244//5023 2235//5024
f 2235//5025 2244//5026 2245//5027
f 2235//5025 2245//5027 2236//5028
f 2236//5029 2245//5030 2246//5031
f 2236//5029 2246//5031 2237//5032
f 2237//5033 2246//5034 2247//5033
f 2237//5033 2247//5033 2238//5035
f 2238//5036 2247//5037 2248//5038
f 2238//5036 2248//5038 2239//5039
f 2239//5040 2248//5041 2249//5040
f 2239//5040 2249//5040 2240//5042
f 2169//4885 2190//4886 2191//4888
f 2191//5043 2190//5043 2250//5043
f 2191//5043 2250//5043 2241//5043
f 2241//5044 2250//5044 2251//5045
f 2241//5044 2251//5045 2242//5046
f 2242//5047 2251//5048 2252//5047
f 2242//5047 2252//5047 2243//5049
f 2243//5050 2252//5051 2253//5052
f 2243//5050 2253//5052 2244//5053
f 2244//5054 2253//5055 2254//5056
f 2244//5054 2254//5056 2245//5057
f 2245//5058 2254//5059 2255//5058
f 2245//5058 2255//5058 2246//5060
f 2246//5061 2255//5062 2256//5061
f 2246//5061 2256//5061 2247//5063
f 2247//5064 2256//5065 2257//5066
f 2247//5064 2257//5066 2248//5067
f 2248//5068 2257//5069 2258//5070
f 2248//5068 2258//5070 2249//5069
f 2180//4883 2189//4884 2190//4886
f 2190//5071 2189//5072 2259//5072
f 2190//5071 2259//5072 2250//5071
f 2250//5073 2259//5074 2260//5073
f 2250//5073 2260//5073 2251//5075
f 2251//5076 2260//5077 2261//5078
f 2251//5076 2261//5078 2252//5079
f 2252//5080 2261//5080 2262//5080
f 2252//5080 2262//5080 2253//5080
f 2253//5081 2262//5082 2263//5081
f 2253//5081 2263//5081 2254//5083
f 2254//5084 2263//5085 2264//5086
f 2254//5084 2264//5086 2255//5087
f 2255//5088 2264//5089 2265//5090
f 2255//5088 2265//5090 2256//5091
f 2256//5092 2265//5093 2266//5092
f 2256//5092 2266//5092 2257//5094
f 2257//5095 2266//5096 2267//5097
f 2257//5095 2267//5097 2258//5097
f 2179//4881 2188//4882 2189//4884
f 2189//5098 2188//5098 2268//5098
f 2189//5098 2268//5098 2259//5098
f 2259//5099 2268//5100 2269//5101
f 2259//5099 2269//5101 2260//5102
f 2260//5103 2269//5103 2270//5103
f 2260//5103 2270//5103 2261//5103
f 2261//5104 2270//5105 2271//5105
f 2261//5104 2271//5105 2262//5106
f 2262//5107 2271//5108 2272//5109
f 2262//5107 2272//5109 2263//5110
f 2263//5111 2272//5111 2273//5112
f 2263//5111 2273//5112 2264//5113
f 2264//5114 2273//5115 2274//5115
f 2264//5114 2274//5115 2265//5116
f 2265//5117 2274//5118 2275//5117
f 2265//5117 2275//5117 2266//5119
f 2266//5120 2275//5121 2276//5120
f 2266//5120 2276//5120 2267//5121
f 2154//4880 46//33 2188//4882
f 2188//5122 46//5122 21//5122
f 2188//5122 21//5122 2268//5123
f 2268//5124 21//5125 20//5126
f 2268//5124 20//5126 2269//5127
f 2269//5128 20//5129 39//5129
f 2269//5128 39//5129 2270//5130
f 2270//5131 39//5131 34//5131
f 2270//5131 34//5131 2271//5132
f 2271//5133 34//5134 33//5135
f 2271//5133 33//5135 2272//5133
f 2272//5136 33//5136 28//5136
f 2272//5136 28//5136 2273//5136
f 2273//5137 28//5137 27//5137
f 2273//5137 27//5137 2274//5138
f 2274//5139 27//5139 22//5139
f 2274//5139 22//5139 2275//5139
f 2275//5140 22//5140 24//5140
f 2275//5140 24//5140 2276//5140
f 2186//5141 2185//4895 2196//4897
f 2187//5142 2186//5141 2277//5143
f 2183//5144 2187//5142 2278//5145
f 2182//5146 2183//5144 2279//5147
f 2181//5148 2182//5146 2280//5149
f 2173//5150 2181//5148 2281//5151
f 2173//5150 2281//5151 2282//5152
f 2282//5153 2281//5154 2283//5155
f 2282//5153 2283//5155 2284//5153
f 2284//5156 2283//5157 2285//5157
f 2284//5156 2285//5157 2286//5158
f 2286//5159 2285//5160 2287//5160
f 2286//5159 2287//5160 2288//5159
f 2288//5161 2287//5162 2289//5163
f 2288//5161 2289//5163 2290//5161
f 2290//5164 2289//5165 2291//5165
f 2290//5164 2291//5165 2292//5164
f 2292//5166 2291//5167 2293//5167
f 2292//5166 2293//5167 2294//5168
f 2294//5169 2293//5170 2295//5170
f 2294//5169 2295//5170 2296//5171
f 2296//5172 2295//5173 2297//5174
f 2296//5172 2297//5174 2298//5175
f 2298//5176 2297//5177 15//5177
f 2298//5176 15//5177 17//5178
f 2299//5179 11//5180 13//5181
f 2181//5148 2280//5149 2281//5151
f 2281//5154 2280//5182 2300//5183
f 2281//5154 2300//5183 2283//5155
f 2283//5184 2300//5185 2301//5186
f 2283//5184 2301//5186 2285//5187
f 2285//5188 2301//5189 2302//5190
f 2285//5188 2302//5190 2287//5191
f 2287//5192 2302//5193 2303//5194
f 2287//5192 2303//5194 2289//5192
f 2289//5195 2303//5196 2304//5197
f 2289//5195 2304//5197 2291//5195
f 2291//5198 2304//5199 2305//5199
f 2291//5198 2305//5199 2293//5198
f 2293//5200 2305//5201 2306//5201
f 2293//5200 2306//5201 2295//5200
f 2295//5202 2306//5203 2299//5204
f 2295//5202 2299//5204 2297//5205
f 2297//5180 2299//5179 13//5181
f 2297//5180 13//5181 15//5180
f 2182//5146 2279//5147 2280//5149
f 2280//5182 2279//5206 2307//5207
f 2280//5182 2307//5207 2300//5183
f 2300//5208 2307//5208 2308//5208
f 2300//5208 2308//5208 2301//5209
f 2301//5210 2308//5211 2309//5212
f 2301//5210 2309//5212 2302//5210
f 2302//5213 2309//5213 2310//5214
f 2302//5213 2310//5214 2303//5214
f 2303//5215 2310//5216 2311//5215
f 2303//5215 2311//5215 2304//5217
f 2304//5218 2311//5219 2312//5220
f 2304//5218 2312//5220 2305//5218
f 2305//5221 2312//5222 2313//5222
f 2305//5221 2313//5222 2306//5223
f 2306//5224 2313//5225 2314//5226
f 2306//5224 2314//5226 2299//5227
f 2299//5228 2314//5228 9//5229
f 2299//5228 9//5229 11//5230
f 2183//5144 2278//5145 2279//5147
f 2279//5206 2278//5231 2315//5232
f 2279//5206 2315//5232 2307//5207
f 2307//5233 2315//5234 2316//5235
f 2307//5233 2316//5235 2308//5233
f 2308//5236 2316//5237 2317//5237
f 2308//5236 2317//5237 2309//5237
f 2309//5238 2317//5239 2318//5239
f 2309//5238 2318//5239 2310//5238
f 2310//5240 2318//5241 2319//5242
f 2310//5240 2319//5242 2311//5240
f 2311//5243 2319//5244 2320//5244
f 2311//5243 2320//5244 2312//5245
f 2312//5246 2320//5247 2321//5248
f 2312//5246 2321//5248 2313//5246
f 2313//5249 2321//5250 2322//5251
f 2313//5249 2322//5251 2314//5252
f 2314//5253 2322//5254 7//5253
f 2314//5253 7//5253 9//5253
f 2323//5255 3//5255 5//5256
f 2187//5142 2277//5143 2278//5145
f 2278//5231 2277//5257 2324//5258
f 2278//5231 2324//5258 2315//5232
f 2315//5259 2324//5260 2325//5261
f 2315//5259 2325//5261 2316//5259
f 2316//5262 2325//5263 2326//5264
f 2316//5262 2326//5264 2317//5263
f 2317//5265 2326//5266 2327//5267
f 2317//5265 2327//5267 2318//5265
f 2318//5268 2327//5269 2328//5269
f 2318//5268 2328//5269 2319//5268
f 2319//5270 2328//5271 2329//5272
f 2319//5270 2329//5272 2320//5270
f 2320//5273 2329//5274 2330//5274
f 2320//5273 2330//5274 2321//5274
f 2321//5275 2330//5276 2323//5277
f 2321//5275 2323//5277 2322//5278
f 2322//5279 2323//5255 5//5256
f 2322//5279 5//5256 7//5279
f 2186//5141 2196//4897 2277//5143
f 2277//5257 2196//5280 2198//5281
f 2277//5257 2198//5281 2324//5258
f 2324//5282 2198//5283 2200//5284
f 2324//5282 2200//5284 2325//5285
f 2325//5286 2200//5286 2202//5286
f 2325//5286 2202//5286 2326//5287
f 2326//5288 2202//5289 2204//5289
f 2326//5288 2204//5289 2327//5290
f 2327//5291 2204//5292 2206//5293
f 2327//5291 2206//5293 2328//5294
f 2328//5295 2206//5296 2208//5297
f 2328//5295 2208//5297 2329//5298
f 2329//5299 2208//5300 2210//5300
f 2329//5299 2210//5300 2330//5301
f 2330//5302 2210//5303 2212//5303
f 2330//5302 2212//5303 2323//5302
f 2323//5304 2212//5304 1//5305
f 2323//5304 1//5305 3//5305
f 2156//5306 2173//5150 2282//5152
f 2157//5307 2156//5306 2331//5308
f 2174//5309 2157//5307 2332//5310
f 2175//5311 2174//5309 2333//5312
f 2158//5313 2175//5311 2334//5314
f 2159//5315 2158//5313 2335//5316
f 2160//5317 2159//5315 2336//5318
f 2176//5319 2160//5317 2337//5320
f 2177//5321 2176//5319 2338//5322
f 2177//5321 2338//5322 2339//5323
f 2339//5324 2338//5325 2340//5324
f 2339//5324 2340//5324 2341//5324
f 2341//5326 2340//5327 2342//5328
f 2341//5326 2342//5328 2343//5329
f 2343//5330 2342//5331 2344//5332
f 2343//5330 2344//5332 2345//5333
f 2345//5334 2344//5335 2346//5336
f 2345//5334 2346//5336 2347//5336
f 2347//5337 2346//5338 2348//5337
f 2347//5337 2348//5337 2349//5339
f 2349//5340 2348//5340 2350//5340
f 2349//5340 2350//5340 2351//5341
f 2351//5342 2350//5343 2352//5342
f 2351//5342 2352//5342 2353//5342
f 2353//5344 2352//5345 2354//5344
f 2353//5344 2354//5344 2355//5346
f 2355//5347 2354//5348 2356//5347
f 2355//5347 2356//5347 2357//5347
f 2176//5319 2337//5320 2338//5322
f 2338//5349 2337//5350 2358//5350
f 2338//5349 2358//5350 2340//5349
f 2340//5351 2358//5352 2359//5353
f 2340//5351 2359//5353 2342//5352
f 2342//5354 2359//5355 2360//5355
f 2342//5354 2360//5355 2344//5355
f 2344//5356 2360//5357 2361//5358
f 2344//5356 2361//5358 2346//5359
f 2346//5360 2361//5361 2362//5362
f 2346//5360 2362//5362 2348//5363
f 2348//5364 2362//5365 2363//5364
f 2348//5364 2363//5364 2350//5366
f 2350//5367 2363//5367 2364//5367
f 2350//5367 2364//5367 2352//5367
f 2352//5368 2364//5369 2365//5368
f 2352//5368 2365//5368 2354//5370
f 2354//5371 2365//5372 2366//5371
f 2354//5371 2366//5371 2356//5373
f 2160//5317 2336//5318 2337//5320
f 2337//5374 2336//5374 2367//5374
f 2337//5374 2367//5374 2358//5374
f 2358//5375 2367//5376 2368//5375
f 2358//5375 2368//5375 2359//5375
f 2359//5377 2368//5378 2369//5379
f 2359//5377 2369//5379 2360//5380
f 2360//5381 2369//5382 2370//5382
f 2360//5381 2370//5382 2361//5383
f 2361//5384 2370//5385 2371//5384
f 2361//5384 2371//5384 2362//5386
f 2362//5387 2371//5388 2372//5389
f 2362//5387 2372//5389 2363//5390
f 2363//5391 2372//5392 2373//5393
f 2363//5391 2373//5393 2364//5394
f 2364//5395 2373//5396 2374//5397
f 2364//5395 2374//5397 2365//5398
f 2365//5399 2374//5400 2375//5399
f 2365//5399 2375//5399 2366//5401
f 2159//5315 2335//5316 2336//5318
f 2336//5402 2335//5403 2376//5402
f 2336//5402 2376//5402 2367//5402
f 2367//5404 2376//5405 2377//5406
f 2367//5404 2377//5406 2368//5404
f 2368//5407 2377//5407 2378//5408
f 2368//5407 2378//5408 2369//5409
f 2369//5410 2378//5411 2379//5411
f 2369//5410 2379//5411 2370//5412
f 2370//5413 2379//5414 2380//5413
f 2370//5413 2380//5413 2371//5415
f 2371//5416 2380//5417 2381//5418
f 2371//5416 2381//5418 2372//5419
f 2372//5420 2381//5421 2382//5420
f 2372//5420 2382//5420 2373//5420
f 2373//5422 2382//5423 2383//5424
f 2373//5422 2383//5424 2374//5425
f 2374//5426 2383//5427 2384//5428
f 2374//5426 2384//5428 2375//5429
f 2158//5313 2334//5314 2335//5316
f 2335//5430 2334//5431 2385//5430
f 2335//5430 2385//5430 2376//5432
f 2376//5433 2385//5434 2386//5435
f 2376//5433 2386//5435 2377//5436
f 2377//5437 2386//5437 2387//5438
f 2377//5437 2387//5438 2378//5439
f 2378//5440 2387//5441 2388//5442
f 2378//5440 2388//5442 2379//5443
f 2379//5444 2388//5445 2389//5445
f 2379//5444 2389//5445 2380//5446
f 2380//5447 2389//5448 2390//5449
f 2380//5447 2390//5449 2381//5450
f 2381//5451 2390//5452 2391//5451
f 2381//5451 2391//5451 2382//5451
f 2382//5453 2391//5454 2392//5453
f 2382//5453 2392//5453 2383//5455
f 2383//5456 2392//5457 2393//5458
f 2383//5456 2393//5458 2384//5459
f 2175//5311 2333//5312 2334//5314
f 2334//5460 2333//5461 2394//5460
f 2334//5460 2394//5460 2385//5460
f 2385//5462 2394//5463 2395//5464
f 2385//5462 2395//5464 2386//5464
f 2386//5465 2395//5466 2396//5465
f 2386//5465 2396//5465 2387//5467
f 2387//5468 2396//5469 2397//5469
f 2387//5468 2397//5469 2388//5470
f 2388//5471 2397//5471 2398//5471
f 2388//5471 2398//5471 2389//5472
f 2389//5473 2398//5474 2399//5475
f 2389//5473 2399//5475 2390//5476
f 2390//5477 2399//5478 2400//5477
f 2390//5477 2400//5477 2391//5479
f 2391//5480 2400//5481 2401//5480
f 2391//5480 2401//5480 2392//5482
f 2392//5483 2401//5484 2402//5485
f 2392//5483 2402//5485 2393//5486
f 2174//5309 2332//5310 2333//5312
f 2333//5487 2332//5487 2403//5487
f 2333//5487 2403//5487 2394//5488
f 2394//5489 2403//5490 2404//5491
f 2394//5489 2404//5491 2395//5491
f 2395//5492 2404//5492 2405//5493
f 2395//5492 2405//5493 2396//5492
f 2396//5494 2405//5495 2406//5494
f 2396//5494 2406//5494 2397//5496
f 2397//5497 2406//5498 2407//5497
f 2397//5497 2407//5497 2398//5497
f 2398//5499 2407//5500 2408//5501
f 2398//5499 2408//5501 2399//5502
f 2399//5503 2408//5504 2409//5505
f 2399//5503 2409//5505 2400//5506
f 2400//5507 2409//5508 2410//5509
f 2400//5507 2410//5509 2401//5510
f 2401//5511 2410//5512 2411//5513
f 2401//5511 2411//5513 2402//5514
f 2157//5307 2331//5308 2332//5310
f 2332//5515 2331//5515 2412//5515
f 2332//5515 2412//5515 2403//5516
f 2403//5517 2412//5518 2413//5519
f 2403//5517 2413//5519 2404//5520
f 2404//5521 2413//5522 2414//5523
f 2404//5521 2414//5523 2405//5524
f 2405//5525 2414//5526 2415//5525
f 2405//5525 2415//5525 2406//5527
f 2406//5528 2415//5529 2416//5528
f 2406//5528 2416//5528 2407//5530
f 2407//5531 2416//5532 2417//5533
f 2407//5531 2417//5533 2408//5534
f 2408//5535 2417//5535 2418//5536
f 2408//5535 2418//5536 2409//5537
f 2409//5538 2418//5539 2419//5540
f 2409//5538 2419//5540 2410//5541
f 2410//5542 2419//5543 2420//5542
f 2410//5542 2420//5542 2411//5544
f 2156//5306 2282//5152 2331//5308
f 2331//5545 2282//5546 2284//5545
f 2331//5545 2284//5545 2412//5547
f 2412//5548 2284//5549 2286//5550
f 2412//5548 2286//5550 2413//5551
f 2413//5552 2286//5553 2288//5554
f 2413//5552 2288//5554 2414//5555
f 2414//5556 2288//5556 2290//5556
f 2414//5556 2290//5556 2415//5557
f 2415//5558 2290//5559 2292//5560
f 2415//5558 2292//5560 2416//5561
f 2416//5562 2292//5563 2294//5564
f 2416//5562 2294//5564 2417//5565
f 2417//5566 2294//5567 2296//5566
f 2417//5566 2296//5566 2418//5568
f 2418//5569 2296//5570 2298//5571
f 2418//5569 2298//5571 2419//5572
f 2419//5573 2298//5574 17//5573
f 2419//5573 17//5573 2420//5575
f 2178//5576 2177//5321 2339//5323
f 2178//5576 2339//5323 2421//5577
f 2421//5578 2339//5578 2341//5578
f 2421//5578 2341//5578 2422//5578
f 2422//3522 2341//3522 2343//3522
f 2422//3522 2343//3522 2423//3522
f 2423//3526 2343//5579 2345//5579
f 2423//3526 2345//5579 2424//5580
f 2424//5581 2345//5581 2347//3531
f 2424//5581 2347//3531 2425//5581
f 2425//3534 2347//5582 2349//5582
f 2425//3534 2349//5582 2426//5582
f 2426//5583 2349//3538 2351//5583
f 2426//5583 2351//5583 2427//3538
f 2427//3542 2351//3542 2353//3542
f 2427//3542 2353//3542 2428//3542
f 2428//5584 2353//5585 2355//3546
f 2428//5584 2355//3546 2429//5584
f 2429//5586 2355//5587 2357//5587
f 2429//5586 2357//5587 2430//5588
f 2178//5576 2421//5577 2163//5589
f 2163//5589 2421//5577 2431//5590
f 2163//5589 2431//5590 2162//5591
f 2162//5591 2431//5590 2432//5592
f 2162//5591 2432//5592 2161//5593
f 2161//5593 2432//5592 2433//5594
f 2161//5593 2433//5594 2164//5595
f 2164//5595 2433//5594 2434//5596
f 2164//5595 2434//5596 2165//5597
f 2165//5597 2434//5596 2435//5598
f 2165//5597 2435//5598 2166//5599
f 2166//5599 2435//5598 2436//5600
f 2166//5599 2436//5600 2167//5601
f 2167//5601 2436//5600 2437//5602
f 2167//5601 2437//5602 2168//5603
f 2168//5603 2437//5602 2438//5604
f 2168//5603 2438//5604 2155//5605
f 2155//5605 2438//5604 2439//5606
f 2155//5605 2439//5606 49//37
f 49//37 2439//5606 50//38
f 2421//5607 2422//5607 2431//5607
f 2431//5607 2422//5607 2440//5607
f 2431//5608 2440//5608 2432//5608
f 2432//5608 2440//5608 2441//5609
f 2432//5610 2441//5610 2433//5610
f 2433//5610 2441//5610 2442//5610
f 2433//5611 2442//5611 2434//5611
f 2434//5611 2442//5611 2443//5611
f 2434//5612 2443//5612 2435//5612
f 2435//5612 2443//5612 2444//5612
f 2435//5613 2444//5613 2436//5613
f 2436//5613 2444//5613 2445//5614
f 2436//5615 2445//5615 2437//5615
f 2437//5615 2445//5615 2446//5615
f 2437//5616 2446//5616 2438//5616
f 2438//5616 2446//5616 2447//5616
f 2438//5617 2447//5617 2439//5617
f 2439//5617 2447//5617 2448//5617
f 2439//5618 2448//5618 50//5618
f 50//5618 2448//5618 51//5618
f 2422//5619 2423//5620 2440//5621
f 2440//5621 2423//5620 2449//5622
f 2440//5623 2449//5624 2441//5625
f 2441//5625 2449//5624 2450//5626
f 2441//5627 2450//5628 2442//5629
f 2442//5629 2450//5628 2451//5629
f 2442//5630 2451//5631 2443//5632
f 2443//5632 2451//5631 2452//5630
f 2443//5633 2452//5633 2444//5634
f 2444//5634 2452//5633 2453//5635
f 2444//5636 2453//5636 2445//5637
f 2445//5637 2453//5636 2454//5637
f 2445//5638 2454//5639 2446//5640
f 2446//5640 2454//5639 2455//5640
f 2446//5641 2455//5642 2447//5642
f 2447//5642 2455//5642 2456//5642
f 2447//5643 2456//5644 2448//5645
f 2448//5645 2456//5644 2457//5645
f 2448//5646 2457//5646 51//5647
f 51//5647 2457//5646 52//5646
f 2423//5648 2424//5649 2449//5649
f 2449//5649 2424//5649 2458//5650
f 2449//5651 2458//5651 2450//5651
f 2450//5651 2458//5651 2459//5651
f 2450//5652 2459//5652 2451//5653
f 2451//5653 2459//5652 2460//5652
f 2451//5654 2460//5655 2452//5655
f 2452//5655 2460//5655 2461//5655
f 2452//5656 2461//5656 2453//5656
f 2453//5656 2461//5656 2462//5656
f 2453//5657 2462//5657 2454//5657
f 2454//5657 2462//5657 2463//5657
f 2454//5658 2463//5658 2455//5659
f 2455//5659 2463//5658 2464//5659
f 2455//5660 2464//5661 2456//5662
f 2456//5662 2464//5661 2465//5660
f 2456//5663 2465//5663 2457//5664
f 2457//5664 2465//5663 2466//5665
f 2457//5666 2466//5666 52//5666
f 52//5666 2466//5666 53//5666
f 2424//5667 2425//5668 2458//5667
f 2458//5667 2425//5668 2467//5669
f 2458//5670 2467//5671 2459//5672
f 2459//5672 2467//5671 2468//5673
f 2459//5674 2468//5674 2460//5674
f 2460//5674 2468//5674 2469//5674
f 2460//5675 2469//5676 2461//5677
f 2461//5677 2469//5676 2470//5677
f 2461//5678 2470//5678 2462//5679
f 2462//5679 2470//5678 2471//5679
f 2462//5680 2471//5681 2463//5681
f 2463//5681 2471//5681 2472//5680
f 2463//5682 2472//5683 2464//5684
f 2464//5684 2472//5683 2473//5684
f 2464//5685 2473//5685 2465//5685
f 2465//5685 2473//5685 2474//5685
f 2465//5686 2474//5687 2466//5686
f 2466//5686 2474//5687 2475//5688
f 2466//5689 2475//5690 53//5691
f 53//5691 2475//5690 54//5691
f 2425//5692 2426//5693 2467//5692
f 2467//5692 2426//5693 2476//5693
f 2467//5694 2476//5695 2468//5694
f 2468//5694 2476//5695 2477//5696
f 2468//5697 2477//5697 2469//5697
f 2469//5697 2477//5697 2478//5698
f 2469//5699 2478//5699 2470//5700
f 2470//5700 2478//5699 2479//5699
f 2470//5701 2479//5701 2471//5701
f 2471//5701 2479//5701 2480//5701
f 2471//5702 2480//5702 2472//5703
f 2472//5703 2480//5702 2481//5702
f 2472//5704 2481//5704 2473//5704
f 2473//5704 2481//5704 2482//5704
f 2473//5705 2482//5705 2474//5705
f 2474//5705 2482//5705 2483//5705
f 2474//5706 2483//5707 2475//5706
f 2475//5706 2483//5707 2484//5707
f 2475//5708 2484//5708 54//5708
f 54//5708 2484//5708 55//5708
f 2426//5709 2427//5710 2476//5710
f 2476//5710 2427//5710 2485//5710
f 2476//5711 2485//5712 2477//5711
f 2477//5711 2485//5712 2486//5711
f 2477//5713 2486//5714 2478//5715
f 2478//5715 2486//5714 2487//5716
f 2478//5717 2487//5718 2479//5719
f 2479//5719 2487//5718 2488//5720
f 2479//5721 2488//5721 2480//5722
f 2480//5722 2488//5721 2489//5723
f 2480//5724 2489//5724 2481//5725
f 2481//5725 2489//5724 2490//5726
f 2481//5727 2490//5727 2482//5727
f 2482//5727 2490//5727 2491//5727
f 2482//5728 2491//5728 2483//5729
f 2483//5729 2491//5728 2492//5729
f 2483//5730 2492//5730 2484//5731
f 2484//5731 2492//5730 2493//5731
f 2484//5732 2493//5732 55//5733
f 55//5733 2493//5732 56//5734
f 2427//5735 2428//5736 2485//5736
f 2485//5736 2428//5736 2494//5736
f 2485//5737 2494//5738 2486//5738
f 2486//5738 2494//5738 2495//5738
f 2486//5739 2495//5740 2487//5739
f 2487//5739 2495//5740 2496//5741
f 2487//5742 2496//5742 2488//5742
f 2488//5742 2496//5742 2497//5742
f 2488//5743 2497//5744 2489//5744
f 2489//5744 2497//5744 2498//5745
f 2489//5746 2498//5747 2490//5747
f 2490//5747 2498//5747 2499//5747
f 2490//5748 2499//5749 2491//5749
f 2491//5749 2499//5749 2500//5749
f 2491//5750 2500//5750 2492//5750
f 2492//5750 2500//5750 2501//5750
f 2492//5751 2501//5752 2493//5751
f 2493//5751 2501//5752 2502//5753
f 2493//5754 2502//5755 56//5755
f 56//5755 2502//5755 57//5755
f 2428//5756 2429//5756 2494//5756
f 2494//5756 2429//5756 2503//5757
f 2494//5758 2503//5759 2495//5760
f 2495//5760 2503//5759 2504//5758
f 2495//5761 2504//5761 2496//5761
f 2496//5761 2504//5761 2505//5762
f 2496//5763 2505//5764 2497//5763
f 2497//5763 2505//5764 2506//5765
f 2497//5766 2506//5766 2498//5766
f 2498//5766 2506//5766 2507//5767
f 2498//5768 2507//5769 2499//5769
f 2499//5769 2507//5769 2508//5770
f 2499//5771 2508//5771 2500//5771
f 2500//5771 2508//5771 2509//5771
f 2500//5772 2509//5772 2501//5772
f 2501//5772 2509//5772 2510//5773
f 2501//5774 2510//5775 2502//5775
f 2502//5775 2510//5775 2511//5775
f 2502//5776 2511//5777 57//5777
f 57//5777 2511//5777 58//5777
f 2429//5778 2430//5779 2503//5779
f 2503//5779 2430//5779 2512//5779
f 2503//5780 2512//5781 2504//5781
f 2504//5781 2512//5781 2513//5781
f 2504//5782 2513//5783 2505//5783
f 2505//5783 2513//5783 2514//5782
f 2505//5784 2514//5785 2506//5785
f 2506//5785 2514//5785 2515//5786
f 2506//5787 2515//5788 2507//5788
f 2507//5788 2515//5788 2516//5789
f 2507//5790 2516//5791 2508//5792
f 2508//5792 2516//5791 2517//5793
f 2508//5794 2517//5794 2509//5794
f 2509//5794 2517//5794 2518//5794
f 2509//5795 2518//5796 2510//5796
f 2510//5796 2518//5796 2519//5797
f 2510//5798 2519//5799 2511//5799
f 2511//5799 2519//5799 2520//5799
f 2511//3509 2520//3509 58//3508
f 58//3508 2520//3509 59//3509
f 2430//2277 2521//5800 2522//5801
f 2430//2277 2522//5801 2512//2276
f 2512//2279 2522//2279 2523//2279
f 2512//2279 2523//2279 2513//2279
f 2513//2280 2523//2280 2524//2280
f 2513//2280 2524//2280 2514//2280
f 2514//2741 2524//2741 2525//2741
f 2514//2741 2525//2741 2515//2741
f 2515//2285 2525//2284 2526//2284
f 2515//2285 2526//2284 2516//2285
f 2516//2287 2526//2287 2527//2287
f 2516//2287 2527//2287 2517//2287
f 2517//2288 2527//2289 2528//2740
f 2517//2288 2528//2740 2518//2289
f 2518//2290 2528//2290 2529//2290
f 2518//2290 2529//2290 2519//2290
f 2519//2291 2529//2291 2530//2291
f 2519//2291 2530//2291 2520//2292
f 2520//2294 2530//2295 2531//5802
f 2520//2294 2531//5802 59//2295
f 2532//5803 2533//5803 2534//5804
f 2533//5805 2532//5806 2521//5807
f 2521//5800 2535//5808 2522//5801
f 2536//5809 2535//5808 2521//5800
f 2523//5810 2522//5811 2537//5812
f 2537//5812 2522//5811 2535//5813
f 2537//5814 2535//5815 2538//3270
f 2538//3270 2535//5815 2536//5816
f 2538//5817 2536//5818 2539//5819
f 2540//3458 2534//3458 2541//5820
f 2541//3279 2534//5821 2533//3279
f 2541//3279 2533//3279 2542//5822
f 2542//5823 2533//5824 2521//5823
f 2524//3283 2523//5825 2543//5826
f 2543//5826 2523//5825 2537//5827
f 2543//5828 2537//5829 2544//5830
f 2544//5830 2537//5829 2538//5831
f 2544//3289 2538//3288 2545//3288
f 2545//3288 2538//3288 2539//5832
f 2545//3293 2539//5833 2546//3292
f 2547//3457 2540//3457 2548//5834
f 2548//3297 2540//5835 2541//3297
f 2548//3297 2541//3297 2549//3298
f 2549//5836 2541//5836 2542//3302
f 2549//5836 2542//3302 2550//5837
f 2550//5838 2542//5823 2521//5823
f 2525//3305 2524//3306 2551//3305
f 2551//3305 2524//3306 2543//3306
f 2551//3308 2543//3309 2552//3309
f 2552//3309 2543//3309 2544//5839
f 2552//3312 2544//3313 2553//3312
f 2553//3312 2544//3313 2545//3313
f 2553//3314 2545//3315 2554//3315
f 2554//3315 2545//3315 2546//5840
f 2554//3318 2546//5841 2555//5842
f 2556//5843 2547//5844 2557//5844
f 2557//3322 2547//5845 2548//5846
f 2557//3322 2548//5846 2558//3321
f 2558//5847 2548//5848 2549//5849
f 2558//5847 2549//5849 2559//5850
f 2559//5851 2549//5851 2550//3325
f 2559//5851 2550//3325 2560//3325
f 2560//5852 2550//5853 2521//5854
f 2526//3332 2525//5855 2561//3332
f 2561//3332 2525//5855 2551//5856
f 2561//5857 2551//3334 2562//3334
f 2562//3334 2551//3334 2552//3334
f 2562//5858 2552//3335 2563//5859
f 2563//5859 2552//3335 2553//5860
f 2563//3340 2553//3338 2564//3338
f 2564//3338 2553//3338 2554//5861
f 2564//3342 2554//3342 2565//5862
f 2565//5862 2554//3342 2555//5862
f 2565//3343 2555//5863 2566//5863
f 2567//3345 2556//5864 2568//5865
f 2568//5866 2556//5866 2557//5866
f 2568//5866 2557//5866 2569//3348
f 2569//3349 2557//3349 2558//3349
f 2569//3349 2558//3349 2570//5867
f 2570//5868 2558//3355 2559//5869
f 2570//5868 2559//5869 2571//3355
f 2571//3357 2559//3357 2560//5870
f 2571//3357 2560//5870 2572//5870
f 2572//5871 2560//5852 2521//5854
f 2527//5872 2526//3361 2573//3361
f 2573//3361 2526//3361 2561//3361
f 2573//3363 2561//3363 2574//5873
f 2574//5873 2561//3363 2562//3364
f 2574//3366 2562//5874 2575//3366
f 2575//3366 2562//5874 2563//5875
f 2575//3368 2563//3367 2576//3368
f 2576//3368 2563//3367 2564//3368
f 2576//3371 2564//3371 2577//3371
f 2577//3371 2564//3371 2565//3371
f 2577//5876 2565//3372 2578//3372
f 2578//3372 2565//3372 2566//5876
f 2578//3375 2566//3375 2579//3375
f 2580//5877 2567//3376 2581//3376
f 2581//5878 2567//5879 2568//5880
f 2581//5878 2568//5880 2582//5878
f 2582//3380 2568//3380 2569//3380
f 2582//3380 2569//3380 2583//5881
f 2583//3383 2569//3383 2570//3383
f 2583//3383 2570//3383 2584//3383
f 2584//5882 2570//3385 2571//3386
f 2584//5882 2571//3386 2585//3386
f 2585//5883 2571//5884 2572//5884
f 2585//5883 2572//5884 2586//5885
f 2586//5886 2572//5887 2521//5888
f 2528//3395 2527//3395 2587//3393
f 2587//3393 2527//3395 2573//5889
f 2587//3397 2573//3398 2588//3398
f 2588//3398 2573//3398 2574//3396
f 2588//3399 2574//5890 2589//3399
f 2589//3399 2574//5890 2575//5890
f 2589//5891 2575//5892 2590//3402
f 2590//3402 2575//5892 2576//3402
f 2590//5893 2576//3404 2591//5894
f 2591//5894 2576//3404 2577//3406
f 2591//5895 2577//3407 2592//5895
f 2592//5895 2577//3407 2578//5896
f 2592//5897 2578//3409 2593//5898
f 2593//5898 2578//3409 2579//5899
f 2593//3411 2579//5900 2594//3411
f 2595//3412 2580//3412 2596//5901
f 2596//3413 2580//5902 2581//5903
f 2596//3413 2581//5903 2597//5904
f 2597//3416 2581//5905 2582//5906
f 2597//3416 2582//5906 2598//5907
f 2598//3417 2582//3417 2583//3417
f 2598//3417 2583//3417 2599//3417
f 2599//3419 2583//3419 2584//5908
f 2599//3419 2584//5908 2600//5909
f 2600//3422 2584//5910 2585//3422
f 2600//3422 2585//3422 2601//3422
f 2601//3425 2585//3425 2586//3425
f 2601//3425 2586//3425 2602//5911
f 2602//5912 2586//5886 2521//5888
f 2529//5913 2528//5914 2603//5914
f 2603//5914 2528//5914 2587//3431
f 2603//3433 2587//5915 2604//3433
f 2604//3433 2587//5915 2588//5916
f 2604//3437 2588//5917 2605//5918
f 2605//5918 2588//5917 2589//3437
f 2605//3439 2589//3439 2606//3439
f 2606//3439 2589//3439 2590//3439
f 2606//3443 2590//3443 2607//3443
f 2607//3443 2590//3443 2591//3443
f 2607//5919 2591//3446 2608//3446
f 2608//3446 2591//3446 2592//5920
f 2608//5921 2592//3447 2609//5922
f 2609//5922 2592//3447 2593//3448
f 2609//3449 2593//3450 2610//5923
f 2610//5923 2593//3450 2594//3451
f 2610//3453 2594//5924 2611//3453
f 2595//3412 2611//5925 2580//3412
f 2580//5924 2611//3453 2594//5924
f 2580//5877 2594//3454 2567//3376
f 2567//5926 2594//3411 2579//5900
f 2567//3345 2579//3345 2556//5864
f 2556//5927 2579//3375 2566//3375
f 2556//5843 2566//5928 2547//5844
f 2547//5929 2566//5863 2555//5863
f 2547//3457 2555//5930 2540//3457
f 2540//5931 2555//5842 2546//5841
f 2540//3458 2546//3458 2534//3458
f 2534//5833 2546//3292 2539//5833
f 2534//5804 2539//5804 2532//5803
f 2532//5932 2539//5819 2536//5818
f 2532//5806 2536//5933 2521//5807
f 2595//3462 2612//5934 2611//3462
f 2611//3462 2612//5934 2613//5935
f 2611//5936 2613//3465 2610//3465
f 2610//3465 2613//3465 2614//3465
f 2610//5937 2614//5938 2609//5939
f 2609//5939 2614//5938 2615//3470
f 2609//3472 2615//3472 2608//3472
f 2608//3472 2615//3472 2616//3472
f 2608//3474 2616//3474 2607//3474
f 2607//3474 2616//3474 2617//5940
f 2607//3476 2617//3476 2606//3476
f 2606//3476 2617//3476 2618//3476
f 2606//5941 2618//5942 2605//5943
f 2605//5943 2618//5942 2619//3478
f 2605//5944 2619//5945 2604//5946
f 2604//5946 2619//5945 2620//3481
f 2604//5947 2620//5947 2603//5947
f 2603//5947 2620//5947 2621//3486
f 2603//5948 2621//5948 2529//5948
f 2529//5948 2621//5948 2530//3488
f 2612//5949 2622//3490 2613//3490
f 2613//3490 2622//3490 2623//3491
f 2613//3493 2623//3493 2614//3493
f 2614//3493 2623//3493 2624//3493
f 2614//5950 2624//3494 2615//5950
f 2615//5950 2624//3494 2625//3494
f 2615//5951 2625//3495 2616//3495
f 2616//3495 2625//3495 2626//3495
f 2616//3497 2626//3496 2617//3496
f 2617//3496 2626//3496 2627//3496
f 2617//3498 2627//5952 2618//5952
f 2618//5952 2627//5952 2628//5952
f 2618//3500 2628//3500 2619//3500
f 2619//3500 2628//3500 2629//3501
f 2619//3502 2629//5953 2620//3504
f 2620//3504 2629//5953 2630//3505
f 2620//3506 2630//3506 2621//3506
f 2621//3506 2630//3506 2631//3506
f 2621//5954 2631//5955 2530//5955
f 2530//5955 2631//5955 2531//3509
f 2521//5888 2632//5956 2633//5957
f 2634//3512 2635//3512 2622//3512
f 2634//5958 2622//5958 2636//5958
f 2636//5959 2622//5959 2612//5959
f 2636//5960 2612//5960 2637//5960
f 2637//5961 2612//5961 2638//5962
f 2638//3519 2612//3519 2595//3519
f 2638//3520 2595//3520 2639//3520
f 2639//5963 2595//5963 2640//5963
f 2640//3522 2595//3522 2596//3522
f 2640//3523 2596//3523 2641//3523
f 2641//5964 2596//5964 2642//5965
f 2642//5580 2596//5580 2597//5580
f 2642//5966 2597//5966 2643//5966
f 2643//5967 2597//5968 2644//5969
f 2644//5970 2597//5970 2598//5970
f 2644//3532 2598//3532 2645//3532
f 2645//5971 2598//5971 2646//5972
f 2646//5582 2598//5582 2599//5582
f 2646//3535 2599//3535 2647//3535
f 2647//5973 2599//5973 2648//5974
f 2648//3538 2599//3538 2600//3538
f 2648//3539 2600//3539 2649//3539
f 2649//5975 2600//5975 2650//5976
f 2650//3542 2600//3542 2601//3542
f 2650//3543 2601//3543 2651//3543
f 2651//5977 2601//5978 2633//5957
f 2633//5585 2601//5585 2602//5585
f 2633//5957 2602//5912 2521//5888
f 2521//2296 2430//2296 2632//2296
f 2632//2296 2430//2296 2357//2296
f 17//5979 18//5979 2652//5979
f 17//5980 2652//5980 2420//5980
f 2652//5981 2653//5982 2420//5983
f 2420//5983 2653//5982 2654//5984
f 2420//5985 2654//5985 2411//5985
f 2654//5986 2655//5987 2411//5988
f 2411//5988 2655//5987 2656//5989
f 2411//5990 2656//5990 2402//5990
f 2656//5991 2657//5992 2402//5993
f 2402//5993 2657//5992 2658//5994
f 2402//5995 2658//5996 2393//5997
f 2658//5996 2659//5998 2393//5997
f 2393//5997 2659//5998 2660//5999
f 2393//6000 2660//6001 2384//6002
f 2384//6002 2660//6001 2661//6003
f 2384//6004 2661//6004 2375//6004
f 2661//6005 2662//6005 2375//6005
f 2375//6006 2662//6006 2663//6006
f 2375//6007 2663//6007 2366//6007
f 2663//6008 2664//6008 2366//6008
f 2366//6009 2664//6009 2665//6009
f 2366//6010 2665//6010 2356//6010
f 2665//6011 2666//6011 2356//6011
f 2356//6012 2666//6012 2667//6012
f 2356//6013 2667//6013 2357//6013
f 2357//6014 2667//6015 2668//6016
f 2357//6017 2668//6018 2632//6019
f 2653//3548 2652//6020 2669//6021
f 2636//6022 2637//3551 2670//6022
f 2655//6023 2654//6024 2671//6024
f 2638//3862 2639//6025 2672//6026
f 2657//6027 2656//6028 2673//6029
f 2659//6030 2658//3562 2674//6031
f 2661//6032 2660//6033 2675//3706
f 2663//6034 2662//6035 2676//6035
f 2665//6036 2664//6037 2677//6038
f 2667//6039 2666//6040 2678//6041
f 2632//6042 2679//6043 2680//6044
f 2681//6045 2679//6046 2632//6019
f 2668//6018 2681//6045 2632//6019
f 2633//5957 2632//5956 2682//6047
f 2635//6048 2634//6049 2683//6050
f 2683//6050 2634//6049 2684//6051
f 2683//6052 2684//6053 2685//6054
f 2685//6054 2684//6053 2686//6055
f 2685//6056 2686//6056 2687//6056
f 2687//6057 2686//6057 2688//6057
f 2688//6058 2686//6058 2689//6058
f 2688//6059 2689//6060 2690//6061
f 2690//6061 2689//6060 2691//6062
f 2690//6063 2691//6063 2692//6063
f 2692//6064 2691//6064 2693//6064
f 2693//6065 2691//6065 2694//6065
f 2693//6066 2694//6067 2695//6068
f 2695//6068 2694//6067 2696//6069
f 2695//6070 2696//6070 2697//6070
f 2697//6071 2696//6071 2698//6071
f 2698//6072 2696//6072 2699//6072
f 2698//6073 2699//6074 2700//6075
f 2700//6075 2699//6074 2701//6076
f 2700//6077 2701//6078 2702//6079
f 2702//6080 2701//6081 2703//6082
f 2703//6082 2701//6081 2669//6083
f 2703//6084 2669//6085 2704//6086
f 2704//6086 2669//6085 2652//6087
f 2704//6086 2652//6087 18//6088
f 2705//6089 2650//6090 2682//6091
f 2682//6091 2650//6090 2651//6092
f 2682//6047 2651//5977 2633//5957
f 2706//3626 2707//6093 2708//6094
f 2668//6095 2667//6039 2681//6096
f 2681//6096 2667//6039 2678//6041
f 2681//3632 2678//6097 2679//3634
f 2679//3634 2678//6097 2709//3633
f 2679//6098 2709//6099 2680//6100
f 2680//6100 2709//6099 2706//6101
f 2706//3626 2708//6094 2680//6102
f 2680//6044 2708//6103 2632//6042
f 2710//3643 2648//3643 2705//6104
f 2705//6104 2648//3643 2649//6105
f 2705//6089 2649//3645 2650//6090
f 2711//3647 2712//3646 2713//6106
f 2666//6107 2665//6036 2678//6108
f 2678//6108 2665//6036 2677//6038
f 2678//6109 2677//3651 2709//6110
f 2709//6110 2677//3651 2714//6111
f 2709//6112 2714//6113 2706//6114
f 2706//6114 2714//6113 2715//6115
f 2706//6116 2715//6117 2707//6116
f 2707//6116 2715//6117 2711//6118
f 2711//3647 2713//6106 2707//6106
f 2707//6119 2713//6120 2716//6121
f 2707//6119 2716//6121 2708//6122
f 2708//6123 2716//6124 2632//6124
f 2717//6125 2646//6126 2710//6127
f 2710//6127 2646//6126 2647//3666
f 2710//3643 2647//6128 2648//3643
f 2718//6129 2719//6130 2720//6131
f 2664//6132 2663//6034 2677//6133
f 2677//6133 2663//6034 2676//6035
f 2677//6134 2676//3673 2714//3674
f 2714//3674 2676//3673 2721//6135
f 2714//3675 2721//6136 2715//3677
f 2715//3677 2721//6136 2722//6137
f 2715//3679 2722//6138 2711//6139
f 2711//6139 2722//6138 2723//6140
f 2711//6141 2723//6142 2712//6143
f 2712//6143 2723//6142 2718//6144
f 2718//6129 2720//6131 2712//6145
f 2712//3689 2720//6146 2724//6147
f 2712//3689 2724//6147 2713//6148
f 2713//6149 2724//6150 2725//6151
f 2713//6149 2725//6151 2716//6152
f 2716//6124 2725//6153 2632//6124
f 2726//3699 2644//3698 2717//6154
f 2717//6154 2644//3698 2645//3701
f 2717//6125 2645//6155 2646//6126
f 2727//6156 2728//6157 2729//6158
f 2662//6159 2661//6032 2676//6160
f 2676//6160 2661//6032 2675//3706
f 2676//6161 2675//3707 2721//6162
f 2721//6162 2675//3707 2730//6163
f 2721//6164 2730//6165 2722//6165
f 2722//6165 2730//6165 2731//6166
f 2722//6167 2731//6168 2723//6168
f 2723//6168 2731//6168 2732//3716
f 2723//6169 2732//3717 2718//3717
f 2718//3717 2732//3717 2733//6170
f 2718//6171 2733//6172 2719//6173
f 2719//6173 2733//6172 2727//3721
f 2727//6156 2729//6158 2719//6174
f 2719//6175 2729//6176 2734//6177
f 2719//6175 2734//6177 2720//6178
f 2720//6179 2734//6180 2735//6181
f 2720//6179 2735//6181 2724//6182
f 2724//6183 2735//6184 2736//6185
f 2724//6183 2736//6185 2725//6185
f 2725//6186 2736//6187 2632//6188
f 2640//6189 2641//6189 2737//6190
f 2737//3743 2641//6191 2642//6192
f 2737//3743 2642//6192 2726//6193
f 2726//6193 2642//6192 2643//6194
f 2726//3699 2643//6195 2644//3698
f 2738//6196 2739//6197 2740//6196
f 2660//6198 2659//6030 2675//6199
f 2675//6199 2659//6030 2674//6031
f 2675//6200 2674//6201 2730//3750
f 2730//3750 2674//6201 2741//6202
f 2730//6203 2741//3753 2731//3753
f 2731//3753 2741//3753 2742//6204
f 2731//6205 2742//6205 2732//6205
f 2732//6205 2742//6205 2743//6205
f 2732//6206 2743//6207 2733//6208
f 2733//6208 2743//6207 2744//6209
f 2733//6210 2744//6211 2727//6211
f 2727//6211 2744//6211 2745//6211
f 2727//6212 2745//6212 2728//6213
f 2728//6213 2745//6212 2738//6213
f 2738//6196 2740//6196 2728//6214
f 2728//6215 2740//6216 2746//3770
f 2728//6215 2746//3770 2729//3772
f 2729//6217 2746//6217 2747//6217
f 2729//6217 2747//6217 2734//3774
f 2734//6218 2747//6219 2748//3776
f 2734//6218 2748//3776 2735//6220
f 2735//6221 2748//6222 2749//6222
f 2735//6221 2749//6222 2736//6223
f 2736//6187 2749//6224 2632//6188
f 2639//6189 2640//6189 2672//6225
f 2672//6225 2640//6189 2737//6190
f 2672//6226 2737//3788 2750//6226
f 2658//6227 2657//6027 2674//6228
f 2674//6228 2657//6027 2673//6029
f 2674//6229 2673//6230 2741//6230
f 2741//6230 2673//6230 2751//6231
f 2741//6232 2751//6233 2742//6233
f 2742//6233 2751//6233 2752//6234
f 2742//3800 2752//6235 2743//6236
f 2743//6236 2752//6235 2753//6237
f 2743//6238 2753//6239 2744//6240
f 2744//6240 2753//6239 2754//6239
f 2744//6241 2754//3808 2745//3808
f 2745//3808 2754//3808 2755//6242
f 2745//6243 2755//6244 2738//3811
f 2738//3811 2755//6244 2756//6245
f 2738//6246 2756//6247 2739//6248
f 2739//6248 2756//6247 2750//6249
f 2750//6226 2737//3788 2739//6250
f 2739//6251 2737//6252 2726//6253
f 2739//6251 2726//6253 2740//6254
f 2740//6255 2726//6256 2717//6255
f 2740//6255 2717//6255 2746//6255
f 2746//6257 2717//6258 2710//6259
f 2746//6257 2710//6259 2747//6259
f 2747//6260 2710//6261 2705//6262
f 2747//6260 2705//6262 2748//6263
f 2748//6264 2705//6265 2682//6266
f 2748//6264 2682//6266 2749//3830
f 2749//6267 2682//6047 2632//5956
f 2656//6268 2655//6023 2673//6024
f 2673//6024 2655//6023 2671//6024
f 2673//6269 2671//6270 2751//6270
f 2751//6270 2671//6270 2757//6271
f 2751//6272 2757//3844 2752//3844
f 2752//3844 2757//3844 2758//6273
f 2752//6274 2758//6275 2753//3847
f 2753//3847 2758//6275 2759//6276
f 2753//6277 2759//6277 2754//6278
f 2754//6278 2759//6277 2760//6279
f 2754//6280 2760//6281 2755//6282
f 2755//6282 2760//6281 2761//6283
f 2755//6284 2761//6285 2756//6285
f 2756//6285 2761//6285 2762//6286
f 2756//6287 2762//6288 2750//6288
f 2750//6288 2762//6288 2763//6289
f 2750//6290 2763//6290 2672//6290
f 2672//6290 2763//6290 2670//6290
f 2672//6026 2670//3557 2638//3862
f 2638//3862 2670//3557 2637//6291
f 2654//6292 2653//3548 2671//6293
f 2671//6293 2653//3548 2669//6021
f 2671//6294 2669//6295 2757//6295
f 2757//6295 2669//6295 2701//3867
f 2757//6296 2701//6297 2758//6298
f 2758//6298 2701//6297 2699//6299
f 2758//6300 2699//6301 2759//6302
f 2759//6302 2699//6301 2696//6303
f 2759//6304 2696//3875 2760//3876
f 2760//3876 2696//3875 2694//6305
f 2760//6306 2694//6307 2761//6308
f 2761//6308 2694//6307 2691//6309
f 2761//3881 2691//6310 2762//6310
f 2762//6310 2691//6310 2689//6310
f 2762//3886 2689//3885 2763//3885
f 2763//3885 2689//3885 2686//3885
f 2763//6311 2686//6312 2670//6312
f 2670//6312 2686//6312 2684//6313
f 2670//6022 2684//6022 2636//6022
f 2636//6022 2684//6022 2634//6314
f 2685//6315 2687//6316 2764//6317
f 2765//6318 2766//6319 2767//6320
f 2690//6321 2692//6322 2768//5159
f 2769//6323 2770//6323 2771//6324
f 2772//5250 2773//5252 2774//5250
f 12//5228 10//6325 2772//6325
f 2704//6326 18//5178 16//6327
f 2772//6328 10//5253 2773//6329
f 2773//6329 10//5253 8//6329
f 2773//6330 8//6330 6//6331
f 2//5304 2775//6332 4//6333
f 4//6333 2775//6332 2776//6334
f 2777//6335 2702//5174 2703//5174
f 2778//5274 2774//6336 2779//5273
f 2779//5276 2774//5276 2773//5277
f 2779//5276 2773//5277 2776//5276
f 2776//5256 2773//6330 6//6331
f 2776//5256 6//6331 4//5256
f 2702//6337 2777//6337 2700//6338
f 2780//5200 2781//5200 2777//5200
f 2775//6332 2782//6339 2776//6334
f 2776//6340 2782//6341 2783//6341
f 2776//6340 2783//6341 2779//6340
f 2779//6342 2783//6343 2784//6344
f 2779//6342 2784//6344 2778//6342
f 2778//6342 2784//6344 2785//6345
f 2778//5296 2785//5295 2786//5295
f 2695//6346 2697//6347 2787//6347
f 2787//6348 2697//6349 2698//6349
f 2788//6350 2693//6351 2695//6346
f 14//5181 12//5181 2789//5181
f 2789//6352 12//5228 2772//6325
f 2789//6353 2772//6354 2790//6354
f 2790//5250 2772//5250 2774//5250
f 2790//5246 2774//5246 2791//6355
f 2791//5273 2774//6336 2778//5274
f 2791//6356 2778//5271 2792//6357
f 2792//5296 2778//5296 2786//5295
f 2792//6358 2786//6358 2793//6359
f 16//5181 14//5181 2794//5180
f 2794//5180 14//5181 2789//5181
f 2794//6360 2789//5204 2795//5203
f 2795//5226 2789//6353 2790//6354
f 2795//6361 2790//6362 2796//6363
f 2796//6355 2790//5246 2791//6355
f 2796//6364 2791//6365 2797//6366
f 2797//6367 2791//6356 2792//6357
f 2797//6368 2792//6369 2769//5268
f 2769//6370 2792//6358 2793//6359
f 2769//6370 2793//6359 2770//6371
f 2692//6372 2693//6373 2768//5161
f 2768//5161 2693//6373 2788//6374
f 2768//6375 2788//6375 2798//5194
f 2688//6376 2690//6321 2799//6377
f 2799//6377 2690//6321 2768//5159
f 2799//5191 2768//5188 2800//6378
f 2800//6378 2768//5188 2798//5190
f 2800//6379 2798//5211 2801//6379
f 2704//6326 16//6327 2703//6380
f 2703//6380 16//6327 2794//5176
f 2703//5174 2794//6335 2777//6335
f 2777//6360 2794//6360 2795//5203
f 2777//5200 2795//6381 2780//5200
f 2780//6361 2795//6361 2796//6363
f 2780//6382 2796//6382 2802//6383
f 2802//6384 2796//6364 2797//6366
f 2802//6385 2797//6386 2803//6387
f 2803//5269 2797//6368 2769//5268
f 2803//6388 2769//6389 2804//5267
f 2804//6324 2769//6323 2771//6324
f 2804//6390 2771//5287 2805//6391
f 2781//6392 2780//6393 2806//6394
f 2806//6382 2780//6382 2802//6383
f 2806//6395 2802//6396 2807//6396
f 2807//6387 2802//6385 2803//6387
f 2807//6397 2803//5239 2808//5239
f 2808//5265 2803//6388 2804//5267
f 2808//6398 2804//5262 2765//6398
f 2765//6399 2804//6390 2805//6391
f 2765//6399 2805//6391 2766//6400
f 2687//5158 2688//6401 2764//5157
f 2764//5157 2688//6401 2799//6402
f 2764//5186 2799//5186 2809//6403
f 2809//6403 2799//5186 2800//6404
f 2809//5208 2800//5208 2810//6405
f 2810//6405 2800//5208 2801//6405
f 2810//5235 2801//5235 2811//6406
f 2683//154 2685//6315 2812//6407
f 2812//6407 2685//6315 2764//6317
f 2812//6407 2764//6317 2813//6408
f 2813//6408 2764//6317 2809//6409
f 2813//6408 2809//6409 2814//6410
f 2814//6410 2809//6409 2810//6411
f 2814//6410 2810//6411 2815//6412
f 2815//6412 2810//6411 2811//6413
f 2815//6412 2811//6413 2816//6414
f 2700//6338 2777//6337 2698//6415
f 2698//6415 2777//6337 2781//5169
f 2698//6349 2781//6348 2787//6348
f 2787//6416 2781//6392 2806//6394
f 2787//6417 2806//5195 2817//5195
f 2817//6395 2806//6395 2807//6396
f 2817//6418 2807//5213 2818//5213
f 2818//6397 2807//6397 2808//5239
f 2818//5237 2808//6419 2819//5237
f 2819//6420 2808//6398 2765//6398
f 2819//6421 2765//5260 2820//6422
f 2820//6320 2765//6318 2767//6320
f 2820//5257 2767//5280 2821//6423
f 2695//6346 2787//6347 2788//6350
f 2788//6417 2787//6417 2817//5195
f 2788//6375 2817//6424 2798//5194
f 2798//6418 2817//6418 2818//5213
f 2798//5211 2818//5210 2801//6379
f 2801//5237 2818//5237 2819//5237
f 2801//5235 2819//5234 2811//6406
f 2811//6425 2819//6421 2820//6422
f 2811//6413 2820//5257 2816//6414
f 2816//6414 2820//5257 2821//6423
f 2816//6414 2821//6423 2822//6426
f 2822//6427 2823//6427 2816//6428
f 2816//6428 2823//6427 2824//6429
f 2816//6428 2824//6429 2815//5142
f 2815//5142 2824//6429 2825//5145
f 2815//5142 2825//5145 2814//5144
f 2814//5144 2825//5145 2826//5147
f 2814//5144 2826//5147 2813//5146
f 2813//5146 2826//5147 2827//6430
f 2813//5146 2827//6430 2812//6431
f 2812//6431 2827//6430 2828//5151
f 2812//6431 2828//5151 2683//6432
f 2683//6432 2828//5151 2635//6433
f 2829//6434 2830//6435 2831//6436
f 2832//6437 2833//6438 2831//6436
f 2832//6439 2831//6440 2834//6441
f 2835//4339 2834//6441 2831//6440
f 2836//6442 2835//6443 2831//6444
f 2837//6445 2838//6446 2830//6447
f 2830//6448 2838//6449 2831//6450
f 2833//6438 2829//6434 2831//6436
f 2839//6451 2840//6452 2841//6453
f 2842//6454 2843//4350 2844//6454
f 2766//6455 2805//6456 2845//6457
f 2770//6458 2793//6459 2846//6460
f 2785//6461 2784//6462 2847//6463
f 2843//6464 2775//6465 2//6466
f 2775//6465 2843//6464 2782//154
f 2782//6467 2843//6468 2842//6469
f 2782//6467 2842//6469 2783//6470
f 2848//6471 2767//6471 2766//6471
f 2822//154 2821//6472 2849//6473
f 2849//6473 2821//6472 2767//6474
f 2823//6475 2822//6476 2850//6477
f 2850//6477 2822//6476 2849//6478
f 2850//6479 2849//6480 2851//6480
f 2851//6480 2849//6480 2852//6481
f 2853//6482 2854//6483 2845//6482
f 2855//6484 2856//4383 2852//6485
f 2852//6485 2856//4383 2857//6486
f 2852//6481 2857//4386 2851//6480
f 2858//6487 2854//4389 2859//6488
f 2859//6488 2854//4389 2853//6489
f 2859//6490 2853//6491 2860//6492
f 2786//6493 2785//6493 2861//6493
f 2861//6494 2785//6494 2847//6494
f 2861//6495 2847//6496 2862//6495
f 2862//6497 2847//6498 2863//6497
f 2862//6499 2863//6500 2864//6499
f 2864//6501 2863//6502 2865//6503
f 2864//6504 2865//6505 2866//6506
f 2//6466 2867//6507 2843//6464
f 2843//6508 2867//6509 2868//6510
f 2843//6508 2868//6510 2844//6511
f 2844//6511 2868//6510 2869//6512
f 2844//6513 2869//6513 2870//6514
f 2784//6462 2783//6515 2847//6463
f 2847//6516 2783//6516 2842//6516
f 2847//6498 2842//6517 2863//6497
f 2863//6518 2842//6454 2844//6454
f 2863//6502 2844//6519 2865//6503
f 2865//6513 2844//6513 2870//6514
f 2871//4423 2872//4423 2855//6520
f 2855//6520 2872//4423 2873//6520
f 2855//6484 2873//6521 2856//4383
f 2874//6522 2858//6523 2875//6523
f 2875//6523 2858//6523 2859//6524
f 2875//6525 2859//6526 2876//6527
f 2876//6527 2859//6526 2860//6528
f 2876//6529 2860//6530 2877//6531
f 2878//6532 2879//6533 2871//6534
f 2871//6534 2879//6533 2880//6535
f 2871//4423 2880//6536 2872//4423
f 2881//6537 2874//6537 2882//6538
f 2882//6538 2874//6537 2875//6539
f 2882//6540 2875//6541 2883//6541
f 2883//6541 2875//6541 2876//4442
f 2883//6542 2876//6543 2884//6544
f 2884//6544 2876//6543 2877//6545
f 2884//6546 2877//6547 2885//6547
f 2771//6548 2770//6548 2886//6548
f 2886//6549 2770//6549 2846//6549
f 2886//6550 2846//6551 2887//6550
f 2887//6552 2846//4454 2888//6553
f 2887//6554 2888//6555 2889//4457
f 2889//6556 2888//6556 2890//6556
f 2889//6557 2890//6558 2891//6559
f 2891//6560 2890//6561 2892//6562
f 2891//6563 2892//6564 2893//6565
f 2893//6566 2892//6567 2894//6568
f 2893//4471 2894//6569 2895//4470
f 2870//6514 2896//6570 2865//6513
f 2865//6571 2896//6572 2897//6573
f 2865//6571 2897//6573 2866//6574
f 2866//6574 2897//6573 2898//6575
f 2866//6576 2898//6577 2899//6578
f 2793//6459 2786//6579 2846//6460
f 2846//6580 2786//6580 2861//6580
f 2846//4454 2861//6581 2888//6553
f 2888//6582 2861//6495 2862//6495
f 2888//6556 2862//6583 2890//6556
f 2890//6584 2862//6499 2864//6499
f 2890//6561 2864//6585 2892//6562
f 2892//6586 2864//6504 2866//6506
f 2892//6567 2866//6587 2894//6568
f 2894//6588 2866//6576 2899//6578
f 2900//4493 2901//6589 2878//6589
f 2878//6589 2901//6589 2902//6590
f 2878//6532 2902//6591 2879//6533
f 2903//6592 2881//6593 2904//6594
f 2904//6594 2881//6593 2882//6595
f 2904//6596 2882//6597 2905//6598
f 2905//6598 2882//6597 2883//6599
f 2905//6600 2883//6601 2906//6602
f 2906//6602 2883//6601 2884//6603
f 2906//6604 2884//6605 2907//6606
f 2907//6606 2884//6605 2885//6607
f 2907//6608 2885//6609 2908//6610
f 2909//4512 2910//6611 2900//6612
f 2900//6612 2910//6611 2911//6613
f 2900//4493 2911//6614 2901//6589
f 2912//4517 2903//6615 2913//4516
f 2913//4516 2903//6615 2904//6616
f 2913//6617 2904//6618 2914//6619
f 2914//6619 2904//6618 2905//6620
f 2914//4523 2905//6621 2915//6622
f 2915//6622 2905//6621 2906//6623
f 2915//6624 2906//6625 2916//6625
f 2916//6625 2906//6625 2907//6626
f 2916//6627 2907//6628 2917//6627
f 2917//6627 2907//6628 2908//4534
f 2917//6629 2908//6630 2918//6631
f 2899//6578 2919//6632 2894//6588
f 2894//6633 2919//6634 2920//6635
f 2894//6633 2920//6635 2895//6636
f 2895//6636 2920//6635 2921//6637
f 2895//6638 2921//6639 2922//6640
f 2805//6456 2771//6641 2845//6457
f 2845//6642 2771//6642 2886//6642
f 2845//6482 2886//6643 2853//6482
f 2853//4450 2886//6550 2887//6550
f 2853//6491 2887//6644 2860//6492
f 2860//6645 2887//6554 2889//4457
f 2860//6530 2889//6646 2877//6531
f 2877//6647 2889//6557 2891//6559
f 2877//6547 2891//6648 2885//6547
f 2885//6649 2891//6563 2893//6565
f 2885//6609 2893//6650 2908//6610
f 2908//6651 2893//4471 2895//4470
f 2908//6630 2895//6652 2918//6631
f 2918//6653 2895//6638 2922//6640
f 2918//6653 2922//6640 2923//6654
f 2924//6655 2925//6656 2909//6656
f 2909//6656 2925//6656 2926//6657
f 2909//4512 2926//6658 2910//6611
f 2923//6659 2839//6451 2918//6660
f 2918//6660 2839//6451 2841//6453
f 2918//4567 2841//6661 2917//6661
f 2917//6661 2841//6661 2927//6662
f 2917//6663 2927//6664 2916//6665
f 2916//6665 2927//6664 2928//6666
f 2916//6667 2928//6668 2915//6668
f 2915//6668 2928//6668 2929//6669
f 2915//6670 2929//6671 2914//4581
f 2914//4581 2929//6671 2930//6672
f 2914//6673 2930//6674 2913//6675
f 2913//6675 2930//6674 2931//6676
f 2913//6677 2931//6678 2912//6679
f 2912//6679 2931//6678 2932//6680
f 2933//6681 2934//6682 2924//6683
f 2924//6683 2934//6682 2935//4591
f 2924//6655 2935//6684 2925//6656
f 2840//6685 2837//6445 2841//6686
f 2841//6686 2837//6445 2830//6447
f 2841//6687 2830//4596 2927//6688
f 2927//6688 2830//4596 2829//6689
f 2927//6690 2829//6691 2928//6692
f 2928//6692 2829//6691 2833//6693
f 2928//4604 2833//6694 2929//6695
f 2929//6695 2833//6694 2832//6696
f 2929//6697 2832//6698 2930//6699
f 2930//6699 2832//6698 2834//6700
f 2930//6701 2834//6702 2931//4611
f 2931//4611 2834//6702 2835//6703
f 2931//6704 2835//6705 2932//6706
f 2932//6706 2835//6705 2836//6707
f 2831//6708 2936//6709 2933//6710
f 2933//6710 2936//6709 2937//6711
f 2933//6681 2937//6712 2934//6682
f 2767//6713 2848//6713 2849//6713
f 2849//6714 2848//6715 2938//6715
f 2849//6714 2938//6715 2852//4621
f 2852//4624 2938//4624 2939//6716
f 2852//4624 2939//6716 2855//4625
f 2855//4627 2939//4630 2940//4629
f 2855//4627 2940//4629 2871//6717
f 2871//6718 2940//6719 2941//6720
f 2871//6718 2941//6720 2878//6721
f 2878//6722 2941//6722 2942//6723
f 2878//6722 2942//6723 2900//6724
f 2900//6725 2942//6726 2943//6727
f 2900//6725 2943//6727 2909//6728
f 2909//4644 2943//4644 2944//4645
f 2909//4644 2944//4645 2924//6729
f 2924//6730 2944//6731 2945//6732
f 2924//6730 2945//6732 2933//4647
f 2933//6710 2945//6733 2831//6708
f 2766//6734 2845//6734 2848//6734
f 2848//4655 2845//4655 2854//4653
f 2848//4655 2854//4653 2938//4654
f 2938//6735 2854//4656 2858//6735
f 2938//6735 2858//6735 2939//6735
f 2939//6736 2858//6736 2874//6736
f 2939//6736 2874//6736 2940//6737
f 2940//6738 2874//4662 2881//4660
f 2940//6738 2881//4660 2941//6738
f 2941//6739 2881//6740 2903//6741
f 2941//6739 2903//6741 2942//6742
f 2942//6743 2903//6744 2912//6745
f 2942//6743 2912//6745 2943//6746
f 2943//6747 2912//6748 2932//4670
f 2943//6747 2932//4670 2944//4671
f 2944//6749 2932//6750 2836//6751
f 2944//6749 2836//6751 2945//6752
f 2945//6753 2836//6442 2831//6444
f 2831//6450 2838//6449 24//6754
f 24//6754 2838//6449 2276//6755
f 2838//6756 2837//6757 2276//6758
f 2276//6758 2837//6757 2840//6759
f 2276//6758 2840//6759 2267//647
f 2840//6760 2839//6761 2267//6762
f 2267//6762 2839//6761 2923//6763
f 2267//6762 2923//6763 2258//6764
f 2923//6765 2922//6766 2258//6767
f 2258//6767 2922//6766 2921//6768
f 2258//6767 2921//6768 2249//6769
f 2921//6770 2920//6771 2249//6772
f 2249//6772 2920//6771 2919//6773
f 2249//6772 2919//6773 2240//6774
f 2919//6775 2899//6776 2240//6777
f 2240//6777 2899//6776 2898//6778
f 2240//6777 2898//6778 2231//6779
f 2898//6780 2897//6781 2231//6782
f 2231//6782 2897//6781 2896//6783
f 2231//6784 2896//6784 2222//6784
f 2896//6785 2870//6786 2222//6787
f 2222//6787 2870//6786 2869//6788
f 2222//6789 2869//6789 2213//6789
f 2//680 1//680 2867//679
f 2867//6790 1//6790 2213//6790
f 2867//6791 2213//6792 2868//6793
f 2868//6793 2213//6792 2869//6794
f 26//1186 2946//1186 24//1186
f 24//1186 2946//1186 2831//1186
f 59//154 2531//154 26//154
f 26//154 2531//154 2946//154
f 2946//6795 2531//6795 2947//6795
f 2947//3242 2531//3242 2631//3242
f 2947//6796 2631//6797 2948//6798
f 2948//6798 2631//6797 2949//6797
f 2949//6799 2631//3245 2630//6799
f 2949//6800 2630//6800 2950//6800
f 2950//6800 2630//6800 2951//68
f 2951//6801 2630//6801 2629//6801
f 2951//6802 2629//6803 2952//6804
f 2952//6804 2629//6803 2953//6805
f 2953//6806 2629//6806 2628//6806
f 2953//6807 2628//6808 2954//6809
f 2954//6809 2628//6808 2955//6810
f 2955//6811 2628//6811 2627//6811
f 2955//6812 2627//6812 2956//6812
f 2956//6812 2627//6812 2957//6812
f 2957//6813 2627//6813 2626//6813
f 2957//6814 2626//6815 2958//6815
f 2958//6815 2626//6815 2959//6816
f 2959//3252 2626//3252 2625//3252
f 2959//44 2625//44 2960//44
f 2960//3255 2625//3255 2624//3255
f 2960//6817 2624//6818 2961//6817
f 2961//6817 2624//6818 2962//6819
f 2962//6820 2624//6820 2623//6820
f 2962//6821 2623//6821 2963//6821
f 2963//6822 2623//6822 2622//6822
f 2963//6823 2622//6823 2964//6823
f 2857//6824 2961//6824 2962//6824
f 2857//4326 2962//4326 2851//4326
f 2851//6825 2962//6825 2963//6825
f 2851//6826 2963//6826 2850//6826
f 2850//35 2963//35 2964//35
f 2850//6827 2964//6827 2823//6827
f 2857//6828 2856//6829 2961//6830
f 2961//6830 2856//6829 2873//6831
f 2961//6832 2873//6832 2960//6832
f 2960//6833 2873//6833 2872//6833
f 2960//6834 2872//6834 2959//6834
f 2959//6835 2872//6835 2880//6835
f 2959//6836 2880//6836 2958//6836
f 2958//6837 2880//6837 2879//6837
f 2958//6836 2879//6836 2957//6836
f 2957//4313 2879//4313 2902//4313
f 2957//18 2902//18 2956//18
f 2956//6838 2902//6839 2901//6839
f 2956//18 2901//18 2955//18
f 2955//6838 2901//6838 2911//6838
f 2955//19 2911//19 2954//19
f 2954//6840 2911//6841 2910//6842
f 2954//21 2910//21 2953//21
f 2953//6843 2910//6843 2926//6843
f 2953//6844 2926//6844 2952//6844
f 2952//6845 2926//6845 2925//6845
f 2952//12 2925//12 2951//12
f 2951//6846 2925//6846 2935//6846
f 2951//13 2935//13 2950//13
f 2950//6847 2935//6847 2934//6847
f 2950//6848 2934//6848 2949//6848
f 2949//6849 2934//6849 2937//6849
f 2949//6850 2937//6850 2948//6850
f 2948//6851 2937//6711 2936//6709
f 2948//16 2936//16 2947//16
f 2947//6852 2936//6852 2831//6852
f 2947//10 2831//10 2946//10
f 2823//2737 2965//2737 2966//2737
f 2967//2737 2968//2737 2635//2737
f 2635//2737 2968//2737 2969//2737
f 2635//2737 2969//2737 2970//2737
f 2971//2737 2972//2737 2828//2737
f 2973//2737 2974//2737 2635//2737
f 2635//2737 2974//2737 2975//2737
f 2635//2737 2975//2737 2967//2737
f 2976//2737 2977//2737 2622//2737
f 2622//2737 2977//2737 2978//2737
f 2622//2737 2978//2737 2979//2737
f 2980//2737 2981//2737 2823//2737
f 2828//2737 2972//2737 2635//2737
f 2635//2737 2972//2737 2982//2737
f 2635//2737 2982//2737 2973//2737
f 2970//2737 2983//2737 2635//2737
f 2635//2737 2983//2737 2984//2737
f 2635//2737 2984//2737 2622//2737
f 2622//2737 2984//2737 2985//2737
f 2622//2737 2985//2737 2976//2737
f 2979//2737 2986//2737 2622//2737
f 2622//2737 2986//2737 2987//2737
f 2622//2737 2987//2737 2988//2737
f 2964//2737 2989//2737 2990//2737
f 2981//2737 2991//2737 2823//2737
f 2823//2737 2991//2737 2992//2737
f 2823//2737 2992//2737 2965//2737
f 2990//2737 2993//2737 2964//2737
f 2964//2737 2993//2737 2994//2737
f 2964//2737 2994//2737 2995//2737
f 2995//2737 2996//2737 2964//2737
f 2964//2737 2996//2737 2997//2737
f 2964//2737 2997//2737 2998//2737
f 2998//2737 2999//2737 2964//2737
f 2964//2737 2999//2737 3000//2737
f 2964//2737 3000//2737 2823//2737
f 2823//2737 3000//2737 3001//2737
f 2823//2737 3001//2737 2980//2737
f 2966//2737 3002//2737 2823//2737
f 2823//2737 3002//2737 3003//2737
f 2823//2737 3003//2737 2824//2737
f 2824//2737 3003//2737 3004//2737
f 2824//2737 3004//2737 2825//2737
f 2825//2737 3004//2737 3005//2737
f 2825//2737 3005//2737 2826//2737
f 2826//2737 3005//2737 2971//2737
f 2826//2737 2971//2737 2827//2737
f 2827//2737 2971//2737 2828//2737
f 2988//2737 3006//2737 2622//2737
f 2622//2737 3006//2737 3007//2737
f 2622//2737 3007//2737 2964//2737
f 2964//2737 3007//2737 3008//2737
f 2964//2737 3008//2737 2989//2737
f 3005//154 1186//154 2971//154
f 2971//154 1186//154 1185//154
f 1186//2295 3005//2295 3004//2295
f 1186//2295 3004//2295 1187//2295
f 1187//2291 3004//2291 3003//2291
f 1187//2291 3003//2291 1188//2291
f 1188//6853 3003//6854 3002//2290
f 1188//6853 3002//2290 1189//6853
f 1189//2289 3002//6855 2966//2289
f 1189//2289 2966//2289 1190//2289
f 1190//2287 2966//2287 2965//2287
f 1190//2287 2965//2287 1191//2287
f 1191//6856 2965//6857 2992//6856
f 1191//6856 2992//6856 1192//6856
f 1192//2741 2992//2741 2991//2741
f 1192//2741 2991//2741 1193//2741
f 1193//6858 2991//6858 2981//6858
f 1193//6858 2981//6858 1194//6858
f 1194//6859 2981//2279 2980//6859
f 1194//6859 2980//6859 1195//6860
f 1195//2277 2980//2277 3001//2277
f 1195//2277 3001//2277 1177//2277
f 3000//2296 1176//2296 3001//2296
f 3001//2296 1176//2296 1177//2296
f 1176//6861 3000//6861 2999//6861
f 1176//6861 2999//6861 1171//6861
f 1171//6862 2999//6863 2998//6863
f 1171//6862 2998//6863 1172//6864
f 1172//6865 2998//6866 2997//6866
f 1172//6865 2997//6866 1173//6866
f 1173//6867 2997//6867 2996//6867
f 1173//6867 2996//6867 1174//6867
f 1174//6868 2996//6868 2995//6868
f 1174//6868 2995//6868 1175//6868
f 1175//6869 2995//6870 2994//6871
f 1175//6869 2994//6871 1178//6869
f 1178//6872 2994//6872 2993//6873
f 1178//6872 2993//6873 1179//6873
f 1179//6874 2993//6875 2990//6874
f 1179//6874 2990//6874 1180//6876
f 1180//6877 2990//6877 2989//6877
f 1180//6877 2989//6877 1196//6877
f 1196//6878 2989//6878 3008//6878
f 1196//6878 3008//6878 1197//6878
f 3007//142 1199//142 3008//142
f 3008//142 1199//142 1197//142
f 1199//6879 3007//6880 3006//6879
f 1199//6879 3006//6879 1200//6879
f 1200//6881 3006//6881 2988//6881
f 1200//6881 2988//6881 1205//6881
f 1205//6882 2988//6883 2987//6884
f 1205//6882 2987//6884 1206//6884
f 1206//6885 2987//6886 2986//6887
f 1206//6885 2986//6887 1201//6888
f 1201//6889 2986//6890 2979//6890
f 1201//6889 2979//6890 1202//6890
f 1202//6891 2979//6891 2978//6891
f 1202//6891 2978//6891 1203//6891
f 1203//6892 2978//6892 2977//6892
f 1203//6892 2977//6892 1204//6892
f 1204//6893 2977//6894 2976//6895
f 1204//6893 2976//6895 1210//6894
f 1210//6896 2976//6897 2985//6896
f 1210//6896 2985//6896 1211//6897
f 1211//6898 2985//6898 2984//6898
f 1211//6898 2984//6898 1212//6898
f 2983//1186 1207//1186 2984//1186
f 2984//1186 1207//1186 1212//1186
f 1207//1205 2983//1205 2970//1205
f 1207//1205 2970//1205 1208//1205
f 1208//6899 2970//6900 2969//6899
f 1208//6899 2969//6899 1209//6900
f 1209//6901 2969//6902 2968//6903
f 1209//6901 2968//6903 1181//6902
f 1181//1199 2968//1199 2967//1199
f 1181//1199 2967//1199 1182//1199
f 1182//6904 2967//6905 2975//6906
f 1182//6904 2975//6906 1183//6905
f 1183//6907 2975//6908 2974//6908
f 1183//6907 2974//6908 1167//1195
f 1167//1193 2974//3027 2973//6909
f 1167//1193 2973//6909 1168//1193
f 1168//1192 2973//6910 2982//1192
f 1168//1192 2982//1192 1170//1192
f 1170//1191 2982//1191 2972//1191
f 1170//1191 2972//1191 1184//1191
f 1184//1189 2972//1189 2971//1189
f 1184//1189 2971//1189 1185//1187
f 3009//142 3010//142 3011//142
f 3011//142 3010//142 3012//142
f 3009//6880 3011//6880 3013//6880
f 3009//6880 3013//6880 3014//6880
f 3014//6911 3013//6912 3015//6911
f 3014//6911 3015//6911 3016//6881
f 3016//6883 3015//6882 3017//6882
f 3016//6883 3017//6882 3018//6882
f 3018//6886 3017//6886 3019//6886
f 3018//6886 3019//6886 3020//6886
f 3020//6913 3019//6889 3021//6889
f 3020//6913 3021//6889 3022//6889
f 3022//6891 3021//6914 3023//6914
f 3022//6891 3023//6914 3024//6891
f 3024//6915 3023//6916 3025//6892
f 3024//6915 3025//6892 3026//6892
f 3026//6895 3025//6895 3027//6894
f 3026//6895 3027//6894 3028//6894
f 3028//6917 3027//6917 3029//6897
f 3028//6917 3029//6897 3030//6896
f 3030//6898 3029//6898 3031//6918
f 3030//6898 3031//6918 3032//6898
f 3033//1186 3032//1186 3034//1186
f 3034//1186 3032//1186 3031//1186
f 3033//1205 3034//1205 3035//1205
f 3033//1205 3035//1205 3036//1205
f 3036//6899 3035//6919 3037//6899
f 3036//6899 3037//6899 3038//6920
f 3038//6903 3037//6902 3039//6901
f 3038//6903 3039//6901 3040//6903
f 3040//1200 3039//1200 3041//6921
f 3040//1200 3041//6921 3042//1200
f 3042//1198 3041//6905 3043//1198
f 3042//1198 3043//1198 3044//1198
f 3044//1196 3043//1196 3045//1196
f 3044//1196 3045//1196 3046//1196
f 3046//1194 3045//1193 3047//1194
f 3046//1194 3047//1194 3048//3027
f 3048//6910 3047//6910 3049//6910
f 3048//6910 3049//6910 3050//6922
f 3050//6923 3049//6924 3051//6923
f 3050//6923 3051//6923 3052//1191
f 3052//1188 3051//1188 3053//1188
f 3052//1188 3053//1188 3054//1187
f 3055//154 3054//154 3056//154
f 3056//154 3054//154 3053//154
f 3055//2295 3056//2293 3057//2295
f 3055//2295 3057//2295 3058//2295
f 3058//6925 3057//2292 3059//6926
f 3058//6925 3059//6926 3060//6926
f 3060//2290 3059//6927 3061//6927
f 3060//2290 3061//6927 3062//6927
f 3062//2289 3061//2288 3063//2740
f 3062//2289 3063//2740 3064//6928
f 3064//2286 3063//2286 3065//2286
f 3064//2286 3065//2286 3066//2286
f 3066//2285 3065//2285 3067//6929
f 3066//2285 3067//6929 3068//6856
f 3068//6930 3067//2282 3069//2741
f 3068//6930 3069//2741 3070//2741
f 3070//6858 3069//6931 3071//6858
f 3070//6858 3071//6858 3072//6858
f 3072//6932 3071//6860 3073//6859
f 3072//6932 3073//6859 3074//6860
f 3074//2277 3073//2276 3075//6933
f 3074//2277 3075//6933 3076//2277
f 3077//2296 3076//2296 3078//2296
f 3078//2296 3076//2296 3075//2296
f 3079//2737 3080//2737 3081//2737
f 3071//2737 3069//2737 3082//2737
f 3082//2737 3069//2737 3067//2737
f 3082//2737 3067//2737 3065//2737
f 3051//2737 3049//2737 3083//2737
f 3083//2737 3049//2737 3047//2737
f 3083//2737 3047//2737 3045//2737
f 3045//2737 3043//2737 3083//2737
f 3083//2737 3043//2737 3041//2737
f 3083//2737 3041//2737 3039//2737
f 3065//2737 3063//2737 3082//2737
f 3082//2737 3063//2737 3061//2737
f 3082//2737 3061//2737 3059//2737
f 3031//2737 3029//2737 3084//2737
f 3084//2737 3029//2737 3027//2737
f 3084//2737 3027//2737 3025//2737
f 3019//2737 3017//2737 3084//2737
f 3084//2737 3017//2737 3015//2737
f 3081//2737 3085//2737 3086//2737
f 3059//2737 3057//2737 3082//2737
f 3082//2737 3057//2737 3056//2737
f 3082//2737 3056//2737 3083//2737
f 3083//2737 3056//2737 3053//2737
f 3083//2737 3053//2737 3051//2737
f 3039//2737 3037//2737 3083//2737
f 3083//2737 3037//2737 3035//2737
f 3083//2737 3035//2737 3084//2737
f 3084//2737 3035//2737 3034//2737
f 3084//2737 3034//2737 3031//2737
f 3025//2737 3023//2737 3084//2737
f 3084//2737 3023//2737 3021//2737
f 3084//2737 3021//2737 3019//2737
f 3087//2737 3088//2737 3081//2737
f 3081//2737 3088//2737 3089//2737
f 3081//2737 3089//2737 3079//2737
f 3080//2737 3090//2737 3081//2737
f 3081//2737 3090//2737 3091//2737
f 3081//2737 3091//2737 3085//2737
f 3086//2737 3078//2737 3081//2737
f 3081//2737 3078//2737 3075//2737
f 3081//2737 3075//2737 3082//2737
f 3082//2737 3075//2737 3073//2737
f 3082//2737 3073//2737 3071//2737
f 3015//2737 3013//2737 3084//2737
f 3084//2737 3013//2737 3011//2737
f 3084//2737 3011//2737 3081//2737
f 3081//2737 3011//2737 3012//2737
f 3081//2737 3012//2737 3087//2737
f 3077//6934 3078//6934 3086//6934
f 3077//6934 3086//6934 3092//6934
f 3092//6863 3086//6862 3085//6862
f 3092//6863 3085//6862 3093//6864
f 3093//6866 3085//6866 3091//6935
f 3093//6866 3091//6935 3094//6936
f 3094//6867 3091//6937 3090//6867
f 3094//6867 3090//6867 3095//6867
f 3095//6938 3090//6938 3080//6939
f 3095//6938 3080//6939 3096//6938
f 3096//6870 3080//6870 3079//6870
f 3096//6870 3079//6870 3097//6870
f 3097//6873 3079//6872 3089//6872
f 3097//6873 3089//6872 3098//6873
f 3098//6940 3089//6940 3088//6940
f 3098//6940 3088//6940 3099//6940
f 3099//6941 3088//6877 3087//6942
f 3099//6941 3087//6942 3100//6942
f 3100//6878 3087//6878 3012//6943
f 3100//6878 3012//6943 3010//6878
f 3101//2737 3102//2737 3093//2737
f 3068//2737 3070//2737 3103//2737
f 3103//2737 3070//2737 3072//2737
f 3020//2737 3022//2737 3104//2737
f 3077//2737 3105//2737 3076//2737
f 3076//2737 3105//2737 3103//2737
f 3076//2737 3103//2737 3074//2737
f 3074//2737 3103//2737 3072//2737
f 3106//2737 3107//2737 3038//2737
f 3038//2737 3107//2737 3036//2737
f 3036//2737 3107//2737 3108//2737
f 3036//2737 3108//2737 3033//2737
f 3109//2737 3010//2737 3104//2737
f 3104//2737 3010//2737 3009//2737
f 3093//2737 3102//2737 3092//2737
f 3092//2737 3102//2737 3110//2737
f 3092//2737 3110//2737 3077//2737
f 3077//2737 3110//2737 3111//2737
f 3077//2737 3111//2737 3105//2737
f 3038//2737 3040//2737 3106//2737
f 3106//2737 3040//2737 3042//2737
f 3106//2737 3042//2737 3112//2737
f 3022//2737 3024//2737 3104//2737
f 3104//2737 3024//2737 3026//2737
f 3104//2737 3026//2737 3028//2737
f 3018//2737 3020//2737 3016//2737
f 3016//2737 3020//2737 3104//2737
f 3016//2737 3104//2737 3014//2737
f 3014//2737 3104//2737 3009//2737
f 3093//2737 3094//2737 3101//2737
f 3101//2737 3094//2737 3095//2737
f 3101//2737 3095//2737 3113//2737
f 3114//2737 3054//2737 3103//2737
f 3103//2737 3054//2737 3055//2737
f 3114//2737 3115//2737 3054//2737
f 3054//2737 3115//2737 3116//2737
f 3054//2737 3116//2737 3052//2737
f 3052//2737 3116//2737 3117//2737
f 3042//2737 3044//2737 3112//2737
f 3112//2737 3044//2737 3046//2737
f 3112//2737 3046//2737 3118//2737
f 3118//2737 3046//2737 3048//2737
f 3118//2737 3048//2737 3117//2737
f 3117//2737 3048//2737 3050//2737
f 3117//2737 3050//2737 3052//2737
f 3108//2737 3119//2737 3033//2737
f 3033//2737 3119//2737 3120//2737
f 3033//2737 3120//2737 3032//2737
f 3032//2737 3120//2737 3104//2737
f 3032//2737 3104//2737 3030//2737
f 3030//2737 3104//2737 3028//2737
f 3109//2737 3121//2737 3010//2737
f 3010//2737 3121//2737 3122//2737
f 3010//2737 3122//2737 3100//2737
f 3100//2737 3122//2737 3123//2737
f 3095//2737 3096//2737 3113//2737
f 3113//2737 3096//2737 3097//2737
f 3113//2737 3097//2737 3124//2737
f 3124//2737 3097//2737 3098//2737
f 3124//2737 3098//2737 3123//2737
f 3123//2737 3098//2737 3099//2737
f 3123//2737 3099//2737 3100//2737
f 3055//2737 3058//2737 3103//2737
f 3103//2737 3058//2737 3060//2737
f 3103//2737 3060//2737 3062//2737
f 3062//2737 3064//2737 3103//2737
f 3103//2737 3064//2737 3066//2737
f 3103//2737 3066//2737 3068//2737
f 3125//2737 3126//2737 3127//2737
f 3127//2737 3126//2737 3128//2737
f 3129//2737 3130//2737 3127//2737
f 3131//2737 3132//2737 3133//2737
f 3134//2737 3129//2737 3135//2737
f 3135//2737 3129//2737 3127//2737
f 3135//2737 3127//2737 3136//2737
f 3136//2737 3127//2737 3128//2737
f 3133//2737 3137//2737 3138//2737
f 3127//2737 3139//2737 3125//2737
f 3125//2737 3139//2737 3137//2737
f 3125//2737 3137//2737 3140//2737
f 3140//2737 3137//2737 3133//2737
f 3140//2737 3133//2737 3141//2737
f 3130//2737 3142//2737 3127//2737
f 3127//2737 3142//2737 3143//2737
f 3127//2737 3143//2737 3144//2737
f 3144//2737 3143//2737 3145//2737
f 3138//2737 3146//2737 3147//2737
f 3138//2737 3147//2737 3133//2737
f 3133//2737 3147//2737 3148//2737
f 3133//2737 3148//2737 3131//2737
f 3114//6878 3125//6944 3140//6945
f 3114//6878 3140//6945 3115//6878
f 3115//6877 3140//6946 3141//6877
f 3115//6877 3141//6877 3116//6947
f 3116//6876 3141//6876 3133//6876
f 3116//6876 3133//6876 3117//6948
f 3117//6949 3133//6873 3132//6949
f 3117//6949 3132//6949 3118//6872
f 3118//6870 3132//6870 3131//6871
f 3118//6870 3131//6871 3112//6870
f 3112//6868 3131//6868 3148//6868
f 3112//6868 3148//6868 3106//6868
f 3106//6867 3148//6937 3147//6867
f 3106//6867 3147//6867 3107//6867
f 3107//6950 3147//6950 3146//6950
f 3107//6950 3146//6950 3108//6951
f 3108//6952 3146//6953 3138//6953
f 3108//6952 3138//6953 3119//6952
f 3119//6934 3138//6934 3137//6934
f 3119//6934 3137//6934 3120//6934
f 3139//2296 3104//2296 3137//2296
f 3137//2296 3104//2296 3120//2296
f 3127//154 3109//154 3139//154
f 3139//154 3109//154 3104//154
f 3109//6954 3127//1187 3144//1188
f 3109//6954 3144//1188 3121//6954
f 3121//1191 3144//6955 3145//6956
f 3121//1191 3145//6956 3122//1190
f 3122//6910 3145//6910 3143//6910
f 3122//6910 3143//6910 3123//6957
f 3123//1193 3143//1194 3142//3029
f 3123//1193 3142//3029 3124//1194
f 3124//6908 3142//1196 3130//6907
f 3124//6908 3130//6907 3113//1196
f 3113//1198 3130//6905 3129//1198
f 3113//1198 3129//1198 3101//1198
f 3101//6958 3129//1200 3134//1200
f 3101//6958 3134//1200 3102//1200
f 3102//6902 3134//6902 3135//6902
f 3102//6902 3135//6902 3110//6902
f 3110//1203 3135//1203 3136//1203
f 3110//1203 3136//1203 3111//6920
f 3111//1205 3136//1205 3128//1205
f 3111//1205 3128//1205 3105//1205
f 3126//1186 3103//1186 3128//1186
f 3128//1186 3103//1186 3105//1186
f 3125//142 3114//142 3126//142
f 3126//142 3114//142 3103//142
f 3149//2296 3082//2296 3150//2296
f 3150//2296 3082//2296 3151//2296
f 3149//1976 3150//1976 3152//1976
f 3152//1976 3150//1976 3153//1976
f 3083//1186 3152//1186 3154//1186
f 3154//1186 3152//1186 3153//1186
f 3155//154 3151//154 3154//154
f 3151//154 3155//154 3150//154
f 3150//154 3155//154 3156//154
f 3150//154 3156//154 3153//154
f 3153//154 3156//154 3157//154
f 3153//154 3157//154 3154//154
f 3154//154 3157//154 3158//154
f 3154//154 3158//154 3155//154
f 3158//2296 3157//2296 3159//2296
f 3159//2296 3157//2296 3160//2296
f 3157//2737 3156//2737 3160//2737
f 3160//2737 3156//2737 3161//2737
f 3156//1186 3155//1186 3161//1186
f 3161//1186 3155//1186 3162//1186
f 3163//1976 3164//1976 3155//1976
f 3155//1976 3164//1976 3165//1976
f 3166//1976 3159//1976 3165//1976
f 3165//1976 3159//1976 3162//1976
f 3165//1976 3162//1976 3155//1976
f 3159//1976 3167//1976 3158//1976
f 3158//1976 3167//1976 3168//1976
f 3155//1976 3158//1976 3163//1976
f 3163//1976 3158//1976 3168//1976
f 3163//1976 3168//1976 3166//1976
f 3166//1976 3168//1976 3169//1976
f 3166//1976 3169//1976 3159//1976
f 3159//1976 3169//1976 3170//1976
f 3159//1976 3170//1976 3167//1976
f 3171//154 3166//154 3172//154
f 3172//154 3166//154 3165//154
f 3173//2296 3163//2296 3171//2296
f 3171//2296 3163//2296 3166//2296
f 3174//142 3164//142 3173//142
f 3173//142 3164//142 3163//142
f 3172//1186 3165//1186 3174//1186
f 3174//1186 3165//1186 3164//1186
f 3175//2737 3176//2737 3177//2737
f 3177//2737 3176//2737 3178//2737
f 3177//142 3178//142 3179//142
f 3179//142 3178//142 3180//142
f 3178//2296 3176//2296 3180//2296
f 3180//2296 3176//2296 3181//2296
f 3176//154 3175//154 3181//154
f 3181//154 3175//154 3182//154
f 3175//1186 3177//1186 3182//1186
f 3182//1186 3177//1186 3179//1186
f 3183//2737 3184//2737 3185//2737
f 3185//2737 3184//2737 3186//2737
f 3185//142 3186//142 3187//142
f 3187//142 3186//142 3188//142
f 3186//2296 3184//2296 3188//2296
f 3188//2296 3184//2296 3189//2296
f 3184//154 3183//154 3189//154
f 3189//154 3183//154 3190//154
f 3183//1186 3185//1186 3190//1186
f 3190//1186 3185//1186 3187//1186
f 3151//2737 3174//2737 3173//2737
f 3154//2737 3151//2737 3191//2737
f 3180//2737 3171//2737 3179//2737
f 3179//2737 3171//2737 3172//2737
f 3174//2737 3151//2737 3172//2737
f 3172//2737 3151//2737 3082//2737
f 3172//2737 3082//2737 3179//2737
f 3192//2737 3187//2737 3193//2737
f 3193//2737 3187//2737 3188//2737
f 3191//2737 3194//2737 3154//2737
f 3154//2737 3194//2737 3193//2737
f 3154//2737 3193//2737 3083//2737
f 3083//2737 3193//2737 3188//2737
f 3083//2737 3188//2737 3189//2737
f 3189//2737 3190//2737 3083//2737
f 3083//2737 3190//2737 3181//2737
f 3083//2737 3181//2737 3082//2737
f 3082//2737 3181//2737 3182//2737
f 3082//2737 3182//2737 3179//2737
f 3180//2737 3181//2737 3171//2737
f 3171//2737 3181//2737 3190//2737
f 3171//2737 3190//2737 3173//2737
f 3173//2737 3190//2737 3187//2737
f 3173//2737 3187//2737 3151//2737
f 3151//2737 3187//2737 3192//2737
f 3151//2737 3192//2737 3191//2737
f 3191//142 3168//142 3194//142
f 3194//142 3168//142 3167//142
f 3192//1186 3169//1186 3191//1186
f 3191//1186 3169//1186 3168//1186
f 3193//154 3170//154 3192//154
f 3192//154 3170//154 3169//154
f 3194//2296 3167//2296 3193//2296
f 3193//2296 3167//2296 3170//2296
f 3195//2737 3196//2737 3197//2737
f 3197//2737 3196//2737 3198//2737
f 3156//154 3195//154 3199//154
f 3199//154 3195//154 3197//154
f 3198//1186 3200//1186 3197//1186
f 3197//1186 3200//1186 3199//1186
