# Blender v2.82 (sub 7) OBJ File: ''
# www.blender.org
mtllib power_plug_quan.mtl
o power_plug_jul22_plug_socket_3Prong_Plug.002
v 0.021359 -0.004239 0.058797
v 0.022301 -0.004133 0.058798
v 0.021358 -0.004240 0.035398
v 0.022300 -0.004133 0.035399
v 0.023196 -0.003820 0.035398
v 0.023198 -0.003820 0.058798
v 0.023999 -0.003315 0.035397
v 0.024001 -0.003314 0.058797
v 0.024672 -0.002643 0.058798
v 0.024671 -0.002643 0.035396
v 0.025179 -0.001840 0.058798
v 0.025176 -0.001840 0.035398
v 0.025490 -0.000943 0.058797
v 0.025490 -0.000943 0.035398
v 0.025597 0.000000 0.058797
v 0.025597 0.000000 0.035399
v 0.025490 0.000943 0.058797
v 0.025490 0.000943 0.035398
v 0.025179 0.001840 0.058798
v 0.025176 0.001840 0.035398
v 0.024672 0.002643 0.058797
v 0.024671 0.002643 0.035397
v 0.024001 0.003314 0.058797
v 0.023999 0.003314 0.035397
v 0.023198 0.003820 0.058798
v 0.023196 0.003820 0.035397
v 0.022301 0.004133 0.058799
v 0.022300 0.004133 0.035398
v 0.021359 0.004239 0.058797
v 0.021358 0.004239 0.035397
v -0.005635 0.015300 0.035400
v -0.005632 0.015300 0.058800
v 0.006968 0.015300 0.058798
v 0.006965 0.015300 0.035400
v -0.007434 0.013500 0.035399
v -0.007434 -0.013500 0.035399
v -0.007432 -0.013500 0.058799
v -0.007432 0.013500 0.058799
v -0.005634 -0.015300 0.035400
v 0.006965 -0.015300 0.035400
v 0.006968 -0.015300 0.058798
v -0.005632 -0.015300 0.058800
v 0.014930 -0.010175 0.035397
v 0.023768 -0.006701 0.058796
v 0.014932 -0.010175 0.058799
v 0.023767 -0.006701 0.035398
v 0.024867 0.006155 0.035397
v 0.023767 0.006700 0.035398
v 0.023768 0.006700 0.058796
v 0.024869 0.006155 0.058796
v 0.025860 0.005430 0.035398
v 0.025862 0.005430 0.058797
v 0.026714 0.004547 0.035397
v 0.026716 0.004547 0.058798
v 0.027405 0.003532 0.035397
v 0.027409 0.003532 0.058797
v 0.027916 0.002413 0.035396
v 0.027917 0.002413 0.058797
v 0.028226 0.001224 0.035398
v 0.028228 0.001224 0.058797
v 0.028333 0.000000 0.035396
v 0.028334 0.000000 0.058796
v 0.028226 -0.001224 0.035397
v 0.028228 -0.001224 0.058797
v 0.027916 -0.002413 0.035396
v 0.027917 -0.002413 0.058796
v 0.027405 -0.003532 0.035397
v 0.027409 -0.003532 0.058797
v 0.026714 -0.004547 0.035396
v 0.026716 -0.004547 0.058799
v 0.025860 -0.005430 0.035398
v 0.025862 -0.005430 0.058797
v 0.024867 -0.006156 0.035397
v 0.024869 -0.006155 0.058796
v 0.014930 0.010175 0.035398
v 0.014932 0.010175 0.058798
v -0.007256 0.014281 0.058799
v -0.007388 0.013900 0.058799
v -0.005632 0.012510 0.058801
v 0.017539 -0.001840 0.058798
v 0.018044 -0.002644 0.058797
v 0.018715 -0.003314 0.058798
v 0.019519 -0.003820 0.058796
v 0.018715 0.003314 0.058798
v 0.019519 0.003820 0.058796
v 0.020415 -0.004133 0.058798
v -0.005632 0.009954 0.058800
v 0.013090 -0.011023 0.058797
v 0.018044 0.002643 0.058798
v 0.017120 0.000000 0.058797
v 0.005635 -0.009954 0.058798
v 0.017225 -0.000943 0.058797
v 0.005635 0.009954 0.058798
v 0.011354 -0.012073 0.058798
v 0.009748 -0.013311 0.058798
v 0.017539 0.001840 0.058798
v 0.013090 0.011023 0.058798
v 0.005635 -0.012510 0.058799
v 0.008290 -0.014720 0.058799
v 0.008013 -0.014966 0.058798
v 0.007689 -0.015150 0.058798
v 0.007337 -0.015263 0.058800
v -0.005632 -0.009954 0.058800
v 0.008290 0.014720 0.058799
v 0.005635 0.012510 0.058799
v 0.009748 0.013310 0.058799
v 0.008013 0.014966 0.058798
v 0.007689 0.015149 0.058798
v 0.007337 0.015262 0.058800
v -0.005632 -0.012510 0.058801
v -0.007388 -0.013901 0.058800
v -0.006033 -0.015256 0.058800
v -0.007256 -0.014281 0.058799
v -0.006414 -0.015122 0.058799
v -0.007040 -0.014622 0.058800
v 0.020415 0.004133 0.058798
v -0.006755 -0.014908 0.058800
v 0.017225 0.000943 0.058797
v 0.011354 0.012073 0.058797
v -0.006033 0.015255 0.058800
v -0.006414 0.015122 0.058800
v -0.006755 0.014908 0.058800
v -0.007040 0.014622 0.058799
v -0.005635 0.012510 0.035399
v -0.006415 0.015122 0.035400
v -0.006035 0.015255 0.035401
v -0.007389 0.013900 0.035400
v -0.007257 0.014281 0.035401
v 0.019517 -0.003820 0.035397
v 0.020414 -0.004133 0.035399
v 0.018713 -0.003315 0.035398
v 0.018043 -0.002643 0.035398
v 0.017537 -0.001840 0.035398
v 0.018713 0.003314 0.035398
v 0.019517 0.003820 0.035397
v -0.005635 0.009954 0.035400
v 0.013087 -0.011023 0.035398
v 0.018043 0.002643 0.035399
v 0.005635 -0.009954 0.035400
v 0.017223 -0.000943 0.035398
v 0.017537 0.001840 0.035398
v 0.017117 0.000000 0.035398
v 0.005634 0.009954 0.035400
v 0.011353 -0.012073 0.035399
v 0.009745 -0.013310 0.035398
v 0.013087 0.011023 0.035398
v 0.005635 -0.012510 0.035401
v 0.008289 -0.014720 0.035399
v 0.008010 -0.014966 0.035398
v 0.007687 -0.015149 0.035399
v 0.007335 -0.015262 0.035398
v 0.005634 0.012510 0.035400
v 0.007335 0.015262 0.035399
v 0.007687 0.015149 0.035400
v 0.008010 0.014966 0.035398
v 0.008289 0.014720 0.035399
v -0.005634 -0.009954 0.035400
v 0.009745 0.013310 0.035397
v -0.005634 -0.012510 0.035400
v -0.006035 -0.015255 0.035401
v -0.007389 -0.013900 0.035400
v -0.006415 -0.015122 0.035400
v -0.007257 -0.014281 0.035401
v 0.020414 0.004133 0.035398
v -0.006756 -0.014908 0.035400
v -0.007042 -0.014622 0.035401
v 0.017223 0.000943 0.035398
v 0.011353 0.012073 0.035399
v -0.007042 0.014622 0.035401
v -0.006756 0.014908 0.035400
v 0.004700 0.003441 0.123689
v 0.005288 0.002374 0.119099
v 0.005378 0.002147 0.123689
v 0.004718 -0.003414 0.115590
v 0.003973 -0.004307 0.110998
v 0.003974 -0.004307 0.115589
v 0.003980 0.004299 0.107490
v 0.004726 0.003399 0.102900
v 0.004726 0.003400 0.107490
v 0.003980 0.004299 0.102899
v -0.000284 0.006057 0.123689
v -0.000287 0.006057 0.094798
v 0.001165 0.005881 0.123690
v 0.004717 -0.003414 0.110998
v 0.005374 -0.002147 0.094798
v 0.004697 -0.003442 0.094800
v 0.005275 -0.002396 0.099388
v 0.004716 -0.003414 0.099388
v 0.002049 0.005590 0.119099
v 0.002530 0.005363 0.123689
v 0.005286 0.002374 0.115589
v 0.002047 0.005590 0.115589
v 0.004725 0.003400 0.115590
v 0.005286 0.002374 0.110999
v 0.004727 0.003400 0.110999
v 0.002047 0.005589 0.110998
v 0.004718 -0.003414 0.102900
v 0.003972 -0.004307 0.102899
v 0.004718 -0.003414 0.107489
v 0.002046 0.005590 0.107489
v 0.003973 -0.004307 0.107489
v 0.003980 0.004299 0.099390
v 0.004697 0.003441 0.094799
v 0.004724 0.003400 0.099388
v 0.003729 0.004533 0.094799
v 0.001161 0.005881 0.094799
v 0.003074 -0.005041 0.119099
v 0.002530 -0.005364 0.123689
v 0.003732 -0.004533 0.123688
v 0.002046 0.005590 0.102898
v 0.005286 0.002374 0.107489
v 0.005728 0.000730 0.123689
v 0.003972 -0.004307 0.099388
v 0.005285 0.002374 0.102900
v 0.003078 0.005038 0.119101
v 0.003732 0.004533 0.123688
v 0.003072 -0.005042 0.111000
v 0.003071 -0.005041 0.115590
v 0.005284 0.002374 0.099389
v 0.002046 0.005589 0.099390
v 0.005374 0.002147 0.094798
v 0.003076 0.005038 0.110999
v 0.003078 0.005037 0.115589
v 0.005725 0.000730 0.094800
v 0.005728 -0.000730 0.123689
v 0.003729 -0.004533 0.094799
v 0.003070 -0.005042 0.102898
v 0.003072 -0.005041 0.107490
v 0.005278 -0.002396 0.115589
v 0.005378 -0.002147 0.123689
v 0.003075 0.005038 0.102900
v 0.005279 -0.002396 0.119099
v 0.003077 0.005038 0.107490
v 0.002047 -0.005591 0.115589
v 0.005725 -0.000730 0.094801
v 0.002528 0.005363 0.094799
v 0.005278 -0.002396 0.110999
v 0.004700 -0.003442 0.123689
v 0.001165 -0.005881 0.123690
v 0.002049 -0.005590 0.119099
v 0.005277 -0.002396 0.107488
v 0.003981 0.004299 0.110999
v 0.003981 0.004299 0.115591
v 0.002047 -0.005590 0.110999
v 0.004718 -0.003414 0.119099
v 0.003981 0.004299 0.119100
v 0.002046 -0.005591 0.107488
v 0.005276 -0.002396 0.102899
v 0.002046 -0.005590 0.102898
v 0.002528 -0.005363 0.094799
v 0.003071 -0.005041 0.099390
v 0.004727 0.003400 0.119099
v 0.001161 -0.005881 0.094799
v 0.002046 -0.005590 0.099391
v -0.000284 -0.006057 0.123689
v -0.000287 -0.006057 0.094799
v 0.003076 0.005038 0.099388
v 0.003974 -0.004307 0.119100
v -0.002722 -0.011213 0.119101
v -0.000284 -0.011475 0.123689
v -0.002524 -0.011255 0.123690
v -0.002723 -0.011214 0.115589
v -0.002724 -0.011213 0.111000
v -0.002723 -0.011213 0.107490
v -0.000287 -0.011475 0.094798
v -0.004678 -0.010601 0.123691
v -0.002725 -0.011213 0.102901
v -0.004807 -0.010547 0.119100
v -0.002724 -0.011213 0.099389
v -0.004808 -0.010546 0.115591
v -0.002568 -0.011246 0.094800
v -0.004808 -0.010546 0.111000
v -0.004808 -0.010546 0.107489
v -0.006660 -0.009541 0.123689
v -0.004809 -0.010546 0.102900
v -0.006728 -0.009496 0.119098
v -0.006728 -0.009495 0.115589
v -0.004758 -0.010569 0.094801
v -0.004810 -0.010546 0.099390
v -0.006729 -0.009495 0.111000
v -0.006730 -0.009496 0.107489
v -0.008398 -0.008114 0.123690
v -0.006730 -0.009495 0.102901
v -0.008414 -0.008099 0.119101
v -0.008415 -0.008099 0.115590
v -0.006769 -0.009470 0.094800
v -0.006730 -0.009495 0.099390
v -0.008414 -0.008099 0.111000
v -0.008417 -0.008099 0.107490
v -0.008417 -0.008100 0.102901
v -0.009804 -0.006408 0.119099
v -0.009827 -0.006377 0.123690
v -0.008417 -0.008099 0.099390
v -0.008522 -0.007993 0.094801
v -0.009805 -0.006408 0.111000
v -0.009805 -0.006408 0.115590
v -0.009804 -0.006408 0.102902
v -0.009805 -0.006408 0.107490
v -0.010848 -0.004483 0.119100
v -0.010886 -0.004392 0.123690
v -0.009806 -0.006408 0.099390
v -0.009946 -0.006197 0.094800
v -0.010849 -0.004483 0.111001
v -0.010849 -0.004483 0.115591
v -0.010849 -0.004483 0.102900
v -0.010850 -0.004483 0.107490
v -0.011507 -0.002396 0.119101
v -0.011539 -0.002238 0.123690
v -0.010848 -0.004483 0.099390
v -0.011508 -0.002396 0.111001
v -0.011508 -0.002396 0.115591
v -0.010985 -0.004154 0.094801
v -0.011760 0.000000 0.123691
v -0.011510 -0.002396 0.102901
v -0.011507 -0.002396 0.107491
v -0.011597 -0.001946 0.094801
v -0.011510 -0.002396 0.099391
v -0.011744 -0.000652 0.094801
v -0.011511 0.002374 0.119101
v -0.011539 0.002237 0.123690
v -0.011513 0.002374 0.115590
v -0.011512 0.002374 0.110999
v -0.011744 0.000652 0.094801
v -0.011511 0.002374 0.107491
v -0.010886 0.004391 0.123690
v -0.011514 0.002374 0.102900
v -0.010856 0.004467 0.119100
v -0.011597 0.001946 0.094801
v -0.011514 0.002374 0.099391
v -0.010857 0.004467 0.111000
v -0.010856 0.004467 0.115591
v -0.009827 0.006376 0.123690
v -0.010856 0.004466 0.102900
v -0.010857 0.004467 0.107490
v -0.009812 0.006395 0.119100
v -0.010985 0.004154 0.094800
v -0.009813 0.006395 0.111000
v -0.009812 0.006395 0.115591
v -0.009815 0.006395 0.102901
v -0.009814 0.006395 0.107491
v -0.008422 0.008091 0.119101
v -0.008398 0.008113 0.123690
v -0.009946 0.006196 0.094800
v -0.010858 0.004467 0.099390
v -0.009813 0.006395 0.099391
v -0.008421 0.008091 0.111002
v -0.008423 0.008091 0.115591
v -0.008424 0.008091 0.102900
v -0.008422 0.008091 0.107491
v -0.006733 0.009490 0.119101
v -0.006660 0.009541 0.123689
v -0.008522 0.007993 0.094801
v -0.008424 0.008091 0.099391
v -0.006736 0.009490 0.110999
v -0.006734 0.009491 0.115590
v -0.006736 0.009491 0.102900
v -0.006736 0.009491 0.107489
v -0.004811 0.010543 0.119099
v -0.004678 0.010601 0.123690
v -0.006769 0.009470 0.094800
v -0.006736 0.009490 0.099390
v -0.004811 0.010544 0.111000
v -0.004812 0.010544 0.115591
v -0.004813 0.010544 0.102899
v -0.004812 0.010544 0.107489
v -0.002722 0.011213 0.119102
v -0.002524 0.011254 0.123689
v -0.004812 0.010544 0.099390
v -0.004758 0.010569 0.094801
v -0.002724 0.011213 0.111000
v -0.002723 0.011213 0.115589
v -0.002725 0.011212 0.102900
v -0.002723 0.011213 0.107489
v -0.000284 0.011475 0.123688
v -0.002724 0.011213 0.099389
v -0.002568 0.011246 0.094800
v -0.000287 0.011475 0.094798
v 0.027819 -0.012328 0.071350
v 0.024774 -0.013821 0.071536
v 0.027521 -0.012800 0.070461
v 0.032528 -0.004973 0.071183
v 0.031612 -0.006425 0.071699
v 0.032154 -0.007225 0.070887
v 0.025927 -0.010282 0.074897
v 0.023768 -0.010202 0.076239
v 0.023567 -0.011343 0.075893
v 0.025829 -0.011699 0.074180
v 0.033162 -0.005585 0.070359
v 0.035339 -0.001925 0.067370
v 0.035337 -0.002382 0.066554
v 0.035536 0.000000 0.066483
v 0.035417 -0.000001 0.067605
v 0.028004 -0.011707 0.072161
v 0.025556 -0.012715 0.073315
v 0.025212 -0.013366 0.072469
v 0.034924 -0.003906 0.067535
v 0.034519 -0.003529 0.069065
v 0.033539 -0.006054 0.069533
v 0.033730 -0.006395 0.068784
v 0.030004 -0.011233 0.069482
v 0.028519 -0.012362 0.069016
v 0.030625 -0.010831 0.068255
v 0.034777 -0.003730 0.068327
v 0.035163 -0.001837 0.068157
v 0.035069 -0.000001 0.068680
v 0.028073 -0.010779 0.073015
v 0.025788 -0.008786 0.075228
v 0.023836 -0.009000 0.076357
v 0.034064 -0.003255 0.069886
v 0.030164 -0.010783 0.070336
v 0.031723 -0.004334 0.071803
v 0.030567 -0.005972 0.072469
v 0.034880 -0.001737 0.068891
v 0.034503 0.000000 0.069658
v 0.027932 -0.009517 0.073769
v 0.033349 -0.002903 0.070721
v 0.030204 -0.010226 0.071121
v 0.034398 -0.001603 0.069712
v 0.031748 -0.009614 0.068793
v 0.031567 -0.009925 0.067914
v 0.032469 -0.002535 0.071370
v 0.032748 -0.001250 0.071210
v 0.033653 -0.001432 0.070551
v 0.033748 -0.000001 0.070497
v 0.030092 -0.009422 0.071964
v 0.023527 -0.013939 0.072606
v 0.021134 -0.014401 0.071680
v 0.023627 -0.014183 0.070780
v 0.021734 -0.014265 0.072721
v 0.022306 -0.013865 0.073709
v 0.022819 -0.013222 0.074596
v 0.031803 -0.009210 0.069624
v 0.027574 -0.008187 0.074200
v 0.027574 -0.008187 0.074199
v 0.029204 -0.007223 0.073257
v 0.032555 -0.008645 0.068476
v 0.032425 -0.008939 0.067605
v 0.033730 -0.006979 0.067134
v 0.031736 -0.008726 0.070392
v 0.032560 -0.008274 0.069295
v 0.029748 -0.008351 0.072747
v 0.032444 -0.007836 0.070055
v 0.031502 -0.008045 0.071226
v 0.033803 -0.006693 0.067979
v 0.034702 -0.004826 0.066783
v 0.032834 0.000000 0.071160
v 0.026179 -0.013487 0.069859
v 0.031021 -0.007146 0.072031
v 0.023247 -0.012367 0.075337
v 0.013720 0.006649 0.090619
v 0.013721 0.013277 0.090050
v 0.013721 0.013246 0.090733
v 0.013721 0.013217 0.091415
v 0.013721 0.013191 0.092099
v 0.013721 0.000000 0.090807
v 0.013721 -0.013192 0.092098
v 0.013720 -0.006649 0.090618
v 0.013721 -0.013217 0.091415
v 0.013721 -0.013246 0.090733
v 0.013721 -0.013277 0.090049
v 0.013721 0.006726 0.087913
v 0.013720 0.013363 0.088408
v 0.013722 0.006692 0.088992
v 0.013721 0.013429 0.087332
v 0.013721 0.013405 0.087690
v 0.013722 0.013384 0.088050
v 0.013720 -0.000001 0.088107
v 0.013720 0.000000 0.089187
v 0.013722 -0.006692 0.088991
v 0.013721 -0.006726 0.087913
v 0.013720 -0.013363 0.088408
v 0.013722 -0.013384 0.088049
v 0.013721 -0.013407 0.087690
v 0.013721 -0.013429 0.087332
v 0.012360 -0.015671 0.089139
v 0.012375 -0.015716 0.088189
v 0.012921 -0.015259 0.088856
v 0.013654 -0.013793 0.092118
v 0.013595 -0.014095 0.089943
v 0.013652 -0.014270 0.084141
v 0.013720 -0.013670 0.084089
v 0.013719 -0.013626 0.084622
v 0.013499 -0.014445 0.088307
v 0.013587 -0.014274 0.087219
v 0.013659 -0.013942 0.088342
v 0.012365 -0.015660 0.089279
v 0.012357 -0.015668 0.089212
v 0.012382 -0.015647 0.089345
v 0.012914 -0.015252 0.089077
v 0.012931 -0.015232 0.089174
v 0.013466 -0.014587 0.087150
v 0.012957 -0.015200 0.089267
v 0.013003 -0.015145 0.089382
v 0.013660 -0.014120 0.085619
v 0.013719 -0.013585 0.085155
v 0.013721 -0.013543 0.085688
v 0.013454 -0.014363 0.092139
v 0.013347 -0.014661 0.089790
v 0.013479 -0.014405 0.089878
v 0.011715 -0.015973 0.088464
v 0.011022 -0.016004 0.089565
v 0.011021 -0.016160 0.086940
v 0.012048 -0.015894 0.087906
v 0.013478 -0.014673 0.085585
v 0.013453 -0.014837 0.084187
v 0.013318 -0.014787 0.088340
v 0.012048 -0.015818 0.089221
v 0.013132 -0.014875 0.092156
v 0.013139 -0.014977 0.089594
v 0.013237 -0.014837 0.089699
v 0.013333 -0.014845 0.087059
v 0.012042 -0.015819 0.089278
v 0.012705 -0.015303 0.092173
v 0.013689 -0.013691 0.090000
v 0.013341 -0.014932 0.085608
v 0.013130 -0.015349 0.084230
v 0.012044 -0.015814 0.089331
v 0.013220 -0.014931 0.088387
v 0.013688 -0.013856 0.087280
v 0.012056 -0.015808 0.089379
v 0.013222 -0.015021 0.086964
v 0.012072 -0.015798 0.089427
v 0.012094 -0.016017 0.085825
v 0.012703 -0.015773 0.084267
v 0.012951 -0.015411 0.086010
v 0.011020 -0.016362 0.084318
v 0.011620 -0.016294 0.084311
v 0.012192 -0.016095 0.084296
v 0.013113 -0.015071 0.088473
v 0.013224 -0.015110 0.085661
v 0.012113 -0.015736 0.090345
v 0.013131 -0.015229 0.085733
v 0.012924 -0.015431 0.086111
v 0.013067 -0.015068 0.089494
v 0.013122 -0.015161 0.086851
v 0.011621 -0.015823 0.092189
v 0.011021 -0.015892 0.092193
v 0.012192 -0.015624 0.092184
v 0.012355 -0.015836 0.086502
v 0.012913 -0.015436 0.086214
v 0.013056 -0.015135 0.088539
v 0.012913 -0.015429 0.086316
v 0.013073 -0.015295 0.085793
v 0.013000 -0.015369 0.085900
v 0.012376 -0.015817 0.086635
v 0.012361 -0.015829 0.086569
v 0.012923 -0.015410 0.086417
v 0.012947 -0.015380 0.086513
v 0.012042 -0.015983 0.086591
v 0.012042 -0.015980 0.086642
v 0.012049 -0.015973 0.086692
v 0.012065 -0.015964 0.086739
v 0.012384 -0.015759 0.087410
v 0.012991 -0.015327 0.086629
v 0.013052 -0.015251 0.086750
v 0.012986 -0.015204 0.088654
v 0.012947 -0.015238 0.088747
v 0.012064 -0.015890 0.087854
v 0.012910 -0.015262 0.088970
v 0.013721 0.012175 0.084765
v 0.013720 0.013670 0.084089
v 0.013720 0.013626 0.084622
v 0.013720 0.013584 0.085154
v 0.013721 0.013543 0.085687
v 0.013722 0.010601 0.085178
v 0.013720 0.006782 0.086286
v 0.013720 0.008999 0.085315
v 0.013722 -0.000001 0.086487
v 0.013720 -0.009000 0.085316
v 0.013721 -0.006783 0.086286
v 0.013721 -0.010601 0.085178
v 0.013720 -0.012175 0.084766
v -0.005849 -0.002396 0.119100
v -0.005850 -0.002396 0.115591
v -0.002723 -0.005546 0.115589
v -0.002722 -0.005545 0.119101
v 0.002049 -0.011236 0.119099
v 0.002047 -0.011237 0.115589
v 0.010937 -0.002396 0.119099
v 0.010937 -0.002396 0.115588
v 0.010940 0.002374 0.115588
v 0.010943 0.002374 0.119099
v 0.002047 0.011236 0.115589
v 0.002049 0.011236 0.119099
v -0.002723 0.005545 0.115589
v -0.002722 0.005545 0.119101
v -0.005859 0.002374 0.115590
v -0.005858 0.002374 0.119100
v -0.005849 -0.002396 0.111000
v -0.005850 -0.002396 0.107491
v -0.002723 -0.005545 0.107490
v -0.002724 -0.005545 0.110999
v 0.002047 -0.011236 0.110999
v 0.002046 -0.011236 0.107489
v 0.010936 -0.002396 0.110999
v 0.010936 -0.002396 0.107489
v 0.010941 0.002374 0.107489
v 0.010940 0.002374 0.110999
v 0.002046 0.011236 0.107489
v 0.002047 0.011236 0.110999
v -0.002723 0.005545 0.107490
v -0.002724 0.005544 0.111000
v -0.005859 0.002374 0.107491
v -0.005860 0.002374 0.111000
v -0.005850 -0.002396 0.102899
v -0.005851 -0.002396 0.099391
v -0.002724 -0.005545 0.099389
v -0.002725 -0.005545 0.102900
v 0.002046 -0.011236 0.102898
v 0.002046 -0.011236 0.099391
v 0.010936 -0.002396 0.102898
v 0.010936 -0.002396 0.099389
v 0.010939 0.002374 0.099389
v 0.010940 0.002374 0.102899
v 0.002046 0.011236 0.099391
v 0.002046 0.011235 0.102898
v -0.002724 0.005545 0.099390
v -0.002725 0.005545 0.102900
v -0.005861 0.002374 0.099390
v -0.005860 0.002374 0.102901
v -0.005316 0.003377 0.099391
v -0.004594 0.004259 0.099391
v -0.003720 0.004990 0.099389
v 0.010276 0.004483 0.099389
v 0.009219 0.006425 0.099389
v 0.007811 0.008129 0.099390
v 0.006103 0.009531 0.099390
v 0.004156 0.010579 0.099389
v 0.006096 -0.009536 0.099388
v 0.007805 -0.008137 0.099390
v 0.009214 -0.006437 0.099388
v 0.004155 -0.010582 0.099388
v 0.010269 -0.004500 0.099388
v -0.003715 -0.004994 0.099390
v -0.004585 -0.004267 0.099389
v -0.005306 -0.003390 0.099391
v -0.005316 0.003377 0.102900
v -0.004594 0.004259 0.102899
v -0.003720 0.004990 0.102900
v -0.005315 0.003377 0.107490
v -0.004593 0.004259 0.107489
v -0.003719 0.004990 0.107490
v 0.010275 0.004482 0.102899
v 0.009220 0.006424 0.102899
v 0.007812 0.008129 0.102900
v 0.006102 0.009531 0.102899
v 0.004157 0.010579 0.102899
v 0.010276 0.004483 0.107489
v 0.009222 0.006425 0.107488
v 0.007812 0.008129 0.107489
v 0.006105 0.009531 0.107488
v 0.004157 0.010578 0.107490
v 0.006097 -0.009536 0.102899
v 0.007805 -0.008137 0.102898
v 0.009212 -0.006437 0.102898
v 0.004155 -0.010581 0.102899
v 0.010268 -0.004500 0.102899
v 0.006098 -0.009537 0.107489
v 0.007805 -0.008137 0.107488
v 0.009213 -0.006437 0.107488
v 0.004155 -0.010581 0.107489
v 0.010270 -0.004500 0.107490
v -0.003714 -0.004993 0.107489
v -0.004586 -0.004267 0.107490
v -0.005305 -0.003390 0.107490
v -0.003715 -0.004993 0.102901
v -0.004585 -0.004267 0.102900
v -0.005306 -0.003390 0.102901
v -0.005316 0.003377 0.110999
v -0.004593 0.004259 0.110999
v -0.003718 0.004990 0.110999
v -0.005315 0.003377 0.115590
v -0.004592 0.004259 0.115589
v -0.003719 0.004989 0.115590
v 0.010277 0.004483 0.110999
v 0.009220 0.006425 0.110999
v 0.007813 0.008129 0.110998
v 0.006104 0.009531 0.110999
v 0.004157 0.010579 0.110999
v 0.010277 0.004483 0.115589
v 0.009221 0.006425 0.115589
v 0.007812 0.008129 0.115588
v 0.006102 0.009531 0.115589
v 0.004159 0.010579 0.115590
v 0.006098 -0.009536 0.110999
v 0.007805 -0.008137 0.110999
v 0.009213 -0.006437 0.110999
v 0.004155 -0.010581 0.111000
v 0.010270 -0.004500 0.110999
v 0.006097 -0.009536 0.115588
v 0.007805 -0.008137 0.115588
v 0.009214 -0.006438 0.115589
v 0.004155 -0.010581 0.115589
v 0.010270 -0.004501 0.115588
v -0.003714 -0.004993 0.115590
v -0.004584 -0.004267 0.115590
v -0.005305 -0.003390 0.115589
v -0.003713 -0.004994 0.111000
v -0.004585 -0.004267 0.110999
v -0.005306 -0.003390 0.111000
v -0.003713 -0.004993 0.119101
v -0.004584 -0.004267 0.119100
v -0.005304 -0.003390 0.119100
v 0.006100 -0.009537 0.119099
v 0.007807 -0.008137 0.119100
v 0.009215 -0.006437 0.119098
v 0.004157 -0.010582 0.119100
v 0.010270 -0.004500 0.119100
v 0.010277 0.004483 0.119100
v 0.009222 0.006425 0.119100
v 0.007814 0.008129 0.119099
v 0.006106 0.009530 0.119099
v 0.004158 0.010578 0.119099
v -0.005313 0.003377 0.119102
v -0.004592 0.004259 0.119101
v -0.003718 0.004990 0.119099
v -0.005269 -0.003442 0.123691
v 0.006091 0.009541 0.123689
v 0.007828 0.008113 0.123689
v -0.005949 -0.002147 0.123691
v 0.004107 0.010601 0.123689
v 0.006091 -0.009541 0.123688
v 0.007828 -0.008114 0.123689
v 0.009257 -0.006377 0.123689
v 0.010317 -0.004392 0.123688
v 0.004107 -0.010601 0.123689
v 0.010968 -0.002238 0.123689
v -0.006297 -0.000730 0.123690
v 0.001955 -0.011255 0.123690
v 0.001955 0.011254 0.123690
v 0.011190 0.000000 0.123689
v -0.006297 0.000730 0.123690
v -0.001733 0.005881 0.123690
v 0.010968 0.002237 0.123689
v -0.005949 0.002147 0.123691
v -0.001733 -0.005881 0.123690
v -0.003100 0.005363 0.123690
v 0.010317 0.004390 0.123688
v -0.005269 0.003441 0.123690
v -0.004300 0.004533 0.123691
v -0.003100 -0.005364 0.123689
v 0.009257 0.006376 0.123690
v -0.004300 -0.004534 0.123691
v 0.006193 -0.009470 0.094799
v 0.011020 -0.013192 0.094799
v 0.007945 -0.007993 0.094798
v 0.009369 -0.006198 0.094799
v 0.004182 -0.010569 0.094799
v 0.010408 -0.004154 0.094799
v 0.001992 -0.011246 0.094799
v 0.011020 -0.001946 0.094799
v -0.011597 -0.013192 0.094801
v 0.011020 0.013192 0.094799
v 0.010408 0.004154 0.094798
v 0.011020 0.001946 0.094799
v 0.009369 0.006196 0.094799
v 0.007945 0.007993 0.094798
v 0.006193 0.009470 0.094798
v 0.004182 0.010569 0.094799
v 0.001992 0.011246 0.094799
v -0.011597 0.013192 0.094801
v -0.014635 -0.019797 0.035401
v -0.014633 -0.018897 0.055201
v -0.014633 -0.018892 0.055201
v -0.014635 0.019797 0.035400
v -0.014633 0.018892 0.055201
v -0.014633 0.018897 0.055201
v 0.019117 -0.014400 0.062293
v 0.019115 -0.014400 0.035399
v 0.021131 -0.014400 0.035397
v 0.019019 -0.014400 0.067255
v 0.018711 -0.014400 0.073080
v 0.030388 -0.011031 0.035397
v 0.021131 0.014400 0.035397
v 0.021134 0.014399 0.071680
v 0.023593 0.014188 0.070793
v 0.028333 -0.012470 0.035397
v 0.023631 0.014181 0.035398
v 0.026111 0.013513 0.069885
v 0.026056 -0.013532 0.035397
v 0.026056 0.013531 0.035397
v 0.028303 0.012488 0.069093
v 0.028333 0.012470 0.035397
v 0.030270 0.011129 0.068381
v 0.023631 -0.014181 0.035398
v 0.030388 0.011030 0.035398
v 0.031969 0.009486 0.067771
v 0.032161 0.009255 0.035396
v 0.033494 0.007387 0.067220
v 0.033601 0.007199 0.035397
v 0.034608 0.005083 0.066818
v 0.034662 0.004925 0.035396
v 0.035289 0.002649 0.066571
v 0.035313 0.002499 0.035397
v 0.035476 0.001308 0.066506
v 0.035532 0.000000 0.035396
v 0.035313 -0.002500 0.035396
v 0.034662 -0.004925 0.035396
v 0.033601 -0.007200 0.035397
v 0.032161 -0.009257 0.035397
v 0.019020 0.014400 0.067250
v 0.018711 0.014399 0.073080
v 0.019118 0.014400 0.062293
v 0.019115 0.014400 0.035399
v 0.011583 0.022440 0.035398
v 0.012127 0.022261 0.035398
v 0.012620 0.021973 0.035399
v 0.013686 0.020202 0.035399
v 0.013370 0.021119 0.035399
v 0.013594 0.020596 0.035398
v 0.011015 0.022500 0.035399
v 0.013041 0.021585 0.035399
v 0.013716 0.019798 0.035400
v 0.013851 0.018597 0.035399
v 0.026555 0.004735 0.035397
v 0.025280 0.005885 0.035397
v 0.027525 0.003315 0.035397
v 0.028127 0.001706 0.035397
v 0.028333 0.000000 0.035396
v 0.028127 -0.001706 0.035396
v 0.015750 0.015577 0.035399
v 0.016773 0.014934 0.035398
v 0.017913 0.014535 0.035399
v 0.027525 -0.003316 0.035398
v 0.012496 0.011351 0.035399
v 0.014894 0.016432 0.035398
v 0.010265 0.012877 0.035400
v 0.014250 0.017455 0.035397
v 0.026555 -0.004735 0.035398
v 0.025280 -0.005885 0.035397
v -0.011933 0.022500 0.035400
v -0.012916 0.022315 0.035401
v -0.012420 0.022456 0.035401
v -0.013494 0.022003 0.035400
v -0.013989 0.021551 0.035401
v -0.014355 0.020995 0.035401
v -0.014568 0.020392 0.035401
v 0.017913 -0.014535 0.035398
v 0.016773 -0.014935 0.035397
v 0.015750 -0.015577 0.035399
v 0.012496 -0.011351 0.035398
v 0.014894 -0.016432 0.035398
v 0.010265 -0.012877 0.035400
v 0.014250 -0.017456 0.035397
v 0.013851 -0.018597 0.035399
v 0.012333 -0.022156 0.035397
v 0.013186 -0.021403 0.035398
v 0.012800 -0.021826 0.035398
v 0.011418 -0.022469 0.035400
v 0.013476 -0.020911 0.035397
v 0.011808 -0.022381 0.035398
v 0.011015 -0.022501 0.035398
v 0.013716 -0.019798 0.035400
v 0.013655 -0.020366 0.035399
v -0.011933 -0.022499 0.035400
v -0.014591 -0.020283 0.035401
v -0.014449 -0.020781 0.035401
v -0.013130 -0.022220 0.035401
v -0.012529 -0.022433 0.035400
v -0.014137 -0.021360 0.035401
v -0.013686 -0.021855 0.035401
v 0.025281 0.005884 0.058797
v 0.026557 0.004735 0.058797
v 0.027526 0.003315 0.058796
v 0.028128 0.001706 0.058796
v 0.028334 0.000000 0.058796
v 0.028128 -0.001707 0.058796
v 0.027526 -0.003315 0.058796
v 0.026557 -0.004735 0.058796
v 0.025281 -0.005885 0.058797
v 0.012499 0.011351 0.058799
v 0.010267 0.012877 0.058798
v 0.010267 -0.012877 0.058797
v 0.012499 -0.011352 0.058799
v 0.016420 0.009000 0.080640
v 0.016420 -0.009000 0.080640
v 0.023836 0.008999 0.076357
v 0.024841 0.008944 0.075776
v 0.025873 0.008766 0.075181
v 0.032650 0.001813 0.071267
v 0.027362 0.008281 0.074321
v 0.032056 0.003662 0.071610
v 0.028788 0.007514 0.073497
v 0.031159 0.005230 0.072128
v 0.030078 0.006483 0.072752
v 0.011021 0.015891 0.092193
v 0.011022 0.016004 0.089566
v -0.011596 0.015891 0.092195
v -0.011101 0.016175 0.086729
v 0.011021 0.016160 0.086940
v 0.011021 0.016360 0.084318
v -0.010799 0.016648 0.081271
v 0.011224 0.016569 0.082054
v 0.011721 0.016804 0.079837
v 0.012072 0.017054 0.077754
v -0.010689 0.017479 0.074656
v 0.012206 0.017368 0.075419
v 0.012164 0.017719 0.073075
v -0.010841 0.018512 0.068475
v 0.011872 0.018621 0.067900
v -0.011283 0.019914 0.061800
v -0.011931 0.021600 0.055201
v -0.012002 0.021599 0.055205
v 0.011506 0.019665 0.062888
v 0.011223 0.020605 0.058944
v 0.011057 0.021600 0.055199
v 0.011068 0.021599 0.055198
v 0.011057 -0.021601 0.055199
v 0.011068 -0.021601 0.055199
v -0.011931 -0.021600 0.055200
v -0.011550 -0.020582 0.059044
v -0.012002 -0.021599 0.055204
v 0.011223 -0.020607 0.058943
v -0.011189 -0.019661 0.062907
v 0.011505 -0.019666 0.062887
v 0.011872 -0.018622 0.067900
v -0.010775 -0.018200 0.070193
v 0.012163 -0.017719 0.073074
v -0.010703 -0.017086 0.077516
v 0.012188 -0.017275 0.076091
v 0.012048 -0.017028 0.077966
v 0.011721 -0.016805 0.079838
v 0.011224 -0.016569 0.082054
v -0.010976 -0.016317 0.084850
v -0.011596 -0.015892 0.092195
v -0.014281 -0.013192 0.091815
v -0.014281 0.013191 0.091815
v -0.013805 -0.013470 0.086507
v -0.013670 0.013626 0.084470
v -0.013510 -0.013930 0.081208
v -0.013402 0.014407 0.077139
v -0.013389 -0.014761 0.074591
v -0.013473 0.015540 0.069818
v -0.013524 -0.015787 0.068474
v -0.013880 0.017025 0.062535
v -0.013940 -0.017195 0.061797
v -0.014215 0.017914 0.058856
v 0.016430 0.009481 0.080609
v 0.023768 0.010201 0.076240
v 0.016462 0.009963 0.080515
v 0.016591 0.010884 0.080148
v 0.023567 0.011343 0.075893
v 0.016815 0.011815 0.079497
v 0.023247 0.012367 0.075338
v 0.017203 0.012802 0.078380
v 0.022819 0.013221 0.074597
v 0.017441 0.013360 0.077493
v 0.022307 0.013865 0.073710
v 0.018033 0.014257 0.074898
v 0.021734 0.014265 0.072721
v 0.034239 0.004425 0.069198
v 0.035071 0.002433 0.068197
v 0.034477 0.004677 0.068457
v 0.027149 0.012125 0.072565
v 0.029008 0.011109 0.071687
v 0.028889 0.011705 0.070887
v 0.034795 0.002300 0.068933
v 0.033560 0.007131 0.068076
v 0.026909 0.012761 0.071742
v 0.024131 0.013970 0.071790
v 0.034605 0.004898 0.067662
v 0.033579 0.001894 0.070591
v 0.026559 0.013231 0.070838
v 0.028760 0.009050 0.073304
v 0.030127 0.008033 0.072534
v 0.030510 0.009058 0.071744
v 0.028994 0.010233 0.072534
v 0.034318 0.002123 0.069755
v 0.033807 0.004083 0.070023
v 0.027290 0.011162 0.073421
v 0.033501 0.006817 0.068884
v 0.024597 0.013524 0.072732
v 0.033326 0.006454 0.069635
v 0.024977 0.012873 0.073587
v 0.033113 0.003640 0.070854
v 0.027230 0.009840 0.074163
v 0.025302 0.011841 0.074456
v 0.032127 0.009181 0.068645
v 0.032964 0.005953 0.070462
v 0.025458 0.010395 0.075160
v 0.032157 0.008791 0.069468
v 0.032070 0.008329 0.070233
v 0.030522 0.010807 0.069280
v 0.032349 0.005301 0.071284
v 0.030650 0.010368 0.070124
v 0.031809 0.007678 0.071067
v 0.030659 0.009830 0.070904
v 0.028653 0.012172 0.070014
v 0.031298 0.006824 0.071874
v 0.035239 0.002550 0.067409
v 0.016454 -0.009873 0.080536
v 0.016563 -0.010737 0.080224
v 0.016742 -0.011558 0.079710
v 0.016952 -0.012218 0.079103
v 0.017203 -0.012803 0.078380
v 0.017575 -0.013692 0.076825
v 0.017966 -0.014216 0.075125
v 0.018307 -0.014358 0.074096
v 0.013751 0.019210 0.054771
v 0.014044 0.017954 0.062293
v 0.014642 0.016781 0.062294
v 0.015506 0.015788 0.062294
v 0.016584 0.015033 0.062294
v 0.017812 0.014560 0.062294
v 0.015206 0.015699 0.072852
v 0.014244 0.017263 0.067354
v 0.014347 0.016635 0.072797
v 0.014283 0.017215 0.067073
v 0.016262 0.014991 0.072920
v 0.015047 0.016145 0.067101
v 0.016203 0.015194 0.067145
v 0.017567 0.014599 0.067197
v 0.017452 0.014549 0.072998
v 0.016251 0.013159 0.078691
v 0.017004 0.014346 0.075510
v 0.016177 0.014672 0.075650
v 0.015425 0.015123 0.075821
v 0.016534 0.013629 0.077764
v 0.015410 0.013648 0.079119
v 0.014350 0.016158 0.076174
v 0.014762 0.015689 0.076020
v 0.014322 0.015681 0.078245
v 0.015715 0.014035 0.078116
v 0.015008 0.014557 0.078537
v 0.014713 0.014253 0.079647
v 0.014188 0.014948 0.080254
v 0.015679 0.009891 0.081076
v 0.015019 0.010002 0.081715
v 0.015506 0.009000 0.081304
v 0.015065 0.010982 0.081403
v 0.015747 0.010764 0.080791
v 0.013850 0.013099 0.083059
v 0.013823 0.014161 0.082527
v 0.014135 0.013558 0.081703
v 0.014112 0.012691 0.082322
v 0.013858 0.014069 0.082397
v 0.014092 0.011516 0.082908
v 0.014552 0.012274 0.081568
v 0.014508 0.011235 0.082117
v 0.014751 0.008999 0.082143
v 0.014480 0.010129 0.082452
v 0.014186 0.009000 0.083120
v 0.013842 0.011791 0.083683
v 0.014079 0.010271 0.083269
v 0.013838 0.009000 0.084194
v 0.013991 0.014555 0.081388
v 0.013838 0.010408 0.084065
v 0.015974 0.012190 0.079834
v 0.015219 0.012577 0.080362
v 0.015856 0.011586 0.080325
v 0.014601 0.013038 0.080991
v 0.015141 0.011902 0.080896
v 0.013838 -0.009001 0.084195
v 0.014186 -0.009000 0.083119
v 0.014751 -0.009000 0.082143
v 0.015506 -0.009001 0.081303
v 0.015077 -0.011165 0.081321
v 0.014571 -0.012580 0.081358
v 0.015169 -0.012173 0.080700
v 0.016251 -0.013159 0.078690
v 0.015278 -0.012967 0.079977
v 0.015410 -0.013649 0.079118
v 0.015899 -0.011829 0.080145
v 0.016058 -0.012543 0.079480
v 0.013843 -0.012051 0.083578
v 0.013840 -0.010534 0.084040
v 0.014079 -0.010383 0.083248
v 0.014096 -0.011751 0.082813
v 0.014119 -0.013038 0.082094
v 0.014515 -0.011443 0.082026
v 0.014636 -0.013480 0.080575
v 0.014713 -0.014253 0.079648
v 0.014188 -0.014949 0.080254
v 0.013823 -0.014162 0.082527
v 0.013852 -0.013487 0.082816
v 0.013991 -0.014556 0.081388
v 0.014152 -0.014062 0.081253
v 0.015683 -0.009970 0.081058
v 0.015021 -0.010091 0.081696
v 0.015764 -0.010928 0.080715
v 0.014482 -0.010229 0.082432
v 0.017452 -0.014550 0.072999
v 0.016692 -0.013926 0.077050
v 0.015884 -0.014291 0.077337
v 0.015171 -0.014775 0.077673
v 0.017090 -0.014408 0.075130
v 0.014316 -0.015617 0.078466
v 0.014566 -0.015367 0.078055
v 0.014353 -0.016252 0.075659
v 0.016250 -0.014730 0.075236
v 0.016262 -0.014992 0.072921
v 0.015479 -0.015179 0.075369
v 0.015206 -0.015699 0.072852
v 0.014798 -0.015748 0.075525
v 0.014347 -0.016635 0.072797
v 0.017811 -0.014560 0.062293
v 0.016583 -0.015033 0.062294
v 0.015505 -0.015789 0.062294
v 0.014641 -0.016781 0.062293
v 0.014043 -0.017954 0.062293
v 0.013751 -0.019211 0.054771
v 0.014244 -0.017263 0.067354
v 0.017852 -0.014528 0.067212
v 0.016757 -0.014898 0.067171
v 0.015772 -0.015486 0.067134
v 0.014936 -0.016269 0.067102
v 0.011637 -0.021541 0.055180
v 0.012178 -0.021363 0.055143
v 0.012670 -0.021078 0.055088
v 0.013088 -0.020697 0.055019
v 0.013418 -0.020237 0.054940
v 0.013636 -0.019743 0.054857
v 0.012360 -0.020921 0.056511
v 0.012548 -0.020680 0.057052
v 0.012208 -0.020849 0.057112
v 0.012760 -0.020677 0.056429
v 0.012669 -0.021023 0.055305
v 0.013147 -0.020588 0.055168
v 0.012877 -0.020452 0.056977
v 0.013151 -0.020322 0.056319
v 0.013557 -0.019936 0.054975
v 0.013353 -0.019594 0.058728
v 0.012365 -0.020219 0.059528
v 0.012344 -0.019955 0.060800
v 0.012662 -0.019814 0.060745
v 0.012971 -0.019621 0.060677
v 0.012379 -0.020353 0.058894
v 0.012321 -0.020515 0.058299
v 0.011920 -0.020948 0.057151
v 0.011639 -0.021464 0.055458
v 0.011639 -0.021496 0.055341
v 0.011635 -0.021533 0.055204
v 0.012178 -0.021326 0.055277
v 0.012180 -0.021296 0.055394
v 0.012669 -0.021053 0.055188
v 0.012894 -0.019552 0.061361
v 0.012777 -0.019374 0.062717
v 0.012161 -0.019599 0.062818
v 0.013317 -0.019011 0.062591
v 0.013263 -0.019268 0.061267
v 0.013748 -0.018527 0.062446
v 0.013919 -0.017718 0.067597
v 0.013915 -0.017093 0.072890
v 0.013497 -0.018104 0.067699
v 0.013388 -0.017438 0.072969
v 0.013003 -0.018391 0.067783
v 0.012794 -0.017650 0.073032
v 0.012454 -0.018566 0.067852
v -0.012454 -0.021547 0.055248
v -0.012891 -0.021421 0.055275
v -0.013374 -0.021179 0.055289
v -0.013802 -0.020843 0.055286
v -0.014153 -0.020431 0.055268
v -0.014415 -0.019957 0.055241
v -0.014577 -0.019440 0.055212
v 0.014010 -0.016563 0.076060
v 0.013614 -0.016863 0.076086
v 0.013171 -0.017087 0.076100
v 0.012693 -0.017225 0.076102
v 0.013982 -0.016076 0.078480
v 0.013899 -0.015546 0.080250
v 0.013569 -0.016452 0.078470
v 0.013481 -0.016057 0.080201
v 0.013090 -0.016735 0.078441
v 0.012957 -0.016451 0.080113
v 0.012358 -0.016706 0.079988
v 0.012562 -0.016915 0.078395
v -0.012071 -0.018964 0.065122
v -0.011619 -0.018743 0.066809
v -0.012534 -0.019024 0.063904
v -0.013278 -0.018654 0.062847
v -0.012852 -0.019069 0.062906
v -0.012346 -0.019385 0.062938
v -0.013158 -0.018197 0.064802
v -0.012474 -0.018771 0.065031
v -0.012243 -0.019181 0.063918
v -0.012092 -0.019328 0.063595
v -0.011784 -0.019586 0.062937
v -0.013149 -0.019037 0.062114
v -0.013758 -0.017939 0.062337
v -0.013740 -0.018489 0.061229
v -0.013600 -0.018158 0.062760
v -0.013010 -0.019481 0.061114
v -0.013320 -0.019494 0.060193
v -0.013926 -0.018396 0.060410
v -0.013625 -0.019575 0.059006
v -0.013202 -0.019987 0.059065
v -0.013496 -0.019928 0.058461
v -0.012698 -0.020301 0.059093
v -0.013633 -0.019890 0.058157
v -0.014265 -0.019235 0.057126
v -0.014265 -0.019238 0.057124
v -0.013480 -0.020373 0.057290
v -0.013110 -0.021244 0.055525
v -0.012555 -0.021446 0.055511
v -0.013838 -0.020363 0.056375
v -0.014354 -0.020035 0.055348
v -0.013767 -0.020557 0.056086
v -0.014032 -0.020521 0.055441
v -0.013611 -0.020930 0.055502
v -0.012895 -0.015498 0.086927
v -0.012889 -0.015503 0.087810
v -0.013605 -0.014558 0.087146
v -0.013566 -0.014594 0.086627
v -0.011942 -0.016060 0.086345
v -0.012900 -0.015496 0.086489
v -0.012999 -0.015404 0.086209
v -0.013355 -0.014938 0.085619
v -0.012873 -0.015534 0.085355
v -0.013175 -0.015198 0.085649
v -0.012907 -0.017480 0.068686
v -0.013245 -0.016769 0.069332
v -0.013384 -0.016848 0.067862
v -0.013103 -0.017029 0.069375
v -0.012572 -0.017736 0.069083
v -0.011709 -0.018215 0.069234
v -0.011943 -0.017932 0.070183
v -0.012914 -0.017246 0.069636
v -0.012453 -0.017615 0.070146
v -0.011878 -0.018246 0.068750
v -0.012790 -0.017692 0.068341
v -0.012822 -0.017746 0.067971
v -0.012888 -0.017856 0.067234
v -0.012670 -0.018225 0.066622
v -0.013276 -0.017735 0.065744
v -0.012552 -0.018396 0.066312
v -0.012525 -0.018521 0.065887
v -0.012113 -0.019716 0.062042
v -0.012291 -0.020174 0.060117
v -0.012138 -0.020504 0.059085
v -0.012537 -0.020637 0.058205
v -0.013763 -0.014587 0.090140
v -0.014266 -0.013496 0.091826
v -0.014217 -0.013794 0.091842
v -0.014018 -0.014366 0.091882
v -0.013700 -0.014878 0.091936
v -0.013543 -0.014923 0.090177
v -0.013885 -0.014169 0.089219
v -0.013780 -0.014439 0.089243
v -0.013263 -0.015231 0.090217
v -0.013275 -0.015305 0.091995
v -0.013640 -0.014704 0.089270
v -0.013463 -0.014965 0.089300
v -0.013373 -0.014892 0.085272
v -0.013598 -0.014403 0.085562
v -0.013408 -0.014797 0.084580
v -0.013492 -0.014673 0.085587
v -0.013088 -0.015308 0.084641
v -0.013153 -0.015226 0.085313
v -0.012661 -0.015735 0.084701
v -0.012149 -0.016054 0.084760
v -0.013269 -0.015038 0.083517
v -0.013445 -0.014626 0.082926
v -0.013340 -0.014895 0.082955
v -0.013048 -0.015373 0.083559
v -0.013198 -0.015161 0.082987
v -0.012769 -0.015680 0.083601
v -0.013021 -0.015421 0.083019
v -0.013307 -0.015008 0.079276
v -0.013084 -0.015549 0.078658
v -0.013199 -0.015278 0.079309
v -0.013059 -0.015541 0.079345
v -0.012861 -0.015882 0.078703
v -0.012880 -0.015800 0.079377
v -0.012814 -0.016079 0.077358
v -0.012581 -0.016188 0.078745
v -0.012388 -0.016502 0.077420
v -0.013250 -0.015430 0.075980
v -0.013048 -0.015830 0.076466
v -0.013143 -0.015697 0.076016
v -0.012826 -0.016162 0.076512
v -0.013004 -0.015960 0.076055
v -0.012548 -0.016468 0.076556
v -0.011877 -0.016821 0.077467
v -0.012825 -0.016218 0.076091
v -0.013270 -0.015979 0.072327
v -0.013201 -0.016691 0.070006
v -0.013082 -0.016565 0.071606
v -0.012879 -0.017194 0.070084
v -0.013164 -0.016245 0.072369
v -0.013023 -0.016507 0.072409
v -0.012859 -0.016895 0.071656
v -0.012845 -0.016764 0.072446
v -0.012580 -0.017199 0.071700
v -0.013352 -0.016504 0.069287
v -0.013138 -0.016917 0.069586
v -0.013526 -0.017214 0.065652
v -0.013805 -0.017608 0.062654
v -0.013420 -0.017477 0.065698
v -0.013380 -0.017870 0.064747
v -0.012370 -0.015782 0.091514
v -0.012196 -0.015827 0.092127
v -0.012765 -0.015627 0.092059
v -0.012459 -0.015751 0.091207
v -0.012605 -0.015689 0.090074
v -0.013699 -0.014425 0.087836
v -0.012244 -0.015840 0.090001
v -0.011577 -0.016252 0.084809
v -0.011903 -0.016190 0.084238
v -0.013287 -0.015005 0.081785
v -0.012497 -0.016054 0.081197
v -0.012105 -0.016166 0.083226
v -0.013264 -0.015063 0.081200
v -0.011743 -0.016332 0.083031
v -0.013239 -0.015134 0.080569
v -0.011951 -0.016590 0.079176
v -0.011603 -0.016714 0.079382
v -0.011673 -0.016826 0.078157
v -0.011551 -0.016897 0.077940
v -0.011304 -0.017019 0.077500
v -0.013141 -0.015849 0.074924
v -0.012385 -0.016953 0.074143
v -0.013145 -0.015927 0.074377
v -0.013188 -0.015943 0.073695
v -0.011552 -0.017166 0.075844
v -0.011937 -0.017595 0.072038
v -0.011582 -0.017718 0.072195
v -0.011707 -0.017886 0.070982
v -0.011595 -0.017972 0.070722
v -0.011375 -0.018131 0.070200
v 0.011606 0.021547 0.055181
v 0.012119 0.021389 0.055147
v 0.012620 0.021113 0.055093
v 0.013052 0.020738 0.055026
v 0.013392 0.020282 0.054948
v 0.013628 0.019765 0.054861
v 0.013719 -0.014784 0.082296
v 0.013481 -0.015275 0.082303
v 0.013151 -0.015706 0.082291
v 0.012653 -0.016127 0.082249
v 0.011962 -0.016452 0.082166
v -0.013184 -0.014597 0.093775
v -0.012432 -0.015160 0.093752
v -0.012431 -0.014477 0.094324
v -0.013782 -0.014684 0.092643
v -0.013783 -0.014780 0.092101
v -0.013184 -0.015344 0.092480
v -0.013184 -0.015084 0.093193
v -0.011597 -0.015806 0.092780
v -0.014164 -0.014015 0.091955
v -0.013184 -0.013940 0.094154
v -0.012769 -0.013192 0.094533
v -0.013280 -0.013192 0.094212
v -0.012431 -0.013639 0.094631
v -0.013780 -0.014408 0.093121
v -0.014166 -0.014014 0.092245
v -0.013781 -0.013986 0.093474
v -0.014165 -0.013915 0.092518
v -0.013781 -0.013469 0.093664
v -0.013708 -0.013192 0.093784
v -0.014030 -0.013192 0.093273
v -0.014165 -0.013729 0.092740
v -0.014164 -0.013479 0.092885
v -0.014229 -0.013193 0.092702
v -0.014289 -0.013379 0.092183
v -0.014297 -0.013192 0.092101
v -0.014289 -0.013192 0.091910
v -0.014295 -0.013192 0.092006
v -0.014276 -0.013469 0.092283
v -0.014264 -0.013464 0.092426
v -0.014264 -0.013405 0.092466
v -0.012197 -0.013192 0.094733
v -0.011597 -0.013780 0.094737
v -0.014263 -0.013337 0.092499
v -0.012431 -0.015606 0.092980
v -0.011597 -0.015595 0.093332
v -0.011597 -0.015269 0.093826
v -0.011596 -0.014845 0.094236
v -0.011598 -0.014341 0.094545
v -0.012566 0.021522 0.055255
v -0.013101 0.021330 0.055284
v -0.013586 0.021030 0.055291
v -0.013998 0.020634 0.055277
v -0.014316 0.020163 0.055252
v -0.014529 0.019635 0.055222
v -0.014607 0.019271 0.055204
v 0.012343 0.020929 0.056515
v 0.012121 0.021320 0.055403
v 0.011610 0.021469 0.055460
v 0.012620 0.021056 0.055315
v 0.012816 0.020640 0.056396
v 0.012634 0.020634 0.057003
v 0.012208 0.020848 0.057113
v 0.011893 0.020956 0.057154
v 0.012365 0.020218 0.059528
v 0.012971 0.019621 0.060677
v 0.013353 0.019593 0.058728
v 0.012344 0.019955 0.060800
v 0.012662 0.019813 0.060745
v 0.012380 0.020352 0.058895
v 0.012321 0.020515 0.058300
v 0.012877 0.020451 0.056977
v 0.013147 0.020588 0.055168
v 0.012620 0.021088 0.055195
v 0.012119 0.021352 0.055282
v 0.011608 0.021503 0.055339
v 0.011605 0.021541 0.055202
v 0.013262 0.019268 0.061267
v 0.013749 0.018527 0.062446
v 0.013318 0.019011 0.062591
v 0.012894 0.019552 0.061360
v 0.012778 0.019373 0.062717
v 0.012162 0.019597 0.062819
v 0.013195 0.020275 0.056283
v 0.011021 -0.013780 0.094734
v 0.011021 -0.014340 0.094542
v 0.011022 -0.014845 0.094235
v 0.011022 -0.015269 0.093824
v 0.011021 -0.015595 0.093329
v 0.011020 -0.015806 0.092776
v -0.014289 0.013192 0.091910
v -0.014295 0.013192 0.092005
v -0.014297 0.013192 0.092101
v -0.014229 0.013192 0.092703
v -0.014030 0.013192 0.093272
v -0.013708 0.013192 0.093785
v -0.013280 0.013192 0.094212
v -0.012769 0.013192 0.094533
v -0.012197 0.013192 0.094734
v -0.011947 0.016348 0.081780
v -0.012006 0.016229 0.082985
v -0.011738 0.016336 0.083007
v -0.011923 0.016411 0.081177
v -0.012904 0.015655 0.081036
v -0.012533 0.015913 0.082930
v -0.012273 0.016091 0.082959
v -0.013548 0.014398 0.084141
v -0.013655 0.013927 0.084497
v -0.013606 0.014226 0.084522
v -0.013407 0.014797 0.084582
v -0.013434 0.014648 0.082743
v -0.013465 0.014634 0.083968
v -0.013298 0.014979 0.082987
v -0.013402 0.014787 0.083981
v -0.012874 0.015579 0.083482
v -0.013087 0.015308 0.084642
v -0.013615 0.014348 0.085563
v -0.013544 0.014551 0.085584
v -0.012671 0.015706 0.085330
v -0.013560 0.014559 0.086100
v -0.013491 0.014712 0.086115
v -0.013828 0.014077 0.087995
v -0.012080 0.015972 0.087248
v -0.011893 0.016107 0.085722
v -0.012182 0.015872 0.089380
v -0.013004 0.015404 0.087741
v -0.013859 0.014337 0.089753
v -0.013938 0.014372 0.090978
v -0.013660 0.014733 0.089895
v -0.014079 0.014081 0.091257
v -0.014217 0.013794 0.091842
v -0.014018 0.014366 0.091882
v -0.014266 0.013495 0.091826
v -0.013862 0.014524 0.090989
v -0.014003 0.014284 0.091271
v -0.013700 0.014878 0.091936
v -0.013779 0.014665 0.091005
v -0.013275 0.015305 0.091995
v -0.013061 0.015403 0.090191
v -0.013964 0.018500 0.060000
v -0.013294 0.019498 0.060264
v -0.013605 0.019526 0.059197
v -0.013420 0.019066 0.061103
v -0.014136 0.018490 0.058992
v -0.014192 0.018203 0.058926
v -0.013927 0.019036 0.059107
v -0.013798 0.018060 0.061831
v -0.013858 0.017318 0.062599
v -0.013802 0.017606 0.062658
v -0.013599 0.018157 0.062767
v -0.013129 0.019064 0.062093
v -0.013172 0.017913 0.065695
v -0.013502 0.017577 0.064864
v -0.013525 0.016879 0.066504
v -0.012373 0.018671 0.065687
v -0.012691 0.018687 0.064750
v -0.013295 0.017986 0.064837
v -0.013110 0.017877 0.066125
v -0.012983 0.017946 0.066467
v -0.014350 0.020026 0.055381
v -0.012705 0.018066 0.067139
v -0.012639 0.017872 0.068209
v -0.013239 0.016999 0.068514
v -0.011800 0.018464 0.067841
v -0.014028 0.020512 0.055476
v -0.012495 0.017911 0.068580
v -0.012445 0.017737 0.069581
v -0.012193 0.017966 0.069317
v -0.011928 0.018104 0.069333
v -0.013606 0.020920 0.055533
v -0.011661 0.018211 0.069343
v -0.012752 0.015620 0.086346
v -0.012163 0.016001 0.085698
v -0.012429 0.015862 0.085670
v -0.013106 0.021235 0.055558
v -0.012908 0.015487 0.086683
v -0.012551 0.021437 0.055543
v -0.012938 0.015459 0.087034
v -0.013301 0.015114 0.088348
v -0.012717 0.015627 0.089322
v -0.013437 0.014958 0.088651
v -0.013511 0.014882 0.089067
v -0.013182 0.019939 0.059255
v -0.012678 0.020254 0.059283
v -0.012119 0.020455 0.059276
v -0.011376 0.018130 0.070204
v -0.011304 0.017019 0.077502
v -0.011576 0.016251 0.084809
v -0.012245 0.020067 0.060560
v -0.012455 0.019763 0.061352
v -0.012080 0.019637 0.062394
v -0.012851 0.019068 0.062913
v -0.012346 0.019384 0.062946
v -0.011782 0.019584 0.062945
v -0.012359 0.018906 0.064773
v -0.012110 0.018810 0.065700
v -0.011842 0.018916 0.065707
v -0.012879 0.017193 0.070090
v -0.012452 0.017614 0.070151
v -0.012111 0.017956 0.069609
v -0.011942 0.017931 0.070188
v -0.012692 0.017106 0.071585
v -0.012385 0.017383 0.071624
v -0.012050 0.017601 0.071651
v -0.012368 0.017261 0.072361
v -0.012109 0.017438 0.072385
v -0.011843 0.017578 0.072401
v -0.011574 0.017683 0.072413
v -0.012657 0.016372 0.076437
v -0.012815 0.016078 0.077361
v -0.012387 0.016502 0.077422
v -0.012349 0.016649 0.076476
v -0.012084 0.016892 0.076028
v -0.012344 0.016715 0.076003
v -0.012014 0.016870 0.076508
v -0.011818 0.017031 0.076049
v -0.011875 0.016821 0.077468
v -0.011547 0.017137 0.076064
v -0.012691 0.016090 0.078628
v -0.012383 0.016368 0.078670
v -0.012047 0.016589 0.078702
v -0.012396 0.016295 0.079291
v -0.012134 0.016474 0.079318
v -0.011869 0.016611 0.079340
v -0.011599 0.016717 0.079360
v -0.012660 0.015735 0.084701
v -0.012566 0.015858 0.083522
v -0.012230 0.016078 0.083558
v -0.012148 0.016054 0.084760
v -0.012336 0.015927 0.085366
v -0.012450 0.015766 0.089352
v -0.012728 0.015624 0.090235
v -0.012196 0.015825 0.092127
v -0.012765 0.015627 0.092059
v -0.013277 0.018652 0.062852
v -0.013680 0.017723 0.063322
v -0.013600 0.017919 0.063359
v -0.013543 0.017925 0.063679
v -0.013466 0.018071 0.063706
v -0.013382 0.018209 0.063730
v -0.013310 0.016850 0.068489
v -0.013383 0.016511 0.068949
v -0.013457 0.015837 0.069868
v -0.013402 0.016130 0.069919
v -0.013201 0.016690 0.070010
v -0.013309 0.016711 0.068982
v -0.013352 0.016179 0.070433
v -0.013208 0.016503 0.070739
v -0.013272 0.016352 0.070714
v -0.013278 0.016053 0.071907
v -0.013133 0.016425 0.071804
v -0.012794 0.016562 0.073983
v -0.013247 0.015494 0.075558
v -0.013387 0.014707 0.077178
v -0.011732 0.017412 0.073709
v -0.011813 0.017276 0.074358
v -0.011813 0.017193 0.074922
v -0.013157 0.015574 0.076810
v -0.013335 0.015004 0.077217
v -0.013135 0.015570 0.077294
v -0.013306 0.015088 0.077650
v -0.013174 0.015432 0.077906
v -0.013238 0.015279 0.077887
v -0.013297 0.015035 0.079093
v -0.013147 0.015408 0.078941
v -0.011902 0.016476 0.080566
v 0.012794 0.017650 0.073031
v 0.013915 0.017736 0.067465
v 0.013915 0.017093 0.072890
v 0.013494 0.018124 0.067566
v 0.013388 0.017436 0.072970
v 0.012997 0.018413 0.067654
v 0.012448 0.018590 0.067723
v 0.012607 -0.014711 0.093670
v 0.012607 -0.015115 0.093136
v 0.013206 -0.014458 0.093058
v 0.011855 -0.015611 0.092961
v 0.012607 -0.015339 0.092506
v 0.012607 -0.014164 0.094055
v 0.013207 -0.014108 0.093395
v 0.013206 -0.013674 0.093612
v 0.011856 -0.015238 0.093650
v 0.012607 -0.013527 0.094257
v 0.012705 -0.013192 0.094208
v 0.012192 -0.013192 0.094532
v 0.013131 -0.013192 0.093780
v 0.011855 -0.014673 0.094196
v 0.011856 -0.013969 0.094546
v 0.011622 -0.013192 0.094731
v 0.013688 -0.013578 0.092270
v 0.013588 -0.013772 0.092699
v 0.013588 -0.013927 0.092495
v 0.013588 -0.014012 0.092256
v 0.013688 -0.013351 0.092489
v 0.013653 -0.013193 0.092700
v 0.013587 -0.013564 0.092844
v 0.013590 -0.013321 0.092922
v 0.013205 -0.014688 0.092631
v 0.013453 -0.013193 0.093269
v -0.013781 0.013468 0.093664
v -0.013184 0.013940 0.094154
v -0.011597 0.013779 0.094737
v -0.013184 0.015084 0.093194
v -0.013184 0.014597 0.093775
v -0.012432 0.015160 0.093752
v -0.012431 0.015606 0.092980
v -0.013781 0.013986 0.093474
v -0.013184 0.015344 0.092480
v -0.013780 0.014408 0.093121
v -0.014164 0.013478 0.092884
v -0.013782 0.014683 0.092644
v -0.014165 0.013729 0.092740
v -0.013783 0.014780 0.092102
v -0.011597 0.015806 0.092779
v -0.014165 0.013915 0.092519
v -0.014166 0.014014 0.092246
v -0.014164 0.014014 0.091955
v -0.014263 0.013337 0.092498
v -0.014264 0.013403 0.092466
v -0.014264 0.013464 0.092425
v -0.014276 0.013468 0.092283
v -0.014289 0.013378 0.092183
v -0.012431 0.013638 0.094630
v -0.011598 0.014340 0.094545
v -0.012431 0.014476 0.094324
v -0.011596 0.014845 0.094236
v -0.011597 0.015268 0.093826
v -0.011597 0.015595 0.093332
v 0.013899 0.015546 0.080251
v 0.013481 0.016057 0.080200
v 0.012358 0.016706 0.079988
v 0.013995 0.016221 0.077846
v 0.013587 0.016568 0.077849
v 0.013121 0.016828 0.077835
v 0.012957 0.016451 0.080112
v 0.012611 0.016993 0.077803
v 0.014012 0.016677 0.075350
v 0.013619 0.016970 0.075386
v 0.013178 0.017186 0.075410
v 0.012707 0.017321 0.075420
v 0.011622 0.013192 0.094731
v 0.012192 0.013191 0.094531
v 0.012705 0.013192 0.094209
v 0.013131 0.013192 0.093780
v 0.013453 0.013192 0.093270
v 0.013653 0.013192 0.092700
v 0.011020 0.015806 0.092776
v 0.011021 0.015595 0.093329
v 0.011022 0.015268 0.093824
v 0.011022 0.014845 0.094236
v 0.011021 0.014340 0.094543
v 0.011021 0.013779 0.094735
v 0.013652 0.014269 0.084141
v 0.011621 0.016294 0.084311
v 0.013719 0.014784 0.082296
v 0.013481 0.015274 0.082303
v 0.013454 0.014837 0.084187
v 0.013151 0.015706 0.082291
v 0.013131 0.015347 0.084231
v 0.012704 0.015773 0.084267
v 0.012653 0.016127 0.082249
v 0.012193 0.016095 0.084295
v 0.011962 0.016452 0.082166
v 0.012607 0.014710 0.093670
v 0.012607 0.014164 0.094055
v 0.013207 0.014107 0.093395
v 0.011856 0.013969 0.094547
v 0.012607 0.013527 0.094257
v 0.012607 0.015115 0.093136
v 0.013206 0.014457 0.093058
v 0.013205 0.014688 0.092631
v 0.011855 0.014673 0.094196
v 0.012607 0.015339 0.092506
v 0.012705 0.015303 0.092172
v 0.012192 0.015624 0.092185
v 0.013132 0.014875 0.092157
v 0.011856 0.015237 0.093651
v 0.011855 0.015611 0.092960
v 0.011621 0.015822 0.092190
v 0.013688 0.013350 0.092489
v 0.013588 0.013771 0.092700
v 0.013587 0.013564 0.092844
v 0.013590 0.013320 0.092923
v 0.013688 0.013578 0.092270
v 0.013654 0.013793 0.092118
v 0.013588 0.014011 0.092255
v 0.013588 0.013927 0.092495
v 0.013206 0.013673 0.093611
v 0.013454 0.014363 0.092139
v 0.013341 0.014932 0.085608
v 0.013478 0.014673 0.085585
v 0.012355 0.015836 0.086502
v 0.012376 0.015817 0.086635
v 0.012913 0.015429 0.086316
v 0.012913 0.015436 0.086213
v 0.012924 0.015429 0.086111
v 0.012361 0.015829 0.086569
v 0.013224 0.015110 0.085661
v 0.013131 0.015229 0.085733
v 0.012065 0.015963 0.086740
v 0.012064 0.015889 0.087854
v 0.012384 0.015759 0.087410
v 0.013073 0.015295 0.085792
v 0.012049 0.015972 0.086691
v 0.013466 0.014587 0.087150
v 0.013318 0.014786 0.088340
v 0.013499 0.014445 0.088307
v 0.013000 0.015369 0.085900
v 0.012951 0.015411 0.086011
v 0.013689 0.013691 0.090000
v 0.012042 0.015979 0.086643
v 0.013587 0.014274 0.087220
v 0.012042 0.015983 0.086591
v 0.013333 0.014845 0.087060
v 0.013220 0.014931 0.088387
v 0.013595 0.014095 0.089943
v 0.012094 0.016017 0.085825
v 0.013660 0.014120 0.085618
v 0.013479 0.014404 0.089878
v 0.013222 0.015021 0.086964
v 0.013113 0.015070 0.088473
v 0.012113 0.015736 0.090345
v 0.013139 0.014977 0.089594
v 0.013067 0.015068 0.089495
v 0.013003 0.015144 0.089382
v 0.012382 0.015646 0.089345
v 0.012931 0.015232 0.089174
v 0.012914 0.015252 0.089076
v 0.013347 0.014661 0.089790
v 0.012957 0.015200 0.089267
v 0.013122 0.015160 0.086851
v 0.013056 0.015133 0.088539
v 0.013659 0.013942 0.088341
v 0.013237 0.014836 0.089699
v 0.012360 0.015671 0.089139
v 0.012910 0.015262 0.088970
v 0.012921 0.015259 0.088856
v 0.013688 0.013856 0.087280
v 0.012357 0.015668 0.089213
v 0.012365 0.015660 0.089279
v 0.012072 0.015798 0.089427
v 0.012056 0.015808 0.089379
v 0.012044 0.015814 0.089331
v 0.012042 0.015817 0.089278
v 0.012048 0.015818 0.089222
v 0.012375 0.015716 0.088189
v 0.012986 0.015204 0.088653
v 0.012947 0.015238 0.088747
v 0.012991 0.015327 0.086629
v 0.012947 0.015380 0.086513
v 0.013052 0.015249 0.086749
v 0.011715 0.015972 0.088463
v 0.012048 0.015894 0.087907
v 0.012923 0.015410 0.086416
v 0.011168 0.000652 0.094799
v 0.011168 -0.000652 0.094800
v -0.005952 0.002147 0.094800
v -0.005273 0.003441 0.094799
v -0.005273 -0.003442 0.094800
v -0.004303 -0.004533 0.094800
v -0.001738 -0.005881 0.094801
v -0.005952 -0.002147 0.094801
v -0.006300 -0.000730 0.094800
v -0.004303 0.004533 0.094800
v -0.003102 -0.005364 0.094800
v -0.006300 0.000730 0.094800
v -0.003102 0.005363 0.094800
v -0.001738 0.005881 0.094801
v 0.012912 0.000000 0.087246
v 0.012954 0.006664 0.086849
v 0.012912 0.006676 0.087054
v 0.013073 0.006650 0.086620
v 0.013332 -0.006874 0.087805
v 0.013122 0.000000 0.087841
v 0.013332 0.000000 0.088007
v 0.013072 0.000000 0.086810
v 0.012953 0.000000 0.087040
v 0.013122 -0.006863 0.087638
v 0.012991 -0.000001 0.087645
v 0.012990 -0.006852 0.087444
v 0.013223 0.000000 0.086657
v 0.013224 0.006642 0.086464
v 0.013477 -0.006785 0.086325
v 0.013224 -0.006793 0.086455
v 0.013478 0.006634 0.086334
v 0.013659 -0.006783 0.086288
v 0.013477 0.000000 0.086523
v 0.013659 0.006632 0.086298
v 0.013658 0.000000 0.086489
v 0.012925 -0.006840 0.087241
v 0.012924 0.000000 0.087443
v 0.012913 -0.006828 0.087045
v 0.012951 -0.006817 0.086840
v 0.013466 0.006723 0.087872
v 0.013466 -0.006876 0.087862
v 0.013466 0.000000 0.088066
v 0.013331 0.006719 0.087813
v 0.013073 -0.006802 0.086610
v 0.013122 0.006709 0.087648
v 0.012990 0.006699 0.087453
v 0.012925 0.006687 0.087252
v 0.012915 0.000000 0.090083
v 0.012957 -0.006620 0.090076
v 0.012914 -0.006608 0.089895
v 0.013319 0.006699 0.089097
v 0.013112 0.000000 0.089460
v 0.013319 0.000000 0.089294
v 0.013067 -0.006630 0.090285
v 0.013066 0.000000 0.090476
v 0.012957 0.000000 0.090267
v 0.013237 0.006777 0.090450
v 0.013067 0.006768 0.090277
v 0.013112 0.006708 0.089268
v 0.012986 0.000000 0.089656
v 0.012986 0.006720 0.089461
v 0.013237 -0.000001 0.090646
v 0.013237 -0.006640 0.090457
v 0.013479 0.006785 0.090573
v 0.013479 0.000000 0.090770
v 0.013479 -0.006648 0.090581
v 0.012922 0.006732 0.089670
v 0.012922 0.000000 0.089866
v 0.013688 -0.006649 0.090617
v 0.013690 0.000000 0.090805
v 0.013689 0.006787 0.090609
v 0.012916 0.006745 0.089887
v 0.013498 0.000000 0.089218
v 0.013497 -0.006558 0.089031
v 0.012957 0.006755 0.090067
v 0.013319 -0.006563 0.089105
v 0.013497 0.006694 0.089023
v 0.013112 -0.006573 0.089275
v 0.012985 -0.006584 0.089470
v 0.012921 -0.006595 0.089678
v 0.025486 0.000950 0.004312
v 0.025355 0.001400 0.004329
v 0.025486 0.000943 0.004330
v 0.025533 0.000710 0.004329
v 0.025484 0.000918 0.004089
v 0.025168 0.001825 0.004072
v 0.025172 0.001840 0.004329
v 0.025169 0.001711 0.003649
v 0.025485 0.000833 0.003882
v 0.024665 0.002646 0.004267
v 0.023997 0.003314 0.004329
v 0.024668 0.002643 0.004329
v 0.025170 0.001501 0.003266
v 0.025484 0.000703 0.003698
v 0.024665 0.002555 0.003648
v 0.025485 0.000331 0.003447
v 0.025484 0.000532 0.003550
v 0.025586 0.000238 0.004328
v 0.025170 0.001206 0.002942
v 0.024664 0.002321 0.003063
v 0.023993 0.003281 0.003858
v 0.025169 0.000844 0.002699
v 0.024665 0.001956 0.002555
v 0.023992 0.003076 0.003099
v 0.023191 0.003819 0.004236
v 0.022296 0.004133 0.004330
v 0.023193 0.003820 0.004329
v 0.025169 0.000434 0.002547
v 0.025485 0.000112 0.003394
v 0.024664 0.001481 0.002143
v 0.023993 0.002698 0.002411
v 0.023190 0.003687 0.003339
v 0.025170 0.000000 0.002494
v 0.025485 -0.000113 0.003394
v 0.024665 0.000923 0.001858
v 0.023993 0.002167 0.001828
v 0.023190 0.003349 0.002501
v 0.022296 0.004090 0.003738
v 0.021353 0.004239 0.004329
v 0.021354 0.004131 0.003389
v 0.025484 -0.000532 0.003550
v 0.025485 -0.000332 0.003447
v 0.025586 -0.000238 0.004329
v 0.025169 -0.000434 0.002546
v 0.024665 0.000314 0.001710
v 0.023993 0.001517 0.001389
v 0.023190 0.002822 0.001765
v 0.022297 0.003833 0.002793
v 0.021353 0.003816 0.002493
v 0.025169 -0.000844 0.002698
v 0.024665 -0.000314 0.001710
v 0.023994 0.000780 0.001114
v 0.023191 0.002136 0.001172
v 0.022295 0.003362 0.001935
v 0.021353 0.003311 0.001692
v 0.025170 -0.001206 0.002942
v 0.025484 -0.000703 0.003697
v 0.024665 -0.000923 0.001858
v 0.023992 0.000000 0.001020
v 0.023190 0.001333 0.000759
v 0.022295 0.002703 0.001211
v 0.021353 0.002640 0.001024
v 0.025170 -0.001501 0.003266
v 0.025485 -0.000833 0.003882
v 0.024664 -0.001481 0.002144
v 0.023994 -0.000780 0.001115
v 0.023190 0.000453 0.000545
v 0.022296 0.001891 0.000662
v 0.021353 0.001837 0.000519
v 0.025486 -0.000950 0.004313
v 0.025355 -0.001400 0.004329
v 0.025484 -0.000918 0.004090
v 0.025533 -0.000710 0.004329
v 0.025486 -0.000943 0.004329
v 0.025169 -0.001711 0.003650
v 0.024665 -0.001956 0.002555
v 0.023993 -0.001517 0.001390
v 0.023190 -0.000453 0.000544
v 0.022295 0.000973 0.000321
v 0.021354 0.000942 0.000205
v 0.025168 -0.001825 0.004071
v 0.025172 -0.001840 0.004329
v 0.024664 -0.002321 0.003063
v 0.023993 -0.002168 0.001828
v 0.023190 -0.001333 0.000759
v 0.022296 0.000000 0.000206
v 0.021354 -0.000942 0.000205
v 0.021353 0.000000 0.000098
v 0.024665 -0.002555 0.003647
v 0.023993 -0.002698 0.002411
v 0.023191 -0.002138 0.001172
v 0.022295 -0.000973 0.000321
v 0.021353 -0.001837 0.000519
v 0.024665 -0.002646 0.004268
v 0.024668 -0.002643 0.004328
v 0.023997 -0.003314 0.004329
v 0.023992 -0.003076 0.003099
v 0.023190 -0.002822 0.001765
v 0.022296 -0.001891 0.000662
v 0.021353 -0.002640 0.001023
v 0.023993 -0.003282 0.003858
v 0.023190 -0.003349 0.002500
v 0.022295 -0.002703 0.001211
v 0.021353 -0.003311 0.001692
v 0.023190 -0.003687 0.003339
v 0.022295 -0.003362 0.001935
v 0.021353 -0.003816 0.002493
v 0.023191 -0.003819 0.004236
v 0.023193 -0.003820 0.004330
v 0.022296 -0.004133 0.004330
v 0.022297 -0.003833 0.002793
v 0.021354 -0.004131 0.003389
v 0.022296 -0.004090 0.003739
v 0.021353 -0.004239 0.004329
v 0.025536 0.000688 0.004252
v 0.025566 0.000474 0.004329
v 0.025548 0.000541 0.004044
v 0.025557 0.000390 0.003952
v 0.025565 0.000085 0.003863
v 0.025592 0.000000 0.004329
v 0.025565 -0.000086 0.003863
v 0.025557 -0.000390 0.003952
v 0.025548 -0.000541 0.004045
v 0.025566 -0.000474 0.004329
v 0.025536 -0.000689 0.004252
v 0.025569 0.000393 0.004125
v 0.025579 0.000240 0.004089
v 0.025579 -0.000240 0.004089
v 0.025569 -0.000393 0.004125
v 0.025578 0.000319 0.004166
v 0.025578 0.000356 0.004329
v 0.025586 0.000167 0.004161
v 0.025586 -0.000167 0.004162
v 0.025578 -0.000356 0.004329
v 0.025578 -0.000319 0.004166
v 0.019513 -0.003820 0.004329
v 0.020409 -0.004133 0.004330
v 0.020409 0.004133 0.004330
v 0.019513 0.003820 0.004329
v 0.018709 0.003314 0.004330
v 0.018039 0.002643 0.004330
v 0.017534 0.001840 0.004330
v 0.017352 0.001400 0.004330
v 0.017174 0.000710 0.004330
v 0.017141 0.000474 0.004329
v 0.017222 0.000943 0.004330
v 0.017130 -0.000356 0.004329
v 0.017141 -0.000474 0.004330
v 0.017121 -0.000238 0.004330
v 0.017115 0.000000 0.004330
v 0.017121 0.000238 0.004330
v 0.017130 0.000356 0.004329
v 0.017222 -0.000943 0.004330
v 0.017352 -0.001400 0.004330
v 0.017174 -0.000710 0.004329
v 0.017534 -0.001840 0.004330
v 0.018039 -0.002643 0.004331
v 0.018709 -0.003314 0.004330
v 0.020412 0.004132 0.004228
v 0.020411 0.003990 0.003257
v 0.020411 0.003623 0.002350
v 0.019517 0.003780 0.003786
v 0.020411 0.003054 0.001553
v 0.019516 0.003543 0.002911
v 0.018714 0.003316 0.004250
v 0.020411 0.002313 0.000914
v 0.019517 0.003108 0.002119
v 0.018714 0.003201 0.003471
v 0.020410 0.001442 0.000466
v 0.019516 0.002497 0.001448
v 0.018714 0.002908 0.002742
v 0.018042 0.002619 0.003955
v 0.020411 0.000490 0.000235
v 0.019517 0.001748 0.000941
v 0.018714 0.002451 0.002105
v 0.018043 0.002455 0.003350
v 0.017537 0.001844 0.004291
v 0.020411 -0.000490 0.000235
v 0.019517 0.000899 0.000626
v 0.018715 0.001856 0.001589
v 0.018042 0.002154 0.002800
v 0.017538 0.001781 0.003857
v 0.020410 -0.001442 0.000466
v 0.019517 0.000000 0.000518
v 0.018713 0.001156 0.001232
v 0.018042 0.001731 0.002336
v 0.017537 0.001617 0.003451
v 0.017223 0.000940 0.004202
v 0.020411 -0.002313 0.000914
v 0.019517 -0.000899 0.000625
v 0.018714 0.000393 0.001046
v 0.018043 0.001210 0.001985
v 0.017537 0.001363 0.003097
v 0.017223 0.000882 0.003983
v 0.020411 -0.003054 0.001553
v 0.019517 -0.001748 0.000942
v 0.018714 -0.000393 0.001045
v 0.018043 0.000623 0.001766
v 0.017538 0.001032 0.002810
v 0.017224 0.000774 0.003788
v 0.020411 -0.003623 0.002350
v 0.019516 -0.002498 0.001448
v 0.018713 -0.001157 0.001231
v 0.018043 0.000000 0.001693
v 0.017538 0.000643 0.002610
v 0.017222 0.000622 0.003620
v 0.020411 -0.003990 0.003258
v 0.019517 -0.003108 0.002118
v 0.018715 -0.001856 0.001590
v 0.018043 -0.000623 0.001766
v 0.017538 0.000219 0.002507
v 0.017222 0.000435 0.003493
v 0.020412 -0.004132 0.004228
v 0.019516 -0.003543 0.002910
v 0.018714 -0.002451 0.002104
v 0.018043 -0.001211 0.001985
v 0.017538 -0.000219 0.002507
v 0.017222 0.000224 0.003415
v 0.019517 -0.003780 0.003785
v 0.018714 -0.002908 0.002743
v 0.018042 -0.001731 0.002336
v 0.017538 -0.000644 0.002610
v 0.017222 0.000000 0.003389
v 0.018714 -0.003201 0.003471
v 0.018042 -0.002154 0.002800
v 0.017538 -0.001032 0.002811
v 0.017222 -0.000224 0.003414
v 0.018714 -0.003316 0.004250
v 0.018043 -0.002455 0.003350
v 0.017537 -0.001364 0.003097
v 0.017222 -0.000435 0.003494
v 0.018042 -0.002619 0.003955
v 0.017537 -0.001617 0.003451
v 0.017222 -0.000622 0.003620
v 0.017538 -0.001781 0.003857
v 0.017224 -0.000773 0.003788
v 0.017537 -0.001844 0.004290
v 0.017223 -0.000882 0.003983
v 0.017223 -0.000941 0.004202
v 0.017160 0.000558 0.004077
v 0.017159 0.000523 0.004014
v 0.017150 0.000412 0.003977
v 0.017149 0.000366 0.003930
v 0.017143 0.000112 0.003868
v 0.017142 0.000058 0.003858
v 0.017142 -0.000058 0.003858
v 0.017143 -0.000113 0.003869
v 0.017149 -0.000366 0.003930
v 0.017150 -0.000412 0.003976
v 0.017159 -0.000523 0.004014
v 0.017160 -0.000558 0.004077
v 0.017136 0.000400 0.004137
v 0.017138 0.000387 0.004115
v 0.017129 0.000247 0.004098
v 0.017129 0.000233 0.004083
v 0.017129 -0.000233 0.004082
v 0.017129 -0.000248 0.004097
v 0.017138 -0.000387 0.004114
v 0.017136 -0.000400 0.004137
v 0.017130 0.000321 0.004171
v 0.017130 0.000316 0.004161
v 0.017122 0.000170 0.004164
v 0.017122 0.000165 0.004160
v 0.017122 -0.000165 0.004160
v 0.017122 -0.000170 0.004165
v 0.017130 -0.000316 0.004161
v 0.017130 -0.000321 0.004172
v -0.002703 -0.012498 0.012813
v -0.002213 -0.012465 0.012273
v -0.002618 -0.012465 0.012859
v -0.002791 -0.012510 0.012767
v -0.002359 -0.012510 0.012142
v -0.002287 -0.012498 0.012210
v -0.002789 -0.012412 0.013545
v -0.002481 -0.012341 0.012932
v -0.002720 -0.012341 0.013562
v -0.002800 -0.012341 0.014232
v -0.002871 -0.012412 0.014232
v -0.002543 -0.012412 0.012898
v -0.002872 -0.012465 0.013526
v -0.002957 -0.012464 0.014231
v -0.002963 -0.012498 0.013502
v -0.003053 -0.012498 0.014232
v -0.003061 -0.012510 0.013478
v -0.002714 -0.012160 0.014231
v -0.002635 -0.012059 0.013631
v -0.002703 -0.012060 0.014232
v -0.003152 -0.012510 0.014231
v 0.002641 -0.012160 0.013628
v 0.002709 -0.012160 0.014232
v 0.002698 -0.012060 0.014231
v 0.002630 -0.012059 0.013631
v 0.002673 -0.012255 0.013620
v 0.002742 -0.012255 0.014231
v 0.002440 -0.012160 0.013057
v 0.002430 -0.012060 0.013060
v 0.002725 -0.012341 0.013607
v 0.002795 -0.012341 0.014230
v 0.002470 -0.012255 0.013040
v 0.002794 -0.012412 0.013593
v 0.002866 -0.012412 0.014232
v 0.002118 -0.012160 0.012540
v 0.002107 -0.012060 0.012549
v 0.002519 -0.012341 0.013017
v 0.002877 -0.012464 0.013574
v 0.002952 -0.012465 0.014231
v 0.002144 -0.012255 0.012520
v 0.002584 -0.012412 0.012987
v 0.002970 -0.012498 0.013553
v 0.003055 -0.012510 0.013477
v 0.003147 -0.012510 0.014232
v 0.003047 -0.012498 0.014231
v 0.001687 -0.012160 0.012111
v 0.001680 -0.012060 0.012120
v 0.002184 -0.012341 0.012486
v 0.002661 -0.012465 0.012949
v 0.001537 -0.012160 0.012001
v 0.001169 -0.012060 0.011799
v 0.001708 -0.012255 0.012085
v 0.002242 -0.012412 0.012443
v 0.002745 -0.012498 0.012908
v 0.002787 -0.012510 0.012768
v 0.001556 -0.012255 0.011972
v 0.001174 -0.012160 0.011789
v 0.001741 -0.012341 0.012044
v 0.002308 -0.012465 0.012390
v 0.001587 -0.012341 0.011928
v 0.000958 -0.012160 0.011696
v 0.000600 -0.012060 0.011600
v 0.001188 -0.012255 0.011759
v 0.001787 -0.012412 0.011986
v 0.002382 -0.012498 0.012328
v 0.002355 -0.012510 0.012142
v 0.001627 -0.012412 0.011870
v 0.000971 -0.012254 0.011665
v 0.000601 -0.012160 0.011588
v 0.001212 -0.012341 0.011712
v 0.001840 -0.012465 0.011920
v 0.001675 -0.012465 0.011798
v 0.000989 -0.012341 0.011616
v 0.000324 -0.012160 0.011539
v -0.000002 -0.012060 0.011532
v 0.000608 -0.012255 0.011556
v 0.001242 -0.012411 0.011646
v 0.001899 -0.012498 0.011847
v 0.001787 -0.012510 0.011638
v 0.001730 -0.012498 0.011721
v 0.001015 -0.012412 0.011549
v 0.000329 -0.012255 0.011508
v -0.000003 -0.012160 0.011519
v 0.000621 -0.012341 0.011503
v 0.001280 -0.012465 0.011569
v 0.001045 -0.012465 0.011470
v 0.000336 -0.012341 0.011454
v -0.000003 -0.012255 0.011487
v -0.000329 -0.012160 0.011540
v -0.000604 -0.012060 0.011599
v 0.000635 -0.012412 0.011435
v 0.001321 -0.012498 0.011485
v 0.001113 -0.012510 0.011287
v -0.000607 -0.012160 0.011588
v 0.001080 -0.012498 0.011379
v 0.000343 -0.012411 0.011384
v -0.000001 -0.012341 0.011433
v -0.000334 -0.012255 0.011506
v 0.000656 -0.012465 0.011350
v -0.000613 -0.012255 0.011556
v 0.000355 -0.012465 0.011299
v -0.000001 -0.012412 0.011364
v -0.000340 -0.012341 0.011455
v -0.000964 -0.012160 0.011696
v -0.001175 -0.012060 0.011799
v 0.000676 -0.012498 0.011258
v 0.000377 -0.012510 0.011104
v -0.001179 -0.012160 0.011789
v -0.000625 -0.012341 0.011504
v 0.000364 -0.012498 0.011204
v -0.000002 -0.012465 0.011277
v -0.000348 -0.012411 0.011383
v -0.000976 -0.012255 0.011665
v -0.001192 -0.012255 0.011759
v -0.000641 -0.012412 0.011435
v -0.000002 -0.012498 0.011182
v -0.000382 -0.012510 0.011105
v -0.000359 -0.012465 0.011299
v -0.000995 -0.012341 0.011615
v -0.001542 -0.012160 0.012001
v -0.001685 -0.012060 0.012122
v -0.001693 -0.012160 0.012111
v -0.001217 -0.012341 0.011712
v -0.000661 -0.012465 0.011350
v -0.000370 -0.012498 0.011203
v -0.001020 -0.012412 0.011549
v -0.001561 -0.012255 0.011973
v -0.001714 -0.012255 0.012086
v -0.001247 -0.012411 0.011646
v -0.000681 -0.012498 0.011258
v -0.001119 -0.012510 0.011287
v -0.001050 -0.012465 0.011468
v -0.001592 -0.012341 0.011928
v -0.002032 -0.012160 0.012433
v -0.002112 -0.012060 0.012549
v -0.001747 -0.012341 0.012044
v -0.001284 -0.012465 0.011568
v -0.001085 -0.012498 0.011380
v -0.001631 -0.012412 0.011870
v -0.002058 -0.012255 0.012413
v -0.001792 -0.012412 0.011987
v -0.001328 -0.012498 0.011484
v -0.001791 -0.012510 0.011641
v -0.001680 -0.012465 0.011800
v -0.002096 -0.012341 0.012376
v -0.002404 -0.012160 0.012972
v -0.002436 -0.012060 0.013061
v -0.001845 -0.012465 0.011921
v -0.001736 -0.012498 0.011721
v -0.002150 -0.012412 0.012331
v -0.002433 -0.012254 0.012957
v -0.001904 -0.012498 0.011847
v -0.002635 -0.012160 0.013583
v -0.002667 -0.012255 0.013574
v -0.002747 -0.012255 0.014232
v 0.002698 -0.009966 0.012814
v 0.002208 -0.009999 0.012273
v 0.002614 -0.009999 0.012858
v 0.002787 -0.009954 0.012768
v 0.002355 -0.009954 0.012142
v 0.002280 -0.009966 0.012210
v 0.002784 -0.010052 0.013545
v 0.002475 -0.010123 0.012931
v 0.002715 -0.010123 0.013562
v 0.002795 -0.010123 0.014231
v 0.002866 -0.010052 0.014233
v 0.002538 -0.010052 0.012897
v 0.002867 -0.009999 0.013523
v 0.002952 -0.009999 0.014231
v 0.002959 -0.009966 0.013502
v 0.003047 -0.009966 0.014231
v 0.003055 -0.009954 0.013476
v 0.002709 -0.010304 0.014232
v 0.002630 -0.010404 0.013630
v 0.002698 -0.010404 0.014232
v 0.003147 -0.009954 0.014232
v -0.002644 -0.010304 0.013629
v -0.002714 -0.010304 0.014232
v -0.002703 -0.010404 0.014231
v -0.002635 -0.010404 0.013632
v -0.002679 -0.010209 0.013622
v -0.002747 -0.010209 0.014232
v -0.002445 -0.010304 0.013055
v -0.002436 -0.010404 0.013060
v -0.002731 -0.010123 0.013610
v -0.002800 -0.010123 0.014231
v -0.002476 -0.010209 0.013042
v -0.002800 -0.010052 0.013593
v -0.002871 -0.010052 0.014232
v -0.002122 -0.010304 0.012542
v -0.002112 -0.010404 0.012548
v -0.002523 -0.010122 0.013017
v -0.002884 -0.009999 0.013574
v -0.002957 -0.009999 0.014232
v -0.002147 -0.010209 0.012520
v -0.002588 -0.010052 0.012988
v -0.002976 -0.009966 0.013553
v -0.003061 -0.009954 0.013478
v -0.003152 -0.009954 0.014231
v -0.003053 -0.009966 0.014231
v -0.001693 -0.010304 0.012111
v -0.001685 -0.010404 0.012122
v -0.002191 -0.010123 0.012488
v -0.002666 -0.009999 0.012951
v -0.001542 -0.010304 0.012001
v -0.001175 -0.010404 0.011800
v -0.001714 -0.010209 0.012087
v -0.002246 -0.010052 0.012443
v -0.002750 -0.009966 0.012909
v -0.002791 -0.009954 0.012767
v -0.001561 -0.010209 0.011973
v -0.001179 -0.010304 0.011789
v -0.001747 -0.010123 0.012045
v -0.002313 -0.009999 0.012390
v -0.001592 -0.010123 0.011928
v -0.000964 -0.010304 0.011696
v -0.000604 -0.010404 0.011599
v -0.001192 -0.010209 0.011759
v -0.001792 -0.010052 0.011988
v -0.002386 -0.009966 0.012331
v -0.002359 -0.009954 0.012142
v -0.001631 -0.010052 0.011871
v -0.000976 -0.010209 0.011665
v -0.000607 -0.010304 0.011588
v -0.001217 -0.010123 0.011712
v -0.001845 -0.009999 0.011920
v -0.001680 -0.009999 0.011799
v -0.000995 -0.010123 0.011614
v -0.000329 -0.010304 0.011540
v -0.000002 -0.010404 0.011532
v -0.000613 -0.010209 0.011555
v -0.001247 -0.010052 0.011645
v -0.001904 -0.009966 0.011848
v -0.001791 -0.009954 0.011640
v -0.001736 -0.009966 0.011720
v -0.001020 -0.010052 0.011549
v -0.000334 -0.010209 0.011506
v -0.000003 -0.010304 0.011520
v -0.000625 -0.010123 0.011503
v -0.001284 -0.009998 0.011569
v -0.001050 -0.009999 0.011469
v -0.000340 -0.010123 0.011455
v -0.000003 -0.010208 0.011486
v 0.000324 -0.010304 0.011540
v 0.000600 -0.010403 0.011600
v -0.000641 -0.010052 0.011434
v -0.001328 -0.009966 0.011483
v -0.001119 -0.009954 0.011286
v 0.000601 -0.010304 0.011588
v -0.001085 -0.009966 0.011380
v -0.000348 -0.010052 0.011383
v -0.000001 -0.010123 0.011433
v 0.000329 -0.010209 0.011507
v -0.000661 -0.009998 0.011350
v 0.000608 -0.010209 0.011556
v -0.000359 -0.009999 0.011298
v -0.000001 -0.010052 0.011363
v 0.000336 -0.010123 0.011454
v 0.000958 -0.010304 0.011697
v 0.001169 -0.010404 0.011799
v -0.000681 -0.009966 0.011258
v -0.000382 -0.009954 0.011104
v 0.001174 -0.010304 0.011790
v 0.000621 -0.010123 0.011503
v -0.000370 -0.009966 0.011204
v -0.000002 -0.009999 0.011276
v 0.000343 -0.010052 0.011383
v 0.000971 -0.010209 0.011664
v 0.001188 -0.010209 0.011759
v 0.000635 -0.010052 0.011435
v -0.000002 -0.009966 0.011182
v 0.000377 -0.009954 0.011104
v 0.000355 -0.009999 0.011298
v 0.000989 -0.010122 0.011615
v 0.001537 -0.010304 0.012001
v 0.001680 -0.010404 0.012121
v 0.001687 -0.010304 0.012112
v 0.001212 -0.010123 0.011711
v 0.000656 -0.009998 0.011350
v 0.000364 -0.009966 0.011204
v 0.001015 -0.010052 0.011549
v 0.001556 -0.010209 0.011972
v 0.001708 -0.010209 0.012085
v 0.001242 -0.010052 0.011646
v 0.000676 -0.009966 0.011258
v 0.001113 -0.009954 0.011287
v 0.001045 -0.009999 0.011469
v 0.001587 -0.010123 0.011928
v 0.002028 -0.010304 0.012432
v 0.002107 -0.010404 0.012548
v 0.001741 -0.010123 0.012044
v 0.001280 -0.009998 0.011569
v 0.001080 -0.009966 0.011380
v 0.001627 -0.010052 0.011870
v 0.002052 -0.010209 0.012412
v 0.001787 -0.010051 0.011986
v 0.001321 -0.009966 0.011484
v 0.001787 -0.009954 0.011639
v 0.001675 -0.009999 0.011798
v 0.002092 -0.010123 0.012377
v 0.002399 -0.010304 0.012971
v 0.002430 -0.010404 0.013060
v 0.001840 -0.009999 0.011921
v 0.001730 -0.009965 0.011721
v 0.002144 -0.010052 0.012330
v 0.002428 -0.010209 0.012956
v 0.001899 -0.009966 0.011847
v 0.002629 -0.010304 0.013582
v 0.002663 -0.010209 0.013575
v 0.002742 -0.010209 0.014231
v -0.000002 -0.010404 0.016932
v 0.000599 -0.010404 0.016864
v -0.000002 -0.012060 0.016932
v 0.000599 -0.012060 0.016863
v 0.001169 -0.010404 0.016665
v 0.001169 -0.012060 0.016665
v 0.001680 -0.010404 0.016342
v 0.001680 -0.012060 0.016343
v 0.002108 -0.010403 0.015914
v 0.002108 -0.012060 0.015914
v 0.002431 -0.010404 0.015403
v 0.002431 -0.012060 0.015403
v 0.002630 -0.010404 0.014833
v 0.002630 -0.012060 0.014834
v 0.005630 -0.012510 0.007931
v 0.003056 -0.012510 0.014986
v 0.005549 -0.012510 0.007173
v 0.005312 -0.012510 0.006448
v -0.002360 -0.012510 0.016321
v -0.001792 -0.012510 0.016825
v 0.004927 -0.012510 0.005793
v -0.002792 -0.012510 0.015696
v 0.004411 -0.012510 0.005232
v -0.004418 -0.012509 0.005232
v -0.005638 -0.012510 0.007934
v -0.003061 -0.012510 0.014987
v -0.001120 -0.012510 0.017177
v -0.000382 -0.012510 0.017357
v 0.000376 -0.012510 0.017357
v 0.001114 -0.012510 0.017177
v 0.001787 -0.012510 0.016824
v 0.002356 -0.012510 0.016321
v 0.002786 -0.012510 0.015695
v -0.005556 -0.012510 0.007175
v -0.005319 -0.012510 0.006450
v -0.004933 -0.012510 0.005793
v -0.005638 -0.009954 0.007933
v 0.004411 -0.009954 0.005232
v 0.004927 -0.009954 0.005792
v -0.003061 -0.009954 0.014986
v 0.002356 -0.009954 0.016321
v 0.001787 -0.009954 0.016824
v -0.005556 -0.009954 0.007176
v -0.005319 -0.009954 0.006451
v 0.002786 -0.009954 0.015695
v -0.004933 -0.009954 0.005793
v 0.001114 -0.009954 0.017177
v -0.004418 -0.009954 0.005231
v 0.003056 -0.009954 0.014986
v 0.005630 -0.009954 0.007930
v 0.000376 -0.009954 0.017358
v -0.000382 -0.009954 0.017358
v -0.001120 -0.009954 0.017178
v -0.001792 -0.009953 0.016824
v -0.002360 -0.009953 0.016321
v -0.002792 -0.009954 0.015695
v 0.005549 -0.009954 0.007174
v 0.005312 -0.009954 0.006449
v -0.002038 -0.011755 0.004332
v -0.002038 -0.010709 0.004332
v 0.002030 -0.010709 0.004331
v 0.002030 -0.011755 0.004331
v -0.003787 -0.012136 0.004786
v -0.003137 -0.011899 0.004503
v -0.002589 -0.011791 0.004375
v 0.003358 -0.011967 0.004585
v 0.002701 -0.011808 0.004395
v 0.003917 -0.012203 0.004865
v 0.003779 -0.010327 0.004786
v 0.003130 -0.010565 0.004504
v 0.002583 -0.010673 0.004374
v -0.003365 -0.010497 0.004586
v -0.002707 -0.010656 0.004394
v -0.003924 -0.010261 0.004865
v -0.002635 -0.010404 0.014834
v -0.002635 -0.012060 0.014834
v -0.002435 -0.010404 0.015403
v -0.002435 -0.012060 0.015404
v -0.002113 -0.010404 0.015916
v -0.002113 -0.012060 0.015916
v -0.001686 -0.010404 0.016343
v -0.001686 -0.012060 0.016343
v -0.001174 -0.010404 0.016665
v -0.001174 -0.012060 0.016665
v -0.000603 -0.010404 0.016864
v -0.000603 -0.012060 0.016864
v -0.002719 -0.010122 0.014901
v -0.002433 -0.010209 0.015506
v -0.002667 -0.010209 0.014888
v -0.002702 -0.009966 0.015650
v -0.002214 -0.009999 0.016192
v -0.002618 -0.009999 0.015605
v -0.002287 -0.009966 0.016253
v -0.002789 -0.010052 0.014920
v -0.002544 -0.010052 0.015566
v -0.002481 -0.010123 0.015534
v -0.002871 -0.009999 0.014940
v -0.002963 -0.009966 0.014961
v 0.002642 -0.010304 0.014835
v 0.002673 -0.010209 0.014842
v 0.002441 -0.010303 0.015408
v 0.002725 -0.010123 0.014854
v 0.002471 -0.010209 0.015422
v 0.002795 -0.010052 0.014869
v 0.002116 -0.010304 0.015922
v 0.002518 -0.010123 0.015447
v 0.002879 -0.009999 0.014889
v 0.002144 -0.010209 0.015944
v 0.002584 -0.010052 0.015476
v 0.002971 -0.009966 0.014909
v 0.001687 -0.010304 0.016351
v 0.002186 -0.010123 0.015976
v 0.002659 -0.009999 0.015513
v 0.001535 -0.010304 0.016462
v 0.001709 -0.010209 0.016377
v 0.002242 -0.010052 0.016021
v 0.002746 -0.009965 0.015554
v 0.001557 -0.010209 0.016490
v 0.001175 -0.010304 0.016674
v 0.001741 -0.010123 0.016420
v 0.002307 -0.009999 0.016074
v 0.001586 -0.010123 0.016535
v 0.000958 -0.010303 0.016767
v 0.001188 -0.010209 0.016705
v 0.001786 -0.010052 0.016475
v 0.002381 -0.009966 0.016134
v 0.001628 -0.010052 0.016593
v 0.000970 -0.010209 0.016798
v 0.000600 -0.010304 0.016874
v 0.001212 -0.010123 0.016752
v 0.001839 -0.009999 0.016541
v 0.001675 -0.009999 0.016664
v 0.000989 -0.010123 0.016848
v 0.000325 -0.010304 0.016924
v 0.000609 -0.010209 0.016907
v 0.001242 -0.010052 0.016818
v 0.001898 -0.009966 0.016615
v 0.001730 -0.009966 0.016741
v 0.001015 -0.010052 0.016915
v 0.000328 -0.010209 0.016957
v -0.000003 -0.010304 0.016944
v 0.000621 -0.010123 0.016961
v 0.001279 -0.009999 0.016894
v 0.001045 -0.009999 0.016995
v 0.000336 -0.010123 0.017009
v -0.000003 -0.010209 0.016976
v -0.000329 -0.010304 0.016923
v 0.000636 -0.010052 0.017029
v 0.001321 -0.009966 0.016979
v -0.000607 -0.010304 0.016874
v 0.001079 -0.009966 0.017084
v 0.000342 -0.010052 0.017081
v -0.000003 -0.010123 0.017029
v -0.000335 -0.010209 0.016955
v 0.000655 -0.009999 0.017112
v -0.000614 -0.010209 0.016908
v 0.000354 -0.009999 0.017162
v -0.000003 -0.010052 0.017102
v -0.000339 -0.010123 0.017010
v -0.000964 -0.010304 0.016765
v 0.000676 -0.009966 0.017205
v -0.001178 -0.010304 0.016675
v -0.000626 -0.010123 0.016961
v 0.000364 -0.009966 0.017260
v -0.000003 -0.009999 0.017187
v -0.000348 -0.010052 0.017081
v -0.000976 -0.010209 0.016797
v -0.001194 -0.010209 0.016705
v -0.000641 -0.010052 0.017029
v -0.000002 -0.009966 0.017282
v -0.000358 -0.009999 0.017164
v -0.000994 -0.010123 0.016848
v -0.001543 -0.010304 0.016462
v -0.001694 -0.010303 0.016351
v -0.001216 -0.010123 0.016752
v -0.000660 -0.009999 0.017114
v -0.000371 -0.009966 0.017258
v -0.001020 -0.010052 0.016914
v -0.001562 -0.010209 0.016492
v -0.001713 -0.010209 0.016377
v -0.001249 -0.010052 0.016818
v -0.000681 -0.009966 0.017204
v -0.001050 -0.009999 0.016995
v -0.001592 -0.010123 0.016535
v -0.002031 -0.010304 0.016031
v -0.001747 -0.010123 0.016420
v -0.001284 -0.009999 0.016894
v -0.001085 -0.009966 0.017084
v -0.001632 -0.010052 0.016593
v -0.002057 -0.010209 0.016052
v -0.001792 -0.010051 0.016476
v -0.001324 -0.009966 0.016979
v -0.001682 -0.009999 0.016663
v -0.002096 -0.010123 0.016087
v -0.002403 -0.010304 0.015493
v -0.001846 -0.009998 0.016541
v -0.001735 -0.009966 0.016742
v -0.002149 -0.010052 0.016134
v -0.001903 -0.009966 0.016616
v -0.002636 -0.010304 0.014881
v 0.002699 -0.012498 0.015649
v 0.002280 -0.012498 0.016252
v 0.002208 -0.012465 0.016190
v 0.002785 -0.012412 0.014919
v 0.002538 -0.012412 0.015565
v 0.002475 -0.012341 0.015531
v 0.002715 -0.012341 0.014900
v 0.002867 -0.012465 0.014940
v 0.002614 -0.012465 0.015604
v 0.002959 -0.012498 0.014960
v -0.002646 -0.012160 0.014835
v -0.002678 -0.012255 0.014842
v -0.002445 -0.012160 0.015409
v -0.002730 -0.012341 0.014855
v -0.002476 -0.012255 0.015422
v -0.002800 -0.012412 0.014870
v -0.002121 -0.012160 0.015923
v -0.002523 -0.012341 0.015447
v -0.002883 -0.012465 0.014888
v -0.002148 -0.012255 0.015941
v -0.002587 -0.012412 0.015475
v -0.002976 -0.012498 0.014909
v -0.001694 -0.012160 0.016350
v -0.002190 -0.012341 0.015975
v -0.002666 -0.012465 0.015514
v -0.001543 -0.012160 0.016462
v -0.001713 -0.012255 0.016378
v -0.002247 -0.012412 0.016021
v -0.002751 -0.012498 0.015554
v -0.001562 -0.012255 0.016491
v -0.001178 -0.012160 0.016675
v -0.001747 -0.012341 0.016420
v -0.002313 -0.012465 0.016073
v -0.001592 -0.012341 0.016535
v -0.000964 -0.012160 0.016765
v -0.001194 -0.012255 0.016704
v -0.001792 -0.012412 0.016476
v -0.002387 -0.012498 0.016134
v -0.001632 -0.012412 0.016593
v -0.000976 -0.012255 0.016797
v -0.000607 -0.012159 0.016875
v -0.001216 -0.012341 0.016752
v -0.001846 -0.012465 0.016541
v -0.001682 -0.012464 0.016663
v -0.000994 -0.012341 0.016848
v -0.000329 -0.012160 0.016923
v -0.000614 -0.012255 0.016908
v -0.001249 -0.012412 0.016817
v -0.001903 -0.012498 0.016616
v -0.001735 -0.012498 0.016742
v -0.001020 -0.012412 0.016914
v -0.000335 -0.012255 0.016955
v -0.000003 -0.012160 0.016944
v -0.000626 -0.012341 0.016960
v -0.001284 -0.012465 0.016894
v -0.001050 -0.012465 0.016995
v -0.000339 -0.012341 0.017009
v -0.000003 -0.012255 0.016976
v 0.000325 -0.012160 0.016924
v -0.000641 -0.012412 0.017029
v -0.001325 -0.012498 0.016979
v 0.000600 -0.012159 0.016875
v -0.001085 -0.012498 0.017085
v -0.000348 -0.012412 0.017081
v -0.000003 -0.012341 0.017028
v 0.000328 -0.012255 0.016956
v -0.000660 -0.012465 0.017114
v 0.000609 -0.012255 0.016906
v -0.000358 -0.012465 0.017164
v -0.000003 -0.012412 0.017102
v 0.000336 -0.012341 0.017009
v 0.000958 -0.012160 0.016767
v -0.000681 -0.012498 0.017205
v 0.001175 -0.012160 0.016674
v 0.000621 -0.012341 0.016961
v -0.000371 -0.012498 0.017259
v -0.000003 -0.012465 0.017186
v 0.000342 -0.012412 0.017081
v 0.000970 -0.012255 0.016797
v 0.001188 -0.012255 0.016704
v 0.000636 -0.012412 0.017028
v -0.000002 -0.012498 0.017282
v 0.000354 -0.012465 0.017163
v 0.000989 -0.012341 0.016848
v 0.001535 -0.012160 0.016462
v 0.001687 -0.012160 0.016351
v 0.001212 -0.012341 0.016752
v 0.000655 -0.012465 0.017112
v 0.000364 -0.012498 0.017260
v 0.001015 -0.012412 0.016914
v 0.001557 -0.012255 0.016490
v 0.001709 -0.012255 0.016377
v 0.001242 -0.012412 0.016818
v 0.000676 -0.012498 0.017205
v 0.001045 -0.012465 0.016996
v 0.001586 -0.012341 0.016536
v 0.002028 -0.012160 0.016031
v 0.001741 -0.012341 0.016421
v 0.001279 -0.012465 0.016895
v 0.001079 -0.012498 0.017084
v 0.001628 -0.012412 0.016593
v 0.002051 -0.012255 0.016051
v 0.001786 -0.012412 0.016476
v 0.001321 -0.012498 0.016979
v 0.001675 -0.012465 0.016663
v 0.002092 -0.012341 0.016087
v 0.002399 -0.012160 0.015490
v 0.001839 -0.012465 0.016541
v 0.001730 -0.012498 0.016742
v 0.002144 -0.012412 0.016134
v 0.002427 -0.012255 0.015506
v 0.001898 -0.012498 0.016615
v 0.002629 -0.012160 0.014881
v 0.002663 -0.012255 0.014888
v -0.002703 0.009966 0.012814
v -0.002287 0.009966 0.012210
v -0.002213 0.010000 0.012273
v -0.002359 0.009955 0.012142
v -0.002789 0.010052 0.013545
v -0.002481 0.010123 0.012932
v -0.002720 0.010124 0.013562
v -0.002800 0.010123 0.014231
v -0.002871 0.010052 0.014232
v 0.002630 0.010404 0.013631
v 0.002709 0.010304 0.014232
v 0.002698 0.010404 0.014232
v -0.002543 0.010052 0.012899
v -0.002872 0.009999 0.013526
v -0.002618 0.009999 0.012859
v -0.002957 0.009999 0.014232
v -0.002963 0.009966 0.013502
v -0.002791 0.009954 0.012767
v -0.003053 0.009966 0.014232
v -0.003061 0.009954 0.013478
v -0.002714 0.010304 0.014232
v -0.002635 0.010404 0.013632
v -0.002703 0.010404 0.014231
v -0.003152 0.009954 0.014231
v 0.002641 0.010304 0.013629
v 0.002430 0.010404 0.013060
v 0.002673 0.010209 0.013620
v 0.002742 0.010209 0.014231
v 0.002440 0.010304 0.013057
v 0.002725 0.010123 0.013608
v 0.002795 0.010123 0.014230
v 0.002470 0.010209 0.013040
v 0.002794 0.010052 0.013593
v 0.002866 0.010052 0.014233
v 0.002118 0.010304 0.012541
v 0.002107 0.010405 0.012548
v 0.002519 0.010123 0.013017
v 0.002877 0.009999 0.013574
v 0.002952 0.009999 0.014231
v 0.002144 0.010209 0.012520
v 0.002584 0.010052 0.012987
v 0.002970 0.009966 0.013553
v 0.003055 0.009954 0.013476
v 0.003147 0.009954 0.014232
v 0.003047 0.009966 0.014231
v 0.001687 0.010305 0.012112
v 0.001680 0.010404 0.012121
v 0.002184 0.010123 0.012487
v 0.002661 0.009999 0.012949
v 0.001537 0.010304 0.012001
v 0.001169 0.010404 0.011799
v 0.001708 0.010209 0.012085
v 0.002242 0.010052 0.012442
v 0.002745 0.009966 0.012908
v 0.002787 0.009954 0.012768
v 0.001556 0.010209 0.011971
v 0.001174 0.010304 0.011790
v 0.001741 0.010123 0.012044
v 0.002308 0.009999 0.012389
v 0.001587 0.010123 0.011927
v 0.000958 0.010305 0.011697
v 0.000600 0.010404 0.011600
v 0.001188 0.010209 0.011759
v 0.001787 0.010053 0.011986
v 0.002382 0.009966 0.012329
v 0.002355 0.009955 0.012142
v 0.001627 0.010052 0.011870
v 0.000971 0.010209 0.011665
v 0.000601 0.010304 0.011588
v 0.001212 0.010123 0.011712
v 0.001840 0.009999 0.011921
v 0.001675 0.009999 0.011798
v 0.000989 0.010123 0.011616
v 0.000324 0.010304 0.011540
v -0.000002 0.010404 0.011532
v 0.000608 0.010209 0.011556
v 0.001242 0.010052 0.011646
v 0.001899 0.009966 0.011847
v 0.001787 0.009955 0.011639
v 0.001730 0.009966 0.011721
v 0.001015 0.010053 0.011549
v 0.000329 0.010209 0.011508
v -0.000003 0.010304 0.011520
v 0.000621 0.010124 0.011504
v 0.001280 0.009999 0.011568
v 0.001045 0.009999 0.011469
v 0.000336 0.010123 0.011455
v -0.000003 0.010209 0.011487
v -0.000329 0.010304 0.011540
v -0.000604 0.010404 0.011599
v 0.000635 0.010052 0.011435
v 0.001321 0.009966 0.011484
v 0.001113 0.009954 0.011287
v -0.000607 0.010304 0.011588
v 0.001080 0.009966 0.011380
v 0.000343 0.010052 0.011383
v -0.000001 0.010123 0.011434
v -0.000334 0.010209 0.011506
v 0.000656 0.009999 0.011350
v -0.000613 0.010209 0.011556
v 0.000355 0.009999 0.011298
v -0.000001 0.010052 0.011363
v -0.000340 0.010123 0.011455
v -0.000964 0.010304 0.011696
v -0.001175 0.010404 0.011799
v 0.000676 0.009966 0.011258
v 0.000377 0.009954 0.011104
v -0.001179 0.010304 0.011789
v -0.000625 0.010123 0.011503
v 0.000364 0.009966 0.011205
v -0.000002 0.009999 0.011276
v -0.000348 0.010052 0.011383
v -0.000976 0.010209 0.011665
v -0.001192 0.010209 0.011759
v -0.000641 0.010052 0.011434
v -0.000002 0.009966 0.011182
v -0.000382 0.009954 0.011104
v -0.000359 0.009999 0.011299
v -0.000995 0.010123 0.011615
v -0.001542 0.010304 0.012001
v -0.001685 0.010404 0.012122
v -0.001693 0.010304 0.012111
v -0.001217 0.010123 0.011712
v -0.000661 0.009999 0.011350
v -0.000370 0.009966 0.011204
v -0.001020 0.010053 0.011549
v -0.001561 0.010209 0.011973
v -0.001714 0.010209 0.012087
v -0.001247 0.010052 0.011645
v -0.000681 0.009966 0.011258
v -0.001119 0.009954 0.011286
v -0.001050 0.009999 0.011469
v -0.001592 0.010123 0.011928
v -0.002032 0.010304 0.012434
v -0.002112 0.010405 0.012549
v -0.001747 0.010123 0.012045
v -0.001284 0.009999 0.011569
v -0.001085 0.009966 0.011380
v -0.001631 0.010052 0.011871
v -0.002058 0.010209 0.012413
v -0.001792 0.010052 0.011988
v -0.001328 0.009966 0.011483
v -0.001791 0.009954 0.011640
v -0.001680 0.009999 0.011799
v -0.002096 0.010123 0.012376
v -0.002404 0.010304 0.012972
v -0.002436 0.010404 0.013060
v -0.001845 0.009999 0.011920
v -0.001736 0.009966 0.011720
v -0.002150 0.010052 0.012330
v -0.002433 0.010209 0.012957
v -0.001904 0.009966 0.011848
v -0.002635 0.010304 0.013583
v -0.002667 0.010209 0.013574
v -0.002747 0.010209 0.014232
v 0.002698 0.012498 0.012814
v 0.002208 0.012465 0.012274
v 0.002614 0.012465 0.012857
v 0.002787 0.012510 0.012768
v 0.002355 0.012510 0.012141
v 0.002280 0.012498 0.012210
v 0.002784 0.012412 0.013545
v 0.002475 0.012341 0.012930
v 0.002715 0.012341 0.013562
v 0.002795 0.012341 0.014230
v 0.002866 0.012413 0.014233
v 0.002538 0.012412 0.012898
v 0.002867 0.012465 0.013523
v 0.002952 0.012466 0.014232
v 0.002959 0.012498 0.013501
v 0.003047 0.012499 0.014231
v 0.003055 0.012510 0.013477
v 0.002709 0.012160 0.014232
v 0.002630 0.012060 0.013630
v 0.002698 0.012060 0.014231
v 0.003147 0.012510 0.014231
v -0.002644 0.012160 0.013629
v -0.002714 0.012160 0.014232
v -0.002703 0.012060 0.014232
v -0.002635 0.012060 0.013631
v -0.002679 0.012255 0.013621
v -0.002747 0.012255 0.014232
v -0.002445 0.012160 0.013055
v -0.002436 0.012060 0.013060
v -0.002731 0.012341 0.013610
v -0.002800 0.012341 0.014232
v -0.002476 0.012255 0.013042
v -0.002800 0.012412 0.013594
v -0.002871 0.012413 0.014232
v -0.002122 0.012160 0.012541
v -0.002112 0.012060 0.012549
v -0.002523 0.012341 0.013017
v -0.002884 0.012466 0.013574
v -0.002957 0.012466 0.014232
v -0.002147 0.012255 0.012521
v -0.002588 0.012412 0.012988
v -0.002976 0.012498 0.013554
v -0.003061 0.012510 0.013478
v -0.003152 0.012511 0.014231
v -0.003053 0.012498 0.014232
v -0.001693 0.012160 0.012112
v -0.001685 0.012060 0.012122
v -0.002191 0.012341 0.012488
v -0.002666 0.012465 0.012952
v -0.001542 0.012160 0.012002
v -0.001175 0.012060 0.011800
v -0.001714 0.012255 0.012086
v -0.002246 0.012412 0.012443
v -0.002750 0.012498 0.012909
v -0.002791 0.012510 0.012767
v -0.001561 0.012255 0.011973
v -0.001179 0.012160 0.011789
v -0.001747 0.012342 0.012044
v -0.002313 0.012465 0.012390
v -0.001592 0.012341 0.011928
v -0.000964 0.012160 0.011696
v -0.000604 0.012060 0.011599
v -0.001192 0.012255 0.011759
v -0.001792 0.012412 0.011988
v -0.002386 0.012498 0.012332
v -0.002359 0.012510 0.012142
v -0.001631 0.012412 0.011870
v -0.000976 0.012255 0.011665
v -0.000607 0.012161 0.011588
v -0.001217 0.012341 0.011712
v -0.001845 0.012465 0.011921
v -0.001680 0.012465 0.011799
v -0.000995 0.012341 0.011615
v -0.000329 0.012160 0.011540
v -0.000002 0.012060 0.011532
v -0.000613 0.012255 0.011556
v -0.001247 0.012412 0.011646
v -0.001904 0.012498 0.011847
v -0.001791 0.012510 0.011640
v -0.001736 0.012498 0.011721
v -0.001020 0.012412 0.011550
v -0.000334 0.012255 0.011506
v -0.000003 0.012160 0.011520
v -0.000625 0.012341 0.011504
v -0.001284 0.012465 0.011568
v -0.001050 0.012465 0.011469
v -0.000340 0.012341 0.011455
v -0.000003 0.012255 0.011487
v 0.000324 0.012160 0.011539
v 0.000600 0.012060 0.011600
v -0.000641 0.012412 0.011434
v -0.001328 0.012498 0.011484
v -0.001119 0.012510 0.011287
v 0.000601 0.012161 0.011588
v -0.001085 0.012498 0.011379
v -0.000348 0.012412 0.011383
v -0.000001 0.012341 0.011434
v 0.000329 0.012255 0.011508
v -0.000661 0.012465 0.011350
v 0.000608 0.012255 0.011556
v -0.000359 0.012465 0.011299
v -0.000001 0.012413 0.011363
v 0.000336 0.012341 0.011455
v 0.000958 0.012160 0.011696
v 0.001169 0.012060 0.011799
v -0.000681 0.012498 0.011258
v -0.000382 0.012510 0.011105
v 0.001174 0.012160 0.011790
v 0.000621 0.012341 0.011504
v -0.000370 0.012498 0.011203
v -0.000002 0.012465 0.011277
v 0.000343 0.012412 0.011383
v 0.000971 0.012255 0.011665
v 0.001188 0.012255 0.011760
v 0.000635 0.012412 0.011434
v -0.000002 0.012498 0.011182
v 0.000377 0.012510 0.011104
v 0.000355 0.012465 0.011299
v 0.000989 0.012341 0.011616
v 0.001537 0.012160 0.012001
v 0.001680 0.012060 0.012121
v 0.001687 0.012160 0.012112
v 0.001212 0.012341 0.011712
v 0.000656 0.012465 0.011350
v 0.000364 0.012498 0.011204
v 0.001015 0.012412 0.011549
v 0.001556 0.012255 0.011972
v 0.001708 0.012255 0.012085
v 0.001242 0.012412 0.011646
v 0.000676 0.012498 0.011258
v 0.001113 0.012510 0.011287
v 0.001045 0.012465 0.011470
v 0.001587 0.012341 0.011928
v 0.002028 0.012160 0.012433
v 0.002107 0.012060 0.012548
v 0.001741 0.012342 0.012044
v 0.001280 0.012465 0.011569
v 0.001080 0.012498 0.011379
v 0.001627 0.012412 0.011871
v 0.002052 0.012255 0.012412
v 0.001787 0.012412 0.011986
v 0.001321 0.012498 0.011484
v 0.001787 0.012510 0.011638
v 0.001675 0.012465 0.011798
v 0.002092 0.012341 0.012376
v 0.002399 0.012160 0.012971
v 0.002430 0.012060 0.013060
v 0.001840 0.012465 0.011921
v 0.001730 0.012498 0.011721
v 0.002144 0.012412 0.012330
v 0.002428 0.012255 0.012957
v 0.001899 0.012498 0.011847
v 0.002629 0.012160 0.013582
v 0.002663 0.012255 0.013574
v 0.002742 0.012255 0.014231
v -0.000002 0.012060 0.016932
v 0.000599 0.012060 0.016864
v -0.000002 0.010404 0.016932
v 0.000599 0.010404 0.016864
v 0.001169 0.012060 0.016666
v 0.001169 0.010404 0.016665
v 0.001680 0.012060 0.016342
v 0.001680 0.010404 0.016342
v 0.002108 0.012060 0.015914
v 0.002108 0.010404 0.015914
v 0.002431 0.012060 0.015402
v 0.002431 0.010404 0.015403
v 0.002630 0.012060 0.014834
v 0.002630 0.010404 0.014833
v 0.005631 0.009954 0.007930
v 0.003056 0.009954 0.014986
v 0.005549 0.009954 0.007174
v 0.005312 0.009954 0.006449
v -0.002360 0.009954 0.016321
v -0.001792 0.009954 0.016824
v 0.004927 0.009954 0.005792
v 0.004411 0.009954 0.005232
v -0.002792 0.009954 0.015695
v -0.004418 0.009954 0.005231
v -0.005637 0.009954 0.007933
v -0.003061 0.009954 0.014987
v -0.001120 0.009954 0.017178
v -0.000382 0.009954 0.017358
v 0.000376 0.009954 0.017358
v 0.001114 0.009954 0.017177
v 0.001787 0.009954 0.016824
v 0.002356 0.009954 0.016321
v 0.002786 0.009954 0.015695
v -0.005556 0.009954 0.007176
v -0.005319 0.009954 0.006451
v -0.004933 0.009954 0.005793
v -0.005637 0.012510 0.007934
v 0.004411 0.012510 0.005232
v 0.004927 0.012510 0.005792
v -0.003061 0.012510 0.014987
v 0.002356 0.012510 0.016322
v 0.001787 0.012510 0.016823
v -0.005556 0.012510 0.007175
v -0.005319 0.012510 0.006451
v 0.002786 0.012510 0.015695
v -0.004933 0.012510 0.005793
v 0.001114 0.012510 0.017177
v -0.004418 0.012510 0.005232
v 0.003056 0.012510 0.014986
v 0.005631 0.012510 0.007931
v 0.000376 0.012510 0.017358
v -0.000382 0.012510 0.017357
v -0.001120 0.012510 0.017178
v -0.001792 0.012510 0.016825
v -0.002360 0.012510 0.016321
v -0.002792 0.012510 0.015696
v 0.005549 0.012510 0.007174
v 0.005312 0.012510 0.006449
v -0.002038 0.010709 0.004332
v -0.002038 0.011755 0.004332
v 0.002030 0.011755 0.004332
v 0.002030 0.010709 0.004331
v 0.003779 0.012136 0.004786
v 0.003130 0.011899 0.004504
v 0.002583 0.011791 0.004374
v -0.003365 0.011967 0.004586
v -0.002707 0.011808 0.004395
v -0.003924 0.012203 0.004865
v -0.003787 0.010328 0.004786
v -0.003137 0.010565 0.004504
v -0.002589 0.010673 0.004376
v 0.003358 0.010497 0.004585
v 0.002701 0.010657 0.004395
v 0.003917 0.010261 0.004865
v -0.002635 0.012060 0.014834
v -0.002635 0.010404 0.014834
v -0.002435 0.012060 0.015404
v -0.002435 0.010404 0.015403
v -0.002113 0.012060 0.015915
v -0.002113 0.010404 0.015916
v -0.001686 0.012060 0.016343
v -0.001686 0.010404 0.016343
v -0.001174 0.012060 0.016665
v -0.001174 0.010404 0.016665
v -0.000603 0.012060 0.016864
v -0.000603 0.010404 0.016865
v -0.002719 0.012341 0.014901
v -0.002667 0.012255 0.014888
v -0.002433 0.012255 0.015506
v -0.002702 0.012498 0.015650
v -0.002214 0.012465 0.016191
v -0.002618 0.012465 0.015605
v -0.002287 0.012498 0.016254
v -0.002789 0.012412 0.014920
v -0.002544 0.012412 0.015566
v -0.002481 0.012341 0.015533
v -0.002871 0.012465 0.014941
v -0.002963 0.012498 0.014961
v 0.002642 0.012160 0.014834
v 0.002673 0.012255 0.014842
v 0.002441 0.012160 0.015408
v 0.002725 0.012341 0.014855
v 0.002471 0.012255 0.015421
v 0.002795 0.012412 0.014869
v 0.002116 0.012160 0.015922
v 0.002518 0.012341 0.015448
v 0.002879 0.012466 0.014888
v 0.002144 0.012255 0.015944
v 0.002584 0.012412 0.015476
v 0.002971 0.012499 0.014910
v 0.001687 0.012160 0.016351
v 0.002186 0.012341 0.015975
v 0.002659 0.012465 0.015512
v 0.001535 0.012160 0.016462
v 0.001709 0.012255 0.016377
v 0.002242 0.012412 0.016020
v 0.002746 0.012498 0.015554
v 0.001557 0.012255 0.016491
v 0.001175 0.012160 0.016674
v 0.001741 0.012341 0.016421
v 0.002307 0.012465 0.016075
v 0.001586 0.012341 0.016536
v 0.000958 0.012160 0.016766
v 0.001188 0.012255 0.016704
v 0.001786 0.012412 0.016475
v 0.002381 0.012498 0.016134
v 0.001628 0.012412 0.016593
v 0.000970 0.012255 0.016798
v 0.000600 0.012160 0.016874
v 0.001212 0.012341 0.016752
v 0.001839 0.012465 0.016541
v 0.001675 0.012465 0.016663
v 0.000989 0.012341 0.016848
v 0.000325 0.012160 0.016924
v 0.000609 0.012255 0.016906
v 0.001242 0.012412 0.016818
v 0.001898 0.012498 0.016616
v 0.001730 0.012498 0.016742
v 0.001015 0.012412 0.016915
v 0.000328 0.012255 0.016956
v -0.000003 0.012160 0.016945
v 0.000621 0.012341 0.016961
v 0.001279 0.012465 0.016894
v 0.001045 0.012465 0.016996
v 0.000336 0.012341 0.017009
v -0.000003 0.012255 0.016976
v -0.000329 0.012160 0.016924
v 0.000636 0.012412 0.017028
v 0.001321 0.012498 0.016979
v -0.000607 0.012160 0.016875
v 0.001079 0.012498 0.017084
v 0.000342 0.012413 0.017080
v -0.000003 0.012341 0.017028
v -0.000335 0.012255 0.016955
v 0.000655 0.012465 0.017113
v -0.000614 0.012256 0.016908
v 0.000354 0.012465 0.017163
v -0.000003 0.012412 0.017101
v -0.000339 0.012341 0.017009
v -0.000964 0.012160 0.016765
v 0.000676 0.012498 0.017205
v -0.001178 0.012160 0.016675
v -0.000626 0.012341 0.016960
v 0.000364 0.012498 0.017260
v -0.000003 0.012465 0.017186
v -0.000348 0.012413 0.017080
v -0.000976 0.012255 0.016797
v -0.001194 0.012255 0.016704
v -0.000641 0.012412 0.017029
v -0.000002 0.012498 0.017282
v -0.000358 0.012465 0.017164
v -0.000994 0.012341 0.016848
v -0.001543 0.012160 0.016462
v -0.001694 0.012160 0.016350
v -0.001216 0.012341 0.016752
v -0.000660 0.012465 0.017114
v -0.000371 0.012498 0.017259
v -0.001020 0.012412 0.016914
v -0.001562 0.012255 0.016491
v -0.001713 0.012255 0.016378
v -0.001249 0.012413 0.016817
v -0.000681 0.012498 0.017204
v -0.001050 0.012465 0.016995
v -0.001592 0.012341 0.016535
v -0.002031 0.012160 0.016032
v -0.001747 0.012341 0.016420
v -0.001284 0.012465 0.016895
v -0.001085 0.012498 0.017084
v -0.001632 0.012412 0.016593
v -0.002057 0.012255 0.016051
v -0.001792 0.012412 0.016477
v -0.001324 0.012498 0.016979
v -0.001682 0.012466 0.016663
v -0.002096 0.012341 0.016088
v -0.002403 0.012160 0.015493
v -0.001846 0.012465 0.016540
v -0.001735 0.012498 0.016742
v -0.002149 0.012412 0.016134
v -0.001903 0.012498 0.016616
v -0.002636 0.012160 0.014882
v 0.002715 0.010123 0.014900
v 0.002663 0.010209 0.014888
v 0.002427 0.010209 0.015506
v 0.002699 0.009966 0.015649
v 0.002208 0.009999 0.016190
v 0.002614 0.009999 0.015605
v 0.002280 0.009966 0.016252
v 0.002785 0.010052 0.014919
v 0.002538 0.010052 0.015565
v 0.002475 0.010123 0.015531
v 0.002867 0.009999 0.014940
v 0.002959 0.009966 0.014960
v -0.002646 0.010304 0.014834
v -0.002678 0.010209 0.014842
v -0.002445 0.010304 0.015408
v -0.002730 0.010124 0.014855
v -0.002476 0.010210 0.015422
v -0.002800 0.010052 0.014870
v -0.002121 0.010304 0.015922
v -0.002523 0.010123 0.015447
v -0.002883 0.009999 0.014888
v -0.002148 0.010209 0.015942
v -0.002587 0.010052 0.015476
v -0.002976 0.009966 0.014910
v -0.001694 0.010304 0.016351
v -0.002190 0.010123 0.015976
v -0.002666 0.009999 0.015514
v -0.001543 0.010304 0.016462
v -0.001713 0.010209 0.016377
v -0.002247 0.010052 0.016020
v -0.002751 0.009966 0.015555
v -0.001562 0.010209 0.016491
v -0.001178 0.010304 0.016675
v -0.001747 0.010123 0.016420
v -0.002313 0.009999 0.016074
v -0.001592 0.010123 0.016535
v -0.000964 0.010304 0.016765
v -0.001194 0.010209 0.016705
v -0.001792 0.010052 0.016476
v -0.002387 0.009966 0.016134
v -0.001632 0.010052 0.016594
v -0.000976 0.010209 0.016798
v -0.000607 0.010304 0.016874
v -0.001216 0.010123 0.016752
v -0.001846 0.009999 0.016541
v -0.001682 0.009999 0.016663
v -0.000994 0.010123 0.016849
v -0.000329 0.010304 0.016923
v -0.000614 0.010209 0.016908
v -0.001249 0.010052 0.016818
v -0.001903 0.009966 0.016616
v -0.001735 0.009967 0.016742
v -0.001020 0.010052 0.016914
v -0.000335 0.010209 0.016955
v -0.000003 0.010304 0.016944
v -0.000626 0.010123 0.016961
v -0.001284 0.010000 0.016894
v -0.001050 0.009999 0.016995
v -0.000339 0.010123 0.017010
v -0.000003 0.010209 0.016976
v 0.000325 0.010304 0.016924
v -0.000641 0.010052 0.017029
v -0.001324 0.009966 0.016979
v 0.000600 0.010304 0.016874
v -0.001085 0.009966 0.017084
v -0.000348 0.010052 0.017080
v -0.000003 0.010123 0.017029
v 0.000328 0.010209 0.016957
v -0.000660 0.010000 0.017113
v 0.000609 0.010209 0.016907
v -0.000358 0.009999 0.017164
v -0.000003 0.010052 0.017102
v 0.000336 0.010123 0.017009
v 0.000958 0.010304 0.016767
v -0.000681 0.009966 0.017204
v 0.001175 0.010304 0.016674
v 0.000621 0.010123 0.016961
v -0.000371 0.009966 0.017258
v -0.000003 0.009999 0.017186
v 0.000342 0.010052 0.017081
v 0.000970 0.010209 0.016797
v 0.001188 0.010209 0.016704
v 0.000636 0.010052 0.017028
v -0.000002 0.009966 0.017282
v 0.000354 0.009999 0.017163
v 0.000989 0.010124 0.016847
v 0.001535 0.010304 0.016462
v 0.001687 0.010304 0.016352
v 0.001212 0.010123 0.016752
v 0.000655 0.009999 0.017112
v 0.000364 0.009966 0.017260
v 0.001015 0.010053 0.016915
v 0.001557 0.010209 0.016490
v 0.001709 0.010209 0.016377
v 0.001242 0.010052 0.016819
v 0.000676 0.009966 0.017205
v 0.001045 0.009999 0.016995
v 0.001586 0.010123 0.016535
v 0.002028 0.010304 0.016030
v 0.001741 0.010123 0.016420
v 0.001279 0.010000 0.016894
v 0.001079 0.009966 0.017084
v 0.001628 0.010052 0.016593
v 0.002051 0.010209 0.016052
v 0.001786 0.010052 0.016475
v 0.001321 0.009966 0.016979
v 0.001675 0.009999 0.016664
v 0.002092 0.010123 0.016087
v 0.002399 0.010304 0.015491
v 0.001839 0.009999 0.016541
v 0.001730 0.009967 0.016741
v 0.002144 0.010052 0.016134
v 0.001898 0.009966 0.016615
v 0.002629 0.010304 0.014881
v -0.005165 -0.003586 0.139800
v -0.005718 -0.002684 0.094799
v -0.005169 -0.003586 0.094799
v -0.005712 -0.002684 0.139801
v -0.004469 -0.004379 0.139799
v -0.004472 -0.004380 0.094800
v -0.003645 -0.005040 0.139800
v -0.003649 -0.005039 0.094799
v -0.002718 -0.005547 0.139799
v -0.002722 -0.005547 0.094799
v -0.001718 -0.005886 0.139800
v -0.001722 -0.005885 0.094801
v -0.000674 -0.006044 0.139799
v -0.000677 -0.006044 0.094799
v 0.000378 -0.006020 0.094800
v 0.000380 -0.006020 0.139800
v 0.001413 -0.005813 0.094799
v 0.001417 -0.005814 0.139799
v 0.002396 -0.005430 0.094799
v 0.002400 -0.005430 0.139800
v 0.003297 -0.004882 0.094799
v 0.003302 -0.004883 0.139799
v 0.004092 -0.004184 0.094800
v 0.004096 -0.004184 0.139800
v 0.004755 -0.003361 0.139800
v 0.004751 -0.003362 0.094799
v 0.005258 -0.002436 0.094800
v 0.005263 -0.002435 0.139798
v 0.005603 -0.001435 0.139798
v 0.005597 -0.001435 0.094800
v 0.005756 -0.000391 0.094800
v 0.005762 -0.000391 0.139799
v 0.005738 0.000665 0.139799
v 0.005733 0.000665 0.094799
v 0.005525 0.001700 0.094800
v 0.005531 0.001699 0.139799
v 0.005147 0.002683 0.139800
v 0.005141 0.002684 0.094800
v 0.004599 0.003586 0.139799
v 0.004592 0.003586 0.094800
v 0.003901 0.004379 0.139801
v 0.003896 0.004379 0.094799
v 0.003076 0.005039 0.139799
v 0.003072 0.005039 0.094799
v 0.002151 0.005546 0.139799
v 0.002146 0.005547 0.094800
v 0.001150 0.005885 0.139799
v 0.001147 0.005885 0.094799
v 0.000109 0.006044 0.139799
v 0.000103 0.006044 0.094800
v -0.000952 0.006020 0.094800
v -0.000948 0.006020 0.139799
v -0.001990 0.005813 0.094799
v -0.001983 0.005813 0.139801
v -0.002970 0.005430 0.094800
v -0.002968 0.005430 0.139799
v -0.003869 0.004882 0.139801
v -0.003875 0.004882 0.094800
v -0.004668 0.004183 0.094800
v -0.004662 0.004184 0.139800
v -0.005326 0.003360 0.094799
v -0.005323 0.003361 0.139800
v -0.005830 0.002434 0.139800
v -0.005835 0.002434 0.094800
v -0.006172 0.001434 0.094800
v -0.006167 0.001435 0.139800
v -0.006328 0.000391 0.139801
v -0.006333 0.000390 0.094801
v -0.006307 -0.000665 0.094800
v -0.006304 -0.000665 0.139799
v -0.006097 -0.001700 0.139800
v -0.006101 -0.001700 0.094799
vn -0.1118 0.9937 -0.0000
vn -0.1119 0.9937 0.0001
vn -0.5324 0.8465 0.0000
vn -0.5319 0.8468 0.0001
vn -0.3298 0.9441 0.0000
vn -0.3295 0.9442 0.0000
vn -0.5326 0.8464 0.0002
vn -0.7071 0.7071 0.0000
vn -0.8465 0.5324 0.0001
vn -0.8464 0.5325 0.0001
vn -0.9438 0.3304 0.0000
vn -0.9441 0.3297 -0.0000
vn -0.9936 0.1127 0.0000
vn -0.9937 0.1124 0.0001
vn -0.9936 -0.1127 0.0000
vn -0.9938 -0.1116 0.0000
vn -0.9438 -0.3304 0.0001
vn -0.9438 -0.3305 0.0001
vn -0.8465 -0.5324 0.0000
vn -0.8464 -0.5325 0.0001
vn -0.7070 -0.7072 -0.0000
vn -0.7074 -0.7068 0.0003
vn -0.5323 -0.8466 0.0000
vn -0.5328 -0.8462 0.0001
vn -0.3298 -0.9441 0.0000
vn -0.3295 -0.9442 0.0000
vn -0.1118 -0.9937 0.0000
vn 0.0000 1.0000 0.0000
vn -1.0000 0.0000 0.0001
vn 0.0000 -1.0000 0.0000
vn 0.3659 -0.9307 -0.0000
vn 0.4440 0.8960 -0.0000
vn 0.4436 0.8962 -0.0000
vn 0.5902 0.8072 0.0000
vn 0.5897 0.8076 -0.0001
vn 0.7188 0.6952 -0.0001
vn 0.8266 0.5628 -0.0001
vn 0.8259 0.5638 -0.0001
vn 0.8259 0.5639 -0.0001
vn 0.8261 0.5635 -0.0001
vn 0.9103 0.4139 -0.0001
vn 0.9105 0.4134 -0.0000
vn 0.9106 0.4134 -0.0000
vn 0.9103 0.4140 -0.0001
vn 0.9675 0.2528 -0.0000
vn 0.9674 0.2534 -0.0001
vn 0.9673 0.2537 -0.0001
vn 0.9677 0.2523 -0.0000
vn 0.9963 0.0862 -0.0000
vn 0.9963 0.0863 -0.0000
vn 0.9963 0.0854 -0.0002
vn 0.9963 -0.0857 0.0001
vn 0.9963 -0.0863 -0.0001
vn 0.9963 -0.0860 -0.0002
vn 0.9675 -0.2528 -0.0001
vn 0.9675 -0.2530 -0.0000
vn 0.9675 -0.2531 -0.0000
vn 0.9673 -0.2535 -0.0001
vn 0.9100 -0.4145 -0.0001
vn 0.9103 -0.4139 -0.0001
vn 0.9104 -0.4137 -0.0001
vn 0.9103 -0.4139 -0.0000
vn 0.8266 -0.5628 -0.0001
vn 0.8259 -0.5638 -0.0001
vn 0.8259 -0.5639 -0.0001
vn 0.7188 -0.6952 -0.0001
vn 0.5902 -0.8073 -0.0000
vn 0.5897 -0.8076 -0.0000
vn 0.5902 -0.8073 -0.0001
vn 0.4443 -0.8959 -0.0000
vn 0.4445 -0.8958 -0.0001
vn 0.3660 0.9306 -0.0000
vn -0.0003 0.0000 1.0000
vn -0.0002 0.0001 1.0000
vn -0.0007 -0.0000 1.0000
vn 0.0004 0.0001 1.0000
vn -0.0002 -0.0001 1.0000
vn 0.0008 0.0008 1.0000
vn -0.0001 -0.0005 1.0000
vn -0.0002 0.0002 1.0000
vn -0.0000 0.0004 1.0000
vn -0.0009 0.0004 1.0000
vn 0.0003 0.0001 1.0000
vn 0.0001 -0.0002 1.0000
vn -0.0001 0.0005 1.0000
vn 0.0000 -0.0000 1.0000
vn 0.0008 0.0005 1.0000
vn -0.0001 -0.0004 1.0000
vn -0.0000 0.0003 1.0000
vn 0.0004 -0.0002 1.0000
vn -0.0004 -0.0000 1.0000
vn -0.0000 -0.0002 1.0000
vn -0.0005 -0.0005 1.0000
vn 0.0001 0.0000 1.0000
vn 0.0002 0.0001 1.0000
vn -0.0002 0.0003 1.0000
vn 0.0000 0.0005 1.0000
vn -0.0003 -0.0002 1.0000
vn 0.0001 0.0002 1.0000
vn -0.0002 -0.0002 1.0000
vn 0.0001 -0.0001 1.0000
vn 0.0002 0.0004 1.0000
vn 0.0002 -0.0002 1.0000
vn -0.0003 -0.0005 1.0000
vn -0.0000 0.0002 1.0000
vn 0.0007 -0.0003 1.0000
vn 0.0000 -0.0005 1.0000
vn 0.0001 0.0001 1.0000
vn 0.0003 0.0004 1.0000
vn 0.0002 -0.0000 1.0000
vn 0.0000 -0.0003 1.0000
vn 0.0011 0.0003 1.0000
vn 0.0003 0.0006 1.0000
vn 0.0002 -0.0004 1.0000
vn 0.0002 -0.0003 1.0000
vn 0.0003 -0.0002 1.0000
vn -0.0005 0.0006 1.0000
vn 0.0005 -0.0004 1.0000
vn 0.0000 0.0001 1.0000
vn 0.0001 0.0003 1.0000
vn 0.0004 0.0000 1.0000
vn -0.0002 0.0004 1.0000
vn 0.0006 0.0002 1.0000
vn 0.0002 -0.0006 1.0000
vn -0.0000 -0.0007 1.0000
vn 0.0003 0.0002 1.0000
vn 0.0004 0.0002 1.0000
vn -0.0004 -0.0003 1.0000
vn 0.0006 0.0003 1.0000
vn -0.0003 0.0002 1.0000
vn 0.0004 -0.0005 1.0000
vn 0.0004 0.0003 1.0000
vn 0.0000 -0.0006 1.0000
vn -0.0002 -0.0003 1.0000
vn 0.0001 0.0004 1.0000
vn 0.0006 0.0001 1.0000
vn -0.0001 -0.0001 1.0000
vn -0.0001 0.0001 -1.0000
vn 0.0000 0.0003 -1.0000
vn -0.0003 0.0007 -1.0000
vn -0.0007 0.0001 -1.0000
vn -0.0001 0.0003 -1.0000
vn 0.0001 0.0006 -1.0000
vn 0.0003 0.0006 -1.0000
vn -0.0002 0.0001 -1.0000
vn 0.0000 0.0009 -1.0000
vn -0.0002 -0.0000 -1.0000
vn 0.0003 -0.0001 -1.0000
vn 0.0008 -0.0007 -1.0000
vn 0.0002 -0.0002 -1.0000
vn -0.0003 0.0003 -1.0000
vn -0.0002 -0.0003 -1.0000
vn 0.0001 0.0001 -1.0000
vn -0.0001 0.0000 -1.0000
vn -0.0007 -0.0003 -1.0000
vn -0.0000 0.0000 -1.0000
vn 0.0001 0.0002 -1.0000
vn -0.0000 0.0004 -1.0000
vn -0.0003 -0.0000 -1.0000
vn -0.0004 0.0001 -1.0000
vn 0.0003 -0.0000 -1.0000
vn -0.0000 -0.0001 -1.0000
vn -0.0001 -0.0005 -1.0000
vn -0.0001 -0.0001 -1.0000
vn -0.0002 -0.0001 -1.0000
vn -0.0003 -0.0004 -1.0000
vn 0.0000 0.0001 -1.0000
vn -0.0010 -0.0003 -1.0000
vn -0.0004 -0.0005 -1.0000
vn -0.0005 0.0000 -1.0000
vn -0.0004 0.0009 -1.0000
vn -0.0005 0.0003 -1.0000
vn -0.0004 -0.0002 -1.0000
vn -0.0007 0.0007 -1.0000
vn -0.0003 -0.0002 -1.0000
vn 0.0004 -0.0006 -1.0000
vn -0.0003 -0.0001 -1.0000
vn -0.0004 -0.0003 -1.0000
vn 0.0004 0.0000 -1.0000
vn -0.0006 -0.0003 -1.0000
vn -0.0005 -0.0002 -1.0000
vn 0.0002 -0.0001 -1.0000
vn -0.0006 0.0010 -1.0000
vn -0.0012 0.0000 -1.0000
vn 0.0000 -0.0003 -1.0000
vn 0.0001 0.0005 -1.0000
vn -0.0004 0.0000 -1.0000
vn -0.0003 0.0001 -1.0000
vn -0.0006 0.0003 -1.0000
vn 0.0005 -0.0003 -1.0000
vn -0.0002 0.0003 -1.0000
vn 0.0002 -0.0005 -1.0000
vn -0.0006 0.0002 -1.0000
vn -0.0002 0.0002 -1.0000
vn 0.0004 0.0003 -1.0000
vn -0.0005 -0.0001 -1.0000
vn 0.6614 -0.7500 -0.0000
vn 0.6614 -0.7501 -0.0000
vn 0.6612 -0.7502 -0.0001
vn 0.6613 -0.7501 -0.0000
vn 0.4930 -0.8701 -0.0001
vn 0.4933 -0.8698 -0.0001
vn 0.4934 -0.8698 -0.0000
vn 0.4929 -0.8701 -0.0001
vn 0.3046 -0.9525 -0.0002
vn 0.3053 -0.9522 -0.0000
vn 0.3049 -0.9524 -0.0000
vn 0.3051 -0.9523 -0.0001
vn 0.1021 -0.9948 -0.0001
vn 0.1026 -0.9947 0.0000
vn 0.1022 -0.9948 -0.0001
vn 0.1022 0.9948 -0.0000
vn 0.1024 0.9947 -0.0000
vn 0.3052 0.9523 -0.0000
vn 0.3051 0.9523 0.0000
vn 0.3057 0.9521 -0.0000
vn 0.4932 0.8699 -0.0001
vn 0.4931 0.8700 -0.0000
vn 0.4934 0.8698 -0.0001
vn 0.4929 0.8701 -0.0000
vn 0.6614 0.7501 -0.0001
vn 0.6612 0.7502 -0.0000
vn -0.1115 -0.9938 0.0000
vn -0.1119 -0.9937 -0.0001
vn -0.1112 -0.9938 0.0001
vn -0.3304 -0.9439 -0.0000
vn -0.3297 -0.9441 -0.0000
vn -0.5316 -0.8470 0.0000
vn -0.5318 -0.8468 0.0000
vn -0.7069 -0.7073 0.0001
vn -0.7070 -0.7072 0.0001
vn -0.7077 -0.7065 0.0000
vn -0.8466 -0.5323 0.0001
vn -0.8469 -0.5317 0.0000
vn -0.8466 -0.5322 0.0001
vn -0.9938 -0.1112 0.0001
vn -0.9441 -0.3296 0.0001
vn -0.9440 -0.3298 0.0000
vn -0.9440 -0.3300 -0.0001
vn -0.9937 -0.1118 0.0001
vn -0.9441 0.3297 0.0001
vn -0.9937 0.1118 0.0001
vn -0.9938 0.1113 0.0001
vn -0.8468 0.5319 0.0001
vn -0.9440 0.3299 0.0001
vn -0.7071 0.7071 0.0001
vn -0.8467 0.5321 0.0001
vn -0.5316 0.8470 0.0000
vn -0.7077 0.7065 0.0000
vn -0.3296 0.9441 0.0000
vn -0.3304 0.9439 0.0000
vn -0.1115 0.9938 0.0000
vn 0.6957 -0.7184 -0.0000
vn 0.6953 -0.7187 0.0000
vn 0.6950 -0.7190 -0.0001
vn 0.6949 -0.7191 -0.0001
vn 0.6105 -0.7920 -0.0000
vn 0.6098 -0.7926 -0.0001
vn 0.6097 -0.7926 -0.0001
vn 0.5176 -0.8556 -0.0001
vn 0.5179 -0.8554 -0.0000
vn 0.5175 -0.8557 -0.0001
vn 0.5170 -0.8560 -0.0001
vn 0.4182 -0.9084 -0.0000
vn 0.4185 -0.9082 -0.0001
vn 0.4180 -0.9084 -0.0001
vn 0.4182 0.9084 -0.0000
vn 0.5175 0.8557 -0.0001
vn 0.5179 0.8554 -0.0000
vn 0.5176 0.8556 -0.0001
vn 0.4180 0.9084 -0.0001
vn 0.6102 0.7922 -0.0000
vn 0.6098 0.7926 -0.0001
vn 0.6102 0.7923 -0.0000
vn 0.5169 0.8560 -0.0000
vn 0.6952 0.7188 -0.0001
vn 0.6097 0.7926 -0.0001
vn 0.6957 0.7184 -0.0000
vn -1.0000 0.0000 0.0000
vn 1.0000 0.0000 -0.0001
vn 0.1116 -0.9938 -0.0000
vn 0.5324 -0.8465 -0.0000
vn 0.5326 -0.8463 -0.0000
vn 0.3295 -0.9442 -0.0000
vn 0.3298 -0.9441 -0.0000
vn 0.7080 -0.7062 -0.0000
vn 0.7071 -0.7071 -0.0001
vn 0.8466 -0.5322 -0.0001
vn 0.8465 -0.5324 -0.0000
vn 0.9441 -0.3298 0.0000
vn 0.9438 -0.3304 -0.0001
vn 0.9938 -0.1110 -0.0002
vn 0.9938 -0.1111 -0.0001
vn 0.9937 0.1117 -0.0001
vn 0.9939 0.1107 -0.0001
vn 0.9441 0.3298 -0.0001
vn 0.9438 0.3304 -0.0001
vn 0.8467 0.5320 -0.0001
vn 0.8468 0.5319 -0.0001
vn 0.7075 0.7067 -0.0000
vn 0.7071 0.7072 0.0000
vn 0.5323 0.8466 -0.0001
vn 0.5326 0.8463 -0.0001
vn 0.3300 0.9440 -0.0001
vn 0.3304 0.9438 0.0000
vn 0.1120 0.9937 -0.0000
vn 0.1116 0.9938 -0.0000
vn -0.8856 -0.4644 -0.0055
vn -0.7683 0.6401 0.0002
vn -0.7685 0.6399 0.0003
vn -0.7696 -0.6385 0.0001
vn -0.7698 -0.6382 0.0000
vn -0.7696 -0.6386 0.0001
vn -0.7699 -0.6382 0.0000
vn -0.1206 -0.9927 0.0000
vn -0.1207 -0.9927 0.0000
vn -0.8860 0.4636 0.0060
vn -0.8765 0.4813 0.0007
vn -0.3543 -0.9351 -0.0090
vn -0.9276 -0.3735 0.0001
vn -0.3125 -0.9499 0.0001
vn -0.3135 -0.9496 -0.0000
vn -0.3118 -0.9501 0.0002
vn -0.8775 -0.4795 -0.0001
vn -0.8780 -0.4786 -0.0003
vn -0.8776 -0.4795 0.0001
vn -0.8781 -0.4784 -0.0004
vn -0.3127 -0.9499 0.0000
vn -0.7679 0.6405 -0.0001
vn -0.7680 0.6404 0.0001
vn -0.3130 -0.9498 0.0000
vn -0.7684 0.6400 0.0003
vn -0.7700 -0.6380 -0.0013
vn -0.7483 -0.6633 0.0071
vn -0.3135 -0.9496 0.0001
vn -0.5687 0.8225 -0.0095
vn -0.9659 -0.2588 0.0001
vn -0.9658 -0.2592 0.0001
vn -0.9659 -0.2591 0.0001
vn -0.9658 -0.2593 0.0001
vn -0.9708 -0.2398 0.0043
vn -0.7683 0.6401 -0.0007
vn -0.8778 -0.4790 0.0002
vn -0.8779 -0.4788 0.0001
vn -0.8778 -0.4791 0.0002
vn -0.5682 -0.8228 -0.0096
vn -0.6313 0.7755 0.0001
vn -0.6308 0.7760 -0.0003
vn -0.8778 -0.4791 0.0009
vn -0.3134 -0.9496 0.0001
vn -0.6312 0.7756 -0.0001
vn -0.9275 -0.3738 0.0000
vn -0.8856 -0.4644 0.0054
vn -0.8860 -0.4636 0.0056
vn -0.4723 -0.8814 0.0000
vn -0.4722 -0.8815 0.0002
vn -0.4727 -0.8812 0.0000
vn -0.4721 -0.8816 0.0002
vn -0.9659 -0.2590 0.0001
vn -0.9707 -0.2404 -0.0039
vn -0.7480 0.6637 0.0069
vn -0.6312 0.7756 0.0001
vn -0.6311 0.7757 -0.0000
vn -0.6316 0.7753 0.0001
vn -0.6317 0.7752 0.0001
vn -0.9708 0.2398 0.0046
vn -0.4726 -0.8813 0.0000
vn -0.4721 -0.8815 0.0002
vn -0.9271 0.3749 0.0001
vn -0.4720 -0.8816 0.0002
vn -0.4722 0.8815 0.0001
vn -0.4725 0.8813 -0.0001
vn -0.4723 0.8814 0.0000
vn -0.3543 -0.9351 0.0088
vn -0.9655 0.2603 0.0001
vn -0.9654 0.2609 0.0001
vn -0.9654 0.2608 0.0000
vn -0.8855 0.4646 -0.0057
vn -0.3135 0.9496 -0.0000
vn -0.3125 0.9499 0.0000
vn -0.3131 0.9497 -0.0001
vn -0.3542 0.9351 -0.0089
vn -0.9655 0.2604 0.0001
vn -0.9652 0.2615 0.0000
vn -0.6333 -0.7739 0.0000
vn -0.6325 -0.7745 0.0001
vn -0.6328 -0.7743 0.0000
vn -0.6325 -0.7746 0.0001
vn -0.3126 0.9499 0.0000
vn -0.4715 0.8819 0.0002
vn -0.8762 0.4820 -0.0004
vn -0.7481 -0.6636 -0.0067
vn -0.4719 0.8816 0.0002
vn -0.4724 0.8814 0.0000
vn -0.4717 0.8818 0.0002
vn -0.9654 0.2607 0.0001
vn -0.8759 0.4825 0.0002
vn -0.8761 0.4821 0.0004
vn -0.8762 0.4820 0.0000
vn -0.4718 0.8817 0.0002
vn -0.5685 0.8226 0.0095
vn -0.7696 -0.6386 0.0012
vn -0.9707 0.2404 -0.0044
vn -0.9270 0.3750 0.0002
vn -0.6332 -0.7740 0.0000
vn -0.6324 -0.7747 -0.0001
vn -0.6326 -0.7745 0.0001
vn -0.6325 -0.7746 0.0003
vn -0.8763 0.4817 0.0002
vn -0.3139 0.9495 0.0001
vn -0.3124 0.9500 0.0000
vn -0.3124 0.9499 -0.0001
vn -0.3543 0.9351 0.0090
vn -0.1206 0.9927 0.0000
vn -0.1207 0.9927 0.0000
vn -0.8763 0.4817 -0.0000
vn -0.8764 0.4816 0.0001
vn -0.8762 0.4819 0.0000
vn -0.5680 -0.8229 0.0095
vn -0.4727 -0.8812 0.0060
vn -0.6327 -0.7744 0.0048
vn -0.6320 0.7749 0.0048
vn -0.4721 0.8815 0.0061
vn -0.7703 -0.6377 -0.0003
vn -0.7697 -0.6384 -0.0001
vn -0.7697 -0.6384 -0.0002
vn -0.6316 0.7753 -0.0047
vn -0.7683 0.6401 0.0009
vn -0.4724 0.8813 -0.0060
vn -0.4720 -0.8816 -0.0061
vn -0.7698 -0.6382 -0.0004
vn -0.6329 -0.7742 -0.0049
vn -0.7480 0.6637 -0.0068
vn -0.8761 0.4821 0.0001
vn -0.8774 -0.4798 -0.0009
vn -0.1001 -0.9950 -0.0036
vn -0.1063 -0.9943 -0.0004
vn -0.0977 -0.9952 -0.0049
vn -0.1059 -0.9944 -0.0001
vn -0.1066 -0.9943 -0.0000
vn -0.1069 -0.9943 0.0000
vn -0.1062 -0.9943 0.0003
vn -0.2905 -0.9569 0.0038
vn -0.1073 -0.9942 -0.0001
vn -0.3043 -0.9526 -0.0027
vn -0.1017 -0.9948 0.0028
vn -0.3050 -0.9523 -0.0001
vn -0.3049 -0.9524 -0.0000
vn -0.3051 -0.9523 -0.0001
vn -0.0999 -0.9950 0.0038
vn -0.3048 -0.9524 0.0000
vn -0.3047 -0.9524 0.0001
vn -0.3048 -0.9524 0.0001
vn -0.3047 -0.9525 0.0001
vn -0.4784 -0.8781 -0.0008
vn -0.4729 -0.8811 0.0021
vn -0.4716 -0.8818 0.0029
vn -0.4800 -0.8773 -0.0015
vn -0.4801 -0.8772 0.0000
vn -0.4803 -0.8771 0.0005
vn -0.4802 -0.8772 0.0000
vn -0.3031 -0.9530 0.0004
vn -0.2971 -0.9548 -0.0026
vn -0.3042 -0.9526 0.0010
vn -0.2953 -0.9554 -0.0032
vn -0.4800 -0.8773 0.0001
vn -0.4796 -0.8775 0.0000
vn -0.4798 -0.8774 -0.0001
vn -0.4794 -0.8776 0.0001
vn -0.6373 -0.7706 0.0002
vn -0.6351 -0.7724 0.0017
vn -0.6342 -0.7732 0.0018
vn -0.4800 -0.8773 -0.0002
vn -0.6380 -0.7700 -0.0003
vn -0.6377 -0.7703 0.0001
vn -0.6379 -0.7702 -0.0001
vn -0.6375 -0.7704 0.0001
vn -0.4797 -0.8774 -0.0009
vn -0.4800 -0.8773 -0.0008
vn -0.4802 -0.8772 -0.0007
vn -0.4796 -0.8775 -0.0010
vn -0.6380 -0.7701 -0.0001
vn -0.6376 -0.7703 -0.0001
vn -0.6374 -0.7705 0.0001
vn -0.6378 -0.7702 -0.0002
vn -0.7724 -0.6351 0.0006
vn -0.7725 -0.6350 0.0006
vn -0.7732 -0.6342 0.0008
vn -0.7723 -0.6353 0.0004
vn -0.6431 -0.7658 -0.0023
vn -0.6390 -0.7692 0.0002
vn -0.6375 -0.7704 0.0012
vn -0.6443 -0.7647 -0.0029
vn -0.7723 -0.6352 -0.0001
vn -0.7724 -0.6351 -0.0000
vn -0.7730 -0.6344 0.0002
vn -0.7726 -0.6349 0.0000
vn -0.7733 -0.6341 0.0001
vn -0.7731 -0.6343 -0.0001
vn -0.7730 -0.6345 -0.0002
vn -0.7734 -0.6340 0.0001
vn -0.8814 -0.4724 0.0018
vn -0.8790 -0.4767 -0.0012
vn -0.8796 -0.4757 0.0001
vn -0.8823 -0.4707 0.0020
vn -0.7727 -0.6347 0.0030
vn -0.7836 -0.6213 -0.0047
vn -0.8790 -0.4767 0.0000
vn -0.8787 -0.4773 -0.0002
vn -0.8789 -0.4771 -0.0002
vn -0.9564 -0.2921 0.0026
vn -0.9536 -0.3011 -0.0019
vn -0.9542 -0.2993 -0.0008
vn -0.9570 -0.2901 0.0033
vn -0.8792 -0.4764 0.0043
vn -0.9535 -0.3014 -0.0003
vn -0.9536 -0.3011 0.0000
vn -0.8913 -0.4533 -0.0059
vn -0.9941 -0.1087 0.0009
vn -0.9950 -0.0997 -0.0028
vn -0.9952 -0.0983 -0.0036
vn -0.9942 -0.1078 0.0006
vn -0.9945 -0.1047 0.0000
vn -0.9535 -0.3015 0.0000
vn -0.9534 -0.3016 -0.0001
vn -0.9537 -0.3008 -0.0001
vn -0.9539 -0.3003 0.0006
vn -0.9818 -0.1898 0.0000
vn -0.9636 -0.2671 -0.0079
vn -0.9933 -0.1153 0.0021
vn -0.9911 -0.1333 0.0000
vn -0.9910 -0.1336 -0.0001
vn -0.9936 -0.1129 0.0044
vn -0.9911 -0.1328 0.0002
vn -0.9950 0.0996 -0.0021
vn -0.9947 0.1025 0.0001
vn -0.9952 0.0983 -0.0031
vn -0.9946 0.1036 -0.0001
vn -0.9943 0.1069 0.0007
vn -1.0000 0.0000 -0.0006
vn -0.9934 0.1147 0.0020
vn -0.9911 0.1334 -0.0000
vn -0.9912 0.1323 0.0001
vn -0.9912 0.1325 0.0001
vn -0.9546 0.2979 -0.0004
vn -0.9565 0.2918 0.0025
vn -0.9570 0.2901 0.0028
vn -0.9912 0.1323 0.0002
vn -0.9544 0.2987 -0.0013
vn -0.9821 0.1883 0.0001
vn -0.9936 0.1129 0.0042
vn -0.9543 0.2989 -0.0001
vn -0.9541 0.2994 0.0002
vn -0.9542 0.2993 0.0001
vn -0.9541 0.2996 -0.0001
vn -0.8802 0.4747 0.0002
vn -0.8815 0.4722 0.0016
vn -0.8823 0.4707 0.0020
vn -0.9541 0.2995 0.0004
vn -0.9543 0.2988 -0.0000
vn -0.9544 0.2985 -0.0001
vn -0.9542 0.2993 0.0002
vn -0.8794 0.4762 -0.0009
vn -0.9636 0.2671 -0.0075
vn -0.8797 0.4755 0.0001
vn -0.8794 0.4762 0.0002
vn -0.8797 0.4756 0.0001
vn -0.8795 0.4759 0.0002
vn -0.8797 0.4756 -0.0001
vn -0.8795 0.4758 0.0002
vn -0.7731 0.6343 0.0004
vn -0.7734 0.6339 0.0001
vn -0.7726 0.6349 0.0007
vn -0.7723 0.6353 0.0010
vn -0.8794 0.4760 0.0045
vn -0.8912 0.4535 -0.0063
vn -0.7732 0.6342 0.0000
vn -0.7735 0.6338 -0.0002
vn -0.7732 0.6342 0.0001
vn -0.7730 0.6344 0.0002
vn -0.7731 0.6342 0.0002
vn -0.7730 0.6344 0.0003
vn -0.7732 0.6342 0.0002
vn -0.6352 0.7724 0.0013
vn -0.6378 0.7702 -0.0003
vn -0.6348 0.7726 0.0015
vn -0.6379 0.7701 -0.0004
vn -0.7736 0.6336 0.0030
vn -0.7837 0.6211 -0.0042
vn -0.6386 0.7695 -0.0002
vn -0.6383 0.7698 0.0000
vn -0.6386 0.7695 0.0001
vn -0.6388 0.7694 -0.0003
vn -0.6385 0.7696 0.0002
vn -0.6384 0.7697 0.0003
vn -0.6387 0.7694 0.0001
vn -0.6388 0.7693 0.0000
vn -0.4730 0.8810 0.0022
vn -0.4788 0.8779 -0.0008
vn -0.4716 0.8818 0.0025
vn -0.4805 0.8770 -0.0021
vn -0.6395 0.7688 0.0001
vn -0.6443 0.7647 -0.0026
vn -0.6433 0.7656 -0.0023
vn -0.6381 0.7699 0.0012
vn -0.4800 0.8773 -0.0000
vn -0.4804 0.8770 -0.0001
vn -0.4801 0.8772 0.0001
vn -0.4803 0.8771 0.0000
vn -0.4802 0.8771 0.0000
vn -0.4802 0.8772 0.0001
vn -0.4801 0.8772 -0.0002
vn -0.3054 0.9522 -0.0032
vn -0.2901 0.9570 0.0040
vn -0.4799 0.8773 -0.0006
vn -0.4798 0.8774 -0.0007
vn -0.4800 0.8773 -0.0005
vn -0.4796 0.8775 -0.0009
vn -0.3052 0.9523 -0.0000
vn -0.3053 0.9523 -0.0001
vn -0.3051 0.9523 0.0000
vn -0.3050 0.9524 0.0001
vn -0.3048 0.9524 0.0000
vn -0.3049 0.9524 -0.0000
vn -0.3050 0.9524 -0.0001
vn -0.3047 0.9524 0.0001
vn -0.1063 0.9943 -0.0004
vn -0.1069 0.9943 -0.0000
vn -0.1066 0.9943 -0.0000
vn -0.1001 0.9950 -0.0034
vn -0.0982 0.9952 -0.0047
vn -0.2972 0.9548 -0.0026
vn -0.3033 0.9529 0.0004
vn -0.3045 0.9525 0.0012
vn -0.2953 0.9554 -0.0032
vn -0.1062 0.9943 0.0003
vn -0.1018 0.9948 0.0029
vn -0.1072 0.9942 -0.0001
vn -0.0999 0.9950 0.0038
vn -0.9542 0.2991 0.0060
vn -0.9536 -0.3010 0.0063
vn 0.4343 -0.8476 0.3048
vn 0.7079 -0.2066 0.6755
vn 0.4897 -0.3304 0.8069
vn 0.5061 -0.4170 0.7550
vn 0.6956 -0.2060 0.6882
vn 0.9957 -0.0819 0.0434
vn 0.9932 -0.0531 0.1038
vn 0.5016 -0.7724 0.3895
vn 0.9749 -0.1953 0.1070
vn 0.4910 -0.7431 0.4547
vn 0.8921 -0.2804 0.3542
vn 0.5969 -0.8014 0.0395
vn 0.8800 -0.2799 0.3839
vn 0.5688 -0.8091 0.1476
vn 0.9504 -0.0385 0.3088
vn 0.9597 -0.1766 0.2184
vn 0.5461 -0.6233 0.5597
vn 0.9557 -0.1804 0.2327
vn 0.5299 -0.5953 0.6041
vn 0.9723 -0.0668 0.2240
vn 0.5065 -0.1122 0.8549
vn 0.5015 -0.1093 0.8582
vn 0.5050 -0.1106 0.8560
vn 0.5203 -0.1398 0.8425
vn 0.5197 -0.1398 0.8428
vn 0.5262 -0.1320 0.8401
vn 0.8211 -0.2208 0.5264
vn 0.8341 -0.2202 0.5058
vn 0.5894 -0.7550 0.2874
vn 0.5719 -0.0708 0.8173
vn 0.5722 -0.0706 0.8171
vn 0.5719 -0.0710 0.8172
vn 0.5726 -0.0710 0.8167
vn 0.8658 -0.0323 0.4993
vn 0.5993 -0.7726 0.2095
vn 0.9291 -0.0562 0.3655
vn 0.9189 -0.1514 0.3644
vn 0.9157 -0.1533 0.3715
vn 0.9149 -0.1530 0.3736
vn 0.9198 -0.1501 0.3624
vn 0.5446 -0.3845 0.7454
vn 0.5607 -0.4036 0.7230
vn 0.5832 -0.0499 0.8108
vn 0.5816 -0.0474 0.8121
vn 0.5828 -0.0503 0.8111
vn 0.7308 -0.1415 0.6677
vn 0.6331 -0.6775 0.3744
vn 0.7206 -0.1420 0.6787
vn 0.6190 -0.6551 0.4333
vn 0.8585 -0.0392 0.5114
vn 0.8514 -0.1183 0.5110
vn 0.8520 -0.1179 0.5100
vn 0.8479 -0.1204 0.5164
vn 0.8471 -0.1208 0.5175
vn 0.7080 -0.6988 0.1018
vn 0.7009 -0.7024 0.1239
vn 0.5870 -0.0257 0.8091
vn 0.5869 -0.0270 0.8092
vn 0.5870 -0.0265 0.8092
vn 0.5807 -0.0456 0.8129
vn 0.7433 -0.0248 0.6685
vn 0.7439 -0.0251 0.6679
vn 0.7426 -0.0243 0.6692
vn 0.5857 -0.0267 0.8101
vn 0.7443 -0.0262 0.6674
vn 0.7403 -0.0759 0.6680
vn 0.7410 -0.0757 0.6672
vn 0.7372 -0.0777 0.6712
vn 0.6449 -0.5429 0.5379
vn 0.7369 -0.0779 0.6715
vn 0.5879 -0.0088 0.8089
vn 0.5878 -0.0085 0.8090
vn 0.5876 -0.0082 0.8091
vn 0.6254 -0.5208 0.5811
vn 0.1355 -0.9810 0.1389
vn 0.1803 -0.9833 0.0237
vn 0.1890 -0.9434 0.2725
vn 0.3302 -0.8445 0.4216
vn 0.3536 -0.8328 0.4259
vn 0.3165 -0.8098 0.4940
vn 0.2138 -0.9667 0.1408
vn 0.3296 -0.9002 0.2846
vn 0.7230 -0.6578 0.2111
vn 0.7102 -0.6505 0.2692
vn 0.5042 -0.0080 0.8635
vn 0.4992 -0.0035 0.8665
vn 0.5000 0.0001 0.8660
vn 0.5007 0.0002 0.8656
vn 0.5290 -0.1366 0.8376
vn 0.5238 -0.1318 0.8416
vn 0.8373 -0.5437 0.0573
vn 0.7664 -0.6346 0.0991
vn 0.7769 -0.6265 0.0620
vn 0.7176 -0.5599 0.4142
vn 0.7334 -0.5710 0.3689
vn 0.7950 -0.5642 0.2227
vn 0.7829 -0.5685 0.2528
vn 0.5448 -0.1202 0.8299
vn 0.5456 -0.1121 0.8305
vn 0.5455 -0.1135 0.8304
vn 0.5450 -0.1218 0.8296
vn 0.6026 -0.3358 0.7240
vn 0.6196 -0.3498 0.7026
vn 0.7770 -0.4880 0.3976
vn 0.7897 -0.4865 0.3739
vn 0.7186 -0.4531 0.5276
vn 0.7003 -0.4435 0.5594
vn 0.9135 -0.4027 0.0575
vn 0.8497 -0.5175 0.1011
vn 0.8546 -0.4750 0.2100
vn 0.8429 -0.4748 0.2532
vn 0.7449 -0.3867 0.5436
vn 0.7579 -0.3848 0.5268
vn 0.5879 -0.0086 0.8089
vn 0.2764 -0.9602 0.0412
vn 0.6482 -0.2861 0.7057
vn 0.6633 -0.2910 0.6895
vn 0.5592 -0.1005 0.8229
vn 0.5596 -0.0909 0.8237
vn 0.5594 -0.0921 0.8238
vn 0.5594 -0.1022 0.8226
vn 0.8381 -0.4088 0.3611
vn 0.8243 -0.4060 0.3947
vn 0.6746 -0.2483 0.6952
vn 0.5672 -0.0863 0.8190
vn 0.4032 -0.7062 0.5820
vn 0.6861 -0.2461 0.6846
vn 0.9681 -0.2498 0.0190
vn 0.9251 -0.3478 0.1524
vn 0.4431 -0.8958 0.0345
vn 0.3964 -0.9053 0.1528
vn 0.7792 -0.3210 0.5383
vn 0.7944 -0.3229 0.5145
vn 0.4570 -0.5314 0.7133
vn 0.4446 -0.6473 0.6192
vn 0.9128 -0.3285 0.2424
vn 0.9224 -0.3268 0.2059
vn 0.9224 -0.3268 0.2058
vn 0.4404 -0.8710 0.2180
vn 1.0000 0.0001 -0.0011
vn 1.0000 -0.0002 -0.0000
vn 1.0000 -0.0001 -0.0001
vn 1.0000 0.0001 -0.0001
vn 1.0000 -0.0001 -0.0011
vn 1.0000 0.0002 -0.0000
vn 1.0000 0.0000 -0.0008
vn 1.0000 0.0000 -0.0000
vn 1.0000 0.0001 -0.0006
vn 1.0000 -0.0001 0.0010
vn 1.0000 -0.0000 0.0005
vn 1.0000 0.0002 0.0013
vn 1.0000 -0.0001 -0.0008
vn 1.0000 -0.0001 -0.0006
vn 0.6066 -0.7936 0.0472
vn 0.9938 -0.1114 0.0041
vn 0.9938 -0.1113 0.0041
vn 0.9937 -0.1116 0.0040
vn 0.9938 -0.1111 0.0044
vn 0.9901 -0.1400 -0.0074
vn 0.9937 -0.1119 0.0079
vn 0.9937 -0.1114 0.0089
vn 0.9942 -0.1073 0.0090
vn 0.9513 -0.3066 0.0305
vn 0.4969 -0.8666 0.0462
vn 0.4935 -0.8685 0.0467
vn 0.4973 -0.8663 0.0465
vn 0.6154 -0.7852 0.0690
vn 0.9307 -0.3652 0.0192
vn 0.6180 -0.7811 0.0895
vn 0.6192 -0.7758 0.1217
vn 0.5006 -0.8645 0.0460
vn 0.9944 -0.1056 0.0071
vn 0.9943 -0.1060 0.0079
vn 0.9943 -0.1062 0.0074
vn 0.8875 -0.4605 0.0182
vn 0.9338 -0.3573 0.0166
vn 0.6032 -0.7972 0.0269
vn 0.9438 -0.3299 0.0208
vn 0.1375 -0.9888 0.0587
vn 0.2436 -0.9698 0.0081
vn 0.2434 -0.9699 0.0083
vn 0.2437 -0.9698 0.0082
vn 0.9440 -0.3292 0.0223
vn 0.4013 -0.9092 0.1107
vn 0.8830 -0.4683 0.0309
vn 0.8855 -0.4636 0.0320
vn 0.8867 -0.4612 0.0325
vn 0.4409 -0.8963 0.0471
vn 0.4394 -0.8969 0.0498
vn 0.4398 -0.8969 0.0468
vn 0.8057 -0.5918 0.0254
vn 0.9490 -0.3140 0.0271
vn 0.3730 -0.9275 0.0258
vn 0.8430 -0.5372 0.0280
vn 0.8412 -0.5400 0.0276
vn 0.8452 -0.5336 0.0285
vn 0.8464 -0.5317 0.0287
vn 0.8818 -0.4706 0.0302
vn 0.4390 -0.8975 0.0421
vn 0.3366 -0.9406 0.0442
vn 0.7071 -0.7065 0.0299
vn 0.9971 -0.0760 0.0034
vn 0.8463 -0.5318 0.0317
vn 0.2060 -0.9732 0.1023
vn 0.3780 -0.9245 0.0489
vn 0.3767 -0.9250 0.0492
vn 0.3794 -0.9239 0.0489
vn 0.1957 -0.9787 0.0626
vn 0.8862 -0.4616 0.0388
vn 0.8360 -0.5476 0.0339
vn 0.8349 -0.5494 0.0340
vn 0.8334 -0.5517 0.0336
vn 0.9969 -0.0782 0.0049
vn 0.2022 -0.9749 0.0934
vn 0.8370 -0.5461 0.0340
vn 0.3823 -0.9228 0.0487
vn 0.2063 -0.9708 0.1228
vn 0.9655 -0.2391 0.1027
vn 0.4385 -0.8978 0.0403
vn 0.4512 -0.8906 0.0565
vn 0.4528 -0.8896 0.0601
vn 0.4505 -0.8904 0.0645
vn 0.5618 -0.8223 0.0908
vn 0.4478 -0.8925 0.0549
vn 0.2079 -0.9753 0.0747
vn 0.1121 -0.9831 0.1448
vn 0.3851 -0.9216 0.0485
vn 0.3300 -0.9414 0.0694
vn 0.7985 -0.6008 0.0380
vn 0.7964 -0.6036 0.0377
vn 0.7962 -0.6039 0.0379
vn 0.8382 -0.5442 0.0362
vn 0.6211 -0.7775 0.0982
vn 0.5323 -0.8431 0.0768
vn 0.7999 -0.5982 0.0478
vn 0.4465 -0.8938 0.0411
vn 0.5776 -0.8163 -0.0062
vn 0.5776 -0.8163 -0.0068
vn 0.5780 -0.8160 -0.0070
vn 0.6498 -0.7463 0.1441
vn 0.6688 -0.7197 0.1862
vn 0.7989 -0.6002 0.0381
vn 0.1120 -0.9936 -0.0176
vn 0.3302 -0.9429 0.0428
vn 0.5326 -0.8459 0.0281
vn 0.2106 -0.9767 0.0421
vn 0.1994 -0.9782 0.0572
vn 0.5777 -0.8162 -0.0069
vn 0.5939 -0.8045 -0.0018
vn 0.5954 -0.8027 0.0328
vn 0.7657 -0.6419 0.0402
vn 0.6028 -0.7958 0.0577
vn 0.7726 -0.6329 0.0508
vn 0.7726 -0.6329 0.0504
vn 0.7067 -0.7058 0.0504
vn 0.7363 -0.6759 0.0337
vn 0.4991 -0.8645 0.0601
vn 0.6125 -0.7868 0.0760
vn 0.6165 -0.7816 0.0951
vn 0.5991 -0.7999 0.0361
vn 0.4385 -0.8961 0.0685
vn 0.4386 -0.8961 0.0686
vn 0.4386 -0.8961 0.0683
vn 0.7157 -0.6971 0.0432
vn 0.7156 -0.6972 0.0433
vn 0.4391 -0.8958 0.0693
vn 0.1923 -0.9790 0.0674
vn 0.1921 -0.9792 0.0652
vn 0.1886 -0.9804 0.0563
vn 0.1933 -0.9788 0.0683
vn 0.9942 -0.1069 0.0067
vn 0.9942 -0.1070 0.0064
vn 0.9943 -0.1068 0.0066
vn 0.9942 -0.1071 0.0062
vn 0.2012 -0.9746 0.0984
vn 0.9724 -0.2332 0.0072
vn 0.3810 -0.9223 0.0644
vn 0.3779 -0.9236 0.0644
vn 0.3804 -0.9225 0.0650
vn 0.9956 -0.0913 0.0198
vn 0.2069 -0.9700 0.1275
vn 0.4379 -0.8975 0.0523
vn 0.3838 -0.9212 0.0640
vn 0.4484 -0.8906 0.0763
vn 0.6127 -0.7887 0.0513
vn 0.6575 -0.7472 0.0968
vn 0.6737 -0.7293 0.1194
vn 0.6903 -0.7071 0.1536
vn 0.6470 -0.7616 0.0376
vn 0.4448 -0.8936 0.0606
vn 0.4478 -0.8921 0.0596
vn 0.4448 -0.8936 0.0611
vn 0.6654 -0.7445 -0.0540
vn 0.6486 -0.7610 -0.0146
vn 0.6357 -0.7719 0.0084
vn 0.6342 -0.7715 0.0506
vn 0.4486 -0.8919 0.0568
vn 0.4447 -0.8940 0.0549
vn 0.1969 -0.9783 0.0642
vn 0.4290 -0.9004 0.0728
vn 0.4290 -0.9004 0.0727
vn 0.2431 -0.9699 0.0090
vn 0.6002 -0.7994 0.0267
vn 0.6041 -0.7953 0.0510
vn 1.0000 0.0003 -0.0005
vn 1.0000 0.0003 0.0003
vn 1.0000 0.0006 -0.0005
vn 1.0000 -0.0000 0.0001
vn 1.0000 0.0001 0.0007
vn 1.0000 0.0001 -0.0002
vn 1.0000 -0.0000 -0.0003
vn 1.0000 0.0000 -0.0011
vn 1.0000 0.0000 0.0008
vn 1.0000 -0.0004 -0.0008
vn 1.0000 -0.0006 -0.0005
vn 1.0000 -0.0008 0.0011
vn 1.0000 -0.0001 0.0005
vn -1.0000 0.0000 0.0003
vn -1.0000 -0.0000 -0.0001
vn 1.0000 0.0000 -0.0006
vn -1.0000 0.0000 -0.0003
vn 1.0000 0.0000 0.0002
vn -0.0001 0.0002 1.0000
vn -0.0003 -0.0004 1.0000
vn -0.0002 -0.0004 1.0000
vn 0.0006 0.0006 1.0000
vn 0.0002 0.0002 1.0000
vn -0.0004 0.0004 1.0000
vn 0.0005 -0.0005 1.0000
vn 0.0001 -0.0003 1.0000
vn -0.0000 -0.0004 1.0000
vn -0.0003 0.0001 1.0000
vn 0.0004 -0.0001 1.0000
vn 0.0006 -0.0000 1.0000
vn -0.0002 0.0000 1.0000
vn 0.0013 0.0002 1.0000
vn 0.0009 -0.0002 1.0000
vn -0.0001 -0.0002 1.0000
vn -0.0004 -0.0002 1.0000
vn 0.0011 -0.0001 1.0000
vn 0.0011 0.0000 1.0000
vn 0.0006 -0.0003 1.0000
vn 0.0005 0.0000 1.0000
vn 0.0000 -0.0001 1.0000
vn 0.0003 -0.0008 1.0000
vn -0.0001 -0.0003 1.0000
vn 0.0001 0.0003 -1.0000
vn 0.0001 -0.0002 -1.0000
vn 0.0005 0.0000 -1.0000
vn -0.0006 -0.0006 -1.0000
vn 0.0002 0.0003 -1.0000
vn 0.0002 -0.0000 -1.0000
vn 0.0004 0.0002 -1.0000
vn 0.0001 -0.0000 -1.0000
vn 0.0001 -0.0001 -1.0000
vn 0.0006 -0.0002 -1.0000
vn 0.0005 -0.0002 1.0000
vn 0.0005 0.0005 -1.0000
vn -0.0005 -0.0003 -1.0000
vn 0.0003 0.0000 1.0000
vn -0.0001 -0.0000 1.0000
vn 0.0003 -0.0001 1.0000
vn -0.0003 -0.0001 1.0000
vn -0.0005 0.0000 1.0000
vn 0.0003 -0.0003 1.0000
vn 0.0003 -0.0006 1.0000
vn 0.0004 -0.0002 -1.0000
vn -0.0001 -0.0004 -1.0000
vn 0.0005 -0.0011 -1.0000
vn -0.0001 -0.0003 -1.0000
vn -0.0004 0.0004 -1.0000
vn 0.0002 0.0004 -1.0000
vn 0.0002 0.0001 -1.0000
vn -0.0007 0.0000 -1.0000
vn -0.0002 0.0004 -1.0000
vn -0.0003 -0.0003 -1.0000
vn 0.0004 0.0007 1.0000
vn 0.0001 -0.0004 1.0000
vn -0.0007 0.0004 1.0000
vn 0.0002 0.0002 -1.0000
vn -0.0005 -0.0004 -1.0000
vn -0.0002 -0.0002 -1.0000
vn 0.0002 0.0003 1.0000
vn 0.0005 0.0004 1.0000
vn 0.0004 -0.0003 1.0000
vn -0.0001 0.0001 1.0000
vn 0.0003 -0.0004 1.0000
vn -0.0001 0.0003 1.0000
vn 0.0007 -0.0009 1.0000
vn 0.0001 0.0006 1.0000
vn -0.0001 -0.0002 -1.0000
vn -0.0005 0.0002 -1.0000
vn -0.0000 -0.0002 -1.0000
vn 0.0011 -0.0005 -1.0000
vn 0.0000 0.0005 -1.0000
vn 0.0003 -0.0002 -1.0000
vn 0.0004 -0.0004 -1.0000
vn 0.0000 0.0002 -1.0000
vn 0.0003 0.0001 -1.0000
vn -0.0001 0.0002 -1.0000
vn -0.0007 0.0003 -1.0000
vn -0.0002 -0.0004 -1.0000
vn 0.0004 0.0004 -1.0000
vn 0.0009 0.0007 -1.0000
vn 0.0006 -0.0000 -1.0000
vn 0.0005 0.0002 -1.0000
vn -0.0007 -0.0010 -1.0000
vn 0.0005 -0.0003 1.0000
vn 0.0005 0.0001 1.0000
vn 0.0001 0.0005 1.0000
vn 0.0001 -0.0006 1.0000
vn 0.0002 -0.0001 1.0000
vn 0.0001 -0.0007 1.0000
vn 0.0003 0.0007 1.0000
vn 0.0014 -0.0000 1.0000
vn -1.0000 0.0005 0.0001
vn -1.0000 0.0011 0.0001
vn -0.0004 -1.0000 -0.0000
vn 0.0001 -1.0000 -0.0000
vn 0.6931 -0.7209 -0.0006
vn 0.5882 -0.8087 0.0007
vn 0.0861 0.9963 -0.0000
vn 0.0855 0.9963 0.0000
vn 0.0856 0.9963 0.0000
vn 0.5736 -0.8191 -0.0005
vn 0.4305 -0.9026 0.0002
vn 0.4334 -0.9012 0.0005
vn 0.4256 -0.9049 -0.0002
vn 0.2589 0.9659 0.0001
vn 0.2590 0.9659 0.0001
vn 0.0873 0.9962 -0.0001
vn 0.4227 -0.9063 -0.0003
vn 0.4224 0.9064 -0.0001
vn 0.4235 0.9059 -0.0002
vn 0.5698 0.8218 -0.0002
vn 0.5684 0.8227 0.0001
vn 0.5721 0.8202 -0.0003
vn 0.2617 -0.9651 -0.0000
vn 0.2585 -0.9660 0.0003
vn 0.2600 -0.9656 0.0002
vn 0.2631 -0.9648 -0.0000
vn 0.6952 0.7188 0.0003
vn 0.0873 -0.9962 -0.0000
vn 0.0871 -0.9962 -0.0000
vn 0.0868 -0.9962 0.0000
vn 0.5739 0.8190 -0.0004
vn 0.8088 0.5881 0.0006
vn 0.7075 0.7067 -0.0008
vn 0.9021 0.4315 0.0002
vn 0.9003 0.4352 0.0005
vn 0.9047 0.4261 -0.0001
vn 0.8191 0.5737 -0.0006
vn 0.9638 0.2667 -0.0000
vn 0.9630 0.2694 0.0003
vn 0.9651 0.2618 -0.0002
vn 0.9062 0.4228 -0.0006
vn 0.9905 0.1378 0.0001
vn 0.9658 0.2592 -0.0005
vn 0.9989 0.0458 -0.0001
vn 0.9965 -0.0841 -0.0003
vn 0.9965 -0.0833 -0.0001
vn 0.9963 -0.0859 -0.0002
vn 0.9962 0.0873 -0.0019
vn 0.9674 -0.2534 0.0001
vn 0.9680 -0.2509 0.0003
vn 0.9665 -0.2567 -0.0003
vn 0.9962 -0.0873 -0.0004
vn 0.9101 -0.4144 -0.0000
vn 0.9114 -0.4115 0.0001
vn 0.9078 -0.4194 -0.0003
vn 0.9658 -0.2593 -0.0004
vn 0.8324 -0.5541 0.0005
vn 0.9063 -0.4227 -0.0007
vn 0.7544 -0.6564 0.0003
vn 0.8192 -0.5735 -0.0011
vn 0.7073 -0.7069 -0.0016
vn 0.0004 1.0000 0.0000
vn 0.0001 1.0000 0.0002
vn 0.0002 1.0000 0.0001
vn -0.0002 -0.0006 -1.0000
vn -0.0007 -0.0008 -1.0000
vn -0.0006 -0.0002 -1.0000
vn -0.0002 0.0007 -1.0000
vn -0.0004 -0.0001 -1.0000
vn -0.0002 -0.0005 -1.0000
vn 0.0003 -0.0006 -1.0000
vn -0.0004 0.0003 -1.0000
vn 0.0002 -0.0008 -1.0000
vn 0.0004 0.0007 -1.0000
vn -0.0007 -0.0006 -1.0000
vn 0.0001 -0.0003 -1.0000
vn 0.0002 0.0005 -1.0000
vn 0.0005 0.0007 -1.0000
vn -0.0010 0.0005 -1.0000
vn 0.0008 0.0003 -1.0000
vn 0.0003 0.0005 -1.0000
vn -0.0003 0.0002 -1.0000
vn 0.0005 -0.0001 -1.0000
vn -0.0008 0.0001 -1.0000
vn -0.0005 0.0004 -1.0000
vn 0.0007 -0.0002 -1.0000
vn -0.0007 -0.0001 -1.0000
vn 0.0003 -0.0007 -1.0000
vn -0.0006 0.0008 -1.0000
vn 0.0001 -0.0004 -1.0000
vn 0.0004 -0.0003 -1.0000
vn 0.0000 0.0006 -1.0000
vn -0.4742 -0.8804 0.0000
vn -0.4743 -0.8804 0.0000
vn -0.4747 -0.8802 -0.0000
vn -0.6692 -0.7431 0.0001
vn -0.6697 -0.7426 -0.0000
vn -0.6698 -0.7426 -0.0000
vn -0.8263 -0.5633 -0.0000
vn -0.8267 -0.5627 0.0003
vn -0.8260 -0.5637 0.0001
vn -0.9366 -0.3504 0.0000
vn -0.9365 -0.3507 0.0001
vn -0.9928 -0.1199 0.0000
vn -0.9929 -0.1190 0.0001
vn -0.9928 0.1198 0.0000
vn -0.9928 0.1199 0.0000
vn -0.9365 0.3506 0.0000
vn -0.9364 0.3509 0.0000
vn -0.9366 0.3503 -0.0000
vn -0.9363 0.3511 0.0001
vn -0.8262 0.5634 0.0002
vn -0.8260 0.5637 -0.0000
vn -0.8263 0.5632 0.0001
vn -0.8260 0.5636 0.0000
vn -0.6695 0.7428 0.0000
vn -0.6698 0.7426 0.0001
vn -0.4747 0.8802 0.0000
vn -0.4350 -0.9004 0.0001
vn -0.4352 -0.9003 0.0000
vn -0.5646 -0.8254 0.0001
vn -0.5644 -0.8255 0.0001
vn -0.5644 -0.8255 0.0000
vn -0.6819 -0.7315 0.0000
vn -0.6821 -0.7313 0.0001
vn 0.7072 0.7071 -0.0001
vn 0.7075 0.7068 -0.0000
vn 0.7069 0.7073 -0.0001
vn 0.7078 0.7064 -0.0000
vn -0.6821 0.7313 0.0000
vn -0.6819 0.7315 0.0001
vn -0.5645 0.8254 0.0001
vn -0.5646 0.8254 0.0000
vn -0.5641 0.8257 0.0001
vn -0.4355 0.9002 0.0000
vn -0.4350 0.9004 0.0001
vn 0.0006 0.0002 -1.0000
vn 0.0003 0.0004 -1.0000
vn 0.0006 -0.0009 -1.0000
vn 0.0000 -0.0005 -1.0000
vn -0.0003 0.0005 -1.0000
vn 0.0001 -0.0008 -1.0000
vn -0.0008 -0.0003 -1.0000
vn -0.0008 -0.0006 -1.0000
vn 0.5001 0.0000 0.8660
vn 0.5004 -0.0000 0.8658
vn 0.4999 0.0000 0.8661
vn 0.5000 -0.0000 0.8660
vn 0.4998 -0.0001 0.8662
vn 0.4995 -0.0003 0.8663
vn 0.5017 -0.0001 0.8650
vn 0.5003 -0.0001 0.8659
vn 0.5002 -0.0000 0.8659
vn 0.4996 -0.0000 0.8662
vn 0.5003 0.0000 0.8659
vn 0.0000 0.9991 0.0430
vn 0.0044 0.9984 0.0564
vn 0.0004 0.9990 0.0452
vn 0.0004 0.9984 0.0574
vn 0.0001 0.9982 0.0593
vn 0.0003 0.9969 0.0790
vn 0.0008 0.9964 0.0842
vn 0.0011 0.9963 0.0864
vn -0.0000 0.9971 0.0761
vn 0.0003 0.9958 0.0919
vn 0.0000 0.9957 0.0923
vn -0.0012 0.9944 0.1054
vn -0.0002 0.9944 0.1054
vn 0.0010 0.9927 0.1208
vn 0.0022 0.9926 0.1211
vn 0.0006 0.9914 0.1309
vn 0.0007 0.9929 0.1193
vn 0.0004 0.9911 0.1333
vn 0.0010 0.9863 0.1648
vn 0.0007 0.9861 0.1664
vn -0.0001 0.9854 0.1700
vn -0.0001 0.9890 0.1481
vn -0.0004 0.9851 0.1717
vn -0.0004 0.9689 0.2475
vn -0.0004 0.9675 0.2528
vn -0.0015 0.9689 0.2476
vn 0.0007 0.9789 0.2044
vn 0.0005 0.9789 0.2042
vn 0.0009 0.9787 0.2055
vn 0.0005 0.9790 0.2039
vn 0.0013 0.9684 0.2494
vn -0.0004 0.9727 0.2319
vn 0.0000 0.9665 0.2568
vn 0.0000 0.9990 0.0454
vn -0.0000 0.9990 0.0453
vn 0.0007 0.9990 0.0454
vn -0.0092 0.9989 0.0453
vn 0.0005 -0.9990 0.0454
vn -0.0001 -0.9990 0.0454
vn 0.0000 -0.9990 0.0454
vn 0.0009 -0.9990 0.0454
vn -0.0092 -0.9989 0.0454
vn -0.0005 -0.9666 0.2561
vn -0.0000 -0.9667 0.2561
vn -0.0008 -0.9667 0.2560
vn 0.0001 -0.9665 0.2565
vn -0.0000 -0.9727 0.2319
vn -0.0000 -0.9727 0.2321
vn 0.0000 -0.9728 0.2315
vn 0.0001 -0.9665 0.2566
vn 0.0005 -0.9794 0.2021
vn 0.0012 -0.9802 0.1981
vn 0.0016 -0.9805 0.1965
vn -0.0000 -0.9790 0.2039
vn 0.0018 -0.9886 0.1504
vn 0.0016 -0.9888 0.1494
vn 0.0010 -0.9891 0.1471
vn -0.0009 -0.9851 0.1720
vn 0.0009 -0.9893 0.1456
vn -0.0001 -0.9914 0.1306
vn -0.0004 -0.9929 0.1192
vn -0.0014 -0.9915 0.1301
vn 0.0002 -0.9930 0.1183
vn 0.0018 -0.9945 0.1045
vn 0.0039 -0.9944 0.1054
vn 0.0006 -0.9955 0.0948
vn 0.0015 -0.9943 0.1062
vn 0.0002 -0.9958 0.0911
vn -0.0002 -0.9970 0.0768
vn 0.0018 -0.9983 0.0580
vn 0.0015 -0.9983 0.0591
vn 0.0018 -0.9983 0.0579
vn 0.0015 -0.9982 0.0593
vn 0.0000 -0.9991 0.0426
vn -0.9961 0.0000 -0.0884
vn -0.9961 -0.0006 -0.0884
vn -0.9964 -0.0010 -0.0845
vn -0.9984 0.0008 -0.0557
vn -0.9966 -0.0013 -0.0830
vn -0.9998 0.0013 -0.0181
vn -0.9993 -0.0015 -0.0367
vn -0.9999 -0.0008 0.0126
vn -0.9998 0.0002 0.0189
vn -0.9998 0.0007 0.0219
vn -1.0000 -0.0013 0.0095
vn -0.9984 -0.0005 0.0574
vn -0.9982 0.0001 0.0606
vn -0.9981 0.0004 0.0621
vn -0.9985 -0.0008 0.0556
vn -0.9955 0.0001 0.0943
vn -0.9940 0.0028 0.1096
vn -0.9938 0.0003 0.1110
vn -0.9959 -0.0002 0.0906
vn -0.9935 0.0000 0.1136
vn 0.4996 0.0447 0.8651
vn 0.5002 0.1119 0.8586
vn 0.5011 0.1119 0.8581
vn 0.5011 0.1115 0.8582
vn 0.4973 0.1337 0.8572
vn 0.4755 0.3309 0.8151
vn 0.4764 0.3326 0.8139
vn 0.4806 0.3311 0.8121
vn 0.4804 0.2658 0.8358
vn 0.4274 0.5318 0.7311
vn 0.4273 0.5318 0.7312
vn 0.4469 0.4382 0.7799
vn 0.3576 0.7078 0.6092
vn 0.3880 0.6196 0.6823
vn 0.2690 0.8468 0.4588
vn 0.3236 0.7593 0.5645
vn 0.1660 0.9439 0.2856
vn 0.1835 0.9154 0.3583
vn 0.0562 0.9936 0.0975
vn 0.0562 0.9935 0.0985
vn 0.0556 0.9938 0.0963
vn 0.0560 0.9935 0.0988
vn 0.9112 0.1994 0.3605
vn 0.5807 0.6919 0.4290
vn 0.9070 0.1900 0.3757
vn 0.8173 0.5662 0.1067
vn 0.5594 0.7270 0.3981
vn 0.1352 0.9807 0.1415
vn 0.1400 0.9890 0.0472
vn 0.9082 0.4150 0.0541
vn 0.7433 0.0328 0.6682
vn 0.7429 0.0331 0.6686
vn 0.7444 0.0339 0.6668
vn 0.9936 0.0436 0.1042
vn 0.3062 0.9510 0.0424
vn 0.5875 0.0120 0.8092
vn 0.5873 0.0121 0.8093
vn 0.5879 0.0121 0.8088
vn 0.5877 0.0119 0.8090
vn 0.6311 0.3106 0.7108
vn 0.5464 0.1142 0.8297
vn 0.5429 0.1148 0.8319
vn 0.5425 0.1151 0.8321
vn 0.6259 0.3336 0.7049
vn 0.7441 0.0344 0.6672
vn 0.5506 0.1139 0.8270
vn 0.8424 0.1499 0.5175
vn 0.8413 0.1492 0.5196
vn 0.8453 0.1556 0.5111
vn 0.8458 0.1577 0.5096
vn 0.6015 0.5503 0.5791
vn 0.5850 0.5844 0.5624
vn 0.8999 0.3615 0.2439
vn 0.2424 0.9401 0.2398
vn 0.8994 0.3813 0.2138
vn 0.2368 0.9184 0.3170
vn 0.4098 0.8646 0.2908
vn 0.3685 0.8973 0.2431
vn 0.8735 0.3263 0.3613
vn 0.3329 0.8440 0.4206
vn 0.8700 0.3087 0.3844
vn 0.3902 0.7069 0.5899
vn 0.4400 0.7977 0.4124
vn 0.5849 0.0338 0.8104
vn 0.5819 0.0362 0.8125
vn 0.5825 0.0356 0.8121
vn 0.4718 0.7595 0.4478
vn 0.3253 0.8158 0.4782
vn 0.7341 0.0955 0.6723
vn 0.7365 0.1000 0.6690
vn 0.7368 0.1013 0.6685
vn 0.7334 0.0950 0.6732
vn 0.5857 0.0347 0.8098
vn 0.5275 0.1287 0.8398
vn 0.5273 0.1297 0.8397
vn 0.5357 0.1290 0.8345
vn 0.5356 0.1299 0.8344
vn 0.5904 0.3547 0.7250
vn 0.5812 0.3784 0.7205
vn 0.4453 0.5312 0.7208
vn 0.8248 0.5634 0.0475
vn 0.4957 0.6454 0.5811
vn 0.4331 0.6559 0.6182
vn 0.8187 0.2580 0.5129
vn 0.5199 0.6088 0.5992
vn 0.8141 0.2420 0.5279
vn 0.4811 0.3309 0.8118
vn 0.5149 0.1375 0.8462
vn 0.5140 0.1354 0.8470
vn 0.5175 0.1402 0.8441
vn 0.8274 0.5188 0.2150
vn 0.5413 0.3927 0.7435
vn 0.5039 0.4215 0.7539
vn 0.5271 0.4177 0.7401
vn 0.5185 0.1435 0.8429
vn 0.8329 0.4923 0.2528
vn 0.5225 0.1352 0.8419
vn 0.8164 0.4478 0.3646
vn 0.8166 0.4219 0.3938
vn 0.5931 0.7960 0.1207
vn 0.7052 0.7067 0.0569
vn 0.7279 0.6776 0.1049
vn 0.5807 0.0573 0.8121
vn 0.5751 0.0595 0.8159
vn 0.5759 0.0589 0.8154
vn 0.7211 0.1659 0.6726
vn 0.7171 0.1537 0.6798
vn 0.5816 0.0574 0.8115
vn 0.7359 0.6400 0.2213
vn 0.7497 0.6089 0.2593
vn 0.7750 0.3306 0.5386
vn 0.7770 0.3547 0.5200
vn 0.7433 0.5547 0.3740
vn 0.7498 0.5239 0.4041
vn 0.4577 0.8799 0.1280
vn 0.6008 0.7981 0.0455
vn 0.6964 0.2280 0.6805
vn 0.5728 0.0782 0.8160
vn 0.5672 0.0811 0.8196
vn 0.5673 0.0796 0.8196
vn 0.5735 0.0799 0.8153
vn 0.6938 0.2108 0.6886
vn 0.6309 0.7421 0.2264
vn 0.6541 0.7071 0.2688
vn 0.7258 0.4134 0.5498
vn 0.7228 0.4412 0.5319
vn 0.5019 0.1119 0.8576
vn 0.6721 0.6125 0.4161
vn 0.9615 0.2604 0.0874
vn 0.9883 0.1334 0.0742
vn 0.9858 0.0799 0.1478
vn 0.9492 0.0600 0.3088
vn 0.6581 0.6471 0.3850
vn 0.3023 0.9433 0.1370
vn 0.9719 0.0847 0.2198
vn 0.8642 0.0487 0.5008
vn 0.8605 0.0511 0.5068
vn 0.8653 0.0476 0.4990
vn 0.4643 0.8847 0.0430
vn 0.9296 0.0707 0.3616
vn 0.6649 0.2639 0.6988
vn 0.6636 0.2840 0.6921
vn 0.5610 0.0948 0.8224
vn 0.5556 0.0986 0.8256
vn 0.5567 0.0961 0.8251
vn 0.9028 0.4192 0.0962
vn 0.5629 0.0976 0.8207
vn 0.6691 0.4848 0.5633
vn 0.9650 0.2550 0.0606
vn 0.6594 0.5171 0.5457
vn 0.8589 0.0516 0.5095
vn 0.9480 0.2336 0.2162
vn 0.5101 0.8278 0.2337
vn 0.9461 0.2232 0.2348
vn 0.5420 0.7935 0.2768
vn 0.4985 -0.0813 0.8631
vn 0.4833 -0.2428 0.8411
vn 0.4997 -0.1118 0.8590
vn 0.4569 -0.3994 0.7948
vn 0.4253 -0.5339 0.7308
vn 0.4251 -0.5350 0.7301
vn 0.4254 -0.5329 0.7315
vn 0.4754 -0.3313 0.8150
vn 0.3777 -0.6525 0.6570
vn 0.4255 -0.5321 0.7320
vn 0.2952 -0.7973 0.5264
vn 0.3579 -0.7074 0.6095
vn 0.1819 -0.9271 0.3276
vn 0.2704 -0.8470 0.4576
vn 0.0934 -0.9816 0.1664
vn 0.1687 -0.9439 0.2838
vn 0.0311 -0.9981 0.0540
vn 0.0642 -0.9936 0.0928
vn 0.9937 0.1124 0.0017
vn 0.9437 0.3307 0.0012
vn 0.9762 0.2168 -0.0018
vn 0.8463 0.5327 0.0010
vn 0.8909 0.4542 -0.0016
vn 0.7067 0.7075 0.0009
vn 0.7544 0.6564 -0.0014
vn 0.5319 0.8468 0.0008
vn 0.5737 0.8191 -0.0012
vn 0.3303 0.9439 0.0004
vn 0.3545 0.9350 0.0075
vn 0.3536 0.9354 0.0050
vn 0.3587 0.9334 -0.0009
vn 0.1189 0.9929 -0.0002
vn 0.1159 0.9933 0.0002
vn 0.1226 0.9925 0.0014
vn 0.7330 0.6772 0.0642
vn 0.1216 0.9926 0.0024
vn 0.8789 0.4760 0.0299
vn 0.8906 0.4541 0.0257
vn 0.5545 0.8307 0.0490
vn 0.7542 0.6562 0.0233
vn 0.8136 0.5814 0.0046
vn 0.8133 0.5818 0.0051
vn 0.8137 0.5812 0.0083
vn 0.8144 0.5799 0.0225
vn 0.8132 0.5819 0.0038
vn 0.5739 0.8187 0.0177
vn 0.6346 0.7728 0.0032
vn 0.6343 0.7728 0.0207
vn 0.1369 0.9906 -0.0004
vn 0.1367 0.9906 0.0066
vn 0.1354 0.9908 0.0073
vn 0.1176 0.9930 0.0109
vn 0.3469 0.9378 0.0148
vn 0.3594 0.9331 0.0105
vn 0.3992 0.9164 0.0283
vn 0.3995 0.9167 0.0009
vn 0.1357 0.9907 -0.0011
vn 0.1099 0.9869 0.1181
vn 0.4450 0.6994 0.5594
vn 0.2972 0.8795 0.3718
vn 0.1480 0.9833 0.1059
vn 0.3388 0.9332 0.1196
vn 0.3837 0.9124 0.1422
vn 0.5478 0.8279 0.1203
vn 0.5300 0.8402 0.1147
vn 0.6118 0.6133 0.4997
vn 0.3624 0.8639 0.3498
vn 0.3623 0.8639 0.3498
vn 0.3825 0.7710 0.5092
vn 0.7642 0.6387 0.0893
vn 0.7637 0.6393 0.0894
vn 0.7639 0.6392 0.0894
vn 0.7677 0.6221 0.1537
vn 0.7297 0.6758 0.1044
vn 0.6660 0.7339 0.1336
vn 0.6627 0.7428 0.0956
vn 0.3933 0.8697 0.2983
vn 0.5323 0.7687 0.3546
vn 0.5420 0.7158 0.4402
vn 0.7513 0.5579 0.3525
vn 0.8691 0.3670 0.3315
vn 0.7949 0.5511 0.2538
vn 0.6878 0.5822 0.4336
vn 0.8005 0.5503 0.2376
vn 0.6756 0.6733 0.3004
vn 0.5392 0.8041 0.2504
vn 0.6987 0.0461 0.7139
vn 0.6887 0.1904 0.6996
vn 0.6997 0.1731 0.6932
vn 0.9938 0.0689 0.0872
vn 0.9547 0.1577 0.2525
vn 0.9526 0.1666 0.2547
vn 0.9547 0.1567 0.2531
vn 0.9780 0.1093 0.1776
vn 0.9778 0.1128 0.1768
vn 0.9781 0.1094 0.1773
vn 0.9519 0.1673 0.2567
vn 0.8901 0.1912 0.4137
vn 0.8957 0.1772 0.4078
vn 0.8640 0.0694 0.4987
vn 0.8104 0.0325 0.5850
vn 0.8050 0.1540 0.5729
vn 0.8115 0.1421 0.5668
vn 0.9942 0.0442 0.0980
vn 0.9939 0.0435 0.1011
vn 0.9942 0.0441 0.0979
vn 0.9939 0.0426 0.1014
vn 0.9546 0.1238 0.2710
vn 0.9549 0.1237 0.2701
vn 0.9567 0.1173 0.2664
vn 0.9568 0.1165 0.2663
vn 0.9500 0.0446 0.3092
vn 0.8985 0.0246 0.4384
vn 0.8985 0.0245 0.4383
vn 0.8955 0.1153 0.4300
vn 0.8959 0.1151 0.4291
vn 0.8988 0.1082 0.4248
vn 0.8992 0.1069 0.4244
vn 0.8682 0.4023 0.2903
vn 0.9945 0.0049 0.1047
vn 0.9945 0.0085 0.1042
vn 0.9945 0.0086 0.1044
vn 0.9944 0.0089 0.1049
vn 0.9945 0.0269 0.1016
vn 0.9943 0.0257 0.1034
vn 0.9944 0.0259 0.1021
vn 0.9942 0.0262 0.1039
vn 0.9583 0.0250 0.2846
vn 0.9569 0.0748 0.2806
vn 0.9570 0.0739 0.2804
vn 0.9581 0.0707 0.2776
vn 0.9584 0.0704 0.2766
vn 0.5873 0.0391 0.8084
vn 0.5108 0.5485 0.6619
vn 0.4444 0.6278 0.6390
vn 0.6086 0.5269 0.5933
vn 0.6518 0.5223 0.5500
vn 0.5480 0.3868 0.7417
vn 0.5036 0.4829 0.7164
vn 0.7542 0.4545 0.4739
vn 0.7824 0.4073 0.4711
vn 0.9034 0.2778 0.3265
vn 0.6548 0.4198 0.6285
vn 0.6732 0.3826 0.6328
vn 0.5675 0.2345 0.7893
vn 0.5309 0.3635 0.7656
vn 0.8837 0.2522 0.3942
vn 0.8826 0.2570 0.3937
vn 0.8827 0.2548 0.3949
vn 0.7827 0.3436 0.5190
vn 0.7943 0.3164 0.5186
vn 0.6896 0.2845 0.6660
vn 0.6730 0.3143 0.6695
vn 0.5714 0.1200 0.8118
vn 0.5642 0.0990 0.8197
vn 0.5551 0.2197 0.8023
vn 0.9777 0.1081 0.1802
vn 0.9515 0.2091 0.2256
vn 0.8900 0.2385 0.3886
vn 0.8837 0.2569 0.3912
vn 0.7939 0.2568 0.5512
vn 0.8051 0.2342 0.5450
vn 0.7408 0.0860 0.6662
vn 0.9944 -0.0088 0.1052
vn 0.9945 -0.0002 0.1044
vn 0.9513 -0.0000 0.3082
vn 0.9512 -0.0000 0.3086
vn 0.9510 -0.0000 0.3091
vn 0.9512 0.0000 0.3085
vn 0.8661 -0.0000 0.4998
vn 0.8662 -0.0000 0.4998
vn 0.7433 -0.0000 0.6689
vn 0.7437 -0.0000 0.6685
vn 0.7433 0.0000 0.6690
vn 0.5877 -0.0000 0.8091
vn 0.5877 0.0000 0.8090
vn 0.5880 0.0000 0.8088
vn 0.7889 -0.2682 0.5529
vn 0.6115 -0.5713 0.5475
vn 0.6650 -0.4512 0.5952
vn 0.6416 -0.5204 0.5635
vn 0.6407 -0.4424 0.6275
vn 0.9940 -0.0460 0.0990
vn 0.9941 -0.0464 0.0979
vn 0.9941 -0.0446 0.0986
vn 0.9944 -0.0271 0.1024
vn 0.9945 -0.0279 0.1007
vn 0.9944 -0.0273 0.1022
vn 0.9568 -0.0782 0.2800
vn 0.9579 -0.0796 0.2759
vn 0.9564 -0.0787 0.2812
vn 0.9582 -0.0806 0.2745
vn 0.8942 -0.2046 0.3982
vn 0.8942 -0.2046 0.3983
vn 0.8867 -0.2020 0.4158
vn 0.7551 -0.4708 0.4562
vn 0.8680 -0.3428 0.3593
vn 0.7741 -0.4323 0.4625
vn 0.7732 -0.3662 0.5178
vn 0.7894 -0.3697 0.4900
vn 0.9923 -0.0829 0.0915
vn 0.9539 -0.1521 0.2589
vn 0.9943 -0.0450 0.0966
vn 0.9564 -0.1328 0.2601
vn 0.9560 -0.1326 0.2618
vn 0.9539 -0.1322 0.2696
vn 0.9535 -0.1329 0.2704
vn 0.9446 -0.2426 0.2211
vn 0.9430 -0.2464 0.2238
vn 0.9436 -0.2456 0.2221
vn 0.9393 -0.2388 0.2463
vn 0.9585 -0.1633 0.2337
vn 0.8786 -0.3410 0.3344
vn 0.8869 -0.2771 0.3696
vn 0.8785 -0.2762 0.3897
vn 0.9945 -0.0089 0.1040
vn 0.4437 -0.6162 0.6507
vn 0.5847 -0.0968 0.8054
vn 0.5649 -0.0740 0.8218
vn 0.7405 -0.0893 0.6661
vn 0.6980 -0.0531 0.7142
vn 0.5483 -0.2224 0.8062
vn 0.5486 -0.3557 0.7566
vn 0.5644 -0.2365 0.7909
vn 0.8640 -0.0709 0.4984
vn 0.8098 -0.0383 0.5854
vn 0.6862 -0.1936 0.7012
vn 0.6981 -0.2029 0.6867
vn 0.5199 -0.4818 0.7054
vn 0.5192 -0.3990 0.7558
vn 0.9502 -0.0453 0.3084
vn 0.8981 -0.0292 0.4389
vn 0.8102 -0.1660 0.5622
vn 0.8024 -0.1597 0.5751
vn 0.6650 -0.3252 0.6724
vn 0.6856 -0.3354 0.6461
vn 0.9944 -0.0274 0.1024
vn 0.9583 -0.0277 0.2845
vn 0.9945 -0.0092 0.1040
vn 0.4846 -0.6280 0.6089
vn 0.4854 -0.5362 0.6905
vn 0.8986 -0.1240 0.4209
vn 0.8980 -0.1243 0.4220
vn 0.8946 -0.1209 0.4301
vn 0.8943 -0.1200 0.4312
vn 0.8021 -0.2735 0.5309
vn 0.1131 -0.9899 0.0859
vn 0.1134 -0.9898 0.0860
vn 0.1120 -0.9900 0.0853
vn 0.3406 -0.7788 0.5267
vn 0.3225 -0.8809 0.3464
vn 0.4402 -0.7624 0.4744
vn 0.6055 -0.6838 0.4071
vn 0.7543 -0.5275 0.3909
vn 0.4968 -0.7272 0.4737
vn 0.6318 -0.7005 0.3317
vn 0.2113 -0.9563 0.2020
vn 0.2075 -0.9377 0.2787
vn 0.1130 -0.9900 0.0847
vn 0.8532 -0.4656 0.2350
vn 0.8064 -0.5745 0.1406
vn 0.8631 -0.4478 0.2335
vn 0.7580 -0.5656 0.3248
vn 0.3400 -0.9343 0.1075
vn 0.4723 -0.8429 0.2577
vn 0.3724 -0.8789 0.2982
vn 0.3662 -0.9223 0.1235
vn 0.5478 -0.8291 0.1119
vn 0.5144 -0.8518 0.0991
vn 0.5204 -0.8135 0.2598
vn 0.6159 -0.7579 0.2152
vn 0.7302 -0.6760 0.0991
vn 0.7570 -0.6478 0.0852
vn 0.7412 -0.6504 0.1659
vn 0.7607 -0.6280 0.1643
vn 0.6506 -0.7545 0.0857
vn 0.6547 -0.7248 0.2146
vn 0.1121 -0.9937 0.0001
vn 0.1129 -0.9936 0.0014
vn 0.1189 -0.9929 -0.0003
vn 0.3311 -0.9436 0.0004
vn 0.1246 -0.9922 0.0026
vn 0.5316 -0.8470 0.0007
vn 0.3571 -0.9341 0.0011
vn 0.3570 -0.9341 0.0017
vn 0.3588 -0.9334 -0.0008
vn 0.7067 -0.7075 0.0009
vn 0.5742 -0.8187 -0.0012
vn 0.8465 -0.5324 0.0011
vn 0.7548 -0.6559 -0.0012
vn 0.7546 -0.6562 -0.0013
vn 0.7541 -0.6568 -0.0014
vn 0.9439 -0.3301 0.0012
vn 0.8920 -0.4521 -0.0031
vn 0.8917 -0.4526 -0.0053
vn 0.8909 -0.4542 -0.0016
vn 0.9937 -0.1117 0.0016
vn 0.9943 -0.1069 0.0016
vn 0.9937 -0.1118 0.0023
vn 0.9763 -0.2165 -0.0018
vn 0.7330 -0.6772 0.0642
vn 0.1108 -0.9938 0.0054
vn 0.1175 -0.9931 0.0047
vn 0.1089 -0.9940 0.0040
vn 0.3594 -0.9332 0.0031
vn 0.1180 -0.9930 0.0044
vn 0.3473 -0.9376 0.0146
vn 0.3194 -0.9474 0.0185
vn 0.3178 -0.9480 0.0176
vn 0.3189 -0.9477 0.0153
vn 0.3196 -0.9474 0.0148
vn 0.7543 -0.6565 -0.0006
vn 0.5737 -0.8188 0.0195
vn 0.5556 -0.8311 0.0240
vn 0.5131 -0.8583 0.0054
vn 0.5122 -0.8584 0.0301
vn 0.8910 -0.4539 -0.0063
vn 0.8257 -0.5624 0.0437
vn 0.8227 -0.5682 0.0177
vn 0.6822 -0.7300 0.0403
vn 0.6822 -0.7301 0.0401
vn 0.6822 -0.7302 0.0365
vn 0.6824 -0.7301 0.0359
vn 0.1049 -0.9935 0.0449
vn 0.3130 -0.9489 0.0411
vn 0.3130 -0.9488 0.0412
vn 0.0751 -0.9961 0.0460
vn 0.5042 -0.8629 0.0351
vn 0.2211 -0.9742 0.0461
vn 0.6748 -0.7374 0.0288
vn 0.3934 -0.9183 0.0437
vn 0.8145 -0.5798 0.0214
vn 0.5766 -0.8161 0.0385
vn 0.9154 -0.4024 0.0131
vn 0.7367 -0.6755 0.0315
vn 0.9779 -0.2091 0.0045
vn 0.8628 -0.5050 0.0232
vn 0.9500 -0.3121 0.0139
vn 0.9944 -0.1055 0.0015
vn 0.4638 -0.8580 0.2208
vn 0.5401 -0.8157 0.2074
vn 0.6877 -0.7077 0.1621
vn 0.6874 -0.7079 0.1622
vn 0.6874 -0.7079 0.1626
vn 0.5879 -0.7850 0.1954
vn 0.5389 -0.8231 0.1789
vn 0.9539 -0.1861 0.2356
vn 0.8559 -0.5046 0.1136
vn 0.9065 -0.4191 0.0506
vn 0.6879 -0.7077 0.1612
vn 0.6997 -0.6980 0.1520
vn 0.6870 -0.7123 0.1437
vn 0.6870 -0.7124 0.1436
vn 0.2196 -0.9539 0.2047
vn 0.2214 -0.9542 0.2013
vn 0.2213 -0.9537 0.2037
vn 0.4275 -0.8838 0.1903
vn 0.5427 -0.8276 0.1434
vn 0.5423 -0.8276 0.1450
vn 0.5423 -0.8275 0.1452
vn 0.5900 -0.8006 0.1043
vn 0.2184 -0.9541 0.2051
vn 0.6230 -0.7625 0.1745
vn 0.6228 -0.7681 0.1488
vn 0.2363 -0.9335 0.2696
vn 0.3452 -0.9116 0.2234
vn 0.5912 -0.7782 0.2117
vn 0.5888 -0.7804 0.2104
vn 0.5977 -0.7724 0.2150
vn 0.4624 -0.8642 0.1986
vn 0.5989 -0.7713 0.2151
vn 0.2182 -0.9466 0.2372
vn 0.0035 -0.8876 0.4605
vn 0.0033 -0.8877 0.4605
vn 0.1099 -0.9590 0.2613
vn 0.1097 -0.9591 0.2611
vn 0.1093 -0.9579 0.2654
vn 0.1094 -0.9583 0.2641
vn 0.1093 -0.9573 0.2678
vn 0.3159 -0.9162 0.2466
vn 0.3162 -0.9144 0.2527
vn 0.3166 -0.9147 0.2513
vn 0.5075 -0.8343 0.2152
vn 0.5082 -0.8329 0.2190
vn 0.5091 -0.8335 0.2145
vn 0.3152 -0.9168 0.2452
vn 0.3155 -0.9165 0.2460
vn 0.3138 -0.9175 0.2444
vn 0.3144 -0.9179 0.2421
vn 0.6769 -0.7132 0.1819
vn 0.6771 -0.7128 0.1828
vn 0.6770 -0.7132 0.1819
vn 0.5077 -0.8347 0.2135
vn 0.5073 -0.8358 0.2099
vn 0.5067 -0.8352 0.2137
vn 0.6770 -0.7133 0.1811
vn 0.8167 -0.5705 0.0865
vn 0.6882 -0.6899 0.2246
vn 0.9082 -0.4122 -0.0729
vn 0.9082 -0.4120 -0.0731
vn 0.9142 -0.1339 0.3826
vn 0.8404 -0.4297 0.3302
vn 0.3575 -0.9217 0.1508
vn 0.5774 -0.8018 0.1538
vn 0.1199 -0.9756 0.1838
vn 0.1242 -0.9736 0.1913
vn 0.1224 -0.9751 0.1849
vn 0.2021 -0.9558 0.2136
vn 0.4429 -0.8752 0.1946
vn 0.4289 -0.8783 0.2114
vn 0.7571 -0.6463 0.0949
vn 0.7562 -0.6475 0.0940
vn 0.7556 -0.6483 0.0936
vn 0.8798 -0.4706 -0.0661
vn 0.6233 -0.7720 0.1247
vn 0.5430 -0.8269 0.1463
vn 0.6250 -0.7661 0.1497
vn 0.8838 -0.4658 0.0434
vn 0.8186 -0.5653 0.1016
vn 0.6587 -0.7430 0.1187
vn 0.1657 -0.9549 0.2462
vn 0.1016 -0.9562 0.2745
vn 0.5048 -0.8395 0.2008
vn 0.3140 -0.9141 0.2566
vn 0.3678 -0.9048 0.2147
vn 0.3439 -0.9180 0.1976
vn 0.8916 -0.4520 0.0263
vn 0.1209 -0.9735 0.1939
vn 0.8253 -0.5615 0.0603
vn 0.8235 -0.5650 0.0512
vn 0.8239 -0.5645 0.0498
vn 0.7338 -0.6746 0.0801
vn 0.7321 -0.6759 0.0850
vn 0.7322 -0.6756 0.0860
vn 0.8259 -0.5606 0.0608
vn 0.7569 -0.6476 0.0883
vn 0.5561 -0.8230 0.1155
vn 0.5569 -0.8229 0.1127
vn 0.5570 -0.8228 0.1132
vn 0.6823 -0.7256 0.0891
vn 0.6840 -0.7238 0.0910
vn 0.6824 -0.7255 0.0888
vn 0.6833 -0.7250 0.0861
vn 0.5751 -0.8074 0.1314
vn 0.3462 -0.9270 0.1446
vn 0.5134 -0.8478 0.1326
vn 0.5120 -0.8508 0.1181
vn 0.3598 -0.9179 0.1673
vn 0.1151 -0.9795 0.1653
vn 0.1181 -0.9791 0.1654
vn 0.1104 -0.9801 0.1649
vn 0.1073 -0.9805 0.1649
vn 0.1094 -0.9749 0.1937
vn 0.3170 -0.9373 0.1449
vn 0.3190 -0.9329 0.1670
vn -0.0126 -0.9989 0.0455
vn -0.2747 -0.9605 0.0439
vn -0.1100 -0.9929 0.0447
vn -0.1099 -0.9929 0.0447
vn -0.1117 -0.9927 0.0448
vn -0.4469 -0.8936 0.0413
vn -0.3337 -0.9418 0.0419
vn -0.6172 -0.7859 0.0364
vn -0.5495 -0.8347 0.0370
vn -0.8768 -0.4804 0.0217
vn -0.8752 -0.4833 0.0219
vn -0.8790 -0.4764 0.0213
vn -0.7612 -0.6478 0.0297
vn -0.7378 -0.6744 0.0300
vn -0.9545 -0.2978 0.0140
vn -0.8801 -0.4743 0.0212
vn -0.9952 -0.0982 0.0049
vn -0.9948 -0.1013 0.0048
vn -0.9956 -0.0932 0.0043
vn -0.9618 -0.2734 0.0123
vn -0.9959 -0.0908 0.0042
vn 0.7351 -0.6722 0.0883
vn 0.7563 -0.6358 0.1538
vn 0.5560 -0.8237 0.1116
vn 0.5960 -0.7958 -0.1073
vn 0.6720 -0.7314 0.1161
vn 0.3454 -0.9297 0.1282
vn 0.4487 -0.8841 0.1307
vn 0.1168 -0.9832 0.1400
vn 0.0972 -0.9853 0.1405
vn 0.0971 -0.9853 0.1409
vn 0.0944 -0.9850 0.1442
vn 0.0946 -0.9860 0.1370
vn 0.2773 -0.9504 0.1407
vn 0.2743 -0.9418 0.1943
vn 0.7839 -0.5611 0.2658
vn 0.8874 -0.4287 0.1698
vn 0.8045 -0.5805 0.1259
vn 0.7523 -0.6329 0.1827
vn 0.6627 -0.7327 0.1551
vn 0.6493 -0.7197 0.2459
vn 0.6028 -0.7843 0.1466
vn 0.3523 -0.9177 0.1839
vn 0.3483 -0.9207 0.1760
vn 0.3483 -0.9199 0.1801
vn 0.5714 -0.8004 0.1814
vn 0.2030 -0.9673 0.1521
vn 0.4482 -0.8817 0.1475
vn 0.4953 -0.8545 0.1567
vn 0.4872 -0.8457 0.2177
vn 0.1188 -0.9824 0.1441
vn 0.1168 -0.9828 0.1429
vn 0.1158 -0.9835 0.1391
vn 0.1037 -0.9853 0.1358
vn 0.3057 -0.9382 0.1622
vn 0.3314 -0.9311 -0.1521
vn -0.2602 -0.9459 0.1939
vn -0.6949 -0.6733 0.2526
vn -0.6949 -0.6733 0.2527
vn -0.5277 -0.8242 0.2053
vn -0.6579 -0.7234 0.2093
vn -0.6682 -0.7173 0.1972
vn -0.4644 -0.8574 0.2219
vn -0.4627 -0.8582 0.2223
vn -0.4692 -0.8555 0.2192
vn -0.4738 -0.8535 0.2169
vn -0.4767 -0.8629 0.1679
vn -0.3291 -0.9213 0.2072
vn -0.4286 -0.8706 0.2415
vn -0.1027 -0.9416 0.3206
vn -0.1772 -0.9568 0.2305
vn -0.3978 -0.8913 0.2178
vn -0.6966 -0.6786 0.2329
vn -0.5298 -0.8320 0.1646
vn -0.5297 -0.8321 0.1646
vn -0.5296 -0.8320 0.1651
vn -0.8280 -0.5082 0.2371
vn -0.8662 -0.4948 0.0694
vn -0.8411 -0.5256 0.1276
vn -0.7871 -0.5970 0.1555
vn -0.8554 -0.4990 0.1387
vn -0.7616 -0.5910 0.2660
vn -0.8269 -0.5052 0.2470
vn -0.6964 -0.6816 0.2245
vn -0.6908 -0.6705 0.2708
vn -0.5284 -0.8305 0.1761
vn -0.8422 -0.5023 0.1961
vn -0.8863 -0.2956 0.3566
vn -0.8863 -0.2956 0.3565
vn -0.8863 -0.2955 0.3567
vn -0.7226 -0.6453 0.2480
vn -0.8228 -0.5458 0.1585
vn -0.3106 -0.8767 0.3672
vn -0.8310 -0.4906 0.2623
vn -0.8030 -0.5101 0.3083
vn -0.6931 -0.6775 0.2463
vn -0.5074 -0.7816 0.3628
vn -0.5083 -0.7848 0.3546
vn -0.5061 -0.7831 0.3615
vn -0.7821 -0.5881 0.2061
vn -0.5850 -0.7693 0.2570
vn -0.7074 -0.6538 0.2687
vn -0.8185 -0.4845 0.3088
vn -0.7977 -0.6030 0.0020
vn -0.7991 -0.6011 0.0066
vn -0.7978 -0.6029 0.0024
vn -0.7998 -0.6000 -0.0177
vn -0.5073 -0.8618 0.0009
vn -0.5071 -0.8619 0.0012
vn -0.5086 -0.8610 -0.0014
vn -0.8034 -0.5954 0.0050
vn -0.5071 -0.8619 0.0019
vn -0.8110 -0.5844 0.0276
vn -0.5318 -0.8453 0.0506
vn -0.5157 -0.8508 -0.1011
vn -0.7951 -0.6011 0.0807
vn -0.8274 -0.5587 0.0576
vn -0.7454 -0.6666 -0.0078
vn -0.7406 -0.6719 0.0017
vn -0.7442 -0.6679 -0.0028
vn -0.8559 -0.5057 0.1083
vn -0.8816 -0.4690 0.0532
vn -0.4983 -0.8567 0.1333
vn -0.7396 -0.6407 0.2064
vn -0.7871 -0.6143 0.0556
vn -0.7154 -0.6804 0.1588
vn -0.5022 -0.8343 0.2273
vn -0.5306 -0.8333 0.1554
vn -0.7229 -0.6689 0.1734
vn -0.5516 -0.8264 0.1133
vn -0.8329 -0.5498 0.0628
vn -0.8462 -0.5121 0.1475
vn -0.8464 -0.5117 0.1477
vn -0.8464 -0.5108 0.1508
vn -0.5493 -0.8242 0.1376
vn -0.5252 -0.8335 0.1714
vn -0.8464 -0.5117 0.1473
vn -0.5643 -0.8087 0.1661
vn -0.4643 -0.8225 0.3285
vn -0.7350 -0.6640 0.1378
vn -0.7156 -0.6898 0.1103
vn -0.4641 -0.8376 0.2883
vn -0.7242 -0.6508 0.2282
vn -0.6659 -0.7259 0.1720
vn -0.4432 -0.8670 0.2276
vn -0.4481 -0.8628 0.2341
vn -0.4431 -0.8671 0.2276
vn -0.4621 -0.8584 0.2230
vn -0.7281 -0.6689 0.1501
vn -0.4425 -0.8677 0.2265
vn -0.5322 -0.8298 0.1682
vn -0.3253 -0.9113 0.2525
vn -0.1140 -0.9762 0.1843
vn -0.5114 -0.8098 0.2876
vn -0.3262 -0.9134 0.2436
vn -0.1707 -0.9549 0.2430
vn -0.1726 -0.9544 0.2437
vn -0.1719 -0.9546 0.2435
vn -0.5159 -0.8010 0.3038
vn -0.5177 -0.8003 0.3025
vn -0.5164 -0.8001 0.3052
vn -0.4761 -0.8447 0.2444
vn -0.1061 -0.9516 0.2885
vn -0.5308 -0.8256 0.1914
vn -0.5101 -0.8065 0.2989
vn -0.1698 -0.9551 0.2426
vn -0.3219 -0.9035 0.2830
vn -0.1775 -0.9459 0.2715
vn -0.5451 -0.8123 0.2077
vn -0.1043 -0.9523 0.2867
vn -0.5605 -0.8138 0.1536
vn -0.1152 -0.9730 0.2002
vn -0.5402 -0.7722 0.3345
vn -0.4820 -0.8382 0.2549
vn -0.9083 -0.2655 0.3232
vn -0.8687 -0.4721 0.1500
vn -0.7503 -0.6305 0.1986
vn -0.8157 -0.4802 0.3225
vn -0.8157 -0.4802 0.3224
vn -0.6016 -0.7662 0.2259
vn -0.6792 -0.6490 0.3427
vn -0.4292 -0.8706 0.2404
vn -0.5092 -0.7851 0.3527
vn -0.2535 -0.9320 0.2592
vn -0.0768 -0.9406 0.3308
vn -0.3129 -0.8830 0.3499
vn -0.9667 -0.0604 -0.2488
vn -0.9691 -0.1702 -0.1784
vn -0.9388 -0.3311 -0.0954
vn -0.8452 -0.5315 -0.0562
vn -0.8306 -0.5536 -0.0599
vn -0.9787 -0.1902 -0.0774
vn -0.9456 -0.3246 -0.0221
vn -0.9286 -0.3669 -0.0552
vn -0.9288 -0.3678 -0.0449
vn -0.9292 -0.3666 -0.0460
vn -0.7060 -0.7074 -0.0342
vn -0.7418 -0.6694 -0.0407
vn -0.7372 -0.6740 -0.0486
vn -0.7418 -0.6692 -0.0435
vn -0.8321 -0.5529 -0.0443
vn -0.8802 -0.4710 -0.0584
vn -0.8812 -0.4686 -0.0626
vn -0.8804 -0.4705 -0.0593
vn -0.8228 -0.5662 -0.0489
vn -0.7387 -0.6731 -0.0357
vn -0.9100 -0.4145 -0.0105
vn -0.9237 -0.3720 -0.0921
vn -0.8842 -0.4669 -0.0122
vn -0.8455 -0.5331 -0.0304
vn -0.8323 -0.5537 -0.0269
vn -0.8335 -0.5524 -0.0125
vn -0.8248 -0.5654 -0.0111
vn -0.5343 -0.8410 0.0851
vn -0.7063 -0.7078 -0.0119
vn -0.7427 -0.6696 0.0059
vn -0.7409 -0.6715 0.0105
vn -0.8479 -0.5301 0.0104
vn -0.9831 -0.1784 -0.0412
vn -0.9820 -0.1850 -0.0384
vn -0.9817 -0.1866 -0.0385
vn -0.9185 -0.3948 -0.0201
vn -0.9836 -0.1754 -0.0422
vn -0.9074 -0.4196 -0.0229
vn -0.9310 -0.3644 0.0225
vn -0.8326 -0.5537 0.0142
vn -0.8339 -0.5519 0.0026
vn -0.8318 -0.5550 0.0054
vn -0.8820 -0.4712 -0.0024
vn -0.8839 -0.4676 -0.0094
vn -0.8822 -0.4708 -0.0048
vn -0.8349 -0.5502 0.0159
vn -0.7089 -0.7045 0.0345
vn -0.7430 -0.6690 0.0187
vn -0.7409 -0.6715 0.0130
vn -0.7431 -0.6690 0.0168
vn -0.7411 -0.6710 0.0223
vn -0.8254 -0.5644 0.0087
vn -0.9818 -0.1897 0.0077
vn -0.9803 -0.1975 0.0069
vn -0.9805 -0.1965 0.0075
vn -0.9292 -0.3695 -0.0092
vn -0.8847 -0.4647 0.0383
vn -0.8822 -0.4699 0.0310
vn -0.8825 -0.4690 0.0346
vn -0.8256 -0.5624 0.0457
vn -0.8356 -0.5480 0.0389
vn -0.8337 -0.5510 0.0370
vn -0.8371 -0.5451 0.0465
vn -0.8341 -0.5492 0.0513
vn -0.7422 -0.6673 0.0621
vn -0.7408 -0.6690 0.0607
vn -0.7436 -0.6656 0.0632
vn -0.7410 -0.6677 0.0716
vn -0.7076 -0.7037 0.0637
vn -0.9824 -0.1867 0.0077
vn -0.9092 -0.4145 0.0384
vn -0.9101 -0.4127 0.0385
vn -0.9089 -0.4152 0.0379
vn -0.8237 -0.5640 0.0590
vn -0.9106 -0.4116 0.0383
vn -0.9290 -0.3590 0.0897
vn -0.8347 -0.5452 0.0781
vn -0.8338 -0.5480 0.0661
vn -0.8353 -0.5457 0.0676
vn -0.8840 -0.4649 0.0488
vn -0.8840 -0.4649 0.0491
vn -0.8337 -0.5463 0.0803
vn -0.7394 -0.6681 0.0835
vn -0.7407 -0.6675 0.0765
vn -0.7383 -0.6695 0.0816
vn -0.7077 -0.6990 0.1030
vn -0.5331 -0.8435 0.0653
vn -0.5339 -0.8432 0.0633
vn -0.5326 -0.8438 0.0651
vn -0.8250 -0.5607 0.0708
vn -0.7407 -0.6664 0.0851
vn -0.9792 -0.1953 0.0544
vn -0.9646 -0.2587 0.0507
vn -0.9034 -0.4168 0.1007
vn -0.8446 -0.5251 0.1045
vn -0.9290 -0.3664 0.0530
vn -0.9273 -0.3687 0.0644
vn -0.9272 -0.3701 0.0572
vn -0.8827 -0.4599 0.0969
vn -0.8815 -0.4628 0.0939
vn -0.8818 -0.4620 0.0950
vn -0.8337 -0.5428 0.1020
vn -0.8352 -0.5394 0.1073
vn -0.8317 -0.5434 0.1139
vn -0.8318 -0.5460 0.1000
vn -0.8234 -0.5572 0.1073
vn -0.7054 -0.6970 0.1286
vn -0.7030 -0.6989 0.1317
vn -0.7039 -0.6971 0.1366
vn -0.7360 -0.6650 0.1265
vn -0.7357 -0.6642 0.1326
vn -0.7387 -0.6604 0.1348
vn -0.7390 -0.6624 0.1231
vn -0.9784 0.0020 0.2066
vn -0.8426 -0.5169 0.1508
vn -0.9082 -0.4100 0.0840
vn -0.9205 -0.3442 0.1848
vn -0.8815 -0.4614 0.1001
vn -0.8306 -0.5413 0.1309
vn -0.7049 -0.6956 0.1385
vn -0.8296 -0.5380 0.1493
vn -0.9736 -0.2034 0.1036
vn -0.9886 -0.1074 0.1057
vn -0.9131 -0.3348 0.2326
vn -0.8744 -0.4456 0.1920
vn -0.8778 -0.4538 0.1536
vn -0.8778 -0.4538 0.1535
vn -0.9360 -0.3187 0.1493
vn -0.9111 -0.3892 0.1359
vn -0.9254 -0.3617 0.1134
vn -0.9254 -0.3617 0.1133
vn -0.8392 -0.5174 0.1676
vn -0.8392 -0.5174 0.1675
vn -0.8274 -0.5384 0.1598
vn -0.8263 -0.5352 0.1755
vn -0.9319 -0.3093 0.1896
vn -0.9789 -0.1948 0.0619
vn -0.9797 -0.1857 0.0750
vn -0.9537 -0.2320 0.1912
vn -0.9806 -0.0968 0.1703
vn -0.9716 -0.1847 0.1482
vn -0.9723 -0.1818 0.1467
vn -0.9701 -0.1901 0.1507
vn -0.8593 -0.4672 0.2081
vn -0.9697 -0.1917 0.1512
vn -0.9824 -0.0015 0.1870
vn -0.9328 -0.3094 0.1848
vn -0.9330 -0.3088 0.1846
vn -0.9344 -0.3044 0.1850
vn -0.9334 -0.3076 0.1848
vn -0.3324 -0.9427 0.0275
vn -0.1045 -0.9937 -0.0412
vn -0.5258 -0.8482 -0.0640
vn -0.0739 -0.9944 -0.0760
vn -0.3538 -0.9353 0.0099
vn -0.5081 -0.8604 -0.0392
vn -0.5664 -0.8236 0.0274
vn -0.5832 -0.8053 -0.1068
vn -0.9694 -0.2293 -0.0875
vn -0.9694 -0.2293 -0.0878
vn -0.9696 -0.2288 -0.0872
vn -0.9279 -0.3686 -0.0557
vn -0.8820 -0.4681 -0.0543
vn -0.8201 -0.5671 -0.0761
vn -0.7967 -0.5974 -0.0911
vn -0.2021 -0.9787 0.0367
vn -0.2092 -0.9771 0.0390
vn -0.2001 -0.9791 0.0360
vn -0.4205 -0.8469 -0.3255
vn -0.2000 -0.9791 0.0359
vn -0.3866 -0.9223 -0.0014
vn -0.6030 -0.7958 0.0554
vn -0.7994 -0.6008 0.0069
vn -0.9695 -0.2289 -0.0871
vn -0.9751 -0.2139 -0.0593
vn -0.9287 -0.3688 -0.0384
vn -0.8834 -0.4678 -0.0278
vn -0.9778 -0.2092 -0.0084
vn -0.1135 -0.9888 0.0966
vn -0.4930 -0.8699 0.0117
vn -0.1943 -0.9800 0.0429
vn -0.3299 -0.9432 0.0395
vn -0.5452 -0.8356 0.0678
vn -0.1041 -0.9934 -0.0484
vn -0.5274 -0.8492 -0.0270
vn -0.3325 -0.9390 0.0882
vn -0.5120 -0.8589 0.0075
vn -0.8055 -0.5920 -0.0260
vn -0.8242 -0.5662 -0.0133
vn -0.9708 -0.2327 -0.0578
vn -0.8845 -0.4665 0.0039
vn -0.9301 -0.3673 -0.0074
vn -0.6183 -0.7819 -0.0803
vn -0.6399 -0.7641 0.0814
vn -0.5546 -0.8271 0.0913
vn -0.9773 -0.2112 -0.0152
vn -0.9771 -0.2120 -0.0174
vn -0.9773 -0.2113 -0.0149
vn -0.7887 -0.6138 0.0348
vn -0.7889 -0.6137 0.0313
vn -0.7904 -0.6118 0.0296
vn -0.3910 -0.9187 0.0563
vn -0.1953 -0.9765 0.0907
vn -0.2048 -0.9743 0.0942
vn -0.1929 -0.9771 0.0894
vn -0.4043 -0.9142 0.0277
vn -0.8260 -0.5598 0.0652
vn -0.9301 -0.3672 0.0124
vn -0.8845 -0.4659 0.0253
vn -0.8039 -0.5883 0.0875
vn -0.7902 -0.6118 0.0364
vn -0.9771 -0.2124 -0.0144
vn -0.9720 -0.2334 0.0279
vn -0.6439 -0.7645 0.0288
vn -0.6136 -0.7684 0.1819
vn -0.1978 -0.9754 0.0977
vn -0.2046 -0.9744 0.0932
vn -0.4945 -0.8662 0.0718
vn -0.4028 -0.9058 0.1314
vn -0.5148 -0.8480 0.1259
vn -0.5564 -0.8299 0.0410
vn -0.1939 -0.9758 0.1007
vn -0.3902 -0.9146 0.1062
vn -0.5324 -0.8331 0.1498
vn -0.1129 -0.9716 0.2080
vn -0.3299 -0.9408 0.0779
vn -0.0851 -0.9620 0.2596
vn -0.3548 -0.9299 0.0972
vn -0.8841 -0.4629 0.0634
vn -0.9299 -0.3646 0.0495
vn -0.8116 -0.5831 0.0362
vn -0.8248 -0.5636 0.0455
vn -0.9745 -0.2239 -0.0105
vn -0.7898 -0.6066 0.0908
vn -0.9769 -0.2110 0.0344
vn -0.9289 -0.3642 0.0667
vn -0.8829 -0.4609 0.0893
vn -0.8226 -0.5518 0.1374
vn -0.8056 -0.5719 0.1547
vn -0.9744 -0.2151 0.0649
vn -0.9742 -0.2158 0.0657
vn -0.9743 -0.2155 0.0655
vn -0.7947 -0.6038 0.0627
vn -0.9743 -0.2157 0.0656
vn -0.6042 -0.7941 -0.0660
vn -0.5658 -0.8055 0.1759
vn -0.5380 -0.8400 0.0708
vn -0.1121 -0.9882 0.1044
vn -0.3312 -0.9342 0.1325
vn -0.5964 -0.7673 0.2356
vn -0.1986 -0.9684 0.1509
vn -0.2071 -0.9668 0.1497
vn -0.2068 -0.9669 0.1492
vn -0.2000 -0.9686 0.1478
vn -0.5922 -0.8027 0.0711
vn -0.4683 -0.7456 0.4742
vn -0.4935 -0.8594 0.1337
vn -0.1957 -0.9685 0.1543
vn -0.5108 -0.8399 0.1834
vn -0.5607 -0.8214 0.1042
vn -0.5283 -0.8242 0.2041
vn -0.3877 -0.9067 0.1659
vn -0.0806 -0.9550 0.2856
vn -0.1091 -0.9633 0.2451
vn -0.3301 -0.9332 0.1421
vn -0.3533 -0.9221 0.1579
vn -0.9789 -0.1821 0.0930
vn -0.9268 -0.3599 0.1074
vn -0.9844 -0.1648 0.0618
vn -0.8517 -0.5053 0.1384
vn -0.1130 -0.9856 0.1256
vn -0.3287 -0.9242 0.1945
vn -0.0747 -0.9933 0.0884
vn -0.2364 -0.9485 0.2109
vn -0.2006 -0.9583 0.2035
vn 0.1040 0.9936 0.0447
vn 0.1050 0.9935 0.0447
vn 0.1017 0.9938 0.0449
vn 0.0991 0.9941 0.0450
vn 0.3126 0.9490 0.0420
vn 0.2967 0.9540 0.0427
vn 0.5048 0.8624 0.0375
vn 0.4851 0.8736 0.0388
vn 0.6758 0.7364 0.0315
vn 0.6581 0.7522 0.0328
vn 0.8167 0.5766 0.0238
vn 0.8029 0.5956 0.0252
vn 0.9188 0.3944 0.0153
vn 0.9101 0.4141 0.0168
vn 0.9754 0.2201 0.0079
vn 0.9747 0.2233 0.0081
vn 0.9764 0.2158 0.0077
vn 0.9972 0.0751 0.0005
vn 0.9769 0.2138 0.0075
vn 0.8597 -0.4174 0.2944
vn 0.9898 -0.1037 0.0979
vn 0.1125 -0.9885 0.1008
vn 0.9449 -0.2408 0.2218
vn 0.9760 -0.1980 0.0903
vn 0.7414 -0.6289 0.2340
vn 0.9420 -0.3236 0.0889
vn 0.9080 -0.3495 0.2312
vn 0.8899 -0.4291 0.1548
vn 0.8889 -0.4305 0.1566
vn 0.8898 -0.4292 0.1549
vn 0.8898 -0.4302 0.1521
vn 0.5612 -0.7972 0.2224
vn 0.7044 -0.6966 0.1361
vn 0.8448 -0.5245 0.1058
vn 0.7837 -0.6024 0.1513
vn 0.7726 -0.5950 0.2215
vn 0.5311 -0.8368 0.1331
vn 0.5312 -0.8367 0.1331
vn 0.6348 -0.7636 0.1180
vn 0.6221 -0.7561 0.2032
vn 0.1206 -0.9833 0.1366
vn 0.3553 -0.9188 0.1718
vn 0.3294 -0.9364 0.1213
vn 0.1354 -0.9816 0.1347
vn 0.4126 -0.9046 0.1071
vn 0.3989 -0.8965 0.1927
vn 0.1421 -0.9853 0.0953
vn -0.4162 -0.5843 0.6967
vn -0.7209 -0.6825 0.1205
vn -0.6863 -0.6833 0.2492
vn -0.1233 -0.9820 0.1431
vn -0.9152 -0.3323 -0.2283
vn -0.5273 -0.1336 0.8391
vn -0.4758 -0.1740 0.8622
vn -0.4162 -0.3111 0.8544
vn -0.4841 -0.4377 0.7577
vn -0.7211 -0.6000 0.3465
vn -0.6869 -0.5568 0.4671
vn -0.8823 -0.4630 0.0844
vn -0.8834 -0.4599 0.0904
vn -0.8832 -0.4605 0.0889
vn -0.9237 -0.3830 0.0001
vn -0.8848 -0.4588 0.0811
vn -0.6869 -0.3637 0.6292
vn -0.7211 -0.4456 0.5306
vn -0.8848 -0.4035 0.2332
vn -0.8940 -0.4210 0.1531
vn -0.8940 -0.4211 0.1531
vn -0.8466 -0.0072 0.5322
vn -0.8474 -0.0050 0.5310
vn -0.8475 -0.0036 0.5308
vn -0.7021 -0.1191 0.7021
vn -0.6931 -0.1437 0.7063
vn -0.7209 -0.2370 0.6512
vn -0.8848 -0.2995 0.3569
vn -0.8940 -0.3429 0.2883
vn -0.9438 -0.0012 0.3304
vn -0.9440 -0.0009 0.3299
vn -0.9439 -0.0003 0.3302
vn -0.8825 -0.1750 0.4366
vn -0.8848 -0.1594 0.4378
vn -0.8940 -0.2241 0.3880
vn -0.9864 -0.1640 -0.0112
vn -0.9971 -0.0613 -0.0451
vn -0.9775 -0.2065 0.0424
vn -0.9814 -0.1922 0.0004
vn -0.9945 -0.0556 -0.0883
vn -0.9803 -0.1857 0.0675
vn -0.9964 -0.0656 -0.0529
vn -0.9961 -0.0863 -0.0177
vn -0.9303 -0.3238 -0.1722
vn -0.9890 0.0234 0.1463
vn -0.9890 0.0233 0.1462
vn -0.9763 -0.1944 0.0946
vn -0.9957 -0.0128 0.0915
vn -0.9957 -0.0130 0.0915
vn -0.9716 -0.1810 0.1525
vn -0.9706 -0.1204 0.2083
vn -0.9973 -0.0410 0.0616
vn -0.9972 -0.0416 0.0619
vn -0.9969 -0.0447 0.0645
vn -0.1110 -0.1086 0.9879
vn -0.9722 -0.1342 0.1921
vn -0.9906 0.0786 0.1117
vn -0.9969 -0.0334 0.0716
vn -0.9723 -0.0785 0.2200
vn -0.9721 -0.0989 0.2125
vn -0.3424 -0.9283 0.1454
vn -0.1377 -0.9256 0.3526
vn -0.1837 -0.9629 0.1976
vn -0.1530 -0.6867 0.7106
vn -0.1569 -0.8242 0.5441
vn -0.1971 -0.8490 0.4903
vn -0.5357 -0.8437 0.0337
vn -0.4254 -0.8881 0.1743
vn -0.1386 -0.5168 0.8448
vn -0.1987 -0.6302 0.7506
vn -0.4848 -0.8219 0.2991
vn -0.4162 -0.7874 0.4547
vn -0.8402 -0.5336 -0.0966
vn -0.7113 -0.6989 0.0751
vn -0.7120 -0.6992 0.0650
vn -0.7124 -0.6985 0.0678
vn -0.7100 -0.6999 0.0773
vn -0.3297 -0.0462 0.9430
vn -0.1729 -0.3184 0.9320
vn -0.1889 -0.3360 0.9227
vn -0.1492 -0.1473 0.9778
vn -0.4846 -0.6698 0.5626
vn -0.0898 0.9949 0.0450
vn -0.0128 0.9989 0.0453
vn -0.2724 0.9612 0.0432
vn -0.1315 0.9903 0.0456
vn -0.4747 0.8793 0.0391
vn -0.3354 0.9411 0.0435
vn -0.6739 0.7381 0.0330
vn -0.5257 0.8498 0.0391
vn -0.6932 0.7200 0.0329
vn -0.6929 0.7203 0.0329
vn -0.8334 0.5521 0.0249
vn -0.8306 0.5563 0.0251
vn -0.8350 0.5497 0.0247
vn -0.8288 0.5589 0.0254
vn -0.9428 0.3330 0.0146
vn -0.9276 0.3732 0.0175
vn -0.9938 0.1114 0.0043
vn -0.9785 0.2061 0.0098
vn -0.9785 0.2062 0.0098
vn -0.9975 0.0705 0.0033
vn 0.2981 0.9175 0.2633
vn 0.4851 0.8507 0.2023
vn 0.5489 0.8085 0.2124
vn 0.5458 0.8207 0.1688
vn 0.4823 0.8471 0.2232
vn 0.3596 0.9080 0.2149
vn 0.3392 0.9190 0.2010
vn 0.5906 0.8002 0.1043
vn 0.2197 0.9539 0.2047
vn 0.2217 0.9538 0.2026
vn 0.2213 0.9541 0.2015
vn 0.5427 0.8276 0.1434
vn 0.5424 0.8275 0.1451
vn 0.5423 0.8276 0.1450
vn 0.4278 0.8837 0.1899
vn 0.6231 0.7622 0.1754
vn 0.2186 0.9539 0.2054
vn 0.2355 0.9333 0.2712
vn 0.2185 0.9463 0.2381
vn 0.6001 0.7702 0.2160
vn 0.5988 0.7714 0.2154
vn 0.5989 0.7712 0.2160
vn 0.6229 0.7682 0.1480
vn 0.6011 0.7694 0.2162
vn 0.4799 0.8555 0.1943
vn 0.3404 0.9132 0.2242
vn 0.8048 0.5893 0.0704
vn 0.6795 0.6871 0.2573
vn 0.6609 0.7269 0.1864
vn 0.6612 0.7268 0.1861
vn 0.6610 0.7268 0.1868
vn 0.6610 0.7271 0.1857
vn 0.4867 0.8459 0.2181
vn 0.4877 0.8447 0.2206
vn 0.4880 0.8439 0.2228
vn 0.4884 0.8451 0.2174
vn 0.4869 0.8462 0.2163
vn 0.4858 0.8454 0.2218
vn 0.0015 0.8981 0.4397
vn 0.0014 0.8981 0.4398
vn 0.0012 0.8980 0.4401
vn 0.2980 0.9223 0.2461
vn 0.2974 0.9221 0.2474
vn 0.2978 0.9223 0.2462
vn 0.1039 0.9595 0.2619
vn 0.1036 0.9594 0.2624
vn 0.1041 0.9596 0.2614
vn 0.2986 0.9221 0.2460
vn 0.2989 0.9215 0.2478
vn 0.2998 0.9216 0.2465
vn 0.2995 0.9204 0.2515
vn 0.1037 0.9591 0.2633
vn 0.1038 0.9588 0.2645
vn 0.8797 0.4709 -0.0664
vn 0.7574 0.6461 0.0943
vn 0.7555 0.6485 0.0932
vn 0.7560 0.6478 0.0939
vn 0.5774 0.8019 0.1538
vn 0.3577 0.9216 0.1509
vn 0.6233 0.7720 0.1247
vn 0.6251 0.7661 0.1492
vn 0.5430 0.8269 0.1465
vn 0.2024 0.9557 0.2137
vn 0.1205 0.9755 0.1838
vn 0.1144 0.9746 0.1927
vn 0.1244 0.9739 0.1897
vn 0.4427 0.8752 0.1951
vn 0.4287 0.8784 0.2111
vn 0.8839 0.4656 0.0434
vn 0.8179 0.5663 0.1018
vn 0.6589 0.7428 0.1187
vn 0.9578 0.1725 0.2297
vn 0.9093 0.3932 0.1359
vn 0.8178 0.5621 0.1233
vn 0.9142 0.4017 0.0528
vn 0.7066 0.6923 0.1466
vn 0.7065 0.6922 0.1470
vn 0.7064 0.6924 0.1469
vn 0.6790 0.7179 0.1537
vn 0.7069 0.6881 0.1637
vn 0.7063 0.6925 0.1469
vn 0.6025 0.7763 0.1855
vn 0.1595 0.9559 0.2468
vn 0.0956 0.9569 0.2744
vn 0.0001 -0.1095 0.9940
vn 0.0001 -0.1085 0.9941
vn 0.0001 -0.1099 0.9939
vn 0.0002 -0.3233 0.9463
vn 0.0001 -0.3225 0.9466
vn 0.0001 -0.3238 0.9461
vn 0.0001 -0.3229 0.9464
vn 0.0001 -0.5214 0.8533
vn 0.0001 -0.5215 0.8533
vn 0.0002 -0.5214 0.8533
vn 0.0001 -0.6948 0.7192
vn 0.0001 -0.6952 0.7189
vn 0.0001 -0.6951 0.7189
vn 0.0001 -0.6949 0.7191
vn 0.0000 -0.8351 0.5500
vn 0.0001 -0.8346 0.5508
vn 0.0001 -0.8350 0.5503
vn 0.0000 -0.9343 0.3565
vn -0.0002 -0.9345 0.3561
vn 0.0000 -0.9896 0.1441
vn 0.0000 -0.9896 0.1440
vn -0.0000 -0.9895 0.1444
vn -0.9961 -0.0000 -0.0883
vn -0.9986 -0.0000 -0.0530
vn -0.9986 -0.0000 -0.0532
vn -0.9998 -0.0000 -0.0178
vn -0.9998 -0.0000 -0.0177
vn -0.9998 0.0000 -0.0176
vn -0.9998 0.0000 -0.0179
vn -0.9937 -0.0000 0.1122
vn -0.9937 0.0000 0.1119
vn -0.9937 -0.0000 0.1124
vn -0.9937 -0.0000 0.1118
vn -0.9439 0.0005 0.3302
vn -0.9439 0.0002 0.3302
vn -0.8476 0.0029 0.5307
vn -0.8471 0.0049 0.5314
vn -0.7071 -0.0000 0.7071
vn -0.5319 0.0000 0.8468
vn -0.1119 -0.0000 0.9937
vn -0.1115 -0.0000 0.9938
vn -0.1112 0.0000 0.9938
vn -0.3303 -0.0000 0.9439
vn -0.3301 -0.0000 0.9440
vn -0.3304 -0.0000 0.9438
vn -0.3302 0.0000 0.9439
vn -0.1110 0.0000 0.9938
vn -0.3692 0.9265 0.0732
vn -0.2129 0.9726 0.0932
vn -0.2139 0.9724 0.0933
vn -0.2138 0.9724 0.0932
vn -0.5899 0.8074 0.0056
vn -0.5899 0.8075 0.0056
vn -0.5649 0.8248 0.0250
vn -0.6146 0.7868 0.0559
vn -0.6130 0.7880 0.0574
vn -0.6133 0.7878 0.0571
vn -0.4682 0.8813 0.0636
vn -0.4725 0.8795 0.0567
vn -0.4716 0.8801 0.0549
vn -0.2314 0.9716 0.0498
vn -0.9761 0.0676 -0.2066
vn -0.9436 0.3311 -0.0015
vn -0.9447 0.3280 0.0027
vn -0.9436 0.3311 -0.0009
vn -0.9895 0.1333 -0.0565
vn -0.9827 0.1697 -0.0737
vn -0.9225 0.3855 -0.0187
vn -0.9226 0.3852 -0.0197
vn -0.9205 0.3904 -0.0183
vn -0.9474 0.3195 -0.0195
vn -0.9433 0.3318 -0.0010
vn -0.8248 0.5649 0.0240
vn -0.9237 0.3827 -0.0190
vn -0.9235 0.3833 -0.0169
vn -0.8462 0.5326 -0.0180
vn -0.8399 0.5420 -0.0278
vn -0.9986 0.0499 0.0166
vn -0.9399 0.3387 -0.0432
vn -0.9411 0.3348 -0.0469
vn -0.9418 0.3329 -0.0474
vn -0.9856 0.1662 -0.0297
vn -0.9399 0.3390 -0.0402
vn -0.8482 0.5295 0.0140
vn -0.7800 0.6150 0.1158
vn -0.9416 0.3350 -0.0347
vn -0.9062 0.4219 -0.0286
vn -0.9073 0.4191 -0.0350
vn -0.9062 0.4218 -0.0284
vn -0.8041 0.5865 -0.0972
vn -0.9771 0.2012 -0.0695
vn -0.9346 0.3532 -0.0425
vn -0.9082 0.4179 -0.0218
vn -0.9822 0.1755 -0.0665
vn -0.1688 0.9834 0.0663
vn -0.1839 0.9822 0.0373
vn -0.1862 0.9819 0.0361
vn -0.1904 0.9811 0.0343
vn -0.5167 0.8559 0.0214
vn -0.5154 0.8568 0.0181
vn -0.5177 0.8554 0.0154
vn -0.9650 0.2565 -0.0549
vn -0.8804 0.4690 -0.0701
vn -0.8800 0.4696 -0.0711
vn -0.8800 0.4697 -0.0712
vn -0.9423 0.3296 -0.0587
vn -0.9749 0.1692 -0.1446
vn -0.9656 0.0607 -0.2528
vn -0.9818 0.1487 -0.1183
vn -0.9220 0.3807 -0.0701
vn -0.8883 0.4526 -0.0776
vn -0.8408 0.5333 -0.0936
vn -0.8406 0.5332 -0.0959
vn -0.8405 0.5334 -0.0947
vn -0.9309 0.3580 -0.0723
vn -0.9283 0.3592 -0.0958
vn -0.8901 0.4519 -0.0597
vn -0.6980 0.7088 -0.1022
vn -0.8732 0.4861 -0.0358
vn -0.7439 0.6663 -0.0520
vn -0.8598 0.5068 -0.0618
vn -0.7368 0.6750 -0.0382
vn -0.8641 0.5033 -0.0029
vn -0.9781 0.1646 0.1274
vn -0.9775 0.1664 0.1292
vn -0.9776 0.1671 0.1282
vn -0.8280 0.4954 0.2627
vn -0.8324 0.4914 0.2562
vn -0.8274 0.4963 0.2627
vn -0.8386 0.5253 0.1446
vn -0.9743 0.1547 0.1640
vn -0.9341 0.3213 0.1554
vn -0.8274 0.4956 0.2643
vn -0.9795 0.0328 0.1988
vn -0.9819 0.1684 0.0865
vn -0.8402 0.5278 0.1247
vn -0.8412 0.5263 0.1240
vn -0.8410 0.5268 0.1235
vn -0.9971 0.0759 -0.0046
vn -0.8650 0.4648 0.1891
vn -0.8348 0.4933 0.2445
vn -0.9783 0.1637 0.1273
vn -0.9345 0.3143 0.1669
vn -0.8861 0.4326 0.1663
vn -0.8825 0.4372 0.1737
vn -0.8862 0.4325 0.1662
vn -0.6672 0.7055 0.2390
vn -0.7377 0.6554 0.1623
vn -0.8761 0.4529 0.1654
vn -0.8766 0.4523 0.1644
vn -0.8767 0.4522 0.1642
vn -0.6788 0.7172 0.1579
vn -0.8865 0.4324 0.1646
vn -0.6959 0.7088 0.1153
vn -0.8637 0.4480 0.2308
vn -0.9206 0.3625 0.1454
vn -0.8534 0.4446 0.2721
vn -0.8163 0.1462 0.5588
vn -0.6729 0.7248 0.1479
vn -0.7882 0.5954 0.1561
vn -0.5120 0.8392 0.1832
vn -0.5147 0.8373 0.1844
vn -0.5140 0.8379 0.1837
vn -0.8146 0.5394 0.2134
vn -0.8194 0.4860 0.3040
vn -0.5616 0.8099 0.1696
vn -0.4669 0.8753 0.1261
vn -0.7619 0.6047 0.2321
vn -0.5365 0.8353 0.1204
vn -0.6734 0.6946 0.2530
vn -0.6736 0.6945 0.2529
vn -0.3683 0.9289 0.0382
vn -0.7713 0.6192 0.1473
vn -0.4807 0.8563 0.1887
vn -0.4706 0.8779 0.0886
vn -0.6850 0.6599 0.3089
vn -0.3741 0.9071 0.1930
vn -0.5644 0.8251 0.0243
vn -0.7745 0.6325 -0.0082
vn -0.5033 0.8190 0.2756
vn -0.4829 0.8755 0.0187
vn -0.5151 0.7980 0.3127
vn -0.7607 0.6420 -0.0959
vn -0.5440 0.8352 0.0798
vn -0.1041 0.9525 0.2862
vn -0.1042 0.9525 0.2862
vn -0.3112 0.9069 0.2841
vn -0.8522 0.5218 -0.0379
vn -0.7917 0.6106 -0.0205
vn -0.3194 0.8968 0.3060
vn -0.5170 0.8557 0.0225
vn -0.5167 0.8559 0.0233
vn -0.8267 0.5611 0.0413
vn -0.9931 0.0007 0.1176
vn -0.8507 0.4938 -0.1800
vn -0.9906 0.0510 0.1269
vn -0.6783 0.7345 0.0196
vn -0.7034 0.7092 0.0484
vn -0.8631 0.4857 -0.1380
vn -0.9883 0.0671 0.1371
vn -0.6693 0.7393 -0.0745
vn -0.6852 0.7283 0.0093
vn -0.9442 0.2790 0.1750
vn -0.8883 0.4526 -0.0787
vn -0.8887 0.4520 -0.0770
vn -0.8882 0.4526 -0.0787
vn -0.8843 0.4595 -0.0835
vn -0.8798 0.4697 -0.0728
vn -0.7431 0.6690 -0.0125
vn -0.9765 0.1591 0.1456
vn -0.9307 0.3131 0.1889
vn -0.8310 0.5070 0.2288
vn -0.8316 0.5061 0.2287
vn -0.8320 0.5054 0.2289
vn -0.8305 0.5078 0.2288
vn -0.6926 0.6739 0.2572
vn -0.6920 0.6746 0.2569
vn -0.6928 0.6739 0.2568
vn -0.6929 0.6736 0.2573
vn -0.5209 0.8089 0.2726
vn -0.5205 0.8091 0.2727
vn -0.5203 0.8092 0.2728
vn -0.5208 0.8090 0.2726
vn -0.1749 0.9492 0.2615
vn -0.3227 0.9055 0.2756
vn -0.3231 0.9054 0.2756
vn -0.3222 0.9057 0.2755
vn -0.1182 0.9569 0.2653
vn -0.3230 0.9054 0.2756
vn -0.1585 0.9732 0.1668
vn -0.1774 0.9768 0.1196
vn -0.1532 0.9852 0.0769
vn -0.1939 0.9441 0.2667
vn -0.3264 0.9131 0.2444
vn -0.2321 0.9270 0.2946
vn -0.5305 0.8377 0.1299
vn -0.3237 0.9091 0.2620
vn -0.1958 0.9623 0.1889
vn -0.1897 0.9623 0.1947
vn -0.1914 0.9622 0.1939
vn -0.1954 0.9628 0.1868
vn -0.5271 0.8230 0.2115
vn -0.3255 0.9154 0.2369
vn -0.5469 0.8090 0.2154
vn -0.5475 0.8125 0.2002
vn -0.4634 0.8600 0.2135
vn -0.1086 0.9668 0.2315
vn -0.2071 0.9546 0.2142
vn -0.3939 0.8954 0.2078
vn -0.3653 0.9108 0.1924
vn -0.4606 0.8517 0.2500
vn -0.3572 0.8817 0.3081
vn -0.7047 0.6954 0.1408
vn -0.7036 0.6970 0.1386
vn -0.7018 0.6999 0.1329
vn -0.5497 0.8146 0.1850
vn -0.4662 0.8695 0.1629
vn -0.5503 0.8176 0.1697
vn -0.5290 0.8273 0.1892
vn -0.4134 0.8965 0.1595
vn -0.3635 0.8985 0.2461
vn -0.1921 0.9690 0.1552
vn -0.3285 0.9239 0.1963
vn -0.3257 0.9253 0.1944
vn -0.3246 0.9271 0.1874
vn -0.7055 0.6969 0.1288
vn -0.6669 0.7320 0.1392
vn -0.6710 0.7271 0.1449
vn -0.6687 0.7310 0.1359
vn -0.5301 0.8348 0.1487
vn -0.5301 0.8348 0.1486
vn -0.3287 0.9263 0.1842
vn -0.5513 0.8200 0.1540
vn -0.6709 0.7293 0.1339
vn -0.5643 0.8127 0.1452
vn -0.5515 0.8224 0.1398
vn -0.4649 0.8720 0.1535
vn -0.4670 0.8702 0.1569
vn -0.4650 0.8720 0.1528
vn -0.3925 0.9077 0.1484
vn -0.2188 0.9601 0.1740
vn -0.2194 0.9600 0.1742
vn -0.2194 0.9600 0.1740
vn -0.3679 0.9205 0.1316
vn -0.7074 0.6995 0.1016
vn -0.6750 0.7321 0.0913
vn -0.6744 0.7325 0.0930
vn -0.6722 0.7352 0.0872
vn -0.5655 0.8176 0.1085
vn -0.6723 0.7341 0.0953
vn -0.4679 0.8770 0.1096
vn -0.4711 0.8749 0.1123
vn -0.4729 0.8734 0.1163
vn -0.5515 0.8273 0.1069
vn -0.5526 0.8251 0.1180
vn -0.5534 0.8261 0.1061
vn -0.5528 0.8247 0.1195
vn -0.5322 0.8382 0.1188
vn -0.3306 0.9389 0.0954
vn -0.2011 0.9729 0.1138
vn -0.3681 0.9151 0.1647
vn -0.3876 0.9111 0.1403
vn -0.7070 0.7045 0.0621
vn -0.6761 0.7331 0.0741
vn -0.6729 0.7352 0.0817
vn -0.6743 0.7349 0.0728
vn -0.5546 0.8273 0.0899
vn -0.5535 0.8279 0.0911
vn -0.5540 0.8288 0.0783
vn -0.5330 0.8419 0.0839
vn -0.3313 0.9346 0.1295
vn -0.6729 0.7362 0.0722
vn -0.5662 0.8200 0.0837
vn -0.5530 0.8296 0.0768
vn -0.4717 0.8767 0.0945
vn -0.4685 0.8780 0.0983
vn -0.4728 0.8763 0.0924
vn -0.2112 0.9696 0.1238
vn -0.3908 0.9164 0.0865
vn -0.3681 0.9272 0.0689
vn -0.7087 0.7047 0.0338
vn -0.6707 0.7411 0.0308
vn -0.6732 0.7388 0.0324
vn -0.6717 0.7401 0.0314
vn -0.5659 0.8232 0.0464
vn -0.6724 0.7398 0.0230
vn -0.2066 0.9763 0.0641
vn -0.3701 0.9236 0.0996
vn -0.3916 0.9169 0.0776
vn -0.5335 0.8441 0.0534
vn -0.3294 0.9433 0.0414
vn -0.4679 0.8823 0.0510
vn -0.5573 0.8290 0.0466
vn -0.5571 0.8288 0.0517
vn -0.5531 0.8320 0.0424
vn -0.5538 0.8308 0.0560
vn -0.7079 0.7060 0.0193
vn -0.5529 0.8328 0.0274
vn -0.5299 0.8480 0.0133
vn -0.3323 0.9386 0.0930
vn -0.5518 0.8339 0.0117
vn -0.4688 0.8820 0.0479
vn -0.3848 0.9229 0.0125
vn -0.3640 0.9312 -0.0179
vn -0.1947 0.9770 0.0873
vn -0.4625 0.8857 -0.0405
vn -0.1921 0.9808 0.0337
vn -0.3569 0.9301 -0.0867
vn -0.1004 0.9920 -0.0772
vn -0.3284 0.9445 -0.0082
vn -0.5317 0.8468 -0.0118
vn -0.5526 0.8334 -0.0039
vn -0.4663 0.8846 -0.0031
vn -0.4663 0.8846 -0.0030
vn -0.3695 0.9286 0.0343
vn -0.3308 0.9416 0.0625
vn -0.5510 0.8343 -0.0200
vn -0.5087 0.8402 0.1876
vn -0.5184 0.8032 0.2934
vn -0.5185 0.8032 0.2934
vn -0.5184 0.8032 0.2935
vn -0.5180 0.8032 0.2942
vn -0.6964 0.6827 0.2214
vn -0.6094 0.7379 0.2900
vn -0.8412 0.5267 0.1222
vn -0.6066 0.7747 0.1784
vn -0.5095 0.8439 0.1680
vn -0.5212 0.8045 0.2849
vn -0.6970 0.6785 0.2320
vn -0.9759 0.1527 0.1556
vn -0.9735 0.0232 0.2275
vn -0.9381 0.3257 0.1180
vn -0.8362 0.5094 0.2034
vn -0.9272 0.3483 0.1378
vn -0.9254 0.3441 0.1589
vn -0.8854 0.4399 0.1500
vn -0.8680 0.4773 0.1370
vn -0.8575 0.5021 0.1120
vn -0.7385 0.6444 0.1984
vn -0.6938 0.6729 0.2565
vn -0.9821 0.1397 0.1263
vn -0.9181 0.3705 0.1408
vn -0.8843 0.4363 0.1662
vn -0.8552 0.4911 0.1657
vn -0.7321 0.6543 0.1893
vn -0.8766 0.4524 0.1638
vn -0.9760 0.1960 0.0945
vn -0.9619 0.2563 0.0956
vn -0.8409 0.5340 0.0878
vn -0.9070 0.4064 0.1103
vn -0.9053 0.4119 0.1041
vn -0.9070 0.4065 0.1098
vn -0.9849 0.1672 0.0455
vn -0.9416 0.3215 0.1004
vn -0.9411 0.3208 0.1068
vn -0.9396 0.3255 0.1055
vn -0.9973 0.0675 -0.0287
vn -0.9829 0.1646 0.0820
vn -0.9328 0.3444 0.1060
vn -0.9407 0.3247 0.0984
vn -0.8448 0.5257 0.0995
vn -0.8053 0.5510 0.2186
vn -0.9049 0.4094 0.1165
vn -0.9396 0.3292 0.0938
vn -0.7705 0.6371 0.0221
vn -0.5141 0.8370 0.1875
vn -0.1671 0.9695 0.1792
vn -0.1850 0.9607 0.2071
vn -0.9835 0.1610 0.0824
vn -0.9424 0.3286 0.0625
vn -0.9865 0.0340 0.1600
vn -0.8434 0.5215 0.1292
vn -0.8389 0.5272 0.1355
vn -0.8440 0.5197 0.1329
vn -0.8442 0.5211 0.1260
vn -0.9363 0.3420 0.0802
vn -0.9214 0.3878 0.0252
vn -0.9794 0.1982 0.0390
vn -0.9778 0.2052 0.0412
vn -0.9780 0.2043 0.0412
vn -0.9898 0.1290 0.0607
vn -0.9452 0.3178 0.0749
vn -0.7608 0.6443 0.0774
vn -0.8204 0.5631 0.0990
vn -0.7874 0.5784 0.2132
vn -0.9142 0.3880 0.1174
vn -0.9212 0.3783 0.0913
vn -0.9217 0.3768 0.0915
vn -0.9205 0.3800 0.0913
vn -0.9199 0.3815 0.0908
vn -0.8198 0.5551 0.1406
vn -0.7867 0.6118 -0.0830
vn -0.9965 0.0621 -0.0551
vn -0.9801 0.1949 0.0380
vn -0.8688 0.4883 0.0821
vn -0.5635 0.8072 0.1757
vn -0.5840 0.7899 0.1870
vn -0.4668 0.8716 0.1495
vn -0.2196 0.9600 0.1739
vn -0.3674 0.9184 0.1471
vn -0.2196 0.9599 0.1741
vn -0.6080 0.7890 0.0887
vn -0.2125 0.9666 0.1433
vn -0.5855 0.8077 0.0694
vn -0.4680 0.8751 0.1231
vn -0.5652 0.8205 0.0855
vn -0.6130 0.7816 0.1154
vn -0.2232 0.9697 0.0995
vn -0.3685 0.9204 0.1306
vn -0.9603 0.2744 0.0511
vn -0.8414 0.5398 0.0270
vn -0.8409 0.5404 0.0282
vn -0.8416 0.5395 0.0260
vn -0.9442 0.3264 0.0451
vn -0.8410 0.5403 0.0283
vn -0.8470 0.5299 0.0423
vn -0.9690 0.1858 -0.1629
vn -0.9434 0.3317 -0.0013
vn -0.9900 0.0368 0.1365
vn -0.9861 0.1629 0.0342
vn -0.9196 0.3899 -0.0482
vn -0.9380 0.3460 0.0204
vn -0.8468 0.5275 0.0683
vn -0.8473 0.5268 0.0678
vn -0.8473 0.5269 0.0666
vn -0.8423 0.5334 0.0774
vn -0.9792 0.2023 -0.0148
vn -0.9785 0.2059 -0.0139
vn -0.9787 0.2047 -0.0143
vn -0.9912 0.1316 0.0107
vn -0.9474 0.3196 0.0170
vn -0.8234 0.5664 0.0346
vn -0.9161 0.3966 0.0596
vn -0.9232 0.3830 0.0324
vn -0.9222 0.3854 0.0313
vn -0.9215 0.3871 0.0318
vn -0.9239 0.3812 0.0327
vn -0.7656 0.6431 0.0130
vn -0.7838 0.5990 0.1640
vn -0.5957 0.7945 0.1180
vn -0.5665 0.8175 0.1038
vn -0.2353 0.9627 0.1333
vn -0.4681 0.8796 0.0853
vn -0.3688 0.9249 0.0929
vn -0.9795 0.2008 -0.0154
vn -0.8706 0.4916 0.0197
vn -0.2128 0.9724 0.0957
vn -0.6148 0.7862 0.0625
vn -0.9128 0.4060 -0.0440
vn -0.7696 0.6353 0.0640
vn -0.7726 0.6275 -0.0964
vn 0.1142 0.9797 0.1649
vn 0.1187 0.9793 0.1640
vn 0.1083 0.9801 0.1661
vn 0.8916 0.4520 0.0265
vn 0.7343 0.6741 0.0800
vn 0.7333 0.6749 0.0826
vn 0.7331 0.6751 0.0825
vn 0.8231 0.5650 0.0573
vn 0.8257 0.5619 0.0496
vn 0.8230 0.5652 0.0565
vn 0.8262 0.5600 0.0608
vn 0.7569 0.6475 0.0887
vn 0.5554 0.8235 0.1156
vn 0.5592 0.8216 0.1110
vn 0.5581 0.8227 0.1081
vn 0.6841 0.7238 0.0901
vn 0.6837 0.7244 0.0879
vn 0.6858 0.7221 0.0908
vn 0.6855 0.7230 0.0858
vn 0.5756 0.8071 0.1316
vn 0.3467 0.9267 0.1446
vn 0.5140 0.8496 0.1182
vn 0.5150 0.8468 0.1327
vn 0.3597 0.9179 0.1676
vn 0.1187 0.9739 0.1934
vn 0.1123 0.9744 0.1948
vn 0.1040 0.9805 0.1669
vn 0.3190 0.9366 0.1451
vn 0.3215 0.9321 0.1670
vn 0.6910 -0.5760 0.4368
vn 0.1383 -0.9255 0.3527
vn 0.3276 -0.9318 0.1566
vn 0.4409 -0.8737 0.2054
vn 0.4775 -0.8278 0.2943
vn 0.1775 -0.9614 0.2103
vn 0.7177 -0.3096 0.6237
vn 0.6911 -0.4163 0.5908
vn 0.1442 -0.8259 0.5451
vn 0.1898 -0.8638 0.4668
vn 0.4776 -0.7003 0.5306
vn 0.4251 -0.7966 0.4299
vn 0.5320 -0.0330 0.8461
vn 0.7036 -0.1026 0.7031
vn 0.7119 -0.1362 0.6890
vn 0.6913 -0.2183 0.6888
vn 0.1444 -0.5162 0.8442
vn 0.1727 -0.6842 0.7085
vn 0.1729 -0.6843 0.7084
vn 0.1728 -0.6841 0.7087
vn 0.1731 -0.6838 0.7089
vn 0.4774 -0.5060 0.7183
vn 0.4253 -0.6289 0.6508
vn 0.1384 -0.3200 0.9372
vn 0.3278 -0.1241 0.9366
vn 0.4406 -0.1742 0.8806
vn 0.1779 -0.1769 0.9680
vn 0.1901 -0.4373 0.8790
vn 0.4779 -0.2657 0.8373
vn 0.4250 -0.4035 0.8103
vn 0.9914 -0.1141 -0.0645
vn 0.9725 -0.1855 0.1409
vn 0.9712 -0.2246 0.0799
vn 0.9712 -0.2244 0.0799
vn 0.9695 -0.2246 0.0980
vn 0.9914 0.0686 0.1115
vn 0.9964 -0.0585 0.0608
vn 0.9725 -0.1342 0.1902
vn 0.9695 -0.0901 0.2278
vn 0.9712 -0.0720 0.2272
vn 0.9758 -0.1517 0.1571
vn 0.1117 -0.9834 0.1431
vn 0.1116 -0.1090 0.9878
vn 0.9390 -0.3320 -0.0903
vn 0.8451 -0.5289 0.0783
vn 0.8936 -0.4229 0.1504
vn 0.8954 -0.4050 0.1848
vn 0.8936 -0.3578 0.2712
vn 0.8864 -0.4072 0.2202
vn 0.5316 -0.8447 0.0620
vn 0.7037 -0.6991 0.1266
vn 0.7118 -0.6840 0.1596
vn 0.7116 -0.6842 0.1598
vn 0.9390 0.1016 0.3285
vn 0.8865 -0.3217 0.3327
vn 0.8936 -0.2590 0.3667
vn 0.7178 -0.6125 0.3312
vn 0.6905 -0.6816 0.2421
vn 0.8452 -0.0595 0.5311
vn 0.8863 -0.2060 0.4148
vn 0.8953 -0.1703 0.4116
vn 0.8936 -0.1358 0.4279
vn 0.7182 -0.4838 0.5001
vn -0.8466 0.0069 0.5321
vn -0.7019 0.1200 0.7021
vn -0.6924 0.1446 0.7069
vn -0.1110 0.1088 0.9879
vn -0.4847 0.6703 0.5619
vn -0.4167 0.7874 0.4543
vn -0.7209 0.2371 0.6512
vn -0.6868 0.3638 0.6293
vn -0.5358 0.8437 0.0337
vn -0.4254 0.8880 0.1744
vn -0.4847 0.8219 0.2993
vn -0.7210 0.4457 0.5306
vn -0.6868 0.5568 0.4672
vn -0.6867 0.5569 0.4672
vn -0.9438 0.0012 0.3304
vn -0.8825 0.1748 0.4367
vn -0.8849 0.1596 0.4376
vn -0.7210 0.6000 0.3466
vn -0.6868 0.6828 0.2490
vn -0.8848 0.2995 0.3569
vn -0.8940 0.2241 0.3880
vn -0.7113 0.6989 0.0750
vn -0.7124 0.6985 0.0679
vn -0.7119 0.6993 0.0649
vn -0.8402 0.5336 -0.0967
vn -0.7101 0.6999 0.0773
vn -0.1234 0.9820 0.1429
vn -0.7210 0.6824 0.1206
vn -0.8848 0.4035 0.2331
vn -0.8939 0.3433 0.2884
vn -0.8939 0.4212 0.1532
vn -0.8823 0.4631 0.0844
vn -0.8832 0.4604 0.0889
vn -0.8834 0.4599 0.0905
vn -0.8849 0.4588 0.0809
vn -0.9151 0.3324 -0.2281
vn -0.9236 0.3833 0.0004
vn -0.9906 -0.0786 0.1117
vn -0.9723 0.0785 0.2200
vn -0.9721 0.0989 0.2125
vn -0.9706 0.1204 0.2082
vn -0.9973 0.0410 0.0617
vn -0.9972 0.0416 0.0619
vn -0.9969 0.0335 0.0716
vn -0.9722 0.1342 0.1921
vn -0.9969 0.0451 0.0646
vn -0.9715 0.1814 0.1527
vn -0.9763 0.1944 0.0947
vn -0.9957 0.0130 0.0915
vn -0.9775 0.2065 0.0425
vn -0.9814 0.1922 0.0004
vn -0.9864 0.1637 -0.0113
vn -0.9890 -0.0232 0.1461
vn -0.9803 0.1857 0.0676
vn -0.9302 0.3240 -0.1728
vn -0.9971 0.0615 -0.0454
vn -0.9945 0.0556 -0.0882
vn -0.9964 0.0656 -0.0531
vn -0.9961 0.0863 -0.0177
vn -0.3298 0.0462 0.9429
vn -0.1734 0.3186 0.9319
vn -0.1492 0.1474 0.9778
vn -0.1386 0.5167 0.8449
vn -0.1888 0.3361 0.9227
vn -0.1570 0.8243 0.5440
vn -0.1537 0.6865 0.7107
vn -0.1985 0.6300 0.7508
vn -0.5273 0.1335 0.8391
vn -0.4162 0.3110 0.8544
vn -0.4758 0.1739 0.8622
vn -0.3420 0.9284 0.1452
vn -0.1376 0.9256 0.3527
vn -0.1968 0.8490 0.4903
vn -0.1836 0.9629 0.1976
vn -0.4840 0.4378 0.7577
vn -0.4161 0.5844 0.6967
vn 0.8791 0.4259 0.2140
vn 0.7486 0.6320 0.2005
vn 0.1201 0.9831 0.1379
vn 0.1192 0.9833 0.1373
vn 0.1199 0.9833 0.1371
vn 0.7946 0.5891 0.1467
vn 0.6443 0.7571 0.1084
vn 0.7169 0.6739 0.1788
vn 0.5812 0.6806 0.4460
vn 0.5727 0.8011 0.1739
vn 0.4715 0.8571 0.2075
vn 0.3579 0.9196 0.1622
vn 0.3525 0.9205 0.1685
vn 0.3532 0.9210 0.1644
vn 0.2929 0.9397 0.1767
vn 0.0988 0.9852 0.1402
vn 0.0955 0.9858 0.1385
vn 0.0987 0.9851 0.1408
vn 0.7342 0.6736 0.0849
vn 0.7637 0.6393 0.0896
vn 0.5549 0.8250 0.1068
vn 0.6715 0.7299 0.1275
vn 0.5918 0.7689 0.2419
vn 0.5984 0.7935 0.1105
vn 0.3459 0.9298 0.1255
vn 0.4438 0.8868 0.1293
vn 0.4793 0.8665 0.1392
vn 0.4432 0.8838 0.1499
vn 0.1174 0.9832 0.1397
vn 0.0978 0.9852 0.1407
vn 0.0957 0.9853 0.1417
vn 0.0924 0.9850 0.1457
vn 0.2719 0.9513 0.1452
vn 0.2716 0.9516 0.1437
vn 0.2743 0.9512 0.1412
vn 0.2750 0.9502 0.1468
vn 0.2966 0.9444 0.1419
vn 0.1119 -0.0000 0.9937
vn 0.1123 0.0000 0.9937
vn 0.3300 -0.0000 0.9440
vn 0.3310 0.0000 0.9436
vn 0.3296 0.0000 0.9441
vn 0.1122 0.0000 0.9937
vn 0.3301 0.0000 0.9440
vn 0.5317 0.0000 0.8469
vn 0.5327 -0.0000 0.8463
vn 0.5316 0.0000 0.8470
vn 0.7072 -0.0000 0.7070
vn 0.7073 -0.0000 0.7069
vn 0.8469 0.0000 0.5318
vn 0.8467 -0.0000 0.5320
vn 0.8468 0.0000 0.5319
vn 0.8468 0.0000 0.5320
vn 0.9440 -0.0000 0.3300
vn 0.9439 0.0000 0.3303
vn 0.9937 0.0000 0.1120
vn 0.9937 -0.0000 0.1122
vn 0.9937 -0.0000 0.1119
vn 0.0000 0.9896 0.1439
vn 0.0000 0.9896 0.1440
vn -0.0000 0.9896 0.1438
vn 0.0000 0.9343 0.3565
vn 0.0001 0.8349 0.5505
vn 0.0001 0.8346 0.5508
vn 0.0001 0.8348 0.5506
vn 0.0001 0.8348 0.5505
vn 0.0000 0.6949 0.7191
vn 0.0000 0.6952 0.7188
vn 0.0000 0.6951 0.7189
vn 0.0001 0.6951 0.7189
vn 0.0000 0.5215 0.8532
vn 0.0001 0.5224 0.8527
vn 0.0001 0.5219 0.8530
vn 0.0001 0.5213 0.8534
vn 0.0001 0.3238 0.9461
vn 0.0002 0.3225 0.9466
vn 0.0002 0.3227 0.9465
vn 0.0000 0.1093 0.9940
vn -0.0000 0.1090 0.9940
vn 0.0001 0.1094 0.9940
vn 0.9898 0.1040 0.0976
vn 0.8597 0.4176 0.2941
vn 0.1116 0.9886 0.1008
vn 0.9449 0.2410 0.2214
vn 0.9760 0.1981 0.0904
vn 0.7412 0.6291 0.2341
vn 0.9421 0.3233 0.0889
vn 0.8895 0.4299 0.1547
vn 0.8898 0.4293 0.1546
vn 0.8889 0.4305 0.1567
vn 0.9080 0.3491 0.2315
vn 0.8899 0.4300 0.1524
vn 0.5618 0.7968 0.2224
vn 0.8447 0.5246 0.1060
vn 0.7047 0.6963 0.1363
vn 0.7835 0.6027 0.1510
vn 0.7726 0.5950 0.2216
vn 0.5311 0.8368 0.1331
vn 0.6350 0.7634 0.1181
vn 0.6218 0.7564 0.2029
vn 0.3555 0.9187 0.1718
vn 0.1201 0.9833 0.1366
vn 0.1352 0.9817 0.1344
vn 0.3292 0.9364 0.1213
vn 0.3986 0.8967 0.1926
vn 0.4126 0.9046 0.1069
vn 0.1418 0.9853 0.0951
vn 0.6911 0.4167 0.5905
vn 0.1382 0.3203 0.9372
vn 0.3281 0.1239 0.9365
vn 0.4407 0.1742 0.8806
vn 0.4779 0.2656 0.8373
vn 0.1774 0.1768 0.9681
vn 0.7177 0.6124 0.3314
vn 0.6915 0.5755 0.4367
vn 0.1443 0.5162 0.8442
vn 0.1904 0.4368 0.8792
vn 0.4774 0.5064 0.7181
vn 0.4250 0.4028 0.8107
vn 0.5316 0.8447 0.0621
vn 0.7036 0.6992 0.1267
vn 0.7115 0.6843 0.1596
vn 0.6909 0.6812 0.2422
vn 0.1438 0.8258 0.5453
vn 0.1731 0.6843 0.7083
vn 0.1729 0.6845 0.7082
vn 0.1725 0.6845 0.7083
vn 0.1727 0.6842 0.7086
vn 0.4777 0.7000 0.5309
vn 0.4247 0.6287 0.6514
vn 0.1384 0.9254 0.3528
vn 0.3274 0.9318 0.1566
vn 0.4404 0.8739 0.2058
vn 0.1781 0.9613 0.2103
vn 0.1899 0.8638 0.4667
vn 0.4775 0.8277 0.2948
vn 0.4249 0.7964 0.4304
vn 0.9914 -0.0684 0.1115
vn 0.9725 0.1343 0.1903
vn 0.9712 0.0719 0.2272
vn 0.9696 0.0901 0.2277
vn 0.9914 0.1140 -0.0644
vn 0.9964 0.0586 0.0609
vn 0.9695 0.2246 0.0980
vn 0.9725 0.1853 0.1409
vn 0.9712 0.2247 0.0798
vn 0.9712 0.2247 0.0799
vn 0.9758 0.1518 0.1572
vn 0.1111 0.1085 0.9879
vn 0.1122 0.9833 0.1432
vn 0.9390 -0.1016 0.3286
vn 0.8452 0.0595 0.5311
vn 0.8935 0.1358 0.4280
vn 0.8953 0.1702 0.4116
vn 0.8936 0.2590 0.3667
vn 0.8863 0.2058 0.4148
vn 0.5317 0.0329 0.8463
vn 0.7036 0.1025 0.7032
vn 0.7118 0.1362 0.6890
vn 0.9390 0.3319 -0.0903
vn 0.8865 0.3218 0.3325
vn 0.8864 0.3218 0.3327
vn 0.8936 0.3577 0.2713
vn 0.6913 0.2186 0.6887
vn 0.7179 0.3096 0.6235
vn 0.8453 0.5286 0.0779
vn 0.8864 0.4072 0.2200
vn 0.8954 0.4051 0.1847
vn 0.8935 0.4230 0.1505
vn 0.7179 0.4838 0.5005
vn 0.8862 0.4617 0.0388
vn 0.5990 0.7999 0.0364
vn 0.5952 0.8029 0.0328
vn 0.6028 0.7958 0.0577
vn 0.6029 0.7957 0.0579
vn 0.9938 0.1114 0.0041
vn 0.9938 0.1115 0.0040
vn 0.9938 0.1112 0.0038
vn 0.9440 0.3291 0.0224
vn 0.4989 0.8645 0.0604
vn 0.8379 0.5446 0.0367
vn 0.7998 0.5984 0.0477
vn 0.9938 0.1112 0.0042
vn 0.4479 0.8921 0.0596
vn 0.4486 0.8919 0.0569
vn 0.4448 0.8936 0.0607
vn 0.7724 0.6331 0.0505
vn 0.1970 0.9783 0.0643
vn 0.4485 0.8905 0.0762
vn 0.4449 0.8935 0.0611
vn 0.8466 0.5313 0.0315
vn 0.2076 0.9699 0.1273
vn 0.8855 0.4635 0.0320
vn 0.8830 0.4683 0.0310
vn 0.8866 0.4613 0.0324
vn 0.7358 0.6763 0.0339
vn 0.7158 0.6970 0.0433
vn 0.9970 0.0775 0.0035
vn 0.2016 0.9745 0.0987
vn 0.7068 0.7056 0.0504
vn 0.9307 0.3652 0.0191
vn 0.1920 0.9791 0.0672
vn 0.1921 0.9792 0.0651
vn 0.1928 0.9789 0.0678
vn 0.3807 0.9224 0.0650
vn 0.3776 0.9237 0.0646
vn 0.3809 0.9224 0.0643
vn 0.4386 0.8961 0.0686
vn 0.4384 0.8962 0.0681
vn 0.4386 0.8961 0.0685
vn 0.8347 0.5496 0.0337
vn 0.8361 0.5475 0.0339
vn 0.8334 0.5516 0.0339
vn 0.9438 0.3298 0.0209
vn 0.4383 0.8973 0.0525
vn 0.9901 0.1400 -0.0074
vn 0.3837 0.9212 0.0640
vn 0.9655 0.2392 0.1031
vn 0.1892 0.9803 0.0564
vn 0.8818 0.4707 0.0303
vn 0.5778 0.8161 -0.0063
vn 0.5778 0.8162 -0.0065
vn 0.5778 0.8161 -0.0065
vn 0.5323 0.8431 0.0768
vn 0.3295 0.9416 0.0693
vn 0.1119 0.9831 0.1448
vn 0.2075 0.9754 0.0746
vn 0.4388 0.8959 0.0695
vn 0.5617 0.8223 0.0911
vn 0.5779 0.8161 -0.0062
vn 0.9944 0.1054 0.0073
vn 0.9943 0.1063 0.0068
vn 0.9944 0.1056 0.0082
vn 0.9942 0.1071 0.0091
vn 0.9339 0.3571 0.0168
vn 0.7964 0.6036 0.0377
vn 0.7985 0.6008 0.0380
vn 0.7963 0.6037 0.0378
vn 0.5939 0.8045 -0.0018
vn 0.6498 0.7464 0.1439
vn 0.6688 0.7197 0.1862
vn 0.6688 0.7198 0.1862
vn 0.2106 0.9767 0.0420
vn 0.1119 0.9936 -0.0176
vn 0.8369 0.5462 0.0342
vn 0.3300 0.9430 0.0428
vn 0.5326 0.8459 0.0281
vn 0.6153 0.7853 0.0688
vn 0.8452 0.5337 0.0284
vn 0.8430 0.5372 0.0279
vn 0.8466 0.5314 0.0289
vn 0.6183 0.7809 0.0894
vn 0.7656 0.6421 0.0401
vn 0.6191 0.7759 0.1217
vn 0.8875 0.4605 0.0180
vn 0.6214 0.7773 0.0985
vn 0.7988 0.6004 0.0383
vn 0.9942 0.1069 0.0067
vn 0.9942 0.1070 0.0064
vn 0.9942 0.1070 0.0063
vn 0.9943 0.1068 0.0066
vn 0.8416 0.5394 0.0277
vn 0.8057 0.5918 0.0253
vn 0.7071 0.7065 0.0298
vn 0.6000 0.7995 0.0266
vn 0.6042 0.7952 0.0510
vn 0.6031 0.7972 0.0271
vn 0.9970 0.0777 0.0052
vn 0.9957 0.0909 0.0198
vn 0.4974 0.8663 0.0463
vn 0.4935 0.8685 0.0465
vn 0.4969 0.8666 0.0464
vn 0.5005 0.8645 0.0461
vn 0.4466 0.8938 0.0412
vn 0.1995 0.9782 0.0572
vn 0.4512 0.8906 0.0565
vn 0.4529 0.8895 0.0601
vn 0.4476 0.8926 0.0543
vn 0.4507 0.8903 0.0645
vn 0.2063 0.9707 0.1229
vn 0.9490 0.3140 0.0269
vn 0.9937 0.1115 0.0078
vn 0.9937 0.1116 0.0091
vn 0.2024 0.9748 0.0933
vn 0.1957 0.9787 0.0628
vn 0.4409 0.8963 0.0471
vn 0.4387 0.8977 0.0401
vn 0.4389 0.8975 0.0420
vn 0.3797 0.9238 0.0488
vn 0.3824 0.9227 0.0487
vn 0.3852 0.9216 0.0486
vn 0.3767 0.9250 0.0490
vn 0.3785 0.9243 0.0488
vn 0.4397 0.8969 0.0467
vn 0.6653 0.7446 -0.0541
vn 0.6488 0.7608 -0.0146
vn 0.6356 0.7720 0.0086
vn 0.9513 0.3067 0.0304
vn 0.4395 0.8969 0.0498
vn 0.9725 0.2329 0.0070
vn 0.6066 0.7936 0.0472
vn 0.6576 0.7471 0.0968
vn 0.6739 0.7291 0.1195
vn 0.6904 0.7069 0.1534
vn 0.6467 0.7618 0.0375
vn 0.6343 0.7715 0.0502
vn 0.2058 0.9732 0.1026
vn 0.3372 0.9404 0.0441
vn 0.1386 0.9886 0.0588
vn 0.3729 0.9275 0.0256
vn 0.4015 0.9091 0.1108
vn 0.2436 0.9698 0.0083
vn 0.2434 0.9699 0.0085
vn 0.2436 0.9698 0.0081
vn 0.4448 0.8939 0.0549
vn 0.4291 0.9003 0.0727
vn 0.2430 0.9700 0.0091
vn 0.6128 0.7886 0.0512
vn 0.6126 0.7867 0.0761
vn 0.6167 0.7814 0.0951
vn 0.0989 0.9951 -0.0017
vn 0.1019 0.9948 -0.0001
vn 0.0982 0.9952 -0.0019
vn 0.1020 0.9948 -0.0000
vn 0.1023 0.9948 -0.0000
vn 0.1020 0.9948 0.0002
vn 0.2956 0.9553 -0.0007
vn 0.2914 0.9566 0.0012
vn 0.2904 0.9569 0.0022
vn 0.2978 0.9546 -0.0015
vn 0.1008 0.9949 0.0008
vn 0.1000 0.9950 0.0010
vn 0.2972 0.9548 -0.0000
vn 0.2973 0.9548 0.0000
vn 0.2969 0.9549 -0.0005
vn 0.2970 0.9549 -0.0001
vn 0.4736 0.8807 -0.0001
vn 0.4719 0.8816 0.0008
vn 0.4712 0.8820 0.0008
vn 0.2968 0.9550 -0.0002
vn 0.2973 0.9548 0.0001
vn 0.2976 0.9547 0.0002
vn 0.4738 0.8806 -0.0006
vn 0.2959 0.9552 -0.0011
vn 0.2963 0.9551 -0.0008
vn 0.2973 0.9548 -0.0004
vn 0.2953 0.9554 -0.0014
vn 0.4742 0.8804 -0.0001
vn 0.4740 0.8805 -0.0002
vn 0.4741 0.8805 0.0003
vn 0.4743 0.8804 0.0001
vn 0.4741 0.8805 0.0000
vn 0.4743 0.8803 0.0002
vn 0.4737 0.8807 -0.0002
vn 0.4734 0.8808 -0.0003
vn 0.6344 0.7730 0.0004
vn 0.6348 0.7727 0.0006
vn 0.6346 0.7729 0.0005
vn 0.6342 0.7732 0.0002
vn 0.4785 0.8781 -0.0018
vn 0.4751 0.8799 0.0001
vn 0.4740 0.8805 0.0008
vn 0.4796 0.8775 -0.0023
vn 0.6342 0.7731 0.0003
vn 0.6341 0.7733 0.0002
vn 0.6340 0.7733 0.0001
vn 0.6342 0.7732 -0.0003
vn 0.6340 0.7733 -0.0004
vn 0.6345 0.7729 -0.0001
vn 0.6347 0.7728 0.0000
vn 0.7725 0.6350 0.0009
vn 0.7710 0.6368 -0.0000
vn 0.7727 0.6347 0.0009
vn 0.7712 0.6366 -0.0005
vn 0.6428 0.7661 -0.0025
vn 0.6363 0.7714 0.0014
vn 0.6345 0.7729 0.0022
vn 0.6445 0.7646 -0.0038
vn 0.7710 0.6369 0.0001
vn 0.7708 0.6371 -0.0001
vn 0.7707 0.6372 -0.0002
vn 0.7711 0.6367 0.0002
vn 0.7709 0.6370 -0.0001
vn 0.7711 0.6368 0.0000
vn 0.7706 0.6373 -0.0003
vn 0.7704 0.6375 -0.0005
vn 0.8813 0.4726 0.0016
vn 0.8792 0.4764 -0.0005
vn 0.8822 0.4709 0.0019
vn 0.8787 0.4774 -0.0016
vn 0.7709 0.6370 0.0036
vn 0.7837 0.6211 -0.0054
vn 0.8784 0.4780 -0.0001
vn 0.8785 0.4778 -0.0001
vn 0.8785 0.4777 0.0000
vn 0.8783 0.4781 -0.0002
vn 0.8788 0.4773 -0.0004
vn 0.8788 0.4771 -0.0004
vn 0.8786 0.4776 -0.0001
vn 0.8787 0.4774 -0.0005
vn 0.9564 0.2920 0.0017
vn 0.9536 0.3011 -0.0022
vn 0.9544 0.2985 -0.0014
vn 0.9569 0.2903 0.0028
vn 0.9540 0.2999 0.0000
vn 0.9538 0.3005 0.0000
vn 0.8912 0.4535 -0.0069
vn 0.9942 0.1076 0.0007
vn 0.9950 0.0995 -0.0024
vn 0.9952 0.0979 -0.0031
vn 0.9943 0.1069 0.0004
vn 0.9945 0.1045 -0.0001
vn 0.9538 0.3004 -0.0001
vn 0.9537 0.3009 -0.0003
vn 0.9538 0.3003 -0.0004
vn 0.9537 0.3007 -0.0002
vn 0.9821 0.1882 0.0000
vn 0.9636 0.2671 -0.0079
vn 0.9913 0.1318 -0.0001
vn 0.9912 0.1323 -0.0002
vn 0.9913 0.1316 -0.0001
vn 0.9935 0.1136 0.0038
vn 0.9934 0.1144 0.0018
vn 0.9912 0.1321 -0.0001
vn 0.9950 -0.0996 -0.0030
vn 0.9946 -0.1034 0.0002
vn 0.9952 -0.0982 -0.0035
vn 0.9945 -0.1044 -0.0002
vn 0.9942 -0.1078 0.0005
vn 0.9934 -0.1151 0.0018
vn 0.9912 -0.1327 -0.0001
vn 0.9911 -0.1329 -0.0001
vn 0.9540 -0.2999 -0.0015
vn 0.9563 -0.2924 0.0020
vn 0.9572 -0.2893 0.0035
vn 0.9911 -0.1328 -0.0001
vn 0.9532 -0.3022 -0.0027
vn 0.9935 -0.1136 0.0040
vn 0.9819 -0.1893 -0.0001
vn 0.9534 -0.3019 -0.0002
vn 0.9533 -0.3020 -0.0001
vn 0.9533 -0.3021 -0.0001
vn 0.9534 -0.3018 -0.0002
vn 0.8786 -0.4775 -0.0008
vn 0.8812 -0.4728 0.0017
vn 0.8821 -0.4710 0.0021
vn 0.9535 -0.3015 -0.0001
vn 0.9531 -0.3026 0.0003
vn 0.9533 -0.3020 -0.0003
vn 0.9534 -0.3018 -0.0004
vn 0.8782 -0.4783 -0.0018
vn 0.9636 -0.2671 -0.0086
vn 0.8779 -0.4789 -0.0002
vn 0.8779 -0.4788 -0.0002
vn 0.8780 -0.4787 -0.0003
vn 0.8781 -0.4784 -0.0000
vn 0.7706 -0.6373 -0.0003
vn 0.7725 -0.6350 0.0014
vn 0.7727 -0.6348 0.0013
vn 0.8779 -0.4788 -0.0003
vn 0.8782 -0.4783 -0.0001
vn 0.8778 -0.4790 -0.0002
vn 0.8780 -0.4787 -0.0004
vn 0.7701 -0.6379 -0.0007
vn 0.8914 -0.4531 -0.0072
vn 0.7700 -0.6380 -0.0002
vn 0.7699 -0.6382 -0.0001
vn 0.7697 -0.6384 0.0000
vn 0.7701 -0.6379 -0.0003
vn 0.6341 -0.7732 0.0004
vn 0.6340 -0.7734 0.0004
vn 0.6344 -0.7730 0.0007
vn 0.7703 -0.6377 -0.0001
vn 0.7702 -0.6378 -0.0000
vn 0.7701 -0.6379 0.0000
vn 0.7704 -0.6376 -0.0002
vn 0.6341 -0.7732 0.0006
vn 0.7834 -0.6215 -0.0059
vn 0.7699 -0.6381 0.0035
vn 0.6338 -0.7735 0.0000
vn 0.6339 -0.7734 0.0000
vn 0.6337 -0.7736 0.0001
vn 0.6338 -0.7735 -0.0001
vn 0.6337 -0.7736 0.0000
vn 0.6340 -0.7733 -0.0002
vn 0.4722 -0.8815 0.0006
vn 0.4733 -0.8809 0.0000
vn 0.4712 -0.8820 0.0015
vn 0.4737 -0.8807 0.0002
vn 0.6334 -0.7738 0.0023
vn 0.6445 -0.7646 -0.0043
vn 0.4737 -0.8807 0.0001
vn 0.4738 -0.8806 0.0000
vn 0.4739 -0.8806 0.0000
vn 0.4737 -0.8807 -0.0002
vn 0.4739 -0.8806 -0.0003
vn 0.4735 -0.8808 -0.0001
vn 0.2913 -0.9566 0.0013
vn 0.2952 -0.9554 -0.0007
vn 0.2908 -0.9568 0.0020
vn 0.2966 -0.9550 -0.0009
vn 0.4749 -0.8800 0.0003
vn 0.4788 -0.8779 -0.0018
vn 0.4744 -0.8803 0.0003
vn 0.4796 -0.8775 -0.0025
vn 0.2968 -0.9549 -0.0001
vn 0.2967 -0.9550 0.0000
vn 0.2971 -0.9548 -0.0002
vn 0.1018 -0.9948 -0.0003
vn 0.1017 -0.9948 -0.0000
vn 0.0990 -0.9951 -0.0017
vn 0.0984 -0.9951 -0.0022
vn 0.1019 -0.9948 -0.0000
vn 0.2966 -0.9550 0.0000
vn 0.2964 -0.9551 -0.0009
vn 0.2956 -0.9553 -0.0013
vn 0.2966 -0.9550 -0.0006
vn 0.2953 -0.9554 -0.0014
vn 0.1020 -0.9948 0.0002
vn 0.1021 -0.9948 -0.0000
vn 0.1000 -0.9950 0.0010
vn 0.1009 -0.9949 0.0007
vn 0.8778 -0.4790 0.0052
vn 0.9532 -0.3022 0.0061
vn 0.9540 0.2999 0.0059
vn 0.8783 0.4781 0.0049
vn 0.7734 -0.6340 -0.0002
vn 0.7739 -0.6333 -0.0003
vn 0.7725 0.6351 0.0002
vn 0.7726 0.6349 0.0001
vn 0.7729 0.6345 0.0000
vn 0.7727 0.6347 0.0001
vn 0.8772 0.4801 0.0000
vn 0.8768 0.4808 -0.0002
vn 0.1206 0.9927 -0.0000
vn 0.1204 0.9927 -0.0000
vn 0.9270 0.3751 -0.0001
vn 0.3544 0.9351 -0.0079
vn 0.8853 -0.4649 0.0056
vn 0.8807 -0.4737 0.0024
vn 0.8841 -0.4672 0.0045
vn 0.8791 -0.4767 0.0018
vn 0.3219 0.9468 -0.0001
vn 0.3223 0.9467 -0.0001
vn 0.3228 0.9465 -0.0002
vn 0.8770 0.4805 -0.0002
vn 0.7738 -0.6334 -0.0002
vn 0.7725 0.6351 -0.0016
vn 0.3211 0.9471 0.0000
vn 0.7483 0.6633 0.0076
vn 0.3217 0.9468 -0.0000
vn 0.8772 0.4802 -0.0000
vn 0.8769 0.4806 0.0002
vn 0.8772 0.4801 0.0002
vn 0.3223 0.9466 -0.0000
vn 0.5688 -0.8224 -0.0098
vn 0.9710 0.2390 0.0046
vn 0.9655 0.2602 -0.0001
vn 0.9656 0.2599 -0.0001
vn 0.9656 0.2601 -0.0002
vn 0.7738 -0.6334 -0.0016
vn 0.3213 0.9470 -0.0001
vn 0.8772 0.4802 0.0005
vn 0.6416 -0.7670 -0.0000
vn 0.6412 -0.7674 -0.0001
vn 0.6414 -0.7672 -0.0000
vn 0.8773 0.4799 0.0012
vn 0.5684 0.8227 -0.0095
vn 0.6415 -0.7671 -0.0000
vn 0.8856 0.4644 0.0057
vn 0.3224 0.9466 0.0000
vn 0.4862 0.8738 -0.0001
vn 0.4868 0.8735 0.0001
vn 0.4868 0.8735 0.0000
vn 0.9655 0.2603 -0.0001
vn 0.9653 0.2612 0.0001
vn 0.4873 0.8732 -0.0001
vn 0.7483 -0.6633 0.0074
vn 0.9709 0.2393 -0.0046
vn 0.6412 -0.7674 0.0000
vn 0.6416 -0.7671 -0.0001
vn 0.6413 -0.7673 -0.0000
vn 0.9711 -0.2385 0.0041
vn 0.9277 -0.3734 -0.0001
vn 0.3551 0.9348 0.0079
vn 0.4869 -0.8734 0.0001
vn 0.4873 -0.8732 -0.0001
vn 0.4874 -0.8732 -0.0001
vn 0.4866 0.8736 -0.0001
vn 0.4869 0.8734 -0.0002
vn 0.4867 0.8736 -0.0001
vn 0.9661 -0.2581 -0.0001
vn 0.9662 -0.2579 -0.0001
vn 0.9659 -0.2591 -0.0003
vn 0.3546 -0.9350 -0.0080
vn 0.8841 -0.4672 -0.0047
vn 0.8806 -0.4738 -0.0026
vn 0.8852 -0.4652 -0.0055
vn 0.3221 -0.9467 -0.0001
vn 0.3219 -0.9468 -0.0000
vn 0.3213 -0.9470 0.0001
vn 0.9659 -0.2588 0.0000
vn 0.4866 -0.8736 -0.0003
vn 0.3220 -0.9467 -0.0000
vn 0.6404 0.7681 -0.0000
vn 0.6404 0.7680 -0.0000
vn 0.6403 0.7681 -0.0001
vn 0.4868 -0.8735 -0.0001
vn 0.8787 -0.4774 -0.0018
vn 0.6407 0.7678 -0.0001
vn 0.7480 0.6637 -0.0077
vn 0.9663 -0.2576 -0.0002
vn 0.4869 -0.8735 -0.0001
vn 0.5683 -0.8228 0.0099
vn 0.7726 0.6349 0.0011
vn 0.7726 0.6349 0.0012
vn 0.9710 -0.2392 -0.0043
vn 0.9709 -0.2392 -0.0043
vn 0.9275 -0.3738 0.0001
vn 0.6411 0.7675 -0.0001
vn 0.6406 0.7679 -0.0001
vn 0.6398 0.7685 0.0004
vn 0.1206 -0.9927 -0.0000
vn 0.1204 -0.9927 -0.0000
vn 0.3229 -0.9464 0.0001
vn 0.3223 -0.9466 -0.0000
vn 0.3213 -0.9470 -0.0001
vn 0.3222 -0.9467 -0.0000
vn 0.8790 -0.4768 -0.0002
vn 0.3547 -0.9349 0.0078
vn 0.6415 -0.7671 -0.0051
vn 0.4868 -0.8735 -0.0054
vn 0.5686 0.8226 0.0097
vn 0.4859 0.8740 -0.0056
vn 0.6407 0.7678 -0.0050
vn 0.4870 0.8734 0.0055
vn 0.6400 0.7684 0.0050
vn 0.6416 -0.7671 0.0050
vn 0.4862 -0.8738 0.0055
vn 0.7742 -0.6329 0.0014
vn 0.7724 0.6351 0.0002
vn 0.7725 0.6351 -0.0002
vn 0.7480 -0.6637 -0.0080
vn 0.8855 0.4646 -0.0059
vn 0.8773 0.4800 -0.0013
vn -0.0004 0.0001 1.0000
vn -0.0000 0.0006 1.0000
vn 0.9813 0.0043 0.1923
vn 0.9813 0.0062 0.1923
vn 0.9806 0.0127 0.1954
vn 0.6558 0.0733 0.7514
vn 0.6186 0.0231 -0.7854
vn 0.6182 0.0230 -0.7857
vn 0.7551 0.0624 0.6526
vn 0.2764 0.1033 0.9555
vn 0.8858 0.0441 0.4619
vn 0.1672 0.1036 -0.9805
vn 0.8861 0.0136 0.4634
vn 0.8857 0.0134 0.4641
vn 0.8860 0.0137 0.4635
vn 0.8297 0.0164 -0.5579
vn 0.8298 0.0164 -0.5578
vn 0.8297 0.0165 -0.5580
vn 0.8858 0.0135 0.4638
vn 0.8296 0.0166 -0.5581
vn 0.7127 0.0203 0.7012
vn 0.7123 0.0211 0.7016
vn 0.7128 0.0203 0.7011
vn 0.4641 -0.0665 0.8833
vn 0.7114 0.0243 0.7023
vn 0.3589 0.0668 -0.9310
vn 0.7135 0.0276 0.7001
vn 0.1333 0.0875 0.9872
vn 0.0370 -0.0882 0.9954
vn 0.0370 -0.0883 0.9954
vn 0.4639 0.0254 0.8855
vn 0.4641 0.0255 0.8854
vn 0.4640 0.0255 0.8855
vn 0.1890 -0.0854 0.9783
vn 0.5489 0.0106 -0.8358
vn 0.4640 0.0254 0.8854
vn 0.4641 0.0662 0.8833
vn 0.1095 0.0293 0.9936
vn 0.1886 -0.0038 0.9820
vn 0.0377 0.0288 0.9989
vn 0.1886 0.0282 0.9816
vn 0.1889 0.0283 0.9816
vn 0.1882 0.0282 0.9817
vn 0.9510 0.0091 -0.3090
vn 0.9511 0.0091 -0.3088
vn 0.1888 0.0282 0.9816
vn 0.9511 0.0091 -0.3086
vn 0.9981 0.0038 -0.0621
vn 0.9981 0.0009 -0.0612
vn 0.9981 0.0038 -0.0609
vn 0.9981 -0.0007 -0.0613
vn 0.9813 -0.0064 0.1922
vn 0.9813 -0.0043 0.1923
vn 0.9806 -0.0128 0.1955
vn 0.1592 -0.0285 -0.9868
vn 0.1589 -0.0285 -0.9869
vn 0.1586 -0.0285 -0.9869
vn 0.1592 -0.0853 -0.9836
vn 0.4988 0.1836 0.8470
vn 0.6586 0.2203 0.7195
vn 0.2347 0.1374 0.9623
vn 0.1430 0.0854 -0.9860
vn 0.3983 -0.0264 -0.9169
vn 0.3986 -0.0264 -0.9167
vn 0.3986 -0.0264 -0.9168
vn 0.3991 -0.0265 -0.9165
vn 0.3972 0.0894 -0.9134
vn 0.3985 -0.0886 -0.9129
vn 0.8858 -0.0137 0.4639
vn 0.8859 -0.0137 0.4637
vn 0.8859 -0.0138 0.4636
vn 0.8857 -0.0137 0.4641
vn 0.3709 -0.0766 -0.9255
vn 0.7018 0.0674 -0.7092
vn 0.5844 0.0741 -0.8081
vn 0.3698 0.0770 -0.9259
vn 0.6181 0.0928 -0.7806
vn 0.7023 -0.0669 -0.7088
vn 0.6169 -0.0918 -0.7816
vn 0.5849 -0.0736 -0.8078
vn 0.6180 -0.0227 -0.7858
vn 0.6180 -0.0227 -0.7859
vn 0.6181 -0.0227 -0.7858
vn 0.6182 -0.0227 -0.7857
vn 0.2350 -0.1374 0.9622
vn 0.4982 -0.1836 0.8474
vn 0.6591 -0.2201 0.7191
vn 0.8731 0.0465 -0.4852
vn 0.7114 -0.0239 0.7024
vn 0.7131 -0.0207 0.7007
vn 0.7121 -0.0217 0.7018
vn 0.7969 0.0555 -0.6015
vn 0.7978 0.0542 -0.6005
vn 0.7132 -0.0207 0.7007
vn 0.8297 0.0528 -0.5557
vn 0.8297 0.0529 -0.5557
vn 0.9509 0.0296 -0.3080
vn 0.8297 -0.0161 -0.5580
vn 0.8295 -0.0163 -0.5583
vn 0.8297 -0.0159 -0.5580
vn 0.8734 -0.0462 -0.4847
vn 0.9718 0.0226 -0.2346
vn 0.7977 -0.0552 -0.6005
vn 0.9347 0.0327 -0.3540
vn 0.8299 -0.0524 -0.5555
vn 0.8294 -0.0160 -0.5584
vn 0.9982 0.0057 -0.0604
vn 0.4641 -0.0261 0.8854
vn 0.4640 -0.0261 0.8854
vn 0.4638 -0.0261 0.8856
vn 0.9924 -0.0119 0.1228
vn 1.0000 -0.0001 0.0014
vn 0.9927 0.0102 -0.1205
vn 0.9817 -0.0191 0.1895
vn 0.9719 -0.0224 -0.2344
vn 0.8444 -0.0537 0.5331
vn 0.9347 -0.0325 -0.3539
vn 0.9207 -0.0375 0.3885
vn 0.9679 -0.0241 0.2500
vn 0.1676 -0.1037 -0.9804
vn 0.9511 -0.0294 -0.3076
vn 0.1594 0.0285 -0.9868
vn 0.3585 -0.0668 -0.9311
vn 0.1756 0.0290 -0.9840
vn 0.9511 -0.0089 -0.3088
vn 0.9509 -0.0087 -0.3095
vn 0.9511 -0.0089 -0.3089
vn 0.9512 -0.0089 -0.3086
vn 0.0378 -0.0295 0.9988
vn 0.0373 -0.0295 0.9989
vn 0.0379 -0.0295 0.9988
vn 0.0374 -0.0295 0.9989
vn 0.5492 -0.0102 -0.8356
vn 0.1893 -0.0289 0.9815
vn 0.1881 -0.0288 0.9817
vn 0.1889 -0.0289 0.9816
vn 0.9924 0.0118 0.1227
vn 1.0000 0.0001 0.0012
vn 0.9927 -0.0101 -0.1205
vn 0.3986 0.0270 -0.9167
vn 0.3980 0.0270 -0.9170
vn 0.3977 0.0270 -0.9171
vn 0.9981 -0.0028 -0.0614
vn 0.6561 -0.0737 0.7511
vn 0.9981 -0.0038 -0.0613
vn 0.9982 -0.0058 -0.0605
vn 0.7555 -0.0628 0.6522
vn 0.8858 -0.0444 0.4619
vn 0.2795 -0.1038 0.9545
vn 0.8448 0.0534 0.5325
vn 0.7133 -0.0273 0.7003
vn 0.9204 0.0373 0.3892
vn 0.9680 0.0239 0.2499
vn 0.9680 0.0240 0.2499
vn 0.9817 0.0190 0.1895
vn 0.9752 0.0063 -0.2214
vn 0.9751 0.0063 -0.2216
vn 0.6322 0.0225 0.7745
vn 0.6318 0.0226 0.7748
vn 0.6321 0.0225 0.7746
vn 0.8847 0.0435 -0.4642
vn 0.8846 0.0133 -0.4662
vn 0.8846 0.0133 -0.4661
vn 0.7094 -0.0686 -0.7015
vn 0.7094 -0.0685 -0.7014
vn 0.3409 -0.0831 -0.9364
vn 0.7784 0.0586 -0.6251
vn 0.6845 0.0662 -0.7260
vn 0.6842 0.0661 -0.7263
vn 0.5703 0.0703 -0.8184
vn 0.8383 0.0159 0.5450
vn 0.8382 0.0159 0.5452
vn 0.2202 0.1349 0.9661
vn 0.8383 0.0159 0.5449
vn 0.7097 0.0201 -0.7042
vn 0.7096 0.0202 -0.7044
vn 0.7096 0.0202 -0.7043
vn 0.5011 0.1815 0.8461
vn 0.3423 0.0826 -0.9359
vn 0.4540 -0.0884 -0.8866
vn 0.7095 0.0680 -0.7014
vn 0.7096 0.0200 -0.7044
vn 0.4537 0.0253 -0.8908
vn 0.4534 0.0253 -0.8909
vn 0.4541 0.0254 -0.8906
vn 0.9562 0.0085 0.2927
vn 0.9559 0.0085 0.2935
vn 0.9560 0.0085 0.2932
vn 0.4537 0.0876 -0.8868
vn 0.4534 0.0254 -0.8909
vn 0.9560 0.0085 0.2933
vn 0.0189 0.0284 -0.9994
vn 0.0190 0.0285 -0.9994
vn 0.0196 0.0285 -0.9994
vn 0.0202 0.0854 -0.9961
vn 0.0197 0.0285 -0.9994
vn -0.1013 -0.0849 -0.9912
vn 0.1705 0.0281 -0.9850
vn 0.1700 0.0280 -0.9850
vn 0.1703 0.0282 -0.9850
vn 0.1655 -0.0272 -0.9858
vn 0.1704 -0.0223 -0.9851
vn 0.1701 -0.0290 -0.9850
vn 0.1698 0.0280 -0.9851
vn 0.1702 -0.0854 -0.9817
vn 0.1706 0.0848 -0.9817
vn 0.9996 0.0021 0.0275
vn 0.9996 0.0003 0.0275
vn 0.9996 0.0022 0.0276
vn 0.9996 -0.0003 0.0275
vn 0.1387 -0.0282 0.9899
vn 0.1212 -0.0865 0.9888
vn 0.1566 -0.0289 0.9872
vn 0.5293 0.0154 -0.8483
vn 0.3425 0.0693 -0.9370
vn 0.1574 0.1032 -0.9821
vn 0.9751 -0.0066 -0.2217
vn 0.9752 -0.0064 -0.2214
vn 0.3887 -0.0713 0.9186
vn 0.1387 0.0863 0.9866
vn 0.3885 -0.0263 0.9211
vn 0.3883 -0.0263 0.9212
vn 0.3888 -0.0264 0.9209
vn 0.3886 0.0717 0.9186
vn 0.3882 -0.0263 0.9212
vn 0.5314 0.0830 0.8430
vn 0.6701 0.0702 0.7389
vn 0.8847 -0.0136 -0.4660
vn 0.8848 -0.0136 -0.4658
vn 0.8846 -0.0136 -0.4661
vn 0.2090 -0.1054 0.9722
vn 0.5314 -0.0825 0.8431
vn 0.5283 -0.0865 0.8447
vn 0.6697 -0.0697 0.7394
vn 0.6325 0.0420 0.7734
vn 0.2122 0.1060 0.9715
vn 0.7807 0.0616 0.6219
vn 0.7806 0.0617 0.6219
vn 0.6322 -0.0221 0.7745
vn 0.6329 -0.0221 0.7739
vn 0.6327 -0.0222 0.7741
vn 0.8646 0.0477 0.5002
vn 0.9315 0.0345 0.3621
vn 0.6324 -0.0221 0.7744
vn 0.6328 -0.0420 0.7732
vn 0.8377 0.0516 0.5437
vn 0.5294 -0.0155 -0.8482
vn 0.7097 -0.0204 -0.7042
vn 0.7098 -0.0205 -0.7041
vn 0.7096 -0.0204 -0.7043
vn 0.3421 -0.0693 -0.9371
vn 0.7097 -0.0205 -0.7042
vn 0.1578 -0.1031 -0.9821
vn 0.1577 -0.1031 -0.9821
vn 0.9735 0.0218 0.2275
vn 0.9957 0.0088 0.0924
vn 0.7810 -0.0613 0.6216
vn 0.8645 -0.0473 0.5004
vn 0.9317 -0.0343 0.3617
vn 0.9562 0.0288 0.2912
vn 0.9992 -0.0038 -0.0403
vn 0.9864 -0.0156 -0.1636
vn 0.8382 -0.0511 0.5430
vn 0.9620 -0.0246 -0.2719
vn 0.8382 -0.0155 0.5451
vn 0.8383 -0.0153 0.5450
vn 0.8383 -0.0153 0.5451
vn 0.4537 -0.0259 -0.8908
vn 0.4536 -0.0259 -0.8908
vn 0.4532 -0.0259 -0.8910
vn 0.9996 0.0031 0.0275
vn 0.1682 -0.0286 -0.9853
vn 0.4543 -0.0259 -0.8905
vn 0.9561 -0.0284 0.2918
vn 0.9735 -0.0216 0.2276
vn 0.9957 -0.0087 0.0921
vn 0.1386 0.0287 0.9899
vn 0.1387 0.0288 0.9899
vn 0.1393 0.0288 0.9898
vn 0.2207 -0.1349 0.9660
vn 0.1395 0.0288 0.9898
vn 0.9203 -0.0370 -0.3894
vn 0.5012 -0.1816 0.8461
vn 0.8572 -0.0468 -0.5128
vn 0.9559 -0.0084 0.2935
vn 0.9559 -0.0084 0.2936
vn 0.9561 -0.0084 0.2929
vn 0.9560 -0.0084 0.2933
vn 0.9752 -0.0209 -0.2202
vn 0.0201 -0.0282 -0.9994
vn 0.0201 -0.0285 -0.9994
vn 0.1701 -0.0287 -0.9850
vn 0.9996 -0.0021 0.0271
vn 0.9996 -0.0016 0.0272
vn 0.9996 -0.0034 0.0277
vn 0.3880 0.0269 0.9212
vn 0.3883 0.0268 0.9211
vn 0.3884 0.0268 0.9211
vn 0.9992 0.0038 -0.0404
vn 0.9864 0.0156 -0.1636
vn 0.9619 0.0245 -0.2723
vn 0.3881 0.0268 0.9212
vn 0.7779 -0.0591 -0.6256
vn 0.6843 -0.0666 -0.7262
vn 0.5702 -0.0708 -0.8184
vn 0.8846 -0.0437 -0.4644
vn 0.9751 0.0211 -0.2208
vn 0.9751 0.0209 -0.2208
vn 0.9205 0.0368 -0.3891
vn 0.8572 0.0465 -0.5129
vn 0.9607 0.2768 0.0210
vn 0.9606 0.2770 0.0210
vn 0.9806 0.1951 -0.0186
vn 0.9807 0.1950 -0.0166
vn 0.9806 0.1949 -0.0185
vn 0.9596 0.2785 -0.0406
vn 0.9235 0.3825 -0.0303
vn 0.9365 0.3216 -0.1399
vn 0.9439 0.3060 -0.1240
vn 0.9417 0.3248 -0.0878
vn 0.7070 0.7072 -0.0015
vn 0.7071 0.7071 -0.0005
vn 0.7071 0.7071 -0.0009
vn 0.8466 0.5320 -0.0176
vn 0.8468 0.5306 -0.0374
vn 0.9442 0.2681 -0.1915
vn 0.9417 0.2949 -0.1617
vn 0.8498 0.5089 -0.1376
vn 0.8403 0.5364 -0.0784
vn 0.9925 0.0557 -0.1087
vn 0.9440 0.2159 -0.2494
vn 0.9419 0.2483 -0.2260
vn 0.8409 0.5019 -0.2022
vn 0.8499 0.4622 -0.2532
vn 0.7035 0.7087 -0.0538
vn 0.7156 0.6912 -0.1013
vn 0.9441 0.1511 -0.2931
vn 0.9417 0.1883 -0.2788
vn 0.9417 0.1883 -0.2789
vn 0.8500 0.3894 -0.3549
vn 0.8402 0.4412 -0.3153
vn 0.6940 0.6950 -0.1882
vn 0.7155 0.6480 -0.2611
vn 0.3303 0.9438 -0.0106
vn 0.3307 0.9437 -0.0078
vn 0.3305 0.9438 -0.0018
vn 0.5320 0.8466 -0.0154
vn 0.5349 0.8427 -0.0617
vn 0.9440 0.0775 -0.3208
vn 0.9418 0.1172 -0.3151
vn 0.8404 0.3541 -0.4103
vn 0.8499 0.2948 -0.4368
vn 0.7157 0.5680 -0.4063
vn 0.6935 0.6317 -0.3465
vn 0.5492 0.8065 -0.2189
vn 0.5110 0.8504 -0.1255
vn 0.9417 0.0402 -0.3341
vn 0.9438 -0.0003 -0.3305
vn 0.8500 0.1839 -0.4936
vn 0.8405 0.2478 -0.4819
vn 0.7162 0.4562 -0.5281
vn 0.6935 0.5323 -0.4856
vn 0.5491 0.7328 -0.4018
vn 0.5111 0.7971 -0.3215
vn 0.1115 0.9911 -0.0731
vn 0.3240 0.9435 -0.0700
vn 0.3550 0.9249 -0.1357
vn 0.0852 0.9899 -0.1136
vn 0.9925 -0.0557 -0.1087
vn 0.9441 -0.0775 -0.3205
vn 0.9417 -0.0402 -0.3339
vn 0.8403 0.1275 -0.5269
vn 0.8499 0.0628 -0.5232
vn 0.6932 0.4029 -0.5976
vn 0.7157 0.3194 -0.6211
vn 0.5487 0.6178 -0.5633
vn 0.5105 0.6993 -0.5003
vn 0.0884 0.9397 -0.3304
vn 0.3555 0.8668 -0.3496
vn 0.1386 0.9559 -0.2590
vn 0.3023 0.9201 -0.2491
vn 0.9417 -0.1174 -0.3152
vn 0.9441 -0.1511 -0.2931
vn 0.8499 -0.0627 -0.5233
vn 0.8407 0.0000 -0.5415
vn 0.7163 0.1644 -0.6781
vn 0.6937 0.2516 -0.6749
vn 0.5486 0.4679 -0.6928
vn 0.5105 0.5626 -0.6503
vn 0.0917 0.8426 -0.5307
vn 0.1359 0.8683 -0.4770
vn 0.3546 0.7606 -0.5437
vn 0.3024 0.8357 -0.4585
vn 0.9440 -0.2158 -0.2494
vn 0.9418 -0.1878 -0.2788
vn 0.8500 -0.1839 -0.4936
vn 0.8402 -0.1276 -0.5270
vn 0.6939 0.0849 -0.7151
vn 0.7159 0.0005 -0.6982
vn 0.5485 0.2920 -0.7835
vn 0.5106 0.3929 -0.7648
vn 0.0950 0.7032 -0.7046
vn 0.3548 0.6113 -0.7074
vn 0.1327 0.7327 -0.6675
vn 0.3021 0.7044 -0.6423
vn 0.9442 -0.2680 -0.1917
vn 0.9419 -0.2484 -0.2262
vn 0.8498 -0.2949 -0.4368
vn 0.8403 -0.2481 -0.4820
vn 0.7160 -0.1649 -0.6783
vn 0.6936 -0.0853 -0.7153
vn 0.5485 0.0990 -0.8303
vn 0.5101 0.2028 -0.8359
vn 0.3550 0.4275 -0.8314
vn 0.0991 0.5291 -0.8427
vn 0.1283 0.5550 -0.8219
vn 0.3018 0.5334 -0.7902
vn 0.9596 -0.2785 -0.0407
vn 0.9806 -0.1952 -0.0187
vn 0.9806 -0.1949 -0.0185
vn 0.9806 -0.1952 -0.0168
vn 0.9607 -0.2769 0.0212
vn 0.9439 -0.3060 -0.1239
vn 0.9418 -0.2952 -0.1611
vn 0.8403 -0.3547 -0.4100
vn 0.8497 -0.3894 -0.3555
vn 0.6934 -0.2519 -0.6751
vn 0.7153 -0.3197 -0.6213
vn 0.5481 -0.0990 -0.8305
vn 0.5100 0.0000 -0.8602
vn 0.5106 0.0001 -0.8598
vn 0.3023 0.3321 -0.8935
vn 0.1233 0.3461 -0.9301
vn 0.1047 0.3284 -0.9387
vn 0.3548 0.2203 -0.9086
vn 0.9365 -0.3216 -0.1400
vn 0.9235 -0.3825 -0.0303
vn 0.9417 -0.3249 -0.0877
vn 0.8499 -0.4622 -0.2531
vn 0.8402 -0.4411 -0.3154
vn 0.7162 -0.4562 -0.5281
vn 0.6932 -0.4034 -0.5973
vn 0.5103 -0.2024 -0.8358
vn 0.5485 -0.2918 -0.7836
vn 0.3547 0.0000 -0.9350
vn 0.3021 0.1122 -0.9466
vn 0.1154 -0.1143 -0.9867
vn 0.1113 -0.1112 -0.9875
vn 0.1114 -0.1113 -0.9875
vn 0.1148 0.1144 -0.9868
vn 0.1114 0.1113 -0.9875
vn 0.1113 0.1112 -0.9875
vn 0.1177 0.1167 -0.9862
vn 0.8498 -0.5089 -0.1376
vn 0.8404 -0.5026 -0.2028
vn 0.6933 -0.5326 -0.4855
vn 0.7158 -0.5679 -0.4063
vn 0.5487 -0.4676 -0.6930
vn 0.5105 -0.3932 -0.7647
vn 0.1175 -0.1172 -0.9861
vn 0.3020 -0.1129 -0.9466
vn 0.1047 -0.3283 -0.9388
vn 0.3546 -0.2204 -0.9087
vn 0.8465 -0.5321 -0.0173
vn 0.7072 -0.7070 -0.0015
vn 0.7071 -0.7071 -0.0009
vn 0.7071 -0.7071 -0.0004
vn 0.8468 -0.5306 -0.0374
vn 0.8402 -0.5365 -0.0787
vn 0.7155 -0.6480 -0.2611
vn 0.6936 -0.6316 -0.3465
vn 0.5486 -0.6179 -0.5632
vn 0.5107 -0.5623 -0.6504
vn 0.0990 -0.5291 -0.8427
vn 0.3550 -0.4275 -0.8314
vn 0.1234 -0.3460 -0.9301
vn 0.3023 -0.3322 -0.8935
vn 0.7036 -0.7085 -0.0541
vn 0.7157 -0.6910 -0.1013
vn 0.6939 -0.6950 -0.1882
vn 0.5489 -0.7329 -0.4019
vn 0.5104 -0.6994 -0.5003
vn 0.0951 -0.7032 -0.7046
vn 0.1281 -0.5549 -0.8220
vn 0.3549 -0.6113 -0.7073
vn 0.3021 -0.5337 -0.7899
vn 0.5109 -0.7973 -0.3215
vn 0.5493 -0.8065 -0.2185
vn 0.1322 -0.7327 -0.6675
vn 0.0914 -0.8424 -0.5311
vn 0.3546 -0.7605 -0.5439
vn 0.3022 -0.7045 -0.6422
vn 0.5104 -0.8507 -0.1258
vn 0.5321 -0.8465 -0.0154
vn 0.3303 -0.9438 -0.0105
vn 0.3306 -0.9438 -0.0030
vn 0.3307 -0.9437 -0.0079
vn 0.5346 -0.8429 -0.0618
vn 0.1363 -0.8687 -0.4763
vn 0.3022 -0.8357 -0.4585
vn 0.0883 -0.9398 -0.3302
vn 0.3553 -0.8670 -0.3493
vn 0.1384 -0.9558 -0.2596
vn 0.3022 -0.9201 -0.2492
vn 0.1115 -0.9911 -0.0732
vn 0.0853 -0.9899 -0.1136
vn 0.3550 -0.9250 -0.1357
vn 0.3240 -0.9435 -0.0698
vn 0.9902 0.1398 -0.0039
vn 0.9902 0.1396 -0.0021
vn 0.9902 0.1396 -0.0023
vn 0.9726 0.0569 -0.2252
vn 0.9803 0.1958 -0.0257
vn 0.9800 0.1968 -0.0288
vn 0.9825 0.1726 -0.0702
vn 0.9825 0.1517 -0.1081
vn 0.9856 0.1674 -0.0243
vn 0.9838 0.1171 -0.1360
vn 0.9843 0.1320 -0.1175
vn 0.9853 0.0401 -0.1662
vn 0.9827 0.1586 -0.0960
vn 0.9981 0.0277 -0.0543
vn 0.9981 -0.0277 -0.0543
vn 0.9982 -0.0000 -0.0595
vn 0.9858 0.0000 -0.1681
vn 0.9856 -0.0001 -0.1693
vn 0.9853 -0.0402 -0.1663
vn 0.9826 -0.1588 -0.0961
vn 0.9856 0.0000 -0.1688
vn 0.9838 -0.1171 -0.1358
vn 0.9825 -0.1517 -0.1083
vn 0.9825 -0.1726 -0.0703
vn 0.9856 -0.1674 -0.0242
vn 0.9842 -0.1320 -0.1178
vn 0.9902 -0.1398 -0.0041
vn 0.9902 -0.1397 -0.0025
vn 0.9902 -0.1398 -0.0023
vn 0.9803 -0.1959 -0.0256
vn 0.9800 -0.1968 -0.0288
vn 0.9726 -0.0571 -0.2253
vn 0.9916 0.1242 -0.0350
vn 0.9920 0.1041 -0.0709
vn 0.9816 -0.0321 -0.1881
vn 0.9816 0.0321 -0.1881
vn 0.9916 -0.1243 -0.0350
vn 0.9921 -0.1040 -0.0709
vn 0.9950 0.0969 -0.0250
vn 0.9950 0.0968 -0.0251
vn 0.9949 0.0980 -0.0256
vn 0.9996 0.0273 -0.0097
vn 0.9951 0.0959 -0.0236
vn 0.9948 0.0781 -0.0653
vn 0.9948 0.0781 -0.0654
vn 0.9950 0.0702 -0.0706
vn 0.9944 0.0823 -0.0667
vn 0.9972 0.0690 -0.0301
vn 0.9972 0.0691 -0.0304
vn 0.9971 0.0698 -0.0313
vn 0.9972 0.0684 -0.0294
vn 0.9573 -0.1499 -0.2472
vn -0.9849 -0.1590 0.0683
vn 0.9972 -0.0689 -0.0301
vn 0.9971 -0.0700 -0.0312
vn 0.9971 -0.0691 -0.0305
vn 0.9972 -0.0685 -0.0294
vn 0.9573 0.1498 -0.2472
vn -0.9849 0.1591 0.0683
vn 0.9950 -0.0968 -0.0251
vn 0.9949 -0.0979 -0.0256
vn 0.9951 -0.0959 -0.0237
vn 0.9996 -0.0274 -0.0096
vn 0.9996 -0.0275 -0.0097
vn 0.9948 -0.0782 -0.0653
vn 0.9944 -0.0822 -0.0667
vn 0.9950 -0.0701 -0.0706
vn -0.3301 -0.9440 -0.0001
vn -0.3298 -0.9441 0.0001
vn -0.3299 -0.9440 -0.0000
vn -0.1114 -0.9938 0.0000
vn -0.1131 -0.9936 0.0010
vn -0.1120 -0.9937 -0.0092
vn -0.3298 0.9441 0.0001
vn -0.1116 0.9938 0.0000
vn -0.1121 0.9937 -0.0077
vn -0.1123 0.9936 -0.0114
vn -0.5329 0.8462 0.0001
vn -0.5318 0.8469 -0.0049
vn -0.5311 0.8473 -0.0054
vn -0.7076 0.7066 0.0001
vn -0.5326 0.8463 0.0001
vn -0.8468 0.5319 0.0065
vn -0.8468 0.5319 0.0055
vn -0.7072 0.7071 0.0001
vn -0.9237 0.3830 0.0001
vn -0.8468 0.5319 0.0002
vn -0.9902 0.1397 0.0006
vn -0.9807 0.1953 0.0001
vn -0.9807 0.1953 0.0000
vn -0.9610 0.2766 0.0001
vn -0.9610 0.2766 0.0002
vn -0.9438 0.3304 0.0009
vn -0.9951 -0.0985 0.0008
vn -0.9975 -0.0704 0.0005
vn -0.9996 -0.0279 0.0001
vn -0.9996 0.0279 0.0001
vn -0.9975 0.0703 0.0005
vn -0.9948 0.1019 0.0007
vn -0.9941 0.1084 0.0008
vn -0.9951 0.0987 0.0008
vn -0.9937 0.1117 0.0009
vn -0.9610 -0.2766 0.0000
vn -0.9610 -0.2766 0.0001
vn -0.9807 -0.1953 0.0001
vn -0.9902 -0.1398 0.0006
vn -0.9902 -0.1394 0.0005
vn -0.9937 -0.1117 0.0009
vn -0.9440 -0.3301 0.0009
vn -0.8468 -0.5319 0.0002
vn -0.8467 -0.5320 0.0040
vn -0.8469 -0.5317 0.0064
vn -0.7081 -0.7061 0.0001
vn -0.7071 -0.7071 0.0000
vn -0.7073 -0.7069 0.0001
vn -0.7076 -0.7066 0.0001
vn -0.5319 -0.8468 0.0000
vn -0.5299 -0.8481 -0.0019
vn -0.5317 -0.8469 -0.0049
vn 0.3298 0.9441 -0.0000
vn 0.1118 0.9937 -0.0000
vn 0.1117 0.9937 -0.0000
vn 0.1115 -0.9938 0.0000
vn 0.1118 -0.9937 -0.0000
vn 0.1123 -0.9937 0.0000
vn 0.1117 -0.9937 -0.0000
vn 0.5322 -0.8466 -0.0001
vn 0.3301 -0.9439 -0.0000
vn 0.5324 -0.8465 -0.0001
vn 0.8467 -0.5321 -0.0001
vn 0.9237 -0.3832 0.0000
vn 0.8465 -0.5324 -0.0001
vn 0.9902 -0.1395 0.0003
vn 0.9808 -0.1950 -0.0001
vn 0.9610 -0.2764 -0.0002
vn 0.9438 -0.3304 0.0008
vn 0.9952 0.0982 0.0004
vn 0.9975 0.0701 0.0001
vn 0.9996 0.0277 -0.0001
vn 0.9996 -0.0278 -0.0001
vn 0.9975 -0.0700 0.0001
vn 0.9975 -0.0701 0.0003
vn 0.9948 -0.1020 0.0007
vn 0.9941 -0.1081 0.0007
vn 0.9952 -0.0982 0.0005
vn 0.9936 -0.1127 0.0007
vn 0.9613 0.2756 -0.0001
vn 0.9808 0.1950 -0.0001
vn 0.9903 0.1392 0.0002
vn 0.9937 0.1122 0.0008
vn 0.9238 0.3829 -0.0001
vn 0.9438 0.3304 0.0008
vn 0.8465 0.5324 -0.0001
vn 0.8470 0.5316 -0.0001
vn 0.8466 0.5323 -0.0001
vn 0.5323 0.8466 -0.0000
vn 0.5327 0.8463 -0.0001
vn 0.5322 0.8466 0.0000
vn -0.1002 0.9885 -0.1137
vn -0.3302 0.9438 -0.0152
vn -0.1119 0.9936 -0.0129
vn -0.0958 0.9390 -0.3304
vn -0.1275 0.9814 -0.1438
vn -0.0923 0.8427 -0.5303
vn -0.1319 0.9191 -0.3712
vn -0.3349 0.9397 -0.0692
vn -0.3029 0.9430 -0.1376
vn -0.1359 0.8061 -0.5760
vn -0.1356 0.8062 -0.5759
vn -0.0887 0.7036 -0.7051
vn -0.3558 0.9021 -0.2441
vn -0.3023 0.8839 -0.3567
vn -0.7070 0.7070 -0.0161
vn -0.5320 0.8467 -0.0072
vn -0.5271 0.8474 -0.0635
vn -0.0864 0.5297 -0.8438
vn -0.1384 0.6477 -0.7492
vn -0.3023 0.7759 -0.5537
vn -0.3549 0.8197 -0.4495
vn -0.5485 0.8272 -0.1221
vn -0.5106 0.8301 -0.2243
vn -0.0852 0.3286 -0.9406
vn -0.1403 0.4530 -0.8804
vn -0.3551 0.6909 -0.6298
vn -0.3022 0.6233 -0.7212
vn -0.5485 0.7758 -0.3118
vn -0.5104 0.7540 -0.4135
vn -0.7082 0.7042 -0.0507
vn -0.6936 0.7127 -0.1044
vn -0.1424 0.2333 -0.9619
vn -0.0843 0.1116 -0.9902
vn -0.3549 0.5233 -0.7747
vn -0.3022 0.4366 -0.8474
vn -0.5485 0.6802 -0.4863
vn -0.5101 0.6357 -0.5793
vn -0.6940 0.6679 -0.2689
vn -0.7157 0.6740 -0.1830
vn -0.9238 0.3826 -0.0150
vn -0.8467 0.5320 0.0094
vn -0.8451 0.5330 -0.0409
vn -0.0843 -0.1116 -0.9902
vn -0.1424 -0.0000 -0.9898
vn -0.3550 0.3260 -0.8762
vn -0.3025 0.2245 -0.9264
vn -0.5488 0.5465 -0.6326
vn -0.5107 0.4815 -0.7123
vn -0.6934 0.5859 -0.4194
vn -0.7161 0.6122 -0.3352
vn -0.8404 0.5232 -0.1416
vn -0.8499 0.5213 -0.0764
vn -0.9237 0.3791 -0.0559
vn -0.0849 -0.3288 -0.9406
vn -0.1416 -0.2325 -0.9622
vn -0.3018 0.0000 -0.9534
vn -0.3547 0.1109 -0.9284
vn -0.5113 0.2998 -0.8054
vn -0.5491 0.3817 -0.7435
vn -0.7163 0.5158 -0.4700
vn -0.6929 0.4717 -0.5453
vn -0.8499 0.4888 -0.1969
vn -0.8404 0.4753 -0.2605
vn -0.9832 0.1387 -0.1185
vn -0.9806 0.1951 -0.0167
vn -0.9607 0.2769 -0.0182
vn -0.9449 0.3023 -0.1255
vn -0.0866 -0.5299 -0.8437
vn -0.1404 -0.4535 -0.8801
vn -0.3019 -0.2242 -0.9266
vn -0.3545 -0.1105 -0.9285
vn -0.5491 0.1973 -0.8122
vn -0.5107 0.1018 -0.8537
vn -0.6938 0.3294 -0.6405
vn -0.7160 0.3905 -0.5786
vn -0.8499 0.4289 -0.3062
vn -0.8401 0.4010 -0.3652
vn -0.9862 0.1601 -0.0432
vn -0.9440 0.3186 -0.0861
vn -0.9416 0.3123 -0.1256
vn -0.0886 -0.7034 -0.7053
vn -0.1377 -0.6468 -0.7501
vn -0.3552 -0.3262 -0.8760
vn -0.3026 -0.4365 -0.8473
vn -0.5109 -0.1017 -0.8536
vn -0.5492 0.0002 -0.8357
vn -0.6933 0.1698 -0.7004
vn -0.7161 0.2436 -0.6542
vn -0.8406 0.3031 -0.4490
vn -0.8500 0.3442 -0.3988
vn -0.9417 0.2738 -0.1955
vn -0.9441 0.2890 -0.1584
vn -0.0924 -0.8424 -0.5309
vn -0.1356 -0.8063 -0.5758
vn -0.3019 -0.6232 -0.7214
vn -0.3022 -0.6233 -0.7212
vn -0.3547 -0.5230 -0.7750
vn -0.5111 -0.2999 -0.8055
vn -0.5490 -0.1970 -0.8123
vn -0.7159 0.0823 -0.6933
vn -0.6941 0.0000 -0.7198
vn -0.8403 0.1892 -0.5080
vn -0.8501 0.2408 -0.4684
vn -0.9418 0.2199 -0.2543
vn -0.9441 0.2435 -0.2221
vn -0.9442 0.2435 -0.2219
vn -0.0957 -0.9390 -0.3304
vn -0.1322 -0.9194 -0.3705
vn -0.3026 -0.7758 -0.5537
vn -0.3549 -0.6910 -0.6297
vn -0.5490 -0.3820 -0.7434
vn -0.5109 -0.4814 -0.7122
vn -0.6939 -0.1695 -0.6998
vn -0.7159 -0.0823 -0.6933
vn -0.8403 0.0642 -0.5383
vn -0.8502 0.1243 -0.5116
vn -0.9418 0.1537 -0.2991
vn -0.9441 0.1845 -0.2731
vn -0.1002 -0.9885 -0.1137
vn -0.1272 -0.9814 -0.1439
vn -0.1119 -0.9936 -0.0129
vn -0.3302 -0.9438 -0.0151
vn -0.3022 -0.8840 -0.3567
vn -0.3549 -0.8196 -0.4498
vn -0.5488 -0.5463 -0.6328
vn -0.5105 -0.6362 -0.5785
vn -0.6937 -0.3296 -0.6405
vn -0.7160 -0.2439 -0.6541
vn -0.8498 0.0000 -0.5272
vn -0.8403 -0.0644 -0.5383
vn -0.9418 0.0793 -0.3268
vn -0.9441 0.1151 -0.3089
vn -0.3027 -0.9431 -0.1377
vn -0.3349 -0.9397 -0.0694
vn -0.3557 -0.9022 -0.2440
vn -0.5103 -0.7539 -0.4137
vn -0.5103 -0.7540 -0.4136
vn -0.5105 -0.7539 -0.4136
vn -0.5485 -0.6801 -0.4863
vn -0.7158 -0.3905 -0.5789
vn -0.6934 -0.4711 -0.5453
vn -0.8406 -0.1891 -0.5076
vn -0.8501 -0.1240 -0.5118
vn -0.9416 0.0000 -0.3367
vn -0.9441 0.0390 -0.3273
vn -0.5105 -0.8300 -0.2246
vn -0.5490 -0.7754 -0.3121
vn -0.6933 -0.5862 -0.4192
vn -0.7156 -0.5162 -0.4706
vn -0.8405 -0.3031 -0.4490
vn -0.8501 -0.2412 -0.4681
vn -0.9417 -0.0791 -0.3270
vn -0.9441 -0.0389 -0.3274
vn -0.5320 -0.8467 -0.0072
vn -0.7070 -0.7070 -0.0160
vn -0.5272 -0.8473 -0.0636
vn -0.5488 -0.8270 -0.1218
vn -0.6940 -0.6679 -0.2688
vn -0.7161 -0.6122 -0.3352
vn -0.8407 -0.4002 -0.3649
vn -0.8499 -0.3443 -0.3989
vn -0.9418 -0.1539 -0.2990
vn -0.9441 -0.1150 -0.3089
vn -0.7157 -0.6740 -0.1830
vn -0.7082 -0.7042 -0.0506
vn -0.6938 -0.7126 -0.1041
vn -0.6936 -0.7127 -0.1044
vn -0.8404 -0.4754 -0.2603
vn -0.8500 -0.4286 -0.3062
vn -0.9418 -0.2199 -0.2543
vn -0.9441 -0.1846 -0.2733
vn -0.8404 -0.5231 -0.1418
vn -0.8499 -0.4886 -0.1971
vn -0.9417 -0.2738 -0.1954
vn -0.9441 -0.2435 -0.2221
vn -0.9442 -0.2435 -0.2220
vn -0.8499 -0.5214 -0.0761
vn -0.8467 -0.5320 0.0094
vn -0.9238 -0.3827 -0.0148
vn -0.9238 -0.3826 -0.0148
vn -0.9237 -0.3791 -0.0554
vn -0.8452 -0.5330 -0.0404
vn -0.9416 -0.3123 -0.1256
vn -0.9441 -0.2890 -0.1587
vn -0.9862 -0.1600 -0.0432
vn -0.9608 -0.2768 -0.0180
vn -0.9806 -0.1951 -0.0168
vn -0.9449 -0.3023 -0.1256
vn -0.9832 -0.1388 -0.1185
vn -0.9441 -0.3182 -0.0861
vn -0.9821 0.1882 -0.0090
vn -0.9822 0.1650 -0.0900
vn -0.9822 0.1650 -0.0896
vn -0.9822 0.1650 -0.0899
vn -0.9822 0.1649 -0.0904
vn -0.9833 0.1324 -0.1250
vn -0.9831 0.1284 -0.1303
vn -0.9839 0.1283 -0.1243
vn -0.9830 0.1266 -0.1331
vn -0.9841 0.1263 -0.1252
vn -0.9841 0.0996 -0.1473
vn -0.9982 0.0279 -0.0529
vn -0.9854 0.0594 -0.1595
vn -0.9983 0.0104 -0.0573
vn -0.9983 0.0102 -0.0570
vn -0.9851 0.0227 -0.1707
vn -0.9856 0.0300 -0.1665
vn -0.9854 0.0275 -0.1682
vn -0.9852 0.0198 -0.1705
vn -0.9986 -0.0043 -0.0532
vn -0.9984 -0.0085 -0.0563
vn -0.9983 0.0000 -0.0587
vn -0.9858 0.0000 -0.1681
vn -0.9851 -0.0227 -0.1706
vn -0.9852 -0.0203 -0.1704
vn -0.9854 -0.0274 -0.1682
vn -0.9982 -0.0279 -0.0529
vn -0.9855 -0.0301 -0.1668
vn -0.9983 -0.0103 -0.0575
vn -0.9854 -0.0594 -0.1598
vn -0.9841 -0.0994 -0.1472
vn -0.9833 -0.1323 -0.1249
vn -0.9841 -0.1260 -0.1253
vn -0.9839 -0.1283 -0.1243
vn -0.9831 -0.1284 -0.1304
vn -0.9822 -0.1650 -0.0900
vn -0.9822 -0.1649 -0.0905
vn -0.9830 -0.1267 -0.1331
vn -0.9821 -0.1882 -0.0090
vn -0.9821 -0.1881 -0.0091
vn -0.9822 -0.1651 -0.0897
vn -0.9921 0.1215 -0.0319
vn -0.9922 0.1090 -0.0601
vn -0.9921 0.1106 -0.0600
vn -0.9923 0.1075 -0.0608
vn -0.9922 0.1055 -0.0670
vn -0.9920 0.1111 -0.0597
vn -0.9948 0.0769 -0.0661
vn -0.9944 0.0761 -0.0733
vn -0.9944 0.0738 -0.0754
vn -0.9950 0.0770 -0.0629
vn -0.9851 -0.0348 -0.1684
vn -0.9871 0.1054 -0.1207
vn -0.9944 0.0731 -0.0758
vn -0.9871 -0.1054 -0.1207
vn -0.9851 0.0348 -0.1685
vn -0.9950 -0.0754 -0.0658
vn -0.9944 -0.0738 -0.0753
vn -0.9944 -0.0759 -0.0738
vn -0.9944 -0.0730 -0.0761
vn -0.9950 -0.0770 -0.0630
vn -0.9922 -0.1090 -0.0601
vn -0.9922 -0.1057 -0.0667
vn -0.9923 -0.1075 -0.0608
vn -0.9920 -0.1107 -0.0601
vn -0.9921 -0.1215 -0.0319
vn -0.9920 -0.1109 -0.0597
vn -0.9951 0.0962 -0.0238
vn -0.9949 0.0981 -0.0246
vn -0.9951 0.0958 -0.0238
vn -0.9953 0.0946 -0.0214
vn -1.0000 0.0013 -0.0043
vn -1.0000 0.0017 -0.0043
vn -0.9954 0.0841 -0.0461
vn -0.9954 0.0841 -0.0457
vn -0.9954 0.0838 -0.0460
vn -0.9995 0.0306 -0.0103
vn -0.9954 0.0753 -0.0586
vn -0.9973 0.0682 -0.0288
vn -0.9971 0.0700 -0.0306
vn -0.9972 0.0687 -0.0290
vn -0.9974 0.0672 -0.0274
vn -0.9974 0.0507 -0.0503
vn -0.9976 0.0475 -0.0498
vn -0.9976 0.0473 -0.0501
vn -1.0000 0.0023 -0.0039
vn -1.0000 0.0024 -0.0038
vn 0.9575 -0.2646 0.1148
vn -0.9970 0.0211 -0.0744
vn -0.9973 0.0517 -0.0519
vn 0.9576 0.2644 0.1148
vn -0.9970 -0.0211 -0.0743
vn -0.9972 -0.0684 -0.0287
vn -0.9972 -0.0687 -0.0290
vn -0.9971 -0.0700 -0.0305
vn -0.9973 -0.0674 -0.0275
vn -0.9974 -0.0506 -0.0505
vn -0.9976 -0.0473 -0.0503
vn -0.9976 -0.0475 -0.0500
vn -0.9974 -0.0506 -0.0506
vn -1.0000 -0.0037 -0.0033
vn -1.0000 -0.0036 -0.0033
vn -1.0000 -0.0037 -0.0034
vn -0.9954 -0.0752 -0.0586
vn -0.9995 -0.0306 -0.0103
vn -0.9954 -0.0839 -0.0459
vn -0.9955 -0.0833 -0.0457
vn -0.9954 -0.0840 -0.0457
vn -0.9951 -0.0962 -0.0238
vn -0.9951 -0.0958 -0.0238
vn -0.9949 -0.0980 -0.0247
vn -0.9953 -0.0946 -0.0214
vn -1.0000 -0.0026 -0.0048
vn -1.0000 -0.0028 -0.0047
vn -1.0000 -0.0022 -0.0045
vn -0.9954 -0.0841 -0.0459
vn -0.0005 0.0009 1.0000
vn 0.0006 -0.0004 1.0000
vn 0.0009 0.0006 1.0000
vn -0.0002 -0.0007 1.0000
vn 0.0005 0.0002 1.0000
vn 0.2736 -0.9431 0.1888
vn 0.2735 -0.9432 0.1886
vn 0.2737 -0.9431 0.1888
vn 0.0928 -0.9936 0.0640
vn 0.0929 -0.9936 0.0640
vn 0.0927 -0.9936 0.0641
vn 0.2735 -0.9432 0.1887
vn 0.0929 -0.9936 0.0641
vn 0.6635 -0.7046 0.2517
vn 0.6635 -0.7045 0.2519
vn 0.6633 -0.7048 0.2516
vn 0.7044 -0.7046 0.0853
vn 0.7043 -0.7048 0.0849
vn 0.7045 -0.7045 0.0850
vn 0.6635 -0.7045 0.2518
vn 0.7044 -0.7046 0.0854
vn 0.5003 -0.8448 0.1896
vn 0.4998 -0.8452 0.1895
vn 0.4998 -0.8451 0.1896
vn 0.5000 -0.8450 0.1896
vn 0.5308 -0.8450 0.0644
vn 0.5308 -0.8451 0.0643
vn 0.5309 -0.8450 0.0645
vn 0.1055 -0.9936 0.0400
vn 0.1055 -0.9936 0.0401
vn 0.3110 -0.9430 0.1180
vn 0.3106 -0.9432 0.1177
vn 0.3108 -0.9431 0.1183
vn 0.3303 -0.9430 0.0402
vn 0.3291 -0.9434 0.0401
vn 0.3300 -0.9431 0.0399
vn 0.3302 -0.9431 0.0401
vn 0.1122 -0.9936 0.0135
vn 0.1121 -0.9936 0.0135
vn 0.1121 -0.9936 0.0136
vn 0.3105 -0.9433 0.1177
vn 0.9876 -0.1113 0.1111
vn 0.1120 -0.9936 0.0136
vn -0.9876 -0.1108 0.1116
vn -0.9876 -0.1109 0.1113
vn -0.9875 -0.1117 0.1112
vn -0.9875 -0.1112 0.1118
vn -0.9386 -0.3282 0.1060
vn -0.9386 -0.3281 0.1063
vn -0.9386 -0.3283 0.1058
vn -0.9390 -0.3273 0.1060
vn -0.9381 -0.1110 0.3281
vn -0.9379 -0.1113 0.3285
vn -0.9379 -0.1108 0.3286
vn -0.9380 -0.1113 0.3284
vn -0.8429 -0.5296 0.0952
vn -0.8431 -0.5292 0.0955
vn -0.8430 -0.5295 0.0952
vn -0.8429 -0.5297 0.0950
vn -0.8915 -0.3284 0.3121
vn -0.8915 -0.3283 0.3122
vn -0.8915 -0.3284 0.3120
vn -0.7049 -0.7049 0.0794
vn -0.7048 -0.7049 0.0799
vn -0.7048 -0.7049 0.0795
vn -0.7046 -0.7052 0.0794
vn -0.8414 -0.1113 0.5288
vn -0.8414 -0.1112 0.5288
vn -0.8414 -0.1114 0.5288
vn -0.8414 -0.1111 0.5288
vn -0.8006 -0.5299 0.2799
vn -0.8007 -0.5293 0.2807
vn -0.8008 -0.5292 0.2803
vn -0.8007 -0.5295 0.2803
vn -0.5310 -0.8452 0.0599
vn -0.5311 -0.8452 0.0597
vn -0.5311 -0.8452 0.0598
vn -0.5311 -0.8452 0.0599
vn -0.7999 -0.3285 0.5022
vn -0.7996 -0.3284 0.5027
vn -0.7997 -0.3285 0.5026
vn -0.7997 -0.3286 0.5025
vn -0.6695 -0.7049 0.2344
vn -0.6698 -0.7047 0.2341
vn -0.6695 -0.7049 0.2343
vn -0.1147 -0.9933 0.0134
vn -0.1188 -0.9928 0.0143
vn -0.1132 -0.9935 0.0138
vn -0.3303 -0.9431 0.0370
vn -0.3293 -0.9435 0.0372
vn -0.3301 -0.9432 0.0373
vn -0.3299 -0.9433 0.0372
vn -0.1121 -0.9936 0.0127
vn -0.7026 -0.1111 0.7028
vn -0.7026 -0.1113 0.7028
vn -0.7026 -0.1112 0.7028
vn -0.7026 -0.1114 0.7028
vn -0.7182 -0.5295 0.4514
vn -0.7182 -0.5295 0.4515
vn -0.7181 -0.5296 0.4514
vn -0.5043 -0.8453 0.1763
vn -0.5044 -0.8452 0.1765
vn -0.5045 -0.8452 0.1765
vn -0.5044 -0.8452 0.1766
vn -0.5151 -0.2489 0.8202
vn -0.5923 -0.1119 0.7979
vn -0.6677 -0.3282 0.6682
vn -0.6677 -0.3285 0.6680
vn -0.6677 -0.3284 0.6680
vn -0.6678 -0.3282 0.6681
vn -0.6006 -0.7049 0.3774
vn -0.6003 -0.7052 0.3772
vn -0.6004 -0.7050 0.3774
vn -0.6006 -0.7049 0.3773
vn -0.1182 -0.9920 0.0448
vn -0.3134 -0.9433 0.1097
vn -0.3136 -0.9432 0.1099
vn -0.3133 -0.9433 0.1097
vn -0.1008 -0.9943 0.0352
vn -0.5626 -0.3302 0.7579
vn -0.5627 -0.3302 0.7579
vn -0.5627 -0.3301 0.7579
vn -0.5626 -0.3303 0.7579
vn -0.4994 -0.1116 0.8592
vn -0.5998 -0.5295 0.5999
vn -0.5998 -0.5296 0.5998
vn -0.5999 -0.5296 0.5997
vn -0.6000 -0.5297 0.5995
vn -0.4525 -0.8452 0.2844
vn -0.4524 -0.8453 0.2843
vn -0.5048 -0.5318 0.6799
vn -0.5048 -0.5317 0.6800
vn -0.3186 -0.2628 0.9107
vn -0.3916 -0.1122 0.9133
vn -0.4744 -0.3296 0.8163
vn -0.4742 -0.3294 0.8165
vn -0.4742 -0.3294 0.8164
vn -0.4744 -0.3295 0.8163
vn -0.5014 -0.7049 0.5017
vn -0.5014 -0.7050 0.5015
vn -0.5015 -0.7049 0.5017
vn -0.1089 -0.9912 0.0751
vn -0.2810 -0.9433 0.1766
vn -0.2809 -0.9434 0.1763
vn -0.2813 -0.9432 0.1768
vn -0.2812 -0.9433 0.1764
vn -0.0864 -0.9948 0.0545
vn -0.4219 -0.7066 0.5681
vn -0.4215 -0.7069 0.5680
vn -0.4216 -0.7069 0.5679
vn -0.4217 -0.7070 0.5677
vn -0.3725 -0.3299 0.8674
vn -0.3724 -0.3301 0.8674
vn -0.2874 -0.1117 0.9513
vn -0.4258 -0.5308 0.7327
vn -0.4257 -0.5308 0.7328
vn -0.4257 -0.5307 0.7329
vn -0.3779 -0.8452 0.3779
vn -0.3778 -0.8452 0.3780
vn -0.3174 -0.8466 0.4272
vn -0.3173 -0.8466 0.4273
vn -0.3171 -0.8465 0.4275
vn -0.3172 -0.8466 0.4273
vn -0.3341 -0.5317 0.7782
vn -0.3340 -0.5317 0.7783
vn -0.3339 -0.5317 0.7783
vn -0.3341 -0.5317 0.7783
vn -0.1706 -0.1118 0.9790
vn -0.1077 -0.2708 0.9566
vn -0.2733 -0.3293 0.9038
vn -0.2731 -0.3297 0.9037
vn -0.2731 -0.3296 0.9038
vn -0.2728 -0.3297 0.9038
vn -0.3558 -0.7060 0.6124
vn -0.3557 -0.7060 0.6124
vn -0.0912 -0.9905 0.1031
vn -0.2349 -0.9432 0.2350
vn -0.2348 -0.9432 0.2349
vn -0.0698 -0.9951 0.0700
vn -0.2349 -0.9432 0.2349
vn -0.0599 -0.9941 0.0909
vn -0.0601 -0.9940 0.0909
vn -0.0668 -0.9937 0.0898
vn -0.1972 -0.9438 0.2653
vn -0.1969 -0.9438 0.2653
vn -0.1966 -0.9439 0.2654
vn -0.1970 -0.9438 0.2654
vn -0.2791 -0.7069 0.6499
vn -0.2790 -0.7069 0.6499
vn -0.2792 -0.7068 0.6500
vn -0.2789 -0.7069 0.6500
vn -0.1621 -0.3300 0.9300
vn -0.1621 -0.3298 0.9300
vn -0.1621 -0.3301 0.9299
vn -0.0599 -0.1115 0.9920
vn -0.2448 -0.5309 0.8113
vn -0.2448 -0.5311 0.8112
vn -0.2450 -0.5311 0.8111
vn -0.2450 -0.5310 0.8112
vn -0.2678 -0.8460 0.4610
vn -0.2679 -0.8460 0.4609
vn -0.2678 -0.8460 0.4611
vn -0.2681 -0.8460 0.4608
vn -0.2103 -0.8464 0.4893
vn -0.2099 -0.8465 0.4892
vn -0.2101 -0.8464 0.4893
vn -0.2101 -0.8466 0.4891
vn -0.1454 -0.5314 0.8346
vn -0.1452 -0.5313 0.8347
vn -0.1453 -0.5312 0.8347
vn -0.1454 -0.5315 0.8345
vn -0.0568 -0.3297 0.9424
vn -0.0570 -0.3296 0.9424
vn -0.0569 -0.3297 0.9424
vn 0.1077 -0.2707 0.9566
vn 0.0601 -0.1119 0.9919
vn -0.2048 -0.7061 0.6779
vn -0.2047 -0.7064 0.6776
vn -0.2046 -0.7063 0.6777
vn -0.1662 -0.9436 0.2863
vn -0.1663 -0.9436 0.2864
vn -0.1662 -0.9435 0.2866
vn -0.0657 -0.9899 0.1253
vn -0.0564 -0.9937 0.0972
vn -0.1662 -0.9437 0.2860
vn 0.1708 -0.1118 0.9789
vn -0.1304 -0.9438 0.3036
vn -0.1305 -0.9438 0.3036
vn -0.1304 -0.9439 0.3034
vn -0.1304 -0.9438 0.3037
vn -0.0372 -0.9941 0.1021
vn -0.0373 -0.9941 0.1020
vn -0.0442 -0.9937 0.1028
vn -0.1214 -0.7065 0.6972
vn -0.1215 -0.7067 0.6970
vn -0.1219 -0.7067 0.6969
vn -0.1214 -0.7067 0.6970
vn -0.0510 -0.5314 0.8456
vn -0.0512 -0.5313 0.8456
vn -0.0511 -0.5314 0.8456
vn -0.0513 -0.5313 0.8456
vn 0.0572 -0.3295 0.9424
vn 0.0572 -0.3297 0.9423
vn 0.0569 -0.3298 0.9423
vn 0.0571 -0.3296 0.9424
vn -0.1541 -0.8462 0.5101
vn -0.1542 -0.8462 0.5101
vn 0.1623 -0.3299 0.9300
vn 0.1625 -0.3299 0.9299
vn 0.1622 -0.3298 0.9300
vn -0.0915 -0.8465 0.5244
vn -0.0914 -0.8464 0.5247
vn -0.0917 -0.8464 0.5246
vn -0.0427 -0.7065 0.7064
vn -0.0426 -0.7066 0.7063
vn -0.0427 -0.7064 0.7065
vn 0.0513 -0.5313 0.8456
vn 0.0512 -0.5313 0.8456
vn 0.3188 -0.2633 0.9105
vn 0.2874 -0.1120 0.9512
vn -0.0343 -0.9896 0.1398
vn -0.0323 -0.9937 0.1074
vn -0.0957 -0.9436 0.3169
vn -0.0954 -0.9438 0.3164
vn -0.0956 -0.9436 0.3170
vn -0.0956 -0.9437 0.3167
vn 0.3923 -0.1119 0.9130
vn 0.1457 -0.5312 0.8346
vn 0.1455 -0.5315 0.8345
vn 0.1455 -0.5314 0.8345
vn 0.1457 -0.5315 0.8344
vn -0.0127 -0.9941 0.1079
vn -0.0128 -0.9941 0.1081
vn -0.0193 -0.9937 0.1105
vn -0.0562 -0.9437 0.3261
vn -0.0568 -0.9435 0.3264
vn -0.0565 -0.9438 0.3257
vn -0.0565 -0.9436 0.3262
vn -0.0322 -0.8463 0.5317
vn -0.0321 -0.8464 0.5316
vn -0.0320 -0.8463 0.5317
vn -0.0323 -0.8462 0.5318
vn 0.0428 -0.7065 0.7064
vn 0.0422 -0.7065 0.7065
vn 0.0427 -0.7064 0.7065
vn 0.2732 -0.3297 0.9037
vn 0.2732 -0.3296 0.9037
vn 0.2733 -0.3296 0.9037
vn 0.2734 -0.3294 0.9037
vn 0.3725 -0.3301 0.8674
vn 0.3725 -0.3299 0.8674
vn 0.3726 -0.3300 0.8673
vn 0.3728 -0.3298 0.8673
vn 0.1211 -0.7067 0.6971
vn 0.1216 -0.7066 0.6971
vn 0.1214 -0.7067 0.6970
vn 0.0000 -0.9895 0.1448
vn -0.0067 -0.9937 0.1120
vn -0.0202 -0.9438 0.3298
vn -0.0201 -0.9437 0.3301
vn -0.0203 -0.9437 0.3301
vn -0.0200 -0.9438 0.3300
vn 0.0322 -0.8463 0.5317
vn 0.0322 -0.8463 0.5318
vn 0.0321 -0.8463 0.5318
vn 0.2452 -0.5310 0.8111
vn 0.2451 -0.5311 0.8111
vn 0.2450 -0.5310 0.8112
vn 0.2452 -0.5312 0.8110
vn 0.5154 -0.2489 0.8200
vn 0.4994 -0.1116 0.8592
vn 0.5925 -0.1119 0.7978
vn 0.3343 -0.5316 0.7782
vn 0.3343 -0.5317 0.7782
vn 0.3343 -0.5318 0.7781
vn 0.0915 -0.8464 0.5246
vn 0.0915 -0.8463 0.5248
vn 0.0916 -0.8464 0.5246
vn 0.0914 -0.8466 0.5244
vn 0.0126 -0.9941 0.1080
vn 0.0068 -0.9937 0.1121
vn 0.0203 -0.9438 0.3299
vn 0.0201 -0.9438 0.3298
vn 0.0202 -0.9438 0.3299
vn 0.0201 -0.9437 0.3303
vn 0.2049 -0.7062 0.6777
vn 0.2048 -0.7063 0.6776
vn 0.4745 -0.3295 0.8163
vn 0.4745 -0.3294 0.8163
vn 0.4747 -0.3295 0.8161
vn 0.4746 -0.3294 0.8162
vn 0.5628 -0.3300 0.7579
vn 0.5628 -0.3302 0.7578
vn 0.5628 -0.3299 0.7579
vn 0.5628 -0.3301 0.7578
vn 0.2792 -0.7068 0.6500
vn 0.2792 -0.7069 0.6499
vn 0.2791 -0.7068 0.6500
vn 0.0567 -0.9437 0.3260
vn 0.0567 -0.9437 0.3259
vn 0.0568 -0.9437 0.3259
vn 0.0343 -0.9896 0.1396
vn 0.0192 -0.9937 0.1105
vn 0.1542 -0.8461 0.5103
vn 0.1544 -0.8461 0.5102
vn 0.1543 -0.8460 0.5104
vn 0.4262 -0.5307 0.7326
vn 0.4259 -0.5308 0.7327
vn 0.4260 -0.5308 0.7327
vn 0.4259 -0.5309 0.7327
vn 0.6888 -0.2268 0.6886
vn 0.6844 -0.1116 0.7205
vn 0.5050 -0.5320 0.6796
vn 0.5049 -0.5318 0.6798
vn 0.5049 -0.5318 0.6799
vn 0.5050 -0.5319 0.6797
vn 0.2101 -0.8466 0.4891
vn 0.2099 -0.8465 0.4892
vn 0.2102 -0.8465 0.4891
vn 0.0956 -0.9437 0.3166
vn 0.0957 -0.9435 0.3171
vn 0.0957 -0.9438 0.3165
vn 0.0371 -0.9941 0.1020
vn 0.0375 -0.9941 0.1021
vn 0.0325 -0.9937 0.1074
vn 0.0957 -0.9437 0.3168
vn 0.3560 -0.7058 0.6125
vn 0.3559 -0.7061 0.6122
vn 0.3555 -0.7059 0.6127
vn 0.6504 -0.3292 0.6846
vn 0.6502 -0.3291 0.6848
vn 0.6502 -0.3290 0.6848
vn 0.6503 -0.3292 0.6847
vn 0.4217 -0.7069 0.5678
vn 0.4217 -0.7068 0.5680
vn 0.4216 -0.7070 0.5678
vn 0.4218 -0.7069 0.5677
vn 0.0657 -0.9899 0.1253
vn 0.1303 -0.9438 0.3037
vn 0.1303 -0.9439 0.3035
vn 0.1305 -0.9438 0.3037
vn 0.0443 -0.9937 0.1030
vn 0.1304 -0.9439 0.3035
vn 0.2679 -0.8460 0.4610
vn 0.2679 -0.8461 0.4609
vn 0.2679 -0.8460 0.4609
vn 0.5837 -0.5304 0.6148
vn 0.5836 -0.5306 0.6147
vn 0.5837 -0.5306 0.6146
vn 0.8229 0.0204 0.5679
vn 0.8303 -0.1965 0.5215
vn 0.3174 -0.8466 0.4273
vn 0.3173 -0.8466 0.4274
vn 0.3173 -0.8466 0.4273
vn 0.0598 -0.9941 0.0908
vn 0.0601 -0.9941 0.0907
vn 0.0564 -0.9937 0.0970
vn 0.1665 -0.9436 0.2861
vn 0.1664 -0.9437 0.2861
vn 0.1664 -0.9436 0.2863
vn 0.1667 -0.9435 0.2863
vn 0.4878 -0.7060 0.5135
vn 0.4879 -0.7058 0.5136
vn 0.4878 -0.7058 0.5136
vn 0.7775 -0.3280 0.5366
vn 0.7777 -0.3281 0.5362
vn 0.7774 -0.3279 0.5368
vn 0.7774 -0.3281 0.5366
vn 0.0913 -0.9905 0.1031
vn 0.0669 -0.9937 0.0901
vn 0.1971 -0.9438 0.2654
vn 0.1971 -0.9438 0.2653
vn 0.1970 -0.9438 0.2653
vn 0.1972 -0.9438 0.2653
vn 0.3673 -0.8458 0.3869
vn 0.3672 -0.8459 0.3867
vn 0.3672 -0.8459 0.3868
vn 0.3674 -0.8458 0.3868
vn 0.6983 -0.5293 0.4819
vn 0.6984 -0.5292 0.4819
vn 0.6986 -0.5290 0.4818
vn 0.9321 -0.1582 0.3258
vn 0.9909 -0.0595 0.1205
vn 0.9349 -0.0157 0.3545
vn 0.2282 -0.9435 0.2402
vn 0.2282 -0.9435 0.2401
vn 0.2282 -0.9435 0.2403
vn 0.0774 -0.9937 0.0814
vn 0.5841 -0.7045 0.4030
vn 0.5839 -0.7046 0.4032
vn 0.5841 -0.7045 0.4031
vn 0.5840 -0.7047 0.4030
vn 0.9377 -0.3280 0.1142
vn 0.9378 -0.3279 0.1139
vn 0.9378 -0.3281 0.1138
vn 0.9378 -0.3280 0.1139
vn 0.8833 -0.3282 0.3347
vn 0.8833 -0.3281 0.3349
vn 0.8834 -0.3280 0.3347
vn 0.8832 -0.3283 0.3349
vn 0.4401 -0.8449 0.3040
vn 0.4401 -0.8450 0.3038
vn 0.4402 -0.8449 0.3040
vn 0.4400 -0.8450 0.3038
vn 0.8424 -0.5290 0.1024
vn 0.8423 -0.5292 0.1022
vn 0.8423 -0.5292 0.1023
vn 0.8422 -0.5293 0.1025
vn 0.7933 -0.5291 0.3012
vn 0.7934 -0.5292 0.3008
vn 0.7932 -0.5295 0.3007
vn 0.7933 -0.5293 0.3008
vn -0.2733 0.9431 0.1892
vn -0.2735 0.9432 0.1887
vn -0.2735 0.9431 0.1889
vn -0.0928 0.9936 0.0640
vn -0.0927 0.9936 0.0641
vn -0.0929 0.9936 0.0640
vn -0.2736 0.9431 0.1887
vn -0.6632 0.7048 0.2517
vn -0.6632 0.7047 0.2519
vn -0.6634 0.7046 0.2519
vn -0.7044 0.7047 0.0849
vn -0.7043 0.7048 0.0851
vn -0.7044 0.7046 0.0856
vn -0.6637 0.7044 0.2518
vn -0.7044 0.7046 0.0857
vn -0.5000 0.8450 0.1896
vn -0.4999 0.8451 0.1896
vn -0.5000 0.8450 0.1897
vn -0.5001 0.8449 0.1897
vn -0.5308 0.8450 0.0645
vn -0.5309 0.8450 0.0646
vn -0.5308 0.8450 0.0646
vn -0.1055 0.9936 0.0401
vn -0.1056 0.9936 0.0400
vn -0.1057 0.9936 0.0400
vn -0.3110 0.9430 0.1183
vn -0.3106 0.9432 0.1181
vn -0.3112 0.9429 0.1184
vn -0.3292 0.9434 0.0395
vn -0.3297 0.9432 0.0401
vn -0.3299 0.9432 0.0401
vn -0.3294 0.9434 0.0395
vn -0.1121 0.9936 0.0136
vn -0.1120 0.9936 0.0136
vn -0.1053 0.9936 0.0400
vn -0.3114 0.9429 0.1181
vn -0.9875 0.1113 0.1114
vn 0.9875 0.1113 0.1112
vn 0.9875 0.1114 0.1112
vn 0.9875 0.1113 0.1113
vn 0.9876 0.1112 0.1112
vn 0.9386 0.3285 0.1057
vn 0.9386 0.3283 0.1058
vn 0.9386 0.3284 0.1056
vn 0.9387 0.3283 0.1055
vn 0.9381 0.1112 0.3281
vn 0.9381 0.1112 0.3280
vn 0.9380 0.1113 0.3283
vn 0.8431 0.5293 0.0948
vn 0.8429 0.5296 0.0949
vn 0.8430 0.5294 0.0952
vn 0.8915 0.3284 0.3120
vn 0.8915 0.3285 0.3119
vn 0.8915 0.3284 0.3119
vn 0.7049 0.7049 0.0795
vn 0.7050 0.7048 0.0793
vn 0.7048 0.7050 0.0793
vn 0.7049 0.7049 0.0792
vn 0.8415 0.1113 0.5287
vn 0.8415 0.1112 0.5287
vn 0.8415 0.1113 0.5286
vn 0.8416 0.1112 0.5286
vn 0.8007 0.5295 0.2800
vn 0.8006 0.5297 0.2801
vn 0.8009 0.5294 0.2800
vn 0.8007 0.5295 0.2801
vn 0.5311 0.8452 0.0596
vn 0.5309 0.8453 0.0597
vn 0.5311 0.8452 0.0595
vn 0.5310 0.8453 0.0596
vn 0.7999 0.3284 0.5024
vn 0.7997 0.3286 0.5024
vn 0.7998 0.3283 0.5025
vn 0.7997 0.3282 0.5027
vn 0.6696 0.7048 0.2343
vn 0.6692 0.7052 0.2343
vn 0.6696 0.7048 0.2342
vn 0.6694 0.7050 0.2343
vn 0.1146 0.9933 0.0134
vn 0.1189 0.9928 0.0144
vn 0.1132 0.9935 0.0137
vn 0.3305 0.9431 0.0370
vn 0.3299 0.9433 0.0371
vn 0.3310 0.9429 0.0367
vn 0.3298 0.9433 0.0371
vn 0.1119 0.9936 0.0126
vn 0.7029 0.1113 0.7026
vn 0.7028 0.1113 0.7026
vn 0.7183 0.5295 0.4514
vn 0.7184 0.5294 0.4512
vn 0.7181 0.5298 0.4512
vn 0.7182 0.5297 0.4513
vn 0.5044 0.8452 0.1765
vn 0.5044 0.8453 0.1763
vn 0.5043 0.8453 0.1763
vn 0.5045 0.8452 0.1764
vn 0.5154 0.2488 0.8200
vn 0.5154 0.2489 0.8200
vn 0.5924 0.1119 0.7978
vn 0.6680 0.3282 0.6679
vn 0.6680 0.3283 0.6678
vn 0.6679 0.3289 0.6676
vn 0.6681 0.3283 0.6678
vn 0.6006 0.7048 0.3775
vn 0.6007 0.7048 0.3773
vn 0.6010 0.7046 0.3773
vn 0.6004 0.7051 0.3773
vn 0.1182 0.9920 0.0447
vn 0.3132 0.9433 0.1100
vn 0.3133 0.9433 0.1099
vn 0.3142 0.9430 0.1098
vn 0.1007 0.9943 0.0352
vn 0.3139 0.9431 0.1100
vn 0.5628 0.3302 0.7578
vn 0.5627 0.3301 0.7579
vn 0.4994 0.1116 0.8591
vn 0.5998 0.5297 0.5998
vn 0.5998 0.5295 0.5999
vn 0.6000 0.5297 0.5995
vn 0.5999 0.5295 0.5998
vn 0.4524 0.8452 0.2844
vn 0.4524 0.8453 0.2841
vn 0.4525 0.8453 0.2842
vn 0.5050 0.5318 0.6798
vn 0.5049 0.5318 0.6799
vn 0.5051 0.5317 0.6798
vn 0.3187 0.2635 0.9105
vn 0.3923 0.1119 0.9130
vn 0.4745 0.3294 0.8163
vn 0.4747 0.3294 0.8162
vn 0.5016 0.7049 0.5015
vn 0.5018 0.7047 0.5015
vn 0.5017 0.7049 0.5013
vn 0.1089 0.9912 0.0752
vn 0.2811 0.9433 0.1765
vn 0.2814 0.9431 0.1769
vn 0.2813 0.9432 0.1767
vn 0.2811 0.9433 0.1766
vn 0.0865 0.9948 0.0543
vn 0.4215 0.7071 0.5677
vn 0.4217 0.7069 0.5679
vn 0.4216 0.7070 0.5678
vn 0.4217 0.7069 0.5678
vn 0.3725 0.3299 0.8674
vn 0.3728 0.3298 0.8673
vn 0.3726 0.3298 0.8674
vn 0.3725 0.3301 0.8673
vn 0.2872 0.1118 0.9513
vn 0.4260 0.5309 0.7326
vn 0.4257 0.5307 0.7329
vn 0.4260 0.5308 0.7326
vn 0.4259 0.5308 0.7327
vn 0.3778 0.8452 0.3779
vn 0.3779 0.8453 0.3778
vn 0.3779 0.8452 0.3779
vn 0.3778 0.8453 0.3778
vn 0.3174 0.8466 0.4273
vn 0.3172 0.8466 0.4273
vn 0.3173 0.8465 0.4274
vn 0.3344 0.5316 0.7782
vn 0.3342 0.5318 0.7781
vn 0.3342 0.5317 0.7782
vn 0.1709 0.1118 0.9789
vn 0.1707 0.1118 0.9790
vn 0.1078 0.2707 0.9566
vn 0.1078 0.2706 0.9566
vn 0.2730 0.3295 0.9038
vn 0.2733 0.3296 0.9037
vn 0.2732 0.3295 0.9038
vn 0.3559 0.7061 0.6122
vn 0.3560 0.7060 0.6122
vn 0.3561 0.7060 0.6122
vn 0.0913 0.9905 0.1031
vn 0.2352 0.9431 0.2351
vn 0.2349 0.9432 0.2350
vn 0.2347 0.9433 0.2347
vn 0.0701 0.9951 0.0699
vn 0.2351 0.9432 0.2349
vn 0.0599 0.9941 0.0908
vn 0.0601 0.9941 0.0906
vn 0.0668 0.9937 0.0899
vn 0.1969 0.9438 0.2654
vn 0.1969 0.9438 0.2653
vn 0.1971 0.9437 0.2656
vn 0.1971 0.9438 0.2654
vn 0.2793 0.7068 0.6500
vn 0.2793 0.7068 0.6499
vn 0.2794 0.7067 0.6500
vn 0.2792 0.7068 0.6500
vn 0.1622 0.3299 0.9300
vn 0.1622 0.3300 0.9299
vn 0.1623 0.3301 0.9299
vn 0.0601 0.1120 0.9919
vn 0.2452 0.5309 0.8112
vn 0.2450 0.5312 0.8111
vn 0.2451 0.5310 0.8111
vn 0.2452 0.5310 0.8111
vn 0.2680 0.8461 0.4608
vn 0.2679 0.8460 0.4609
vn 0.2680 0.8460 0.4609
vn 0.2681 0.8460 0.4609
vn 0.2101 0.8465 0.4891
vn 0.2101 0.8465 0.4892
vn 0.2102 0.8465 0.4890
vn 0.2102 0.8465 0.4891
vn 0.1456 0.5316 0.8344
vn 0.1455 0.5314 0.8345
vn 0.1457 0.5316 0.8344
vn 0.0577 0.3298 0.9423
vn 0.0572 0.3298 0.9423
vn 0.0571 0.3297 0.9424
vn 0.0575 0.3295 0.9424
vn -0.1077 0.2709 0.9566
vn -0.0600 0.1117 0.9919
vn 0.2049 0.7063 0.6776
vn 0.2048 0.7062 0.6778
vn 0.2048 0.7064 0.6775
vn 0.2048 0.7063 0.6777
vn 0.1664 0.9435 0.2865
vn 0.1663 0.9437 0.2861
vn 0.1664 0.9436 0.2862
vn 0.0657 0.9899 0.1253
vn 0.0563 0.9937 0.0970
vn 0.1664 0.9436 0.2861
vn -0.1707 0.1118 0.9790
vn 0.1304 0.9438 0.3037
vn 0.1306 0.9438 0.3036
vn 0.1304 0.9438 0.3036
vn 0.1303 0.9438 0.3037
vn 0.0372 0.9941 0.1021
vn 0.0373 0.9941 0.1021
vn 0.0442 0.9937 0.1029
vn 0.1217 0.7065 0.6972
vn 0.1218 0.7064 0.6972
vn 0.1216 0.7067 0.6970
vn 0.1215 0.7067 0.6970
vn 0.0513 0.5315 0.8455
vn 0.0512 0.5314 0.8456
vn 0.0513 0.5314 0.8456
vn -0.0569 0.3299 0.9423
vn -0.0570 0.3295 0.9424
vn -0.0571 0.3297 0.9424
vn -0.0570 0.3297 0.9424
vn 0.1543 0.8461 0.5102
vn 0.1542 0.8461 0.5103
vn 0.1543 0.8462 0.5101
vn -0.1621 0.3298 0.9300
vn -0.1620 0.3298 0.9300
vn -0.1624 0.3300 0.9299
vn -0.1620 0.3299 0.9300
vn 0.0916 0.8465 0.5245
vn 0.0916 0.8464 0.5246
vn 0.0915 0.8465 0.5244
vn 0.0429 0.7065 0.7064
vn 0.0429 0.7063 0.7066
vn 0.0428 0.7066 0.7063
vn 0.0427 0.7064 0.7065
vn -0.0510 0.5314 0.8456
vn -0.0509 0.5314 0.8456
vn -0.0512 0.5313 0.8456
vn -0.3185 0.2633 0.9106
vn -0.2875 0.1118 0.9512
vn 0.0343 0.9896 0.1398
vn 0.0326 0.9937 0.1073
vn 0.0959 0.9436 0.3168
vn 0.0956 0.9437 0.3167
vn 0.0957 0.9437 0.3166
vn -0.3916 0.1122 0.9133
vn -0.1450 0.5313 0.8347
vn -0.1452 0.5315 0.8345
vn -0.1453 0.5314 0.8346
vn -0.1453 0.5318 0.8343
vn 0.0126 0.9941 0.1080
vn 0.0191 0.9937 0.1104
vn 0.0570 0.9437 0.3260
vn 0.0566 0.9438 0.3257
vn 0.0568 0.9437 0.3258
vn 0.0569 0.9438 0.3256
vn 0.0322 0.8463 0.5317
vn 0.0321 0.8464 0.5316
vn 0.0322 0.8464 0.5316
vn -0.0427 0.7067 0.7062
vn -0.0425 0.7065 0.7064
vn -0.0426 0.7064 0.7065
vn -0.0427 0.7066 0.7063
vn -0.2731 0.3297 0.9037
vn -0.2730 0.3296 0.9038
vn -0.2731 0.3296 0.9038
vn -0.2731 0.3296 0.9037
vn -0.3725 0.3301 0.8673
vn -0.3723 0.3301 0.8674
vn -0.3726 0.3303 0.8672
vn -0.1211 0.7067 0.6971
vn -0.1214 0.7067 0.6970
vn -0.1214 0.7066 0.6971
vn -0.0001 0.9895 0.1447
vn 0.0068 0.9937 0.1121
vn 0.0203 0.9435 0.3308
vn 0.0198 0.9437 0.3303
vn 0.0205 0.9438 0.3298
vn 0.0200 0.9437 0.3302
vn -0.0323 0.8463 0.5317
vn -0.0322 0.8463 0.5318
vn -0.0319 0.8463 0.5318
vn -0.2450 0.5312 0.8110
vn -0.2450 0.5309 0.8112
vn -0.2454 0.5312 0.8109
vn -0.5151 0.2489 0.8202
vn -0.4993 0.1115 0.8592
vn -0.5924 0.1119 0.7979
vn -0.3341 0.5316 0.7783
vn -0.3340 0.5317 0.7783
vn -0.3341 0.5317 0.7783
vn -0.0914 0.8465 0.5245
vn -0.0914 0.8464 0.5246
vn -0.0913 0.8465 0.5245
vn -0.0914 0.8464 0.5247
vn -0.0126 0.9941 0.1080
vn -0.0127 0.9941 0.1079
vn -0.0067 0.9937 0.1120
vn -0.0202 0.9439 0.3297
vn -0.0199 0.9437 0.3303
vn -0.0200 0.9437 0.3301
vn -0.0201 0.9438 0.3300
vn -0.2047 0.7063 0.6777
vn -0.2046 0.7063 0.6777
vn -0.2046 0.7062 0.6778
vn -0.2048 0.7061 0.6778
vn -0.4744 0.3294 0.8164
vn -0.4743 0.3295 0.8164
vn -0.4744 0.3293 0.8164
vn -0.4744 0.3297 0.8162
vn -0.5625 0.3303 0.7580
vn -0.5626 0.3301 0.7579
vn -0.5626 0.3302 0.7579
vn -0.5626 0.3301 0.7580
vn -0.2792 0.7068 0.6500
vn -0.2791 0.7068 0.6500
vn -0.2792 0.7069 0.6499
vn -0.0569 0.9437 0.3259
vn -0.0564 0.9437 0.3259
vn -0.0565 0.9437 0.3259
vn -0.0343 0.9896 0.1398
vn -0.0192 0.9937 0.1104
vn -0.0568 0.9437 0.3258
vn -0.1541 0.8463 0.5100
vn -0.1544 0.8461 0.5102
vn -0.1542 0.8461 0.5102
vn -0.1539 0.8462 0.5102
vn -0.4257 0.5310 0.7327
vn -0.4257 0.5308 0.7328
vn -0.4258 0.5308 0.7328
vn -0.6885 0.2268 0.6888
vn -0.6842 0.1116 0.7207
vn -0.5048 0.5318 0.6800
vn -0.5049 0.5317 0.6800
vn -0.5048 0.5319 0.6799
vn -0.2100 0.8466 0.4891
vn -0.2101 0.8464 0.4893
vn -0.2099 0.8465 0.4892
vn -0.2101 0.8466 0.4890
vn -0.0957 0.9437 0.3166
vn -0.0956 0.9436 0.3169
vn -0.0372 0.9941 0.1021
vn -0.0373 0.9941 0.1020
vn -0.0325 0.9937 0.1074
vn -0.0956 0.9438 0.3165
vn -0.3557 0.7059 0.6125
vn -0.3557 0.7060 0.6124
vn -0.3558 0.7062 0.6122
vn -0.3556 0.7061 0.6123
vn -0.6502 0.3290 0.6848
vn -0.6498 0.3297 0.6848
vn -0.6501 0.3290 0.6850
vn -0.6501 0.3292 0.6849
vn -0.4216 0.7069 0.5679
vn -0.4214 0.7071 0.5679
vn -0.4215 0.7069 0.5680
vn -0.4216 0.7069 0.5680
vn -0.0657 0.9899 0.1253
vn -0.1303 0.9438 0.3036
vn -0.1305 0.9438 0.3036
vn -0.1304 0.9438 0.3037
vn -0.0442 0.9937 0.1030
vn -0.2679 0.8460 0.4610
vn -0.2678 0.8459 0.4612
vn -0.2676 0.8460 0.4611
vn -0.5836 0.5307 0.6146
vn -0.5834 0.5308 0.6148
vn -0.5834 0.5307 0.6148
vn -0.5835 0.5305 0.6148
vn -0.8228 -0.0206 0.5680
vn -0.8302 0.1965 0.5217
vn -0.8301 0.1965 0.5218
vn -0.3173 0.8466 0.4273
vn -0.3172 0.8466 0.4274
vn -0.3173 0.8466 0.4274
vn -0.0599 0.9941 0.0908
vn -0.0601 0.9941 0.0906
vn -0.0565 0.9937 0.0970
vn -0.1663 0.9435 0.2866
vn -0.1662 0.9436 0.2863
vn -0.1660 0.9435 0.2867
vn -0.1667 0.9436 0.2862
vn -0.4878 0.7058 0.5138
vn -0.4876 0.7058 0.5139
vn -0.4877 0.7058 0.5138
vn -0.7775 0.3280 0.5365
vn -0.7774 0.3281 0.5366
vn -0.7775 0.3280 0.5366
vn -0.7774 0.3280 0.5367
vn -0.0912 0.9905 0.1030
vn -0.0912 0.9905 0.1031
vn -0.0670 0.9937 0.0899
vn -0.1970 0.9438 0.2654
vn -0.1970 0.9439 0.2652
vn -0.1969 0.9438 0.2654
vn -0.1976 0.9438 0.2651
vn -0.3674 0.8458 0.3867
vn -0.3674 0.8458 0.3869
vn -0.3674 0.8458 0.3868
vn -0.6982 0.5291 0.4823
vn -0.6982 0.5292 0.4821
vn -0.6983 0.5291 0.4821
vn -0.6982 0.5294 0.4820
vn -0.9320 0.1581 0.3262
vn -0.9909 0.0597 0.1204
vn -0.9349 0.0157 0.3546
vn -0.2281 0.9435 0.2402
vn -0.2282 0.9435 0.2403
vn -0.0774 0.9937 0.0814
vn -0.2282 0.9434 0.2405
vn -0.5840 0.7046 0.4032
vn -0.5842 0.7043 0.4033
vn -0.5841 0.7043 0.4034
vn -0.5839 0.7045 0.4034
vn -0.9377 0.3281 0.1141
vn -0.9377 0.3281 0.1144
vn -0.9377 0.3281 0.1140
vn -0.9377 0.3282 0.1143
vn -0.8832 0.3282 0.3350
vn -0.8832 0.3281 0.3352
vn -0.8833 0.3282 0.3349
vn -0.4401 0.8450 0.3038
vn -0.4401 0.8450 0.3039
vn -0.4400 0.8451 0.3038
vn -0.8424 0.5290 0.1024
vn -0.8423 0.5293 0.1020
vn -0.8424 0.5291 0.1022
vn -0.8423 0.5292 0.1025
vn -0.7932 0.5294 0.3008
vn -0.7937 0.5289 0.3006
vn -0.7936 0.5290 0.3007
vn -0.7933 0.5293 0.3009
vn -0.1119 0.0000 -0.9937
vn -0.1116 0.0000 -0.9938
vn -0.1118 0.0000 -0.9937
vn -0.3303 0.0000 -0.9439
vn -0.3305 0.0000 -0.9438
vn -0.5323 -0.0000 -0.8466
vn -0.5322 -0.0000 -0.8466
vn -0.5323 0.0001 -0.8466
vn -0.5324 0.0001 -0.8465
vn -0.7075 0.0000 -0.7067
vn -0.7077 0.0003 -0.7065
vn -0.7075 -0.0001 -0.7067
vn -0.7071 -0.0004 -0.7071
vn -0.8468 0.0000 -0.5319
vn -0.8469 0.0000 -0.5318
vn -0.9440 -0.0002 -0.3300
vn -0.9441 -0.0000 -0.3297
vn -0.9438 0.0001 -0.3305
vn -0.9441 0.0000 -0.3296
vn -0.9937 0.0000 -0.1121
vn -0.9937 0.0000 -0.1119
vn -0.9937 0.0001 -0.1121
vn -0.9937 -0.0000 0.1123
vn -0.9938 0.0000 0.1116
vn -0.9437 0.0000 0.3307
vn -0.9436 0.0002 0.3310
vn -0.9438 0.0000 0.3306
vn -0.9438 0.0001 0.3307
vn -0.8468 0.0000 0.5319
vn -0.8465 0.0000 0.5324
vn -0.8465 -0.0000 0.5325
vn -0.8466 0.0000 0.5323
vn -0.7075 0.0002 0.7067
vn -0.7064 -0.0000 0.7078
vn -0.7066 0.0000 0.7077
vn -0.5322 -0.0001 0.8466
vn -0.5323 -0.0002 0.8465
vn -0.5323 -0.0002 0.8466
vn -0.5320 0.0002 0.8467
vn -0.3306 -0.0003 0.9438
vn -0.3301 0.0000 0.9439
vn -0.3305 -0.0003 0.9438
vn -0.1116 0.0000 0.9938
vn -0.1122 0.0000 0.9937
vn 0.0003 -1.0000 0.0002
vn -0.0000 -1.0000 -0.0001
vn 0.0005 -1.0000 -0.0005
vn 0.0004 -1.0000 -0.0003
vn -0.0000 -1.0000 -0.0002
vn 0.0003 1.0000 0.0002
vn -0.0000 1.0000 -0.0003
vn 0.0005 1.0000 0.0000
vn -0.0005 1.0000 0.0001
vn 0.0005 1.0000 0.0002
vn 0.0001 1.0000 -0.0000
vn -0.0003 1.0000 -0.0003
vn 1.0000 -0.0000 -0.0002
vn -0.0003 0.0006 -1.0000
vn -0.0001 0.0004 1.0000
vn -0.0000 -0.7664 -0.6423
vn 0.0001 -0.7662 -0.6426
vn 0.0003 -0.7665 -0.6422
vn -0.0002 -0.7657 -0.6432
vn 0.0000 -0.7662 -0.6426
vn -0.0002 -0.7659 -0.6429
vn -0.0001 -0.7665 -0.6422
vn -0.0001 -0.7659 -0.6429
vn -0.0001 -0.7662 -0.6426
vn -0.0004 -0.7667 -0.6420
vn 0.0001 0.7663 -0.6424
vn -0.0000 0.7664 -0.6423
vn -0.0001 0.7662 -0.6426
vn -0.0001 0.7659 -0.6430
vn -0.0000 0.7661 -0.6427
vn -0.0002 0.7659 -0.6429
vn -0.0001 0.7658 -0.6431
vn -0.0002 0.7661 -0.6427
vn 0.0004 0.7661 -0.6427
vn 0.0002 0.7662 -0.6427
vn 0.9944 0.0000 -0.1058
vn 0.9944 -0.0000 -0.1059
vn 0.9943 0.0000 -0.1063
vn 0.9499 0.0000 -0.3127
vn 0.9499 0.0000 -0.3125
vn 0.9498 -0.0000 -0.3129
vn 0.9500 0.0000 -0.3124
vn 0.7368 0.0000 -0.6761
vn 0.7372 0.0000 -0.6757
vn 0.7369 -0.0000 -0.6760
vn 0.8627 0.0001 -0.5058
vn 0.8622 -0.0001 -0.5065
vn 0.8627 -0.0000 -0.5058
vn 0.8624 -0.0000 -0.5063
vn 0.5948 0.0000 -0.8039
vn 0.4462 -0.0049 -0.8949
vn 0.5741 0.0073 -0.8188
vn 0.2757 -0.0107 -0.9612
vn 0.3945 0.0109 -0.9188
vn 0.0926 -0.0080 -0.9957
vn 0.2289 0.0063 -0.9734
vn 0.0764 0.0002 -0.9971
vn -0.9944 0.0000 -0.1057
vn -0.9944 0.0000 -0.1058
vn -0.9500 -0.0000 -0.3124
vn -0.9501 0.0000 -0.3121
vn -0.9499 0.0000 -0.3125
vn -0.8625 0.0001 -0.5060
vn -0.8625 0.0000 -0.5061
vn -0.8629 0.0000 -0.5054
vn -0.8622 0.0002 -0.5066
vn -0.7371 0.0000 -0.6758
vn -0.7372 -0.0002 -0.6757
vn -0.7366 0.0001 -0.6764
vn -0.5951 -0.0000 -0.8036
vn -0.7370 0.0000 -0.6759
vn -0.4461 0.0057 -0.8950
vn -0.5744 -0.0068 -0.8186
vn -0.2764 0.0111 -0.9610
vn -0.3947 -0.0104 -0.9187
vn -0.0931 0.0076 -0.9956
vn -0.2289 -0.0063 -0.9734
vn -0.0767 -0.0001 -0.9971
vn 0.1112 0.0001 0.9938
vn 0.1112 0.0000 0.9938
vn 0.3309 -0.0004 0.9437
vn 0.3313 -0.0002 0.9435
vn 0.3299 0.0000 0.9440
vn 0.3304 0.0000 0.9439
vn 0.5321 0.0000 0.8467
vn 0.5324 -0.0001 0.8465
vn 0.5322 0.0000 0.8466
vn 0.5323 0.0000 0.8466
vn 0.7072 -0.0002 0.7070
vn 0.7074 0.0000 0.7068
vn 0.7071 0.0004 0.7071
vn 0.9438 -0.0000 0.3305
vn 0.9438 -0.0000 0.3304
vn 0.9438 0.0000 0.3307
vn 0.9937 0.0000 0.1118
vn 0.9937 0.0001 0.1124
vn 0.9936 -0.0001 0.1128
vn 0.9937 -0.0000 -0.1122
vn 0.9937 -0.0001 -0.1121
vn 0.9437 -0.0000 -0.3309
vn 0.9437 -0.0000 -0.3307
vn 0.9439 -0.0000 -0.3303
vn 0.9438 0.0000 -0.3304
vn 0.8466 -0.0001 -0.5322
vn 0.8465 0.0000 -0.5324
vn 0.8467 -0.0002 -0.5320
vn 0.7071 0.0000 -0.7071
vn 0.5324 0.0000 -0.8465
vn 0.5318 0.0001 -0.8469
vn 0.5318 0.0000 -0.8469
vn 0.3300 -0.0000 -0.9440
vn 0.3291 0.0000 -0.9443
vn 0.3303 0.0000 -0.9439
vn 0.1118 0.0000 -0.9937
vn 0.1120 0.0001 -0.9937
vn 0.1115 0.0000 -0.9938
vn 0.1124 0.0000 -0.9937
vn 0.7933 0.5293 -0.3009
vn 0.7933 0.5294 -0.3009
vn 0.7932 0.5294 -0.3009
vn 0.2735 0.9431 -0.1889
vn 0.2736 0.9431 -0.1887
vn 0.2737 0.9431 -0.1888
vn 0.0928 0.9936 -0.0641
vn 0.0927 0.9936 -0.0641
vn 0.0928 0.9936 -0.0640
vn 0.0929 0.9936 -0.0641
vn 0.6636 0.7045 -0.2518
vn 0.6633 0.7047 -0.2519
vn 0.6633 0.7047 -0.2518
vn 0.7044 0.7046 -0.0855
vn 0.7043 0.7047 -0.0855
vn 0.7045 0.7045 -0.0854
vn 0.6635 0.7046 -0.2517
vn 0.7045 0.7045 -0.0855
vn 0.5002 0.8448 -0.1898
vn 0.5000 0.8450 -0.1898
vn 0.5000 0.8450 -0.1896
vn 0.5310 0.8450 -0.0642
vn 0.5312 0.8448 -0.0646
vn 0.5308 0.8451 -0.0645
vn 0.4999 0.8450 -0.1896
vn 0.5307 0.8451 -0.0645
vn 0.3303 0.9430 -0.0402
vn 0.3293 0.9434 -0.0400
vn 0.3296 0.9433 -0.0400
vn 0.1057 0.9936 -0.0400
vn 0.1054 0.9936 -0.0399
vn 0.1052 0.9936 -0.0400
vn 0.3298 0.9432 -0.0401
vn 0.1121 0.9936 -0.0137
vn 0.1121 0.9936 -0.0136
vn 0.1120 0.9936 -0.0135
vn 0.1055 0.9936 -0.0400
vn 0.1119 0.9936 -0.0135
vn 0.3109 0.9431 -0.1182
vn 0.3106 0.9432 -0.1179
vn 0.3103 0.9433 -0.1175
vn 0.3109 0.9431 -0.1178
vn 0.9875 0.1110 -0.1116
vn -0.9876 0.1111 -0.1113
vn -0.9876 0.1109 -0.1109
vn -0.9876 0.1112 -0.1110
vn -0.9875 0.1113 -0.1112
vn -0.9386 0.3283 -0.1058
vn -0.9387 0.3282 -0.1054
vn -0.9386 0.3283 -0.1057
vn -0.9386 0.3285 -0.1057
vn -0.9381 0.1115 -0.3279
vn -0.9381 0.1111 -0.3280
vn -0.9382 0.1112 -0.3277
vn -0.8429 0.5296 -0.0950
vn -0.8430 0.5295 -0.0951
vn -0.8915 0.3283 -0.3120
vn -0.8916 0.3284 -0.3119
vn -0.8915 0.3284 -0.3120
vn -0.8915 0.3285 -0.3118
vn -0.7047 0.7050 -0.0792
vn -0.7048 0.7049 -0.0791
vn -0.7047 0.7051 -0.0792
vn -0.7048 0.7049 -0.0794
vn -0.8415 0.1113 -0.5287
vn -0.8415 0.1112 -0.5287
vn -0.8414 0.1116 -0.5288
vn -0.8415 0.1112 -0.5286
vn -0.8007 0.5296 -0.2801
vn -0.8007 0.5294 -0.2802
vn -0.8006 0.5296 -0.2802
vn -0.8005 0.5297 -0.2803
vn -0.5311 0.8452 -0.0597
vn -0.5312 0.8451 -0.0598
vn -0.5311 0.8452 -0.0598
vn -0.7999 0.3285 -0.5022
vn -0.7998 0.3284 -0.5024
vn -0.7999 0.3284 -0.5023
vn -0.7997 0.3284 -0.5026
vn -0.6695 0.7049 -0.2343
vn -0.6695 0.7049 -0.2342
vn -0.6696 0.7048 -0.2342
vn -0.6694 0.7050 -0.2342
vn -0.3301 0.9432 -0.0367
vn -0.3298 0.9433 -0.0372
vn -0.3296 0.9434 -0.0370
vn -0.1147 0.9933 -0.0135
vn -0.1132 0.9935 -0.0138
vn -0.1121 0.9936 -0.0126
vn -0.1189 0.9928 -0.0143
vn -0.3302 0.9432 -0.0371
vn -0.7030 0.1116 -0.7023
vn -0.7029 0.1114 -0.7025
vn -0.7029 0.1109 -0.7026
vn -0.7029 0.1113 -0.7026
vn -0.7181 0.5296 -0.4514
vn -0.7182 0.5296 -0.4513
vn -0.7184 0.5295 -0.4512
vn -0.7183 0.5296 -0.4512
vn -0.5045 0.8452 -0.1764
vn -0.5044 0.8452 -0.1766
vn -0.5046 0.8452 -0.1763
vn -0.5044 0.8452 -0.1765
vn -0.5153 0.2489 -0.8201
vn -0.5924 0.1119 -0.7979
vn -0.6679 0.3285 -0.6678
vn -0.6680 0.3286 -0.6677
vn -0.6006 0.7049 -0.3773
vn -0.6005 0.7050 -0.3773
vn -0.1182 0.9920 -0.0448
vn -0.3137 0.9432 -0.1097
vn -0.3135 0.9432 -0.1097
vn -0.3142 0.9430 -0.1095
vn -0.1006 0.9943 -0.0353
vn -0.3137 0.9431 -0.1100
vn -0.5628 0.3300 -0.7579
vn -0.5628 0.3302 -0.7578
vn -0.4994 0.1115 -0.8592
vn -0.5998 0.5296 -0.5999
vn -0.5999 0.5295 -0.5998
vn -0.5999 0.5296 -0.5997
vn -0.5998 0.5296 -0.5997
vn -0.4524 0.8453 -0.2843
vn -0.4527 0.8451 -0.2843
vn -0.4524 0.8453 -0.2842
vn -0.4527 0.8451 -0.2844
vn -0.5050 0.5318 -0.6799
vn -0.5051 0.5320 -0.6796
vn -0.5049 0.5318 -0.6799
vn -0.5049 0.5317 -0.6799
vn -0.3187 0.2635 -0.9105
vn -0.3921 0.1118 -0.9131
vn -0.4746 0.3294 -0.8163
vn -0.4745 0.3294 -0.8163
vn -0.4746 0.3294 -0.8162
vn -0.5016 0.7049 -0.5015
vn -0.5016 0.7050 -0.5014
vn -0.1090 0.9912 -0.0753
vn -0.2811 0.9433 -0.1766
vn -0.2812 0.9433 -0.1765
vn -0.2818 0.9430 -0.1769
vn -0.0865 0.9948 -0.0543
vn -0.4218 0.7069 -0.5678
vn -0.4217 0.7070 -0.5678
vn -0.4216 0.7071 -0.5677
vn -0.4216 0.7069 -0.5679
vn -0.3726 0.3300 -0.8674
vn -0.3727 0.3299 -0.8673
vn -0.3726 0.3300 -0.8673
vn -0.2874 0.1118 -0.9513
vn -0.4261 0.5308 -0.7326
vn -0.4260 0.5308 -0.7326
vn -0.4260 0.5309 -0.7326
vn -0.4258 0.5308 -0.7327
vn -0.3778 0.8452 -0.3780
vn -0.3779 0.8452 -0.3779
vn -0.3779 0.8452 -0.3780
vn -0.3779 0.8453 -0.3778
vn -0.3173 0.8466 -0.4273
vn -0.3174 0.8467 -0.4270
vn -0.3171 0.8467 -0.4273
vn -0.3173 0.8466 -0.4274
vn -0.3340 0.5316 -0.7784
vn -0.3344 0.5315 -0.7783
vn -0.3342 0.5316 -0.7783
vn -0.3343 0.5317 -0.7782
vn -0.1080 0.2707 -0.9566
vn -0.1707 0.1118 -0.9790
vn -0.2733 0.3295 -0.9037
vn -0.2732 0.3297 -0.9037
vn -0.2731 0.3296 -0.9038
vn -0.2729 0.3297 -0.9038
vn -0.3560 0.7060 -0.6123
vn -0.3560 0.7062 -0.6120
vn -0.3563 0.7056 -0.6125
vn -0.3559 0.7060 -0.6123
vn -0.2348 0.9433 -0.2348
vn -0.2350 0.9432 -0.2348
vn -0.2348 0.9432 -0.2350
vn -0.0912 0.9905 -0.1030
vn -0.0699 0.9951 -0.0699
vn -0.1972 0.9437 -0.2656
vn -0.1970 0.9438 -0.2654
vn -0.1969 0.9438 -0.2654
vn -0.1971 0.9439 -0.2651
vn -0.0599 0.9941 -0.0908
vn -0.0601 0.9941 -0.0907
vn -0.0669 0.9937 -0.0899
vn -0.2792 0.7069 -0.6499
vn -0.2792 0.7068 -0.6500
vn -0.2793 0.7069 -0.6499
vn -0.2793 0.7067 -0.6500
vn -0.1623 0.3300 -0.9299
vn -0.1622 0.3299 -0.9300
vn -0.1622 0.3300 -0.9299
vn -0.1626 0.3300 -0.9299
vn -0.0602 0.1119 -0.9919
vn -0.2453 0.5311 -0.8110
vn -0.2455 0.5314 -0.8108
vn -0.2453 0.5312 -0.8110
vn -0.2451 0.5312 -0.8110
vn -0.2679 0.8461 -0.4608
vn -0.2680 0.8460 -0.4609
vn -0.2679 0.8462 -0.4607
vn -0.2681 0.8461 -0.4606
vn -0.2101 0.8465 -0.4891
vn -0.2101 0.8466 -0.4890
vn -0.2102 0.8465 -0.4891
vn -0.2103 0.8465 -0.4891
vn -0.1455 0.5314 -0.8345
vn -0.1456 0.5315 -0.8344
vn -0.1456 0.5314 -0.8345
vn -0.1456 0.5315 -0.8345
vn -0.0572 0.3298 -0.9423
vn -0.0570 0.3297 -0.9424
vn -0.0570 0.3296 -0.9424
vn -0.0572 0.3299 -0.9423
vn 0.1076 0.2707 -0.9566
vn 0.0599 0.1118 -0.9919
vn -0.2048 0.7063 -0.6776
vn -0.2050 0.7059 -0.6780
vn -0.2049 0.7063 -0.6776
vn -0.2046 0.7064 -0.6776
vn -0.1663 0.9437 -0.2859
vn -0.1664 0.9436 -0.2864
vn -0.1664 0.9436 -0.2862
vn -0.0657 0.9899 -0.1253
vn -0.0564 0.9937 -0.0972
vn -0.1663 0.9438 -0.2857
vn 0.1706 0.1119 -0.9790
vn -0.1303 0.9438 -0.3037
vn -0.1304 0.9438 -0.3037
vn -0.1305 0.9438 -0.3036
vn -0.1302 0.9439 -0.3036
vn -0.0372 0.9941 -0.1022
vn -0.0374 0.9941 -0.1020
vn -0.0442 0.9937 -0.1029
vn -0.1216 0.7066 -0.6971
vn -0.1217 0.7065 -0.6972
vn -0.1219 0.7067 -0.6970
vn -0.1215 0.7066 -0.6971
vn -0.0512 0.5314 -0.8456
vn -0.0513 0.5313 -0.8456
vn -0.0514 0.5313 -0.8456
vn 0.0568 0.3297 -0.9424
vn 0.0569 0.3297 -0.9424
vn 0.0570 0.3298 -0.9423
vn -0.1542 0.8462 -0.5101
vn -0.1542 0.8461 -0.5102
vn 0.1621 0.3298 -0.9300
vn 0.1622 0.3301 -0.9299
vn 0.1622 0.3299 -0.9300
vn 0.1618 0.3299 -0.9300
vn -0.0916 0.8464 -0.5247
vn -0.0916 0.8464 -0.5246
vn -0.0915 0.8464 -0.5245
vn -0.0915 0.8464 -0.5247
vn -0.0427 0.7065 -0.7064
vn -0.0426 0.7065 -0.7065
vn 0.0511 0.5313 -0.8456
vn 0.0510 0.5313 -0.8456
vn 0.3185 0.2636 -0.9105
vn 0.2873 0.1116 -0.9513
vn -0.0343 0.9896 -0.1397
vn -0.0325 0.9937 -0.1073
vn -0.0959 0.9437 -0.3167
vn -0.0958 0.9437 -0.3167
vn -0.0959 0.9438 -0.3162
vn 0.3919 0.1117 -0.9132
vn 0.1454 0.5316 -0.8344
vn 0.1452 0.5315 -0.8345
vn 0.1453 0.5316 -0.8344
vn -0.0128 0.9941 -0.1080
vn -0.0128 0.9941 -0.1079
vn -0.0192 0.9937 -0.1104
vn -0.0567 0.9438 -0.3256
vn -0.0567 0.9437 -0.3258
vn -0.0568 0.9438 -0.3257
vn -0.0567 0.9438 -0.3257
vn -0.0329 0.8464 -0.5315
vn -0.0323 0.8463 -0.5318
vn -0.0323 0.8463 -0.5317
vn -0.0322 0.8463 -0.5317
vn 0.0427 0.7065 -0.7064
vn 0.0424 0.7065 -0.7064
vn 0.0426 0.7066 -0.7064
vn 0.0427 0.7065 -0.7065
vn 0.2731 0.3297 -0.9037
vn 0.2730 0.3295 -0.9038
vn 0.2731 0.3294 -0.9038
vn 0.2729 0.3296 -0.9038
vn 0.3724 0.3299 -0.8674
vn 0.3725 0.3300 -0.8674
vn 0.3724 0.3300 -0.8674
vn 0.3724 0.3301 -0.8674
vn 0.1210 0.7067 -0.6971
vn 0.1216 0.7066 -0.6971
vn 0.1214 0.7066 -0.6971
vn 0.1216 0.7067 -0.6970
vn -0.0199 0.9437 -0.3302
vn -0.0202 0.9437 -0.3301
vn -0.0200 0.9438 -0.3300
vn 0.0000 0.9895 -0.1447
vn -0.0068 0.9937 -0.1121
vn -0.0204 0.9437 -0.3301
vn 0.0322 0.8464 -0.5316
vn 0.0323 0.8462 -0.5319
vn 0.0321 0.8465 -0.5314
vn 0.0323 0.8463 -0.5317
vn 0.2452 0.5311 -0.8111
vn 0.2449 0.5312 -0.8111
vn 0.2453 0.5311 -0.8110
vn 0.2451 0.5311 -0.8111
vn 0.5152 0.2488 -0.8202
vn 0.4993 0.1115 -0.8592
vn 0.5924 0.1119 -0.7979
vn 0.3340 0.5316 -0.7783
vn 0.3341 0.5316 -0.7783
vn 0.3342 0.5315 -0.7783
vn 0.3341 0.5319 -0.7781
vn 0.0913 0.8464 -0.5246
vn 0.0913 0.8464 -0.5247
vn 0.0914 0.8464 -0.5247
vn 0.0915 0.8464 -0.5246
vn 0.0127 0.9941 -0.1079
vn 0.0069 0.9937 -0.1119
vn 0.0201 0.9437 -0.3301
vn 0.0200 0.9438 -0.3299
vn 0.0198 0.9437 -0.3302
vn 0.2048 0.7063 -0.6777
vn 0.2046 0.7062 -0.6778
vn 0.2047 0.7062 -0.6778
vn 0.2046 0.7063 -0.6777
vn 0.4742 0.3294 -0.8165
vn 0.4743 0.3294 -0.8164
vn 0.4743 0.3295 -0.8164
vn 0.4745 0.3294 -0.8163
vn 0.5626 0.3304 -0.7579
vn 0.5626 0.3301 -0.7579
vn 0.5626 0.3302 -0.7579
vn 0.5626 0.3299 -0.7580
vn 0.2792 0.7068 -0.6500
vn 0.2791 0.7067 -0.6502
vn 0.2791 0.7068 -0.6500
vn 0.2789 0.7069 -0.6500
vn 0.0567 0.9437 -0.3259
vn 0.0561 0.9439 -0.3254
vn 0.0568 0.9437 -0.3258
vn 0.0193 0.9937 -0.1104
vn 0.0343 0.9896 -0.1397
vn 0.0565 0.9438 -0.3255
vn 0.1541 0.8462 -0.5101
vn 0.1542 0.8461 -0.5103
vn 0.1541 0.8462 -0.5102
vn 0.1542 0.8462 -0.5101
vn 0.4257 0.5309 -0.7327
vn 0.4258 0.5309 -0.7327
vn 0.6841 0.1113 -0.7208
vn 0.6886 0.2272 -0.6886
vn 0.5048 0.5318 -0.6800
vn 0.5047 0.5319 -0.6800
vn 0.2100 0.8466 -0.4890
vn 0.2101 0.8464 -0.4893
vn 0.2100 0.8466 -0.4891
vn 0.0957 0.9437 -0.3167
vn 0.0957 0.9436 -0.3169
vn 0.0371 0.9941 -0.1023
vn 0.0374 0.9941 -0.1020
vn 0.0323 0.9937 -0.1074
vn 0.0956 0.9436 -0.3169
vn 0.3559 0.7060 -0.6123
vn 0.3558 0.7059 -0.6125
vn 0.3556 0.7061 -0.6123
vn 0.3559 0.7061 -0.6122
vn 0.6502 0.3291 -0.6848
vn 0.6499 0.3293 -0.6850
vn 0.6502 0.3293 -0.6847
vn 0.6499 0.3292 -0.6850
vn 0.4215 0.7069 -0.5680
vn 0.4215 0.7070 -0.5679
vn 0.1310 0.9438 -0.3035
vn 0.1306 0.9438 -0.3036
vn 0.1304 0.9438 -0.3036
vn 0.0442 0.9937 -0.1030
vn 0.0657 0.9899 -0.1253
vn 0.1303 0.9438 -0.3038
vn 0.2679 0.8461 -0.4609
vn 0.2677 0.8460 -0.4611
vn 0.2678 0.8460 -0.4610
vn 0.2679 0.8460 -0.4610
vn 0.5836 0.5304 -0.6149
vn 0.5837 0.5305 -0.6147
vn 0.5836 0.5305 -0.6148
vn 0.8302 0.1966 -0.5217
vn 0.8226 -0.0205 -0.5682
vn 0.3172 0.8467 -0.4271
vn 0.3174 0.8466 -0.4273
vn 0.3173 0.8467 -0.4271
vn 0.3173 0.8465 -0.4274
vn 0.1664 0.9436 -0.2863
vn 0.1664 0.9434 -0.2868
vn 0.1662 0.9435 -0.2866
vn 0.0599 0.9941 -0.0909
vn 0.0602 0.9940 -0.0908
vn 0.0565 0.9937 -0.0969
vn 0.1663 0.9436 -0.2862
vn 0.4878 0.7058 -0.5137
vn 0.4879 0.7058 -0.5135
vn 0.4875 0.7059 -0.5138
vn 0.4879 0.7058 -0.5137
vn 0.7774 0.3280 -0.5367
vn 0.7773 0.3281 -0.5367
vn 0.7774 0.3281 -0.5367
vn 0.0912 0.9905 -0.1032
vn 0.0668 0.9937 -0.0900
vn 0.1970 0.9438 -0.2654
vn 0.1970 0.9439 -0.2650
vn 0.1971 0.9437 -0.2655
vn 0.1976 0.9438 -0.2651
vn 0.3674 0.8457 -0.3870
vn 0.3673 0.8459 -0.3868
vn 0.3674 0.8458 -0.3868
vn 0.3673 0.8457 -0.3871
vn 0.6981 0.5293 -0.4821
vn 0.6982 0.5291 -0.4822
vn 0.6981 0.5291 -0.4823
vn 0.6982 0.5293 -0.4821
vn 0.9349 0.0156 -0.3546
vn 0.9910 0.0596 -0.1202
vn 0.9319 0.1583 -0.3262
vn 0.0772 0.9937 -0.0814
vn 0.0773 0.9937 -0.0813
vn 0.2281 0.9435 -0.2402
vn 0.2278 0.9436 -0.2404
vn 0.2282 0.9435 -0.2402
vn 0.2281 0.9435 -0.2403
vn 0.5840 0.7046 -0.4031
vn 0.5841 0.7044 -0.4033
vn 0.5840 0.7045 -0.4033
vn 0.5841 0.7045 -0.4031
vn 0.9377 0.3281 -0.1141
vn 0.9378 0.3280 -0.1141
vn 0.9377 0.3281 -0.1140
vn 0.8832 0.3282 -0.3351
vn 0.8832 0.3284 -0.3349
vn 0.8833 0.3280 -0.3350
vn 0.8831 0.3282 -0.3352
vn 0.4399 0.8451 -0.3039
vn 0.4402 0.8449 -0.3038
vn 0.4402 0.8450 -0.3038
vn 0.4401 0.8450 -0.3039
vn 0.8426 0.5287 -0.1028
vn 0.8423 0.5292 -0.1023
vn -0.0929 -0.9936 -0.0641
vn -0.0928 -0.9936 -0.0640
vn -0.0927 -0.9936 -0.0642
vn -0.0928 -0.9936 -0.0642
vn -0.2736 -0.9432 -0.1887
vn -0.2734 -0.9432 -0.1887
vn -0.2734 -0.9432 -0.1886
vn -0.6636 -0.7045 -0.2515
vn -0.6632 -0.7048 -0.2518
vn -0.7044 -0.7046 -0.0853
vn -0.7045 -0.7046 -0.0851
vn -0.7046 -0.7045 -0.0851
vn -0.6636 -0.7044 -0.2517
vn -0.7044 -0.7046 -0.0854
vn -0.5000 -0.8450 -0.1897
vn -0.5000 -0.8450 -0.1896
vn -0.5000 -0.8451 -0.1895
vn -0.5308 -0.8451 -0.0643
vn -0.5309 -0.8450 -0.0643
vn -0.5002 -0.8449 -0.1898
vn -0.3300 -0.9431 -0.0404
vn -0.3302 -0.9431 -0.0396
vn -0.3292 -0.9434 -0.0397
vn -0.1054 -0.9936 -0.0401
vn -0.1055 -0.9936 -0.0401
vn -0.1055 -0.9936 -0.0400
vn -0.3298 -0.9432 -0.0400
vn -0.1121 -0.9936 -0.0136
vn -0.1121 -0.9936 -0.0135
vn -0.1119 -0.9936 -0.0135
vn -0.1053 -0.9936 -0.0400
vn -0.1121 -0.9936 -0.0137
vn -0.3109 -0.9431 -0.1182
vn -0.3107 -0.9432 -0.1178
vn -0.3107 -0.9432 -0.1177
vn -0.3110 -0.9431 -0.1180
vn -0.9875 -0.1114 -0.1115
vn 0.9875 -0.1113 -0.1115
vn 0.9875 -0.1114 -0.1113
vn 0.9380 -0.1110 -0.3283
vn 0.9380 -0.1112 -0.3282
vn 0.9380 -0.1114 -0.3282
vn 0.9875 -0.1112 -0.1114
vn 0.9386 -0.3283 -0.1060
vn 0.9386 -0.3282 -0.1060
vn 0.9386 -0.3284 -0.1057
vn 0.9380 -0.1115 -0.3283
vn 0.8430 -0.5294 -0.0951
vn 0.8429 -0.5297 -0.0951
vn 0.8430 -0.5295 -0.0951
vn 0.8431 -0.5293 -0.0952
vn 0.8915 -0.3284 -0.3120
vn 0.8914 -0.3284 -0.3122
vn 0.8915 -0.3284 -0.3121
vn 0.7048 -0.7050 -0.0794
vn 0.7049 -0.7049 -0.0790
vn 0.7049 -0.7048 -0.0796
vn 0.7049 -0.7049 -0.0795
vn 0.7026 -0.1112 -0.7028
vn 0.7027 -0.1112 -0.7027
vn 0.7027 -0.1113 -0.7027
vn 0.8414 -0.1112 -0.5288
vn 0.8414 -0.1110 -0.5289
vn 0.8412 -0.1113 -0.5291
vn 0.8007 -0.5295 -0.2802
vn 0.8008 -0.5293 -0.2803
vn 0.5311 -0.8452 -0.0598
vn 0.5310 -0.8453 -0.0599
vn 0.5308 -0.8454 -0.0598
vn 0.7998 -0.3284 -0.5025
vn 0.7996 -0.3285 -0.5027
vn 0.7998 -0.3285 -0.5024
vn 0.7996 -0.3284 -0.5028
vn 0.6695 -0.7048 -0.2344
vn 0.6696 -0.7047 -0.2345
vn 0.6695 -0.7049 -0.2344
vn 0.3301 -0.9432 -0.0371
vn 0.3298 -0.9433 -0.0370
vn 0.3298 -0.9433 -0.0372
vn 0.1147 -0.9933 -0.0134
vn 0.1133 -0.9935 -0.0138
vn 0.1121 -0.9936 -0.0127
vn 0.1190 -0.9928 -0.0143
vn 0.3304 -0.9431 -0.0369
vn 0.7026 -0.1111 -0.7028
vn 0.7180 -0.5298 -0.4515
vn 0.7182 -0.5295 -0.4514
vn 0.7182 -0.5296 -0.4514
vn 0.7182 -0.5296 -0.4513
vn 0.5045 -0.8452 -0.1764
vn 0.5044 -0.8452 -0.1765
vn 0.5153 -0.2488 -0.8201
vn 0.5923 -0.1118 -0.7979
vn 0.6678 -0.3283 -0.6680
vn 0.6677 -0.3289 -0.6679
vn 0.6679 -0.3286 -0.6677
vn 0.6005 -0.7050 -0.3774
vn 0.6005 -0.7049 -0.3775
vn 0.6005 -0.7050 -0.3773
vn 0.1182 -0.9920 -0.0449
vn 0.3140 -0.9431 -0.1091
vn 0.3134 -0.9433 -0.1096
vn 0.3135 -0.9432 -0.1098
vn 0.1007 -0.9943 -0.0353
vn 0.3139 -0.9432 -0.1092
vn 0.5625 -0.3304 -0.7579
vn 0.5626 -0.3301 -0.7580
vn 0.5626 -0.3304 -0.7579
vn 0.4992 -0.1117 -0.8592
vn 0.5998 -0.5297 -0.5997
vn 0.5997 -0.5295 -0.6000
vn 0.5998 -0.5296 -0.5998
vn 0.6001 -0.5296 -0.5995
vn 0.4525 -0.8452 -0.2845
vn 0.4525 -0.8452 -0.2844
vn 0.4524 -0.8452 -0.2844
vn 0.4528 -0.8450 -0.2844
vn 0.5050 -0.5318 -0.6799
vn 0.5048 -0.5319 -0.6799
vn 0.5047 -0.5317 -0.6802
vn 0.3188 -0.2630 -0.9106
vn 0.3919 -0.1117 -0.9132
vn 0.4743 -0.3294 -0.8164
vn 0.4741 -0.3295 -0.8165
vn 0.4742 -0.3294 -0.8165
vn 0.4744 -0.3294 -0.8163
vn 0.5014 -0.7050 -0.5016
vn 0.5014 -0.7049 -0.5017
vn 0.5015 -0.7050 -0.5016
vn 0.1091 -0.9912 -0.0752
vn 0.2811 -0.9433 -0.1767
vn 0.2810 -0.9433 -0.1767
vn 0.2805 -0.9435 -0.1765
vn 0.0865 -0.9948 -0.0544
vn 0.4217 -0.7067 -0.5680
vn 0.4215 -0.7069 -0.5680
vn 0.4219 -0.7068 -0.5678
vn 0.4214 -0.7070 -0.5680
vn 0.3724 -0.3302 -0.8674
vn 0.3722 -0.3299 -0.8675
vn 0.3723 -0.3303 -0.8674
vn 0.3723 -0.3299 -0.8675
vn 0.2876 -0.1117 -0.9512
vn 0.4258 -0.5308 -0.7328
vn 0.4256 -0.5308 -0.7329
vn 0.4258 -0.5308 -0.7327
vn 0.3778 -0.8453 -0.3778
vn 0.3781 -0.8450 -0.3781
vn 0.3781 -0.8451 -0.3779
vn 0.3778 -0.8453 -0.3779
vn 0.3173 -0.8465 -0.4274
vn 0.3173 -0.8466 -0.4273
vn 0.3172 -0.8466 -0.4273
vn 0.3172 -0.8466 -0.4274
vn 0.3339 -0.5316 -0.7784
vn 0.3340 -0.5317 -0.7783
vn 0.3342 -0.5316 -0.7783
vn 0.3341 -0.5317 -0.7783
vn 0.1078 -0.2710 -0.9565
vn 0.1706 -0.1118 -0.9790
vn 0.2729 -0.3295 -0.9039
vn 0.2729 -0.3296 -0.9038
vn 0.2730 -0.3295 -0.9038
vn 0.3559 -0.7060 -0.6122
vn 0.3558 -0.7060 -0.6124
vn 0.3557 -0.7060 -0.6124
vn 0.3559 -0.7062 -0.6120
vn 0.0912 -0.9905 -0.1030
vn 0.2351 -0.9431 -0.2350
vn 0.2348 -0.9433 -0.2347
vn 0.2348 -0.9432 -0.2349
vn 0.2347 -0.9432 -0.2351
vn 0.0699 -0.9951 -0.0700
vn 0.0599 -0.9941 -0.0908
vn 0.0602 -0.9941 -0.0907
vn 0.0668 -0.9937 -0.0900
vn 0.1972 -0.9437 -0.2655
vn 0.1972 -0.9438 -0.2652
vn 0.1969 -0.9437 -0.2658
vn 0.1969 -0.9438 -0.2655
vn 0.2790 -0.7068 -0.6500
vn 0.2791 -0.7068 -0.6500
vn 0.2791 -0.7067 -0.6501
vn 0.1621 -0.3299 -0.9300
vn 0.1621 -0.3300 -0.9300
vn 0.1622 -0.3300 -0.9299
vn 0.0600 -0.1118 -0.9919
vn 0.2451 -0.5312 -0.8110
vn 0.2452 -0.5314 -0.8109
vn 0.2451 -0.5311 -0.8111
vn 0.2678 -0.8460 -0.4611
vn 0.2678 -0.8462 -0.4607
vn 0.2679 -0.8460 -0.4610
vn 0.2101 -0.8465 -0.4892
vn 0.2100 -0.8465 -0.4892
vn 0.2100 -0.8466 -0.4891
vn 0.1453 -0.5314 -0.8346
vn 0.1452 -0.5315 -0.8345
vn 0.1453 -0.5315 -0.8345
vn 0.0571 -0.3296 -0.9424
vn 0.0568 -0.3296 -0.9424
vn 0.0568 -0.3298 -0.9423
vn -0.0601 -0.1120 -0.9919
vn -0.1079 -0.2707 -0.9566
vn 0.2047 -0.7062 -0.6778
vn 0.2047 -0.7063 -0.6777
vn 0.2046 -0.7063 -0.6777
vn 0.1662 -0.9435 -0.2866
vn 0.1662 -0.9436 -0.2865
vn 0.1664 -0.9435 -0.2865
vn 0.0658 -0.9899 -0.1253
vn 0.0564 -0.9937 -0.0971
vn 0.1661 -0.9437 -0.2859
vn -0.1707 -0.1117 -0.9790
vn 0.1304 -0.9438 -0.3036
vn 0.1302 -0.9439 -0.3034
vn 0.1304 -0.9438 -0.3037
vn 0.0372 -0.9941 -0.1021
vn 0.0374 -0.9941 -0.1020
vn 0.0441 -0.9937 -0.1030
vn 0.1214 -0.7067 -0.6970
vn 0.1213 -0.7066 -0.6971
vn 0.1214 -0.7065 -0.6972
vn 0.1215 -0.7067 -0.6970
vn 0.0512 -0.5313 -0.8456
vn 0.0514 -0.5313 -0.8456
vn 0.0510 -0.5313 -0.8456
vn 0.0511 -0.5314 -0.8456
vn -0.0570 -0.3297 -0.9424
vn -0.0571 -0.3298 -0.9423
vn -0.0572 -0.3298 -0.9423
vn -0.0570 -0.3296 -0.9424
vn 0.1540 -0.8463 -0.5100
vn 0.1541 -0.8462 -0.5101
vn 0.1542 -0.8462 -0.5101
vn 0.1541 -0.8461 -0.5102
vn -0.1622 -0.3299 -0.9300
vn -0.1624 -0.3300 -0.9299
vn 0.0918 -0.8463 -0.5247
vn 0.0916 -0.8465 -0.5245
vn 0.0913 -0.8463 -0.5248
vn 0.0914 -0.8464 -0.5246
vn 0.0426 -0.7066 -0.7064
vn 0.0427 -0.7065 -0.7064
vn 0.0426 -0.7067 -0.7062
vn 0.0425 -0.7065 -0.7064
vn -0.0512 -0.5313 -0.8456
vn -0.0512 -0.5314 -0.8456
vn -0.0513 -0.5313 -0.8456
vn -0.0515 -0.5315 -0.8455
vn -0.3190 -0.2632 -0.9105
vn -0.2875 -0.1117 -0.9512
vn 0.0344 -0.9896 -0.1396
vn 0.0324 -0.9937 -0.1074
vn 0.0956 -0.9437 -0.3168
vn 0.0958 -0.9437 -0.3167
vn 0.0957 -0.9435 -0.3171
vn 0.0955 -0.9437 -0.3166
vn -0.3922 -0.1119 -0.9130
vn -0.1458 -0.5315 -0.8344
vn -0.1456 -0.5316 -0.8344
vn -0.1456 -0.5313 -0.8346
vn -0.1457 -0.5316 -0.8344
vn 0.0127 -0.9941 -0.1080
vn 0.0128 -0.9941 -0.1081
vn 0.0193 -0.9937 -0.1106
vn 0.0567 -0.9438 -0.3255
vn 0.0567 -0.9438 -0.3257
vn 0.0564 -0.9437 -0.3261
vn 0.0567 -0.9436 -0.3262
vn 0.0323 -0.8462 -0.5319
vn 0.0323 -0.8464 -0.5316
vn 0.0322 -0.8463 -0.5317
vn -0.0426 -0.7064 -0.7065
vn -0.0425 -0.7065 -0.7065
vn -0.0427 -0.7064 -0.7065
vn -0.0425 -0.7064 -0.7065
vn -0.2731 -0.3296 -0.9038
vn -0.2732 -0.3294 -0.9038
vn -0.2733 -0.3298 -0.9036
vn -0.2733 -0.3294 -0.9038
vn -0.3727 -0.3299 -0.8673
vn -0.3725 -0.3299 -0.8674
vn -0.3726 -0.3300 -0.8673
vn -0.1213 -0.7067 -0.6971
vn -0.1218 -0.7066 -0.6970
vn -0.1215 -0.7066 -0.6971
vn -0.1216 -0.7067 -0.6970
vn -0.0001 -0.9895 -0.1447
vn 0.0000 -0.9895 -0.1447
vn 0.0068 -0.9937 -0.1121
vn 0.0201 -0.9437 -0.3301
vn 0.0202 -0.9437 -0.3302
vn 0.0200 -0.9437 -0.3302
vn -0.0325 -0.8462 -0.5319
vn -0.0322 -0.8463 -0.5317
vn -0.0324 -0.8462 -0.5318
vn -0.2455 -0.5312 -0.8109
vn -0.2452 -0.5311 -0.8111
vn -0.2453 -0.5310 -0.8111
vn -0.2455 -0.5310 -0.8110
vn -0.5154 -0.2489 -0.8200
vn -0.4994 -0.1114 -0.8592
vn -0.5923 -0.1119 -0.7979
vn -0.3343 -0.5318 -0.7781
vn -0.3346 -0.5312 -0.7784
vn -0.3343 -0.5317 -0.7782
vn -0.0916 -0.8465 -0.5245
vn -0.0915 -0.8464 -0.5246
vn -0.0916 -0.8464 -0.5246
vn -0.0126 -0.9941 -0.1080
vn -0.0068 -0.9937 -0.1120
vn -0.0201 -0.9438 -0.3300
vn -0.0200 -0.9436 -0.3304
vn -0.0200 -0.9437 -0.3301
vn -0.0201 -0.9437 -0.3302
vn -0.2049 -0.7062 -0.6777
vn -0.2049 -0.7063 -0.6776
vn -0.2050 -0.7063 -0.6776
vn -0.4745 -0.3294 -0.8163
vn -0.4744 -0.3294 -0.8164
vn -0.4745 -0.3293 -0.8164
vn -0.5627 -0.3301 -0.7579
vn -0.5627 -0.3302 -0.7578
vn -0.5628 -0.3301 -0.7578
vn -0.2793 -0.7068 -0.6499
vn -0.2792 -0.7067 -0.6501
vn -0.0567 -0.9437 -0.3259
vn -0.0566 -0.9438 -0.3256
vn -0.0567 -0.9438 -0.3257
vn -0.0192 -0.9937 -0.1103
vn -0.0343 -0.9896 -0.1397
vn -0.0567 -0.9438 -0.3255
vn -0.1543 -0.8461 -0.5102
vn -0.1542 -0.8462 -0.5101
vn -0.4259 -0.5309 -0.7326
vn -0.4259 -0.5308 -0.7327
vn -0.4261 -0.5307 -0.7327
vn -0.6843 -0.1115 -0.7206
vn -0.6888 -0.2268 -0.6886
vn -0.5049 -0.5319 -0.6798
vn -0.5048 -0.5319 -0.6799
vn -0.5051 -0.5318 -0.6798
vn -0.5051 -0.5317 -0.6798
vn -0.2101 -0.8465 -0.4891
vn -0.2099 -0.8466 -0.4891
vn -0.2102 -0.8465 -0.4891
vn -0.0956 -0.9436 -0.3171
vn -0.0958 -0.9436 -0.3168
vn -0.0957 -0.9437 -0.3166
vn -0.0372 -0.9941 -0.1020
vn -0.0325 -0.9937 -0.1075
vn -0.0957 -0.9437 -0.3167
vn -0.3560 -0.7058 -0.6125
vn -0.3559 -0.7061 -0.6122
vn -0.3559 -0.7059 -0.6124
vn -0.6501 -0.3292 -0.6848
vn -0.6501 -0.3292 -0.6849
vn -0.6502 -0.3295 -0.6846
vn -0.4216 -0.7072 -0.5676
vn -0.4217 -0.7069 -0.5679
vn -0.4219 -0.7069 -0.5678
vn -0.1304 -0.9437 -0.3039
vn -0.1305 -0.9438 -0.3036
vn -0.1304 -0.9438 -0.3038
vn -0.0442 -0.9937 -0.1028
vn -0.0657 -0.9899 -0.1254
vn -0.0658 -0.9899 -0.1254
vn -0.2679 -0.8461 -0.4609
vn -0.2679 -0.8460 -0.4609
vn -0.2681 -0.8460 -0.4609
vn -0.2682 -0.8461 -0.4607
vn -0.5834 -0.5309 -0.6146
vn -0.5835 -0.5310 -0.6144
vn -0.5838 -0.5305 -0.6147
vn -0.5838 -0.5307 -0.6144
vn -0.8302 -0.1966 -0.5216
vn -0.8229 0.0205 -0.5679
vn -0.3172 -0.8465 -0.4275
vn -0.3173 -0.8466 -0.4274
vn -0.3173 -0.8466 -0.4273
vn -0.3175 -0.8465 -0.4273
vn -0.1664 -0.9436 -0.2862
vn -0.1659 -0.9438 -0.2860
vn -0.1663 -0.9436 -0.2862
vn -0.0599 -0.9941 -0.0907
vn -0.0601 -0.9941 -0.0907
vn -0.0564 -0.9937 -0.0972
vn -0.1660 -0.9437 -0.2860
vn -0.4880 -0.7056 -0.5138
vn -0.4878 -0.7058 -0.5137
vn -0.4877 -0.7058 -0.5138
vn -0.4874 -0.7060 -0.5139
vn -0.7776 -0.3281 -0.5364
vn -0.7775 -0.3281 -0.5365
vn -0.7775 -0.3280 -0.5365
vn -0.0912 -0.9905 -0.1030
vn -0.0668 -0.9937 -0.0900
vn -0.1971 -0.9438 -0.2652
vn -0.1971 -0.9438 -0.2654
vn -0.1970 -0.9438 -0.2655
vn -0.1972 -0.9438 -0.2652
vn -0.3674 -0.8457 -0.3871
vn -0.3674 -0.8458 -0.3869
vn -0.3674 -0.8457 -0.3870
vn -0.3673 -0.8459 -0.3867
vn -0.6983 -0.5292 -0.4820
vn -0.6984 -0.5292 -0.4819
vn -0.6983 -0.5293 -0.4819
vn -0.6984 -0.5293 -0.4818
vn -0.9349 -0.0155 -0.3545
vn -0.9910 -0.0592 -0.1203
vn -0.9320 -0.1583 -0.3259
vn -0.0773 -0.9937 -0.0812
vn -0.2278 -0.9436 -0.2402
vn -0.2281 -0.9436 -0.2400
vn -0.2281 -0.9435 -0.2402
vn -0.2284 -0.9435 -0.2403
vn -0.5838 -0.7048 -0.4030
vn -0.5841 -0.7045 -0.4032
vn -0.5839 -0.7046 -0.4033
vn -0.5840 -0.7046 -0.4030
vn -0.9377 -0.3283 -0.1139
vn -0.9376 -0.3284 -0.1141
vn -0.9380 -0.3276 -0.1136
vn -0.9378 -0.3278 -0.1139
vn -0.8832 -0.3282 -0.3350
vn -0.8833 -0.3282 -0.3348
vn -0.8833 -0.3279 -0.3350
vn -0.8833 -0.3280 -0.3349
vn -0.4401 -0.8450 -0.3038
vn -0.4400 -0.8451 -0.3038
vn -0.4401 -0.8451 -0.3036
vn -0.4401 -0.8450 -0.3037
vn -0.8425 -0.5289 -0.1023
vn -0.8423 -0.5293 -0.1022
vn -0.8423 -0.5292 -0.1022
vn -0.7932 -0.5292 -0.3012
vn -0.7932 -0.5294 -0.3009
vn -0.7933 -0.5293 -0.3009
vn -0.8427 -0.5286 -0.1021
vn -0.7934 -0.5291 -0.3010
vn -0.2736 -0.9431 -0.1888
vn 0.2735 -0.9433 0.1884
vn 0.2736 -0.9431 0.1887
vn 0.0927 -0.9937 0.0637
vn 0.0927 -0.9936 0.0642
vn 0.6636 -0.7045 0.2516
vn 0.7045 -0.7046 0.0854
vn 0.7045 -0.7046 0.0848
vn 0.7045 -0.7045 0.0854
vn -0.9876 -0.1106 0.1114
vn -0.9875 -0.1112 0.1115
vn -0.9875 -0.1114 0.1114
vn 0.6633 -0.7046 0.2521
vn 0.7044 -0.7047 0.0854
vn 0.5000 -0.8450 0.1897
vn 0.4999 -0.8450 0.1896
vn 0.5310 -0.8449 0.0644
vn 0.1054 -0.9936 0.0400
vn 0.3103 -0.9433 0.1181
vn 0.3104 -0.9433 0.1176
vn 0.3307 -0.9429 0.0399
vn 0.3295 -0.9433 0.0401
vn 0.3296 -0.9433 0.0401
vn 0.3303 -0.9430 0.0401
vn 0.1123 -0.9936 0.0136
vn 0.3106 -0.9432 0.1179
vn 0.9876 -0.1112 0.1112
vn -0.9379 -0.1114 0.3284
vn -0.9380 -0.1112 0.3284
vn -0.9876 -0.1109 0.1114
vn -0.9387 -0.3282 0.1059
vn -0.9386 -0.3282 0.1061
vn -0.8429 -0.5296 0.0951
vn -0.8430 -0.5294 0.0955
vn -0.8428 -0.5297 0.0952
vn -0.8914 -0.3286 0.3121
vn -0.8914 -0.3285 0.3122
vn -0.8915 -0.3285 0.3121
vn -0.7047 -0.7050 0.0793
vn -0.7050 -0.7047 0.0792
vn -0.7050 -0.7047 0.0797
vn -0.7050 -0.7048 0.0795
vn -0.8006 -0.5294 0.2807
vn -0.8006 -0.5295 0.2806
vn -0.8007 -0.5294 0.2804
vn -0.8005 -0.5297 0.2805
vn -0.5309 -0.8453 0.0599
vn -0.5309 -0.8453 0.0598
vn -0.7998 -0.3284 0.5024
vn -0.7998 -0.3285 0.5025
vn -0.7998 -0.3282 0.5027
vn -0.7997 -0.3284 0.5026
vn -0.6696 -0.7048 0.2344
vn -0.6697 -0.7047 0.2341
vn -0.1190 -0.9928 0.0144
vn -0.1131 -0.9935 0.0138
vn -0.3305 -0.9431 0.0370
vn -0.3297 -0.9434 0.0372
vn -0.1120 -0.9936 0.0127
vn -0.3305 -0.9431 0.0371
vn -0.7027 -0.1113 0.7027
vn -0.7025 -0.1113 0.7029
vn -0.7182 -0.5297 0.4513
vn -0.7181 -0.5295 0.4515
vn -0.7181 -0.5296 0.4515
vn -0.5043 -0.8453 0.1765
vn -0.5043 -0.8453 0.1766
vn -0.5152 -0.2490 0.8201
vn -0.5923 -0.1117 0.7979
vn -0.6678 -0.3284 0.6679
vn -0.6678 -0.3283 0.6680
vn -0.6676 -0.3286 0.6681
vn -0.6005 -0.7049 0.3775
vn -0.1183 -0.9920 0.0449
vn -0.3134 -0.9433 0.1092
vn -0.3136 -0.9432 0.1098
vn -0.5625 -0.3303 0.7580
vn -0.5625 -0.3300 0.7581
vn -0.5625 -0.3302 0.7580
vn -0.5626 -0.3300 0.7580
vn -0.4993 -0.1116 0.8592
vn -0.4994 -0.1116 0.8591
vn -0.5997 -0.5296 0.5999
vn -0.5998 -0.5295 0.5998
vn -0.5999 -0.5295 0.5999
vn -0.4524 -0.8453 0.2844
vn -0.4525 -0.8452 0.2843
vn -0.5049 -0.5318 0.6799
vn -0.5048 -0.5319 0.6799
vn -0.5048 -0.5318 0.6800
vn -0.5049 -0.5317 0.6800
vn -0.3185 -0.2632 0.9106
vn -0.3917 -0.1123 0.9132
vn -0.4745 -0.3293 0.8163
vn -0.4743 -0.3294 0.8164
vn -0.4743 -0.3293 0.8164
vn -0.4745 -0.3294 0.8163
vn -0.5014 -0.7050 0.5016
vn -0.5015 -0.7049 0.5016
vn -0.5014 -0.7049 0.5016
vn -0.1091 -0.9912 0.0751
vn -0.1091 -0.9912 0.0750
vn -0.2811 -0.9432 0.1768
vn -0.2811 -0.9433 0.1766
vn -0.2811 -0.9433 0.1768
vn -0.4217 -0.7069 0.5679
vn -0.4215 -0.7069 0.5679
vn -0.3726 -0.3301 0.8673
vn -0.3723 -0.3301 0.8674
vn -0.3725 -0.3301 0.8673
vn -0.4257 -0.5309 0.7328
vn -0.4256 -0.5307 0.7330
vn -0.4257 -0.5309 0.7327
vn -0.4256 -0.5307 0.7329
vn -0.3781 -0.8451 0.3779
vn -0.3783 -0.8452 0.3776
vn -0.3172 -0.8466 0.4274
vn -0.3174 -0.8466 0.4273
vn -0.3341 -0.5316 0.7783
vn -0.1077 -0.2707 0.9566
vn -0.2730 -0.3296 0.9038
vn -0.2731 -0.3296 0.9037
vn -0.2731 -0.3294 0.9038
vn -0.3555 -0.7062 0.6122
vn -0.3556 -0.7060 0.6124
vn -0.3558 -0.7061 0.6123
vn -0.3556 -0.7061 0.6123
vn -0.0912 -0.9905 0.1030
vn -0.0698 -0.9951 0.0698
vn -0.2347 -0.9433 0.2348
vn -0.2350 -0.9432 0.2350
vn -0.0599 -0.9941 0.0908
vn -0.0602 -0.9940 0.0908
vn -0.0668 -0.9937 0.0897
vn -0.1969 -0.9439 0.2652
vn -0.1971 -0.9438 0.2652
vn -0.1969 -0.9439 0.2653
vn -0.2792 -0.7069 0.6499
vn -0.2791 -0.7069 0.6500
vn -0.2790 -0.7069 0.6500
vn -0.1620 -0.3300 0.9300
vn -0.1621 -0.3299 0.9300
vn -0.1623 -0.3297 0.9300
vn -0.0600 -0.1117 0.9919
vn -0.0599 -0.1117 0.9919
vn -0.2452 -0.5312 0.8110
vn -0.2451 -0.5312 0.8110
vn -0.2679 -0.8461 0.4609
vn -0.2680 -0.8460 0.4610
vn -0.2099 -0.8466 0.4891
vn -0.2100 -0.8466 0.4891
vn -0.1456 -0.5314 0.8345
vn -0.1453 -0.5316 0.8344
vn -0.1455 -0.5314 0.8345
vn -0.1453 -0.5314 0.8346
vn -0.0571 -0.3296 0.9424
vn -0.0570 -0.3297 0.9424
vn -0.0568 -0.3298 0.9423
vn 0.1078 -0.2707 0.9566
vn -0.2048 -0.7064 0.6775
vn -0.2047 -0.7063 0.6777
vn -0.1662 -0.9436 0.2862
vn -0.1663 -0.9435 0.2865
vn -0.1666 -0.9436 0.2862
vn -0.0657 -0.9899 0.1254
vn 0.1709 -0.1119 0.9789
vn -0.1303 -0.9438 0.3037
vn -0.1305 -0.9438 0.3037
vn -0.1304 -0.9439 0.3035
vn -0.1304 -0.9438 0.3038
vn -0.0372 -0.9941 0.1022
vn -0.0373 -0.9941 0.1019
vn -0.0442 -0.9937 0.1029
vn -0.1216 -0.7066 0.6971
vn -0.1216 -0.7067 0.6970
vn -0.1214 -0.7066 0.6971
vn -0.0508 -0.5313 0.8457
vn -0.0511 -0.5313 0.8456
vn -0.0512 -0.5313 0.8457
vn 0.0570 -0.3297 0.9424
vn 0.0570 -0.3298 0.9423
vn 0.0570 -0.3296 0.9424
vn -0.1543 -0.8461 0.5103
vn -0.1542 -0.8461 0.5103
vn 0.1622 -0.3299 0.9300
vn 0.1621 -0.3298 0.9300
vn -0.0913 -0.8464 0.5246
vn -0.0428 -0.7065 0.7064
vn -0.0426 -0.7065 0.7064
vn 0.0513 -0.5311 0.8458
vn 0.0511 -0.5312 0.8457
vn 0.3187 -0.2632 0.9106
vn 0.2874 -0.1118 0.9513
vn -0.0325 -0.9937 0.1075
vn -0.0956 -0.9437 0.3166
vn -0.0956 -0.9436 0.3169
vn 0.3922 -0.1120 0.9130
vn 0.1457 -0.5314 0.8345
vn 0.1456 -0.5314 0.8345
vn 0.1458 -0.5316 0.8344
vn -0.0126 -0.9941 0.1080
vn -0.0192 -0.9937 0.1105
vn -0.0564 -0.9437 0.3261
vn -0.0567 -0.9437 0.3259
vn -0.0567 -0.9437 0.3258
vn -0.0323 -0.8463 0.5317
vn -0.0321 -0.8463 0.5318
vn -0.0323 -0.8463 0.5318
vn 0.0428 -0.7066 0.7063
vn 0.0427 -0.7065 0.7064
vn 0.0427 -0.7063 0.7066
vn 0.2732 -0.3295 0.9038
vn 0.2733 -0.3294 0.9038
vn 0.3723 -0.3302 0.8674
vn 0.3727 -0.3299 0.8673
vn 0.1211 -0.7065 0.6973
vn 0.1215 -0.7067 0.6970
vn 0.1216 -0.7065 0.6972
vn 0.1216 -0.7067 0.6970
vn -0.0001 -0.9895 0.1447
vn -0.0067 -0.9937 0.1122
vn -0.0201 -0.9437 0.3302
vn -0.0202 -0.9437 0.3302
vn 0.0322 -0.8462 0.5319
vn 0.2452 -0.5313 0.8109
vn 0.2453 -0.5311 0.8111
vn 0.5153 -0.2489 0.8201
vn 0.4994 -0.1117 0.8591
vn 0.5924 -0.1120 0.7978
vn 0.3342 -0.5316 0.7783
vn 0.3342 -0.5318 0.7782
vn 0.0915 -0.8464 0.5247
vn 0.0126 -0.9941 0.1079
vn 0.0200 -0.9439 0.3298
vn 0.0203 -0.9437 0.3302
vn 0.2049 -0.7064 0.6775
vn 0.2049 -0.7063 0.6777
vn 0.2048 -0.7062 0.6777
vn 0.2048 -0.7064 0.6775
vn 0.4746 -0.3295 0.8162
vn 0.5629 -0.3301 0.7577
vn 0.5629 -0.3300 0.7578
vn 0.2793 -0.7068 0.6500
vn 0.2788 -0.7068 0.6501
vn 0.0569 -0.9437 0.3260
vn 0.0568 -0.9437 0.3258
vn 0.0343 -0.9896 0.1399
vn 0.0191 -0.9937 0.1104
vn 0.0566 -0.9437 0.3258
vn 0.1543 -0.8462 0.5101
vn 0.1543 -0.8461 0.5102
vn 0.1541 -0.8460 0.5104
vn 0.4258 -0.5307 0.7328
vn 0.4259 -0.5307 0.7328
vn 0.4260 -0.5307 0.7328
vn 0.4259 -0.5309 0.7326
vn 0.6888 -0.2267 0.6886
vn 0.6843 -0.1116 0.7206
vn 0.5050 -0.5319 0.6798
vn 0.5050 -0.5318 0.6798
vn 0.5050 -0.5318 0.6799
vn 0.2101 -0.8465 0.4892
vn 0.2101 -0.8468 0.4887
vn 0.0957 -0.9436 0.3169
vn 0.0958 -0.9437 0.3165
vn 0.0373 -0.9941 0.1020
vn 0.0324 -0.9937 0.1072
vn 0.0957 -0.9437 0.3167
vn 0.3559 -0.7060 0.6123
vn 0.3558 -0.7060 0.6123
vn 0.3560 -0.7060 0.6123
vn 0.3560 -0.7059 0.6124
vn 0.6504 -0.3291 0.6846
vn 0.6502 -0.3292 0.6848
vn 0.6503 -0.3291 0.6847
vn 0.4219 -0.7070 0.5676
vn 0.4218 -0.7069 0.5678
vn 0.4217 -0.7070 0.5677
vn 0.1304 -0.9438 0.3036
vn 0.1305 -0.9438 0.3035
vn 0.1302 -0.9438 0.3038
vn 0.0442 -0.9937 0.1030
vn 0.2678 -0.8460 0.4611
vn 0.5836 -0.5307 0.6147
vn 0.5837 -0.5305 0.6147
vn 0.8229 0.0205 0.5679
vn 0.8229 0.0205 0.5678
vn 0.3172 -0.8467 0.4273
vn 0.3173 -0.8465 0.4274
vn 0.0599 -0.9941 0.0908
vn 0.0601 -0.9941 0.0906
vn 0.0563 -0.9937 0.0970
vn 0.1664 -0.9436 0.2864
vn 0.1664 -0.9435 0.2865
vn 0.1664 -0.9435 0.2864
vn 0.4876 -0.7060 0.5136
vn 0.4878 -0.7058 0.5137
vn 0.4881 -0.7057 0.5136
vn 0.7774 -0.3281 0.5367
vn 0.7775 -0.3282 0.5364
vn 0.7775 -0.3282 0.5365
vn 0.0668 -0.9937 0.0900
vn 0.1972 -0.9437 0.2654
vn 0.1973 -0.9438 0.2651
vn 0.3673 -0.8459 0.3868
vn 0.3673 -0.8459 0.3867
vn 0.6983 -0.5292 0.4819
vn 0.6985 -0.5290 0.4819
vn 0.9909 -0.0591 0.1206
vn 0.9349 -0.0158 0.3545
vn 0.2281 -0.9435 0.2405
vn 0.2283 -0.9435 0.2401
vn 0.0775 -0.9937 0.0814
vn 0.2284 -0.9433 0.2408
vn 0.5839 -0.7045 0.4034
vn 0.5839 -0.7045 0.4033
vn 0.5843 -0.7043 0.4033
vn 0.5840 -0.7046 0.4031
vn 0.9378 -0.3278 0.1144
vn 0.9377 -0.3282 0.1139
vn 0.9377 -0.3280 0.1144
vn 0.8833 -0.3280 0.3349
vn 0.8832 -0.3281 0.3352
vn 0.8834 -0.3279 0.3349
vn 0.4401 -0.8450 0.3037
vn 0.4400 -0.8451 0.3037
vn 0.8424 -0.5290 0.1026
vn 0.7934 -0.5289 0.3013
vn 0.7931 -0.5293 0.3013
vn 0.7931 -0.5295 0.3011
vn 0.2736 -0.9431 0.1890
vn -0.2734 0.9432 0.1889
vn -0.2736 0.9431 0.1888
vn -0.2735 0.9431 0.1891
vn -0.0928 0.9936 0.0641
vn -0.2736 0.9432 0.1887
vn -0.6636 0.7045 0.2518
vn -0.6634 0.7047 0.2516
vn -0.6632 0.7048 0.2518
vn -0.7045 0.7046 0.0848
vn -0.6632 0.7048 0.2519
vn -0.4999 0.8450 0.1897
vn -0.5002 0.8449 0.1897
vn -0.5309 0.8450 0.0645
vn -0.1055 0.9936 0.0400
vn -0.3113 0.9429 0.1186
vn -0.3107 0.9432 0.1178
vn -0.3111 0.9431 0.1178
vn -0.3295 0.9433 0.0397
vn -0.3294 0.9433 0.0401
vn -0.3300 0.9431 0.0396
vn -0.1120 0.9936 0.0135
vn -0.1054 0.9936 0.0402
vn -0.3102 0.9433 0.1179
vn -0.9875 0.1115 0.1113
vn -0.1119 0.9936 0.0136
vn 0.9876 0.1111 0.1113
vn 0.9875 0.1111 0.1115
vn 0.9386 0.3285 0.1055
vn 0.9386 0.3285 0.1056
vn 0.9386 0.3283 0.1057
vn 0.9381 0.1111 0.3281
vn 0.9381 0.1113 0.3280
vn 0.9380 0.1112 0.3283
vn 0.8430 0.5294 0.0951
vn 0.8428 0.5297 0.0949
vn 0.8916 0.3284 0.3119
vn 0.8916 0.3282 0.3120
vn 0.7048 0.7050 0.0795
vn 0.7051 0.7047 0.0793
vn 0.7047 0.7051 0.0790
vn 0.7050 0.7048 0.0792
vn 0.8415 0.1114 0.5287
vn 0.8007 0.5296 0.2799
vn 0.8007 0.5296 0.2801
vn 0.8007 0.5296 0.2802
vn 0.5311 0.8452 0.0597
vn 0.7999 0.3284 0.5023
vn 0.7998 0.3284 0.5024
vn 0.6697 0.7047 0.2343
vn 0.1148 0.9933 0.0134
vn 0.1190 0.9928 0.0144
vn 0.1131 0.9935 0.0138
vn 0.3306 0.9430 0.0371
vn 0.3298 0.9433 0.0370
vn 0.3306 0.9431 0.0370
vn 0.1120 0.9936 0.0126
vn 0.7029 0.1113 0.7025
vn 0.7029 0.1114 0.7025
vn 0.7182 0.5296 0.4513
vn 0.7184 0.5294 0.4514
vn 0.7182 0.5297 0.4512
vn 0.7184 0.5294 0.4513
vn 0.5044 0.8452 0.1764
vn 0.5044 0.8453 0.1764
vn 0.5044 0.8453 0.1762
vn 0.5924 0.1120 0.7978
vn 0.6680 0.3283 0.6679
vn 0.6681 0.3285 0.6676
vn 0.6683 0.3283 0.6675
vn 0.6681 0.3282 0.6678
vn 0.6005 0.7050 0.3774
vn 0.6008 0.7048 0.3773
vn 0.6006 0.7050 0.3773
vn 0.6009 0.7047 0.3773
vn 0.1184 0.9920 0.0448
vn 0.3140 0.9430 0.1099
vn 0.3137 0.9432 0.1098
vn 0.3137 0.9432 0.1097
vn 0.1007 0.9943 0.0353
vn 0.3134 0.9433 0.1095
vn 0.5628 0.3299 0.7579
vn 0.5628 0.3300 0.7579
vn 0.4993 0.1115 0.8592
vn 0.5997 0.5297 0.5998
vn 0.5998 0.5293 0.6000
vn 0.6000 0.5296 0.5996
vn 0.5998 0.5296 0.5998
vn 0.4528 0.8451 0.2844
vn 0.4524 0.8453 0.2843
vn 0.4527 0.8451 0.2843
vn 0.5051 0.5320 0.6796
vn 0.5048 0.5319 0.6799
vn 0.5051 0.5318 0.6798
vn 0.3188 0.2632 0.9106
vn 0.3922 0.1117 0.9131
vn 0.4745 0.3293 0.8164
vn 0.5017 0.7049 0.5014
vn 0.5018 0.7049 0.5013
vn 0.2812 0.9433 0.1766
vn 0.2811 0.9433 0.1767
vn 0.2808 0.9434 0.1766
vn 0.0864 0.9948 0.0544
vn 0.4218 0.7068 0.5679
vn 0.4217 0.7068 0.5680
vn 0.4212 0.7071 0.5680
vn 0.4220 0.7069 0.5677
vn 0.3726 0.3301 0.8673
vn 0.3725 0.3300 0.8674
vn 0.3726 0.3299 0.8674
vn 0.3724 0.3303 0.8673
vn 0.2874 0.1121 0.9512
vn 0.4258 0.5309 0.7327
vn 0.4259 0.5306 0.7328
vn 0.3780 0.8452 0.3779
vn 0.3782 0.8451 0.3779
vn 0.3173 0.8466 0.4273
vn 0.3343 0.5317 0.7782
vn 0.1708 0.1117 0.9790
vn 0.1080 0.2707 0.9566
vn 0.2731 0.3295 0.9038
vn 0.2732 0.3297 0.9037
vn 0.2731 0.3296 0.9038
vn 0.3559 0.7061 0.6121
vn 0.3558 0.7061 0.6123
vn 0.3557 0.7062 0.6122
vn 0.3560 0.7061 0.6121
vn 0.2348 0.9432 0.2350
vn 0.2349 0.9432 0.2348
vn 0.2349 0.9433 0.2346
vn 0.0700 0.9951 0.0699
vn 0.0600 0.9940 0.0910
vn 0.0601 0.9941 0.0908
vn 0.0669 0.9937 0.0900
vn 0.1970 0.9438 0.2654
vn 0.1971 0.9438 0.2652
vn 0.1970 0.9438 0.2653
vn 0.2793 0.7069 0.6499
vn 0.2794 0.7068 0.6499
vn 0.1623 0.3299 0.9300
vn 0.1624 0.3300 0.9299
vn 0.0601 0.1118 0.9919
vn 0.2453 0.5310 0.8111
vn 0.2452 0.5311 0.8111
vn 0.2450 0.5310 0.8112
vn 0.2679 0.8461 0.4607
vn 0.2681 0.8459 0.4610
vn 0.2102 0.8466 0.4890
vn 0.1456 0.5315 0.8345
vn 0.1456 0.5315 0.8344
vn 0.1457 0.5315 0.8344
vn 0.1454 0.5313 0.8346
vn 0.0571 0.3298 0.9423
vn 0.0572 0.3297 0.9424
vn 0.0572 0.3294 0.9425
vn -0.1077 0.2706 0.9566
vn -0.0599 0.1116 0.9919
vn 0.2051 0.7061 0.6777
vn 0.2049 0.7061 0.6778
vn 0.1664 0.9436 0.2863
vn 0.1664 0.9437 0.2859
vn 0.1664 0.9437 0.2861
vn 0.0657 0.9900 0.1252
vn 0.0564 0.9937 0.0972
vn 0.1664 0.9437 0.2860
vn -0.1706 0.1117 0.9790
vn 0.1305 0.9438 0.3036
vn 0.0375 0.9941 0.1020
vn 0.0443 0.9937 0.1029
vn 0.1216 0.7066 0.6971
vn 0.1216 0.7064 0.6973
vn 0.0512 0.5312 0.8457
vn -0.0569 0.3297 0.9424
vn -0.0568 0.3298 0.9423
vn -0.1621 0.3299 0.9300
vn 0.0915 0.8465 0.5245
vn 0.0429 0.7064 0.7065
vn 0.0427 0.7065 0.7064
vn 0.0426 0.7065 0.7065
vn -0.0510 0.5313 0.8456
vn -0.0511 0.5313 0.8457
vn -0.0508 0.5312 0.8457
vn -0.0511 0.5313 0.8456
vn -0.3186 0.2628 0.9107
vn -0.2874 0.1116 0.9513
vn 0.0344 0.9896 0.1397
vn 0.0325 0.9937 0.1075
vn 0.0961 0.9437 0.3166
vn 0.0952 0.9439 0.3162
vn 0.0958 0.9437 0.3166
vn -0.3919 0.1120 0.9132
vn -0.1454 0.5312 0.8347
vn -0.1453 0.5315 0.8345
vn -0.1454 0.5315 0.8345
vn 0.0126 0.9941 0.1079
vn 0.0192 0.9937 0.1104
vn 0.0568 0.9438 0.3257
vn 0.0573 0.9437 0.3258
vn 0.0321 0.8463 0.5318
vn 0.0322 0.8462 0.5319
vn -0.0426 0.7067 0.7062
vn -0.0427 0.7065 0.7064
vn -0.0426 0.7065 0.7065
vn -0.0430 0.7066 0.7063
vn -0.2730 0.3295 0.9038
vn -0.2732 0.3296 0.9037
vn -0.3727 0.3299 0.8673
vn -0.3723 0.3300 0.8675
vn -0.3724 0.3298 0.8675
vn -0.3723 0.3300 0.8674
vn -0.1213 0.7067 0.6971
vn 0.0000 0.9895 0.1448
vn 0.0201 0.9437 0.3301
vn 0.0200 0.9438 0.3300
vn 0.0202 0.9437 0.3302
vn 0.0201 0.9437 0.3302
vn -0.0322 0.8462 0.5319
vn -0.0323 0.8463 0.5318
vn -0.0322 0.8463 0.5317
vn -0.2450 0.5312 0.8111
vn -0.2451 0.5311 0.8111
vn -0.2449 0.5310 0.8112
vn -0.2453 0.5311 0.8110
vn -0.5152 0.2488 0.8202
vn -0.4992 0.1118 0.8592
vn -0.5923 0.1120 0.7979
vn -0.3342 0.5317 0.7782
vn -0.3339 0.5319 0.7782
vn -0.0915 0.8464 0.5246
vn -0.0913 0.8464 0.5247
vn -0.0913 0.8465 0.5246
vn -0.0067 0.9937 0.1121
vn -0.0200 0.9437 0.3303
vn -0.0200 0.9438 0.3300
vn -0.0202 0.9438 0.3298
vn -0.0201 0.9436 0.3306
vn -0.2048 0.7062 0.6777
vn -0.2048 0.7063 0.6777
vn -0.4741 0.3294 0.8165
vn -0.4742 0.3294 0.8165
vn -0.4739 0.3292 0.8167
vn -0.5626 0.3303 0.7579
vn -0.2790 0.7068 0.6500
vn -0.2790 0.7069 0.6500
vn -0.2790 0.7067 0.6501
vn -0.0565 0.9437 0.3260
vn -0.0564 0.9438 0.3255
vn -0.0564 0.9437 0.3260
vn -0.0193 0.9937 0.1106
vn -0.0562 0.9436 0.3262
vn -0.1543 0.8461 0.5102
vn -0.1541 0.8462 0.5101
vn -0.4257 0.5310 0.7326
vn -0.4257 0.5307 0.7329
vn -0.4256 0.5309 0.7328
vn -0.6886 0.2268 0.6887
vn -0.6842 0.1115 0.7207
vn -0.5047 0.5318 0.6800
vn -0.5050 0.5318 0.6798
vn -0.2099 0.8466 0.4891
vn -0.2101 0.8465 0.4892
vn -0.0957 0.9436 0.3168
vn -0.0952 0.9438 0.3164
vn -0.0324 0.9937 0.1074
vn -0.3558 0.7060 0.6124
vn -0.3558 0.7060 0.6123
vn -0.6501 0.3292 0.6848
vn -0.6499 0.3293 0.6850
vn -0.6500 0.3291 0.6850
vn -0.6501 0.3291 0.6848
vn -0.4216 0.7070 0.5679
vn -0.4214 0.7069 0.5681
vn -0.4217 0.7068 0.5679
vn -0.4214 0.7070 0.5679
vn -0.1306 0.9438 0.3037
vn -0.1304 0.9438 0.3036
vn -0.1301 0.9438 0.3037
vn -0.0443 0.9937 0.1029
vn -0.1305 0.9438 0.3037
vn -0.2678 0.8460 0.4610
vn -0.2679 0.8461 0.4609
vn -0.5837 0.5306 0.6146
vn -0.5835 0.5306 0.6148
vn -0.8228 -0.0205 0.5680
vn -0.8302 0.1964 0.5218
vn -0.3170 0.8466 0.4275
vn -0.3173 0.8465 0.4275
vn -0.3175 0.8466 0.4272
vn -0.0598 0.9941 0.0909
vn -0.0602 0.9941 0.0906
vn -0.0564 0.9937 0.0972
vn -0.1664 0.9436 0.2861
vn -0.1662 0.9436 0.2864
vn -0.1662 0.9435 0.2866
vn -0.4878 0.7057 0.5138
vn -0.4877 0.7058 0.5139
vn -0.4876 0.7058 0.5138
vn -0.7776 0.3282 0.5362
vn -0.7775 0.3278 0.5367
vn -0.0667 0.9937 0.0899
vn -0.1970 0.9438 0.2655
vn -0.1971 0.9439 0.2650
vn -0.1970 0.9438 0.2653
vn -0.3673 0.8458 0.3870
vn -0.3675 0.8458 0.3867
vn -0.3671 0.8458 0.3870
vn -0.3674 0.8457 0.3870
vn -0.6982 0.5293 0.4820
vn -0.6982 0.5292 0.4822
vn -0.6983 0.5290 0.4822
vn -0.9320 0.1585 0.3261
vn -0.9909 0.0596 0.1204
vn -0.9349 0.0156 0.3547
vn -0.2281 0.9435 0.2403
vn -0.0774 0.9937 0.0815
vn -0.5839 0.7045 0.4033
vn -0.5840 0.7045 0.4033
vn -0.5841 0.7044 0.4033
vn -0.5838 0.7047 0.4032
vn -0.9376 0.3284 0.1140
vn -0.9378 0.3281 0.1139
vn -0.8833 0.3277 0.3352
vn -0.8833 0.3279 0.3351
vn -0.8832 0.3282 0.3351
vn -0.8832 0.3283 0.3349
vn -0.4402 0.8450 0.3038
vn -0.4401 0.8451 0.3037
vn -0.4401 0.8450 0.3037
vn -0.8425 0.5290 0.1020
vn -0.8422 0.5294 0.1020
vn -0.8422 0.5293 0.1027
vn -0.7933 0.5294 0.3008
vn -0.7933 0.5293 0.3010
vn -0.7933 0.5292 0.3011
vn -0.7932 0.5294 0.3009
vn -0.1121 0.0000 -0.9937
vn -0.1124 0.0000 -0.9937
vn -0.3304 -0.0001 -0.9438
vn -0.7071 0.0000 -0.7071
vn -0.7073 0.0000 -0.7069
vn -0.7075 0.0002 -0.7067
vn -0.9440 0.0001 -0.3298
vn -0.9438 -0.0001 -0.3304
vn -0.9441 0.0002 -0.3296
vn -0.9439 -0.0001 -0.3302
vn -0.9938 0.0000 -0.1115
vn -0.9937 -0.0001 -0.1124
vn -0.9937 0.0001 0.1124
vn -0.9439 0.0000 0.3301
vn -0.9438 0.0000 0.3305
vn -0.8464 -0.0000 0.5325
vn -0.7074 -0.0002 0.7068
vn -0.7069 -0.0000 0.7073
vn -0.5324 0.0000 0.8465
vn -0.5331 0.0000 0.8460
vn -0.5323 0.0003 0.8465
vn -0.5322 -0.0000 0.8466
vn -0.3305 0.0006 0.9438
vn -0.3304 0.0005 0.9438
vn -0.1117 0.0000 0.9937
vn 0.0001 -1.0000 0.0001
vn -0.0003 -1.0000 -0.0001
vn -0.0001 -1.0000 -0.0000
vn -0.0000 -1.0000 0.0001
vn -0.0002 -1.0000 0.0000
vn -0.0004 -1.0000 -0.0002
vn 0.0001 -1.0000 0.0004
vn -0.0004 1.0000 -0.0003
vn -0.0005 1.0000 -0.0003
vn -0.0000 1.0000 0.0001
vn 0.0003 1.0000 -0.0002
vn -0.0004 1.0000 0.0001
vn 0.0002 1.0000 -0.0002
vn -0.0002 0.0010 -1.0000
vn -0.0001 0.7663 -0.6424
vn -0.0001 0.7663 -0.6425
vn -0.0001 0.7660 -0.6429
vn -0.0001 0.7661 -0.6427
vn -0.0002 0.7660 -0.6429
vn 0.0001 0.7665 -0.6423
vn -0.0002 0.7660 -0.6428
vn -0.0000 0.7663 -0.6425
vn 0.0003 0.7664 -0.6423
vn 0.0002 -0.7663 -0.6425
vn -0.0000 -0.7664 -0.6424
vn -0.0001 -0.7661 -0.6428
vn -0.0002 -0.7660 -0.6429
vn 0.0000 -0.7663 -0.6425
vn -0.0002 -0.7660 -0.6428
vn -0.0002 -0.7662 -0.6426
vn -0.0004 -0.7669 -0.6418
vn -0.9944 -0.0000 -0.1059
vn -0.9944 -0.0000 -0.1061
vn -0.9500 -0.0000 -0.3123
vn -0.9499 -0.0000 -0.3126
vn -0.9501 -0.0000 -0.3119
vn -0.8625 0.0000 -0.5060
vn -0.8628 0.0000 -0.5056
vn -0.7372 0.0000 -0.6757
vn -0.7370 0.0001 -0.6759
vn -0.7370 0.0001 -0.6758
vn -0.7373 0.0000 -0.6756
vn -0.4462 0.0057 -0.8949
vn -0.5741 -0.0069 -0.8188
vn -0.2762 0.0113 -0.9610
vn -0.3948 -0.0105 -0.9187
vn -0.0932 0.0070 -0.9956
vn -0.2287 -0.0064 -0.9735
vn -0.0767 0.0000 -0.9971
vn 0.9944 0.0000 -0.1056
vn 0.9944 0.0000 -0.1053
vn 0.9943 0.0000 -0.1065
vn 0.9498 -0.0000 -0.3127
vn 0.9499 0.0000 -0.3124
vn 0.8625 0.0002 -0.5060
vn 0.8625 0.0002 -0.5061
vn 0.5947 0.0000 -0.8039
vn 0.7372 -0.0001 -0.6757
vn 0.4460 -0.0053 -0.8950
vn 0.5740 0.0073 -0.8188
vn 0.2762 -0.0109 -0.9610
vn 0.3943 0.0110 -0.9189
vn 0.0929 -0.0082 -0.9956
vn 0.2291 0.0063 -0.9734
vn 0.0765 0.0001 -0.9971
vn 0.1112 -0.0001 0.9938
vn 0.3308 -0.0000 0.9437
vn 0.3298 0.0000 0.9440
vn 0.7074 0.0003 0.7068
vn 0.7071 0.0000 0.7071
vn 0.8467 -0.0000 0.5321
vn 0.9440 0.0000 0.3298
vn 0.9938 -0.0000 0.1116
vn 0.9938 0.0000 0.1113
vn 0.9937 0.0000 -0.1121
vn 0.9937 0.0001 -0.1122
vn 0.9436 0.0000 -0.3310
vn 0.9436 0.0000 -0.3312
vn 0.9440 0.0000 -0.3300
vn 0.8468 -0.0002 -0.5320
vn 0.8465 0.0001 -0.5324
vn 0.8468 -0.0002 -0.5319
vn 0.7073 -0.0001 -0.7069
vn 0.7074 -0.0002 -0.7068
vn 0.7068 0.0001 -0.7074
vn 0.3297 -0.0000 -0.9441
vn 0.3294 -0.0001 -0.9442
vn 0.3309 -0.0003 -0.9437
vn 0.3299 0.0001 -0.9440
vn 0.1122 0.0000 -0.9937
vn 0.1119 -0.0002 -0.9937
vn 0.1114 0.0000 -0.9938
vn 0.8425 0.5288 -0.1027
vn 0.8423 0.5292 -0.1026
vn 0.8423 0.5293 -0.1022
vn 0.7934 0.5290 -0.3012
vn 0.7932 0.5294 -0.3011
vn 0.2737 0.9431 -0.1889
vn 0.0927 0.9936 -0.0640
vn 0.0930 0.9936 -0.0642
vn 0.2736 0.9432 -0.1887
vn 0.6633 0.7047 -0.2520
vn 0.6635 0.7045 -0.2519
vn 0.7045 0.7046 -0.0855
vn 0.7045 0.7046 -0.0853
vn 0.6636 0.7044 -0.2519
vn 0.4997 0.8451 -0.1900
vn 0.5003 0.8448 -0.1900
vn 0.5309 0.8450 -0.0643
vn 0.5312 0.8448 -0.0642
vn 0.5001 0.8449 -0.1900
vn 0.5309 0.8450 -0.0645
vn 0.3303 0.9430 -0.0400
vn 0.3300 0.9431 -0.0400
vn 0.3293 0.9434 -0.0402
vn 0.1056 0.9936 -0.0401
vn 0.1055 0.9936 -0.0399
vn 0.3298 0.9432 -0.0400
vn 0.1120 0.9936 -0.0136
vn 0.3108 0.9431 -0.1181
vn 0.3104 0.9433 -0.1178
vn 0.3101 0.9434 -0.1175
vn 0.3109 0.9431 -0.1181
vn 0.9875 0.1113 -0.1114
vn -0.9875 0.1114 -0.1112
vn -0.9876 0.1111 -0.1111
vn -0.9876 0.1109 -0.1108
vn -0.9386 0.3285 -0.1056
vn -0.9386 0.3284 -0.1057
vn -0.9380 0.1117 -0.3282
vn -0.9381 0.1112 -0.3280
vn -0.9380 0.1112 -0.3282
vn -0.9381 0.1114 -0.3280
vn -0.8428 0.5297 -0.0950
vn -0.8429 0.5296 -0.0951
vn -0.8915 0.3284 -0.3119
vn -0.8916 0.3283 -0.3120
vn -0.7051 0.7047 -0.0787
vn -0.7050 0.7047 -0.0797
vn -0.7048 0.7050 -0.0793
vn -0.7050 0.7047 -0.0793
vn -0.8414 0.1113 -0.5288
vn -0.8415 0.1113 -0.5286
vn -0.8415 0.1112 -0.5288
vn -0.8006 0.5296 -0.2801
vn -0.8009 0.5292 -0.2803
vn -0.8009 0.5293 -0.2801
vn -0.5310 0.8453 -0.0597
vn -0.5310 0.8453 -0.0598
vn -0.7997 0.3284 -0.5027
vn -0.7997 0.3285 -0.5025
vn -0.7999 0.3284 -0.5024
vn -0.7998 0.3285 -0.5025
vn -0.6696 0.7049 -0.2341
vn -0.3303 0.9432 -0.0369
vn -0.3298 0.9433 -0.0371
vn -0.3295 0.9434 -0.0370
vn -0.1150 0.9933 -0.0134
vn -0.3300 0.9433 -0.0370
vn -0.7029 0.1119 -0.7024
vn -0.7028 0.1111 -0.7026
vn -0.7028 0.1114 -0.7026
vn -0.7183 0.5295 -0.4513
vn -0.7182 0.5297 -0.4513
vn -0.5043 0.8453 -0.1763
vn -0.5045 0.8452 -0.1763
vn -0.5046 0.8452 -0.1764
vn -0.5925 0.1119 -0.7978
vn -0.6680 0.3285 -0.6678
vn -0.6679 0.3284 -0.6678
vn -0.6006 0.7050 -0.3772
vn -0.6004 0.7051 -0.3773
vn -0.3137 0.9431 -0.1099
vn -0.3133 0.9434 -0.1092
vn -0.3133 0.9433 -0.1094
vn -0.1183 0.9920 -0.0448
vn -0.1008 0.9943 -0.0352
vn -0.3136 0.9432 -0.1099
vn -0.5628 0.3301 -0.7578
vn -0.5997 0.5295 -0.5999
vn -0.5998 0.5297 -0.5997
vn -0.5998 0.5296 -0.5998
vn -0.5997 0.5298 -0.5997
vn -0.4523 0.8454 -0.2842
vn -0.4526 0.8452 -0.2843
vn -0.4525 0.8453 -0.2842
vn -0.5051 0.5321 -0.6796
vn -0.5051 0.5319 -0.6797
vn -0.3188 0.2630 -0.9106
vn -0.3922 0.1117 -0.9131
vn -0.4746 0.3293 -0.8163
vn -0.4745 0.3293 -0.8163
vn -0.5017 0.7049 -0.5014
vn -0.5016 0.7049 -0.5014
vn -0.1091 0.9912 -0.0753
vn -0.2812 0.9432 -0.1767
vn -0.2811 0.9433 -0.1765
vn -0.2812 0.9433 -0.1764
vn -0.2813 0.9432 -0.1768
vn -0.0865 0.9948 -0.0544
vn -0.4218 0.7069 -0.5679
vn -0.4216 0.7070 -0.5678
vn -0.4216 0.7068 -0.5680
vn -0.4221 0.7066 -0.5680
vn -0.2874 0.1117 -0.9513
vn -0.2873 0.1117 -0.9513
vn -0.4258 0.5309 -0.7327
vn -0.4256 0.5310 -0.7327
vn -0.4259 0.5309 -0.7327
vn -0.4256 0.5309 -0.7328
vn -0.3778 0.8453 -0.3778
vn -0.3778 0.8453 -0.3779
vn -0.3174 0.8466 -0.4273
vn -0.3172 0.8466 -0.4273
vn -0.3173 0.8467 -0.4272
vn -0.3342 0.5317 -0.7782
vn -0.3343 0.5316 -0.7782
vn -0.2730 0.3294 -0.9039
vn -0.2732 0.3293 -0.9038
vn -0.3561 0.7060 -0.6122
vn -0.3561 0.7059 -0.6123
vn -0.3560 0.7061 -0.6121
vn -0.2348 0.9432 -0.2349
vn -0.2347 0.9433 -0.2348
vn -0.0704 0.9950 -0.0704
vn -0.1972 0.9437 -0.2657
vn -0.1971 0.9438 -0.2653
vn -0.1969 0.9438 -0.2656
vn -0.1971 0.9439 -0.2650
vn -0.2793 0.7068 -0.6499
vn -0.2792 0.7067 -0.6501
vn -0.1626 0.3299 -0.9299
vn -0.1623 0.3298 -0.9300
vn -0.0601 0.1119 -0.9919
vn -0.2453 0.5310 -0.8111
vn -0.2455 0.5312 -0.8109
vn -0.2452 0.5311 -0.8110
vn -0.2454 0.5311 -0.8110
vn -0.2679 0.8460 -0.4610
vn -0.2682 0.8461 -0.4607
vn -0.2679 0.8460 -0.4609
vn -0.2681 0.8459 -0.4610
vn -0.2102 0.8465 -0.4892
vn -0.2101 0.8466 -0.4891
vn -0.2100 0.8465 -0.4892
vn -0.1454 0.5316 -0.8344
vn -0.0571 0.3296 -0.9424
vn -0.0571 0.3294 -0.9425
vn -0.0571 0.3298 -0.9423
vn 0.1078 0.2711 -0.9565
vn -0.2048 0.7062 -0.6777
vn -0.2048 0.7063 -0.6777
vn -0.2050 0.7062 -0.6777
vn -0.1665 0.9436 -0.2862
vn -0.1665 0.9436 -0.2861
vn -0.1665 0.9435 -0.2865
vn -0.0658 0.9899 -0.1254
vn -0.0563 0.9937 -0.0971
vn 0.1705 0.1119 -0.9790
vn -0.1303 0.9438 -0.3038
vn -0.1306 0.9438 -0.3036
vn -0.0372 0.9941 -0.1020
vn -0.0374 0.9941 -0.1021
vn -0.1215 0.7067 -0.6970
vn -0.1218 0.7066 -0.6971
vn -0.0512 0.5313 -0.8456
vn -0.0516 0.5313 -0.8456
vn 0.0568 0.3298 -0.9423
vn -0.1542 0.8461 -0.5103
vn 0.1621 0.3299 -0.9300
vn 0.1620 0.3299 -0.9300
vn -0.0917 0.8464 -0.5246
vn -0.0915 0.8464 -0.5246
vn -0.0915 0.8463 -0.5247
vn -0.0427 0.7063 -0.7066
vn 0.0509 0.5313 -0.8456
vn 0.3186 0.2631 -0.9106
vn 0.3187 0.2631 -0.9106
vn -0.0344 0.9896 -0.1399
vn -0.0325 0.9937 -0.1075
vn -0.0955 0.9436 -0.3169
vn -0.0956 0.9437 -0.3166
vn -0.0958 0.9435 -0.3171
vn 0.3919 0.1116 -0.9132
vn 0.1453 0.5315 -0.8345
vn 0.1453 0.5316 -0.8345
vn -0.0126 0.9941 -0.1080
vn -0.0568 0.9437 -0.3258
vn -0.0569 0.9438 -0.3257
vn -0.0569 0.9437 -0.3258
vn -0.0567 0.9437 -0.3259
vn -0.0321 0.8462 -0.5319
vn -0.0322 0.8462 -0.5319
vn 0.0427 0.7066 -0.7064
vn 0.0422 0.7065 -0.7065
vn 0.0426 0.7065 -0.7064
vn 0.0425 0.7063 -0.7066
vn 0.2732 0.3296 -0.9037
vn 0.2729 0.3294 -0.9039
vn 0.2732 0.3295 -0.9038
vn 0.3723 0.3300 -0.8675
vn 0.1215 0.7066 -0.6971
vn 0.1212 0.7067 -0.6970
vn -0.0068 0.9937 -0.1120
vn -0.0201 0.9437 -0.3302
vn -0.0203 0.9437 -0.3301
vn -0.0200 0.9437 -0.3302
vn 0.0323 0.8464 -0.5316
vn 0.0322 0.8463 -0.5317
vn 0.0320 0.8463 -0.5318
vn 0.0321 0.8465 -0.5315
vn 0.2452 0.5312 -0.8110
vn 0.2450 0.5309 -0.8112
vn 0.2450 0.5312 -0.8110
vn 0.5152 0.2490 -0.8201
vn 0.5924 0.1119 -0.7978
vn 0.3339 0.5316 -0.7784
vn 0.3340 0.5318 -0.7782
vn 0.0128 0.9941 -0.1080
vn 0.0067 0.9937 -0.1120
vn 0.0200 0.9437 -0.3302
vn 0.0201 0.9438 -0.3299
vn 0.0200 0.9437 -0.3301
vn 0.2047 0.7063 -0.6777
vn 0.4742 0.3297 -0.8164
vn 0.4744 0.3294 -0.8163
vn 0.4740 0.3294 -0.8166
vn 0.5626 0.3300 -0.7580
vn 0.5625 0.3302 -0.7580
vn 0.2791 0.7069 -0.6500
vn 0.2793 0.7068 -0.6499
vn 0.2789 0.7068 -0.6501
vn 0.0568 0.9437 -0.3259
vn 0.0567 0.9438 -0.3257
vn 0.0568 0.9436 -0.3261
vn 0.0193 0.9937 -0.1106
vn 0.0344 0.9896 -0.1397
vn 0.0568 0.9438 -0.3255
vn 0.1542 0.8461 -0.5102
vn 0.1541 0.8461 -0.5103
vn 0.4258 0.5308 -0.7328
vn 0.4258 0.5308 -0.7327
vn 0.6841 0.1114 -0.7208
vn 0.6886 0.2270 -0.6887
vn 0.5049 0.5317 -0.6800
vn 0.2100 0.8465 -0.4892
vn 0.0957 0.9437 -0.3168
vn 0.0372 0.9941 -0.1021
vn 0.0374 0.9941 -0.1021
vn 0.0324 0.9937 -0.1074
vn 0.0957 0.9436 -0.3170
vn 0.3557 0.7061 -0.6123
vn 0.6500 0.3290 -0.6850
vn 0.6502 0.3296 -0.6846
vn 0.4216 0.7069 -0.5679
vn 0.1315 0.9438 -0.3032
vn 0.1306 0.9438 -0.3037
vn 0.0441 0.9937 -0.1030
vn 0.0657 0.9899 -0.1254
vn 0.1303 0.9438 -0.3037
vn 0.2678 0.8461 -0.4609
vn 0.2676 0.8459 -0.4614
vn 0.5838 0.5303 -0.6148
vn 0.5833 0.5307 -0.6149
vn 0.5837 0.5303 -0.6149
vn 0.5837 0.5307 -0.6145
vn 0.8301 0.1969 -0.5217
vn 0.8228 -0.0204 -0.5680
vn 0.3172 0.8466 -0.4274
vn 0.3173 0.8466 -0.4273
vn 0.3172 0.8465 -0.4275
vn 0.1662 0.9435 -0.2867
vn 0.0599 0.9941 -0.0908
vn 0.0603 0.9940 -0.0909
vn 0.0564 0.9937 -0.0972
vn 0.1663 0.9436 -0.2864
vn 0.4879 0.7057 -0.5138
vn 0.4876 0.7059 -0.5138
vn 0.4876 0.7060 -0.5137
vn 0.4877 0.7058 -0.5138
vn 0.7774 0.3282 -0.5366
vn 0.7773 0.3280 -0.5368
vn 0.0913 0.9905 -0.1031
vn 0.0668 0.9937 -0.0899
vn 0.1972 0.9438 -0.2652
vn 0.1968 0.9440 -0.2650
vn 0.1972 0.9437 -0.2656
vn 0.3672 0.8459 -0.3868
vn 0.3673 0.8458 -0.3869
vn 0.6983 0.5291 -0.4821
vn 0.6984 0.5291 -0.4820
vn 0.9349 0.0157 -0.3546
vn 0.9909 0.0598 -0.1204
vn 0.9319 0.1584 -0.3262
vn 0.0773 0.9937 -0.0815
vn 0.2282 0.9435 -0.2403
vn 0.2280 0.9435 -0.2404
vn 0.2282 0.9436 -0.2401
vn 0.5840 0.7046 -0.4032
vn 0.5839 0.7047 -0.4031
vn 0.9377 0.3280 -0.1143
vn 0.9378 0.3279 -0.1141
vn 0.9378 0.3278 -0.1141
vn 0.8832 0.3280 -0.3351
vn 0.8831 0.3283 -0.3351
vn 0.8832 0.3280 -0.3352
vn 0.4401 0.8450 -0.3037
vn 0.4402 0.8450 -0.3037
vn 0.4400 0.8450 -0.3040
vn -0.8423 -0.5292 -0.1025
vn -0.8424 -0.5291 -0.1022
vn -0.7933 -0.5292 -0.3011
vn -0.7933 -0.5292 -0.3010
vn -0.2735 -0.9431 -0.1889
vn -0.2729 -0.9433 -0.1889
vn -0.0927 -0.9936 -0.0640
vn -0.0930 -0.9936 -0.0641
vn -0.2734 -0.9432 -0.1888
vn -0.6636 -0.7045 -0.2516
vn -0.6635 -0.7046 -0.2517
vn -0.6635 -0.7046 -0.2515
vn -0.7045 -0.7045 -0.0854
vn -0.7045 -0.7046 -0.0853
vn -0.6635 -0.7045 -0.2517
vn -0.5002 -0.8449 -0.1897
vn -0.5000 -0.8450 -0.1895
vn -0.4999 -0.8451 -0.1896
vn -0.5309 -0.8450 -0.0644
vn -0.5001 -0.8449 -0.1897
vn -0.5308 -0.8450 -0.0644
vn -0.3301 -0.9431 -0.0396
vn -0.3297 -0.9432 -0.0395
vn -0.3296 -0.9433 -0.0400
vn -0.1054 -0.9936 -0.0400
vn -0.3297 -0.9432 -0.0400
vn -0.1119 -0.9936 -0.0136
vn -0.3107 -0.9431 -0.1184
vn -0.3109 -0.9431 -0.1176
vn -0.3107 -0.9432 -0.1176
vn -0.3107 -0.9432 -0.1179
vn -0.9876 -0.1111 -0.1113
vn 0.9875 -0.1111 -0.1114
vn 0.9876 -0.1110 -0.1114
vn 0.9875 -0.1114 -0.1111
vn 0.9386 -0.3283 -0.1058
vn 0.9386 -0.3284 -0.1059
vn 0.9388 -0.3279 -0.1059
vn 0.9387 -0.3282 -0.1059
vn 0.9381 -0.1114 -0.3281
vn 0.9380 -0.1113 -0.3284
vn 0.9380 -0.1109 -0.3285
vn 0.9380 -0.1114 -0.3283
vn 0.8429 -0.5296 -0.0954
vn 0.8429 -0.5296 -0.0950
vn 0.8429 -0.5296 -0.0951
vn 0.8431 -0.5292 -0.0952
vn 0.8915 -0.3285 -0.3120
vn 0.8914 -0.3285 -0.3121
vn 0.7047 -0.7051 -0.0792
vn 0.7049 -0.7049 -0.0792
vn 0.7049 -0.7049 -0.0791
vn 0.7047 -0.7051 -0.0794
vn 0.8414 -0.1113 -0.5288
vn 0.8414 -0.1114 -0.5288
vn 0.8415 -0.1111 -0.5288
vn 0.8007 -0.5294 -0.2803
vn 0.8004 -0.5299 -0.2803
vn 0.8007 -0.5295 -0.2803
vn 0.8005 -0.5298 -0.2802
vn 0.5311 -0.8452 -0.0599
vn 0.5310 -0.8453 -0.0597
vn 0.5310 -0.8452 -0.0598
vn 0.7998 -0.3283 -0.5026
vn 0.7997 -0.3284 -0.5027
vn 0.7997 -0.3285 -0.5026
vn 0.6697 -0.7047 -0.2343
vn 0.6696 -0.7048 -0.2345
vn 0.3304 -0.9431 -0.0370
vn 0.3299 -0.9433 -0.0372
vn 0.1148 -0.9933 -0.0134
vn 0.1131 -0.9935 -0.0139
vn 0.1120 -0.9936 -0.0126
vn 0.1189 -0.9928 -0.0144
vn 0.7026 -0.1113 -0.7028
vn 0.7028 -0.1110 -0.7026
vn 0.7181 -0.5296 -0.4515
vn 0.7182 -0.5295 -0.4515
vn 0.7183 -0.5295 -0.4513
vn 0.5044 -0.8453 -0.1764
vn 0.5045 -0.8452 -0.1765
vn 0.5152 -0.2488 -0.8201
vn 0.5923 -0.1120 -0.7979
vn 0.6677 -0.3285 -0.6680
vn 0.6679 -0.3289 -0.6676
vn 0.6678 -0.3282 -0.6680
vn 0.6678 -0.3288 -0.6678
vn 0.6005 -0.7049 -0.3774
vn 0.6006 -0.7049 -0.3775
vn 0.6006 -0.7049 -0.3774
vn 0.3135 -0.9433 -0.1091
vn 0.3134 -0.9433 -0.1098
vn 0.1008 -0.9943 -0.0353
vn 0.3137 -0.9432 -0.1096
vn 0.5627 -0.3301 -0.7579
vn 0.4993 -0.1116 -0.8592
vn 0.5998 -0.5297 -0.5998
vn 0.5997 -0.5296 -0.5999
vn 0.5999 -0.5295 -0.5997
vn 0.5996 -0.5297 -0.5999
vn 0.4524 -0.8453 -0.2844
vn 0.4525 -0.8452 -0.2846
vn 0.5048 -0.5318 -0.6800
vn 0.5050 -0.5318 -0.6798
vn 0.3185 -0.2636 -0.9105
vn 0.3919 -0.1116 -0.9132
vn 0.4744 -0.3294 -0.8164
vn 0.5015 -0.7049 -0.5016
vn 0.5014 -0.7050 -0.5015
vn 0.2810 -0.9433 -0.1768
vn 0.2808 -0.9434 -0.1766
vn 0.2812 -0.9432 -0.1767
vn 0.0864 -0.9948 -0.0544
vn 0.0864 -0.9948 -0.0545
vn 0.4217 -0.7067 -0.5682
vn 0.4213 -0.7071 -0.5679
vn 0.4216 -0.7070 -0.5678
vn 0.3725 -0.3300 -0.8674
vn 0.3723 -0.3300 -0.8675
vn 0.2872 -0.1117 -0.9513
vn 0.4257 -0.5309 -0.7327
vn 0.4256 -0.5310 -0.7327
vn 0.4257 -0.5308 -0.7328
vn 0.3779 -0.8453 -0.3778
vn 0.3779 -0.8452 -0.3779
vn 0.3174 -0.8465 -0.4274
vn 0.3170 -0.8467 -0.4274
vn 0.3171 -0.8466 -0.4274
vn 0.3175 -0.8465 -0.4274
vn 0.3339 -0.5317 -0.7783
vn 0.3341 -0.5316 -0.7783
vn 0.3341 -0.5318 -0.7782
vn 0.1076 -0.2706 -0.9567
vn 0.1706 -0.1119 -0.9790
vn 0.2730 -0.3294 -0.9039
vn 0.2732 -0.3296 -0.9037
vn 0.2731 -0.3295 -0.9038
vn 0.3556 -0.7059 -0.6125
vn 0.3559 -0.7060 -0.6123
vn 0.3557 -0.7062 -0.6122
vn 0.3556 -0.7061 -0.6124
vn 0.0910 -0.9905 -0.1029
vn 0.2350 -0.9431 -0.2351
vn 0.2350 -0.9432 -0.2349
vn 0.2345 -0.9434 -0.2346
vn 0.0699 -0.9951 -0.0701
vn 0.0601 -0.9941 -0.0907
vn 0.0669 -0.9937 -0.0899
vn 0.1969 -0.9439 -0.2653
vn 0.1968 -0.9438 -0.2655
vn 0.1971 -0.9438 -0.2652
vn 0.2790 -0.7069 -0.6500
vn 0.2791 -0.7069 -0.6499
vn 0.2790 -0.7069 -0.6499
vn 0.2793 -0.7069 -0.6498
vn 0.1621 -0.3298 -0.9300
vn 0.1622 -0.3301 -0.9299
vn 0.1622 -0.3298 -0.9300
vn 0.0599 -0.1118 -0.9919
vn 0.2449 -0.5312 -0.8111
vn 0.2453 -0.5312 -0.8110
vn 0.2450 -0.5311 -0.8111
vn 0.2678 -0.8460 -0.4610
vn 0.2101 -0.8466 -0.4890
vn 0.2099 -0.8465 -0.4892
vn 0.1454 -0.5316 -0.8344
vn 0.1454 -0.5314 -0.8345
vn -0.0602 -0.1119 -0.9919
vn -0.1080 -0.2706 -0.9566
vn 0.2047 -0.7064 -0.6776
vn 0.2047 -0.7061 -0.6779
vn 0.2046 -0.7064 -0.6776
vn 0.2047 -0.7060 -0.6779
vn 0.1662 -0.9435 -0.2865
vn 0.1664 -0.9436 -0.2862
vn 0.1662 -0.9436 -0.2862
vn 0.0657 -0.9899 -0.1254
vn 0.0564 -0.9937 -0.0970
vn 0.1663 -0.9436 -0.2864
vn -0.1707 -0.1118 -0.9790
vn 0.1303 -0.9438 -0.3038
vn 0.1302 -0.9438 -0.3037
vn 0.1302 -0.9439 -0.3036
vn 0.0371 -0.9941 -0.1022
vn 0.0443 -0.9937 -0.1030
vn 0.1213 -0.7067 -0.6970
vn 0.0511 -0.5313 -0.8456
vn 0.0509 -0.5314 -0.8456
vn 0.0510 -0.5313 -0.8457
vn 0.0510 -0.5312 -0.8457
vn -0.0571 -0.3299 -0.9423
vn -0.0571 -0.3297 -0.9423
vn 0.1541 -0.8463 -0.5100
vn 0.1542 -0.8461 -0.5102
vn -0.1624 -0.3299 -0.9299
vn -0.1623 -0.3299 -0.9300
vn -0.1623 -0.3300 -0.9299
vn -0.1621 -0.3299 -0.9300
vn 0.0910 -0.8464 -0.5247
vn 0.0914 -0.8464 -0.5247
vn 0.0915 -0.8464 -0.5246
vn 0.0426 -0.7065 -0.7064
vn -0.0513 -0.5312 -0.8457
vn -0.0514 -0.5314 -0.8456
vn -0.3187 -0.2637 -0.9104
vn -0.2874 -0.1114 -0.9513
vn 0.0344 -0.9896 -0.1399
vn 0.0324 -0.9937 -0.1073
vn 0.0956 -0.9436 -0.3169
vn 0.0954 -0.9438 -0.3165
vn 0.0959 -0.9435 -0.3171
vn 0.0955 -0.9438 -0.3166
vn -0.3922 -0.1119 -0.9131
vn -0.1455 -0.5315 -0.8345
vn -0.1457 -0.5315 -0.8344
vn 0.0127 -0.9941 -0.1079
vn 0.0567 -0.9437 -0.3260
vn 0.0569 -0.9437 -0.3258
vn 0.0568 -0.9437 -0.3259
vn 0.0324 -0.8463 -0.5317
vn 0.0322 -0.8463 -0.5318
vn -0.0428 -0.7065 -0.7064
vn -0.0424 -0.7065 -0.7065
vn -0.2732 -0.3297 -0.9037
vn -0.2733 -0.3296 -0.9037
vn -0.2732 -0.3295 -0.9038
vn -0.1212 -0.7065 -0.6973
vn -0.1216 -0.7066 -0.6971
vn -0.1215 -0.7067 -0.6970
vn 0.0201 -0.9437 -0.3302
vn 0.0203 -0.9437 -0.3302
vn 0.0202 -0.9437 -0.3301
vn 0.0202 -0.9438 -0.3300
vn -0.0324 -0.8462 -0.5319
vn -0.0322 -0.8463 -0.5318
vn -0.0322 -0.8462 -0.5318
vn -0.0323 -0.8463 -0.5317
vn -0.2454 -0.5311 -0.8110
vn -0.2453 -0.5311 -0.8110
vn -0.2454 -0.5310 -0.8111
vn -0.5153 -0.2489 -0.8201
vn -0.4994 -0.1115 -0.8592
vn -0.5925 -0.1119 -0.7978
vn -0.3343 -0.5316 -0.7782
vn -0.3341 -0.5314 -0.7785
vn -0.3342 -0.5315 -0.7784
vn -0.3342 -0.5319 -0.7781
vn -0.0917 -0.8465 -0.5245
vn -0.0916 -0.8463 -0.5247
vn -0.0916 -0.8465 -0.5244
vn -0.0917 -0.8463 -0.5248
vn -0.0128 -0.9941 -0.1079
vn -0.0127 -0.9941 -0.1079
vn -0.0068 -0.9937 -0.1121
vn -0.0201 -0.9437 -0.3301
vn -0.0200 -0.9437 -0.3303
vn -0.4747 -0.3294 -0.8162
vn -0.5628 -0.3302 -0.7578
vn -0.5628 -0.3303 -0.7578
vn -0.5628 -0.3300 -0.7579
vn -0.2792 -0.7069 -0.6499
vn -0.2791 -0.7067 -0.6501
vn -0.2793 -0.7068 -0.6500
vn -0.0569 -0.9438 -0.3257
vn -0.0568 -0.9438 -0.3257
vn -0.0192 -0.9937 -0.1104
vn -0.0343 -0.9896 -0.1398
vn -0.0569 -0.9438 -0.3255
vn -0.1542 -0.8461 -0.5102
vn -0.4262 -0.5311 -0.7323
vn -0.4258 -0.5309 -0.7327
vn -0.4261 -0.5308 -0.7326
vn -0.5049 -0.5317 -0.6800
vn -0.5049 -0.5319 -0.6799
vn -0.5049 -0.5318 -0.6799
vn -0.5050 -0.5318 -0.6798
vn -0.2101 -0.8466 -0.4889
vn -0.2102 -0.8464 -0.4894
vn -0.2099 -0.8465 -0.4892
vn -0.2101 -0.8466 -0.4890
vn -0.0954 -0.9440 -0.3160
vn -0.0956 -0.9436 -0.3169
vn -0.0958 -0.9436 -0.3169
vn -0.0372 -0.9941 -0.1021
vn -0.0375 -0.9941 -0.1020
vn -0.0324 -0.9937 -0.1072
vn -0.0957 -0.9436 -0.3170
vn -0.3561 -0.7057 -0.6125
vn -0.3558 -0.7061 -0.6122
vn -0.3560 -0.7060 -0.6123
vn -0.6502 -0.3294 -0.6847
vn -0.6502 -0.3292 -0.6847
vn -0.4216 -0.7070 -0.5678
vn -0.4216 -0.7068 -0.5680
vn -0.4214 -0.7070 -0.5679
vn -0.4214 -0.7070 -0.5680
vn -0.1305 -0.9439 -0.3035
vn -0.1304 -0.9438 -0.3037
vn -0.1304 -0.9440 -0.3031
vn -0.2679 -0.8459 -0.4611
vn -0.2680 -0.8459 -0.4610
vn -0.2680 -0.8461 -0.4608
vn -0.5836 -0.5309 -0.6144
vn -0.5836 -0.5304 -0.6148
vn -0.5837 -0.5305 -0.6146
vn -0.5832 -0.5307 -0.6151
vn -0.8303 -0.1967 -0.5215
vn -0.8303 -0.1968 -0.5214
vn -0.8228 0.0205 -0.5679
vn -0.3172 -0.8466 -0.4274
vn -0.3173 -0.8466 -0.4272
vn -0.1664 -0.9437 -0.2859
vn -0.1660 -0.9437 -0.2863
vn -0.0599 -0.9941 -0.0908
vn -0.0564 -0.9937 -0.0971
vn -0.1664 -0.9436 -0.2861
vn -0.4878 -0.7058 -0.5138
vn -0.4878 -0.7057 -0.5138
vn -0.4881 -0.7058 -0.5134
vn -0.4875 -0.7060 -0.5138
vn -0.7776 -0.3279 -0.5365
vn -0.0910 -0.9905 -0.1028
vn -0.0669 -0.9937 -0.0899
vn -0.1969 -0.9439 -0.2650
vn -0.1970 -0.9439 -0.2650
vn -0.3674 -0.8459 -0.3866
vn -0.3673 -0.8460 -0.3864
vn -0.3673 -0.8459 -0.3868
vn -0.3671 -0.8461 -0.3866
vn -0.6985 -0.5291 -0.4819
vn -0.6984 -0.5291 -0.4820
vn -0.9349 -0.0155 -0.3546
vn -0.9909 -0.0599 -0.1202
vn -0.9321 -0.1582 -0.3259
vn -0.0773 -0.9937 -0.0813
vn -0.2282 -0.9435 -0.2404
vn -0.2281 -0.9435 -0.2403
vn -0.2282 -0.9435 -0.2403
vn -0.2284 -0.9435 -0.2402
vn -0.5839 -0.7047 -0.4031
vn -0.5840 -0.7045 -0.4032
vn -0.5842 -0.7045 -0.4030
vn -0.9378 -0.3280 -0.1140
vn -0.9376 -0.3284 -0.1139
vn -0.9377 -0.3281 -0.1140
vn -0.9379 -0.3278 -0.1139
vn -0.8832 -0.3283 -0.3349
vn -0.8833 -0.3282 -0.3349
vn -0.4399 -0.8451 -0.3039
vn -0.7932 -0.5294 -0.3008
vn -0.8547 -0.5191 0.0001
vn -0.8542 -0.5199 0.0001
vn -0.8546 -0.5193 0.0001
vn -0.7513 -0.6600 0.0001
vn -0.7512 -0.6601 0.0000
vn -0.7511 -0.6602 0.0000
vn -0.7516 -0.6596 0.0001
vn -0.6257 -0.7800 0.0001
vn -0.6254 -0.7803 -0.0000
vn -0.6250 -0.7806 0.0000
vn -0.4803 -0.8771 0.0000
vn -0.4806 -0.8770 0.0000
vn -0.3210 -0.9471 0.0000
vn -0.3202 -0.9473 0.0000
vn -0.3211 -0.9471 0.0000
vn 0.0228 -0.9997 -0.0000
vn 0.0227 -0.9997 -0.0000
vn -0.1505 -0.9886 0.0001
vn -0.1504 -0.9886 0.0000
vn -0.1504 -0.9886 0.0001
vn 0.1949 -0.9808 -0.0000
vn 0.1961 -0.9806 -0.0000
vn 0.1964 -0.9805 0.0000
vn 0.3630 -0.9318 0.0000
vn 0.3630 -0.9318 -0.0001
vn 0.3635 -0.9316 0.0002
vn 0.1948 -0.9808 -0.0000
vn 0.5197 -0.8544 -0.0000
vn 0.5196 -0.8544 -0.0000
vn 0.3639 -0.9315 -0.0000
vn 0.6608 -0.7506 -0.0001
vn 0.6601 -0.7511 -0.0001
vn 0.6598 -0.7515 -0.0001
vn 0.5189 -0.8548 -0.0001
vn 0.8771 -0.4804 -0.0001
vn 0.8771 -0.4802 -0.0001
vn 0.8773 -0.4800 -0.0001
vn 0.7806 -0.6250 -0.0001
vn 0.7802 -0.6255 -0.0001
vn 0.8771 -0.4803 -0.0001
vn 0.9886 -0.1509 -0.0001
vn 0.9885 -0.1514 -0.0002
vn 0.9884 -0.1518 -0.0002
vn 0.9468 -0.3219 -0.0001
vn 0.9472 -0.3208 -0.0001
vn 0.9885 -0.1510 -0.0001
vn 0.9805 0.1963 -0.0001
vn 0.9804 0.1970 -0.0001
vn 0.9806 0.1961 -0.0001
vn 0.9997 0.0227 -0.0001
vn 0.9997 0.0227 -0.0002
vn 0.9997 0.0230 -0.0001
vn 0.9316 0.3635 -0.0001
vn 0.8544 0.5196 -0.0001
vn 0.8544 0.5195 -0.0001
vn 0.8542 0.5199 -0.0001
vn 0.7507 0.6607 -0.0001
vn 0.7516 0.6597 -0.0001
vn 0.7516 0.6596 -0.0001
vn 0.7506 0.6607 -0.0001
vn 0.6247 0.7809 -0.0001
vn 0.6251 0.7805 -0.0001
vn 0.6247 0.7809 0.0000
vn 0.4806 0.8769 -0.0000
vn 0.4810 0.8767 -0.0000
vn 0.4812 0.8766 0.0000
vn 0.3199 0.9474 0.0000
vn 0.3205 0.9473 -0.0000
vn 0.3202 0.9474 0.0000
vn 0.3204 0.9473 -0.0000
vn -0.0227 0.9997 0.0000
vn 0.1510 0.9885 -0.0000
vn 0.1506 0.9886 -0.0000
vn -0.1961 0.9806 0.0000
vn -0.1956 0.9807 0.0000
vn -0.3634 0.9316 0.0001
vn -0.3630 0.9318 0.0001
vn -0.3634 0.9316 -0.0000
vn -0.3632 0.9317 0.0001
vn -0.6602 0.7511 0.0001
vn -0.6600 0.7513 0.0002
vn -0.6604 0.7509 0.0001
vn -0.5196 0.8544 0.0000
vn -0.5193 0.8546 0.0000
vn -0.5191 0.8547 0.0001
vn -0.5191 0.8547 0.0000
vn -0.7801 0.6256 0.0001
vn -0.7803 0.6254 0.0000
vn -0.7802 0.6255 0.0000
vn -0.6602 0.7511 0.0002
vn -0.7804 0.6253 0.0000
vn -0.9473 0.3205 0.0002
vn -0.9473 0.3204 0.0001
vn -0.9475 0.3198 0.0001
vn -0.8773 0.4799 0.0000
vn -0.8773 0.4800 0.0002
vn -0.8773 0.4799 0.0002
vn -0.8771 0.4803 0.0001
vn -0.9475 0.3196 0.0001
vn -0.9885 0.1509 0.0001
vn -0.9886 0.1508 -0.0000
vn -0.9885 0.1510 0.0001
vn -0.9997 -0.0228 0.0001
vn -0.9997 -0.0232 0.0001
vn -0.9997 -0.0233 0.0001
vn -0.9885 0.1512 0.0001
vn -0.9997 -0.0227 0.0001
vn -0.9806 -0.1961 0.0001
vn -0.9807 -0.1957 0.0001
vn -0.9317 -0.3633 0.0002
vn -0.9319 -0.3627 0.0001
vn -0.9317 -0.3633 0.0001
vn -0.0005 0.0008 -1.0000
vn 0.0004 -0.0001 -1.0000
vn -0.0005 0.0005 -1.0000
vn 0.0004 -0.0007 -1.0000
vn -0.0003 0.0003 1.0000
vn 0.0010 -0.0001 1.0000
vn -0.0008 -0.0001 1.0000
vn -0.0002 0.0010 1.0000
vn 0.0009 -0.0005 1.0000
vn 0.0002 -0.0007 1.0000
vn 0.0003 0.0003 1.0000
vn 0.0009 -0.0000 1.0000
vn -0.0001 0.0006 1.0000
vn -0.0007 -0.0006 1.0000
usemtl None.002
s 1
f 1//1 2//1 3//1
f 3//2 2//2 4//2
f 5//3 6//4 7//3
f 4//5 6//5 5//5
f 2//6 6//6 4//6
f 6//4 8//7 7//3
f 7//8 9//8 10//8
f 8//8 9//8 7//8
f 10//9 11//9 12//9
f 9//10 11//10 10//10
f 12//11 13//11 14//11
f 11//12 13//12 12//12
f 14//13 15//13 16//13
f 13//14 15//14 14//14
f 16//15 17//15 18//15
f 15//16 17//16 16//16
f 18//17 19//17 20//17
f 17//18 19//18 18//18
f 20//19 21//19 22//19
f 19//20 21//20 20//20
f 22//21 23//21 24//21
f 21//22 23//22 22//22
f 24//23 25//23 26//23
f 23//24 25//24 24//24
f 26//25 27//25 28//25
f 25//26 27//26 26//26
f 28//27 29//27 30//27
f 27//27 29//27 28//27
f 31//28 32//28 33//28
f 34//28 31//28 33//28
f 35//29 36//29 37//29
f 35//29 37//29 38//29
f 39//30 40//30 41//30
f 39//30 41//30 42//30
f 43//31 44//31 45//31
f 43//31 46//31 44//31
f 47//32 48//32 49//32
f 47//33 49//33 50//33
f 51//34 50//35 52//35
f 51//34 47//35 50//35
f 53//36 52//36 54//36
f 53//36 51//36 52//36
f 55//37 54//38 56//39
f 55//37 53//40 54//38
f 57//41 56//42 58//43
f 57//41 55//44 56//42
f 59//45 58//46 60//47
f 59//45 57//48 58//46
f 61//49 60//50 62//50
f 61//49 59//51 60//50
f 63//52 62//53 64//53
f 63//52 61//54 62//53
f 65//55 64//56 66//57
f 65//55 63//58 64//56
f 67//59 66//60 68//61
f 67//59 65//62 66//60
f 69//63 68//64 70//65
f 69//63 67//63 68//64
f 71//66 70//66 72//66
f 71//66 69//66 70//66
f 73//67 72//68 74//68
f 73//67 71//69 72//68
f 46//70 74//70 44//70
f 46//71 73//71 74//71
f 48//72 75//72 76//72
f 48//72 76//72 49//72
f 77//73 78//74 79//75
f 11//76 9//77 68//78
f 78//74 38//79 79//75
f 68//78 9//77 70//80
f 80//81 45//82 81//83
f 81//83 45//82 82//84
f 82//84 45//82 83//85
f 76//86 84//87 85//88
f 83//85 45//82 86//89
f 86//89 45//82 44//90
f 38//79 87//91 79//75
f 9//77 8//88 70//80
f 80//81 88//92 45//82
f 76//86 89//86 84//87
f 8//88 72//93 70//80
f 90//94 91//95 92//96
f 92//96 91//95 80//81
f 50//97 23//98 52//99
f 52//99 23//98 54//100
f 87//91 91//95 93//101
f 94//102 91//95 95//99
f 88//92 91//95 94//102
f 93//101 91//95 90//94
f 80//81 91//95 88//92
f 54//100 21//80 56//103
f 76//86 96//104 89//86
f 97//105 96//104 76//86
f 23//98 21//80 54//100
f 6//106 74//107 8//88
f 21//80 19//108 56//103
f 95//99 98//109 99//109
f 91//95 98//109 95//99
f 56//103 19//108 58//110
f 8//88 74//107 72//93
f 98//111 100//111 99//110
f 50//97 25//112 23//98
f 49//113 25//112 50//97
f 98//111 101//95 100//111
f 98//111 102//95 101//95
f 19//108 17//114 58//110
f 98//111 41//77 102//95
f 58//110 17//114 60//115
f 87//91 103//91 91//95
f 104//108 105//86 106//116
f 107//117 105//86 104//108
f 108//105 105//86 107//117
f 109//118 105//86 108//105
f 33//119 105//86 109//118
f 49//113 27//120 25//112
f 17//114 15//94 60//115
f 110//75 42//108 98//111
f 98//111 42//108 41//77
f 60//115 15//94 62//121
f 62//121 15//94 64//101
f 103//91 37//122 110//75
f 1//123 44//124 2//115
f 2//115 44//124 6//106
f 49//113 29//83 27//120
f 6//106 44//124 74//107
f 37//122 111//125 110//75
f 110//75 112//126 42//108
f 111//125 113//119 110//75
f 15//94 13//127 64//101
f 110//75 114//128 112//126
f 64//101 13//127 66//121
f 1//123 86//129 44//124
f 113//119 115//130 110//75
f 49//113 116//131 29//83
f 76//132 116//131 49//113
f 110//75 117//133 114//128
f 115//130 117//133 110//75
f 38//79 37//122 87//91
f 87//91 37//122 103//91
f 96//104 93//101 118//134
f 118//134 93//101 90//94
f 105//86 93//101 106//116
f 119//99 93//101 97//105
f 106//116 93//101 119//99
f 97//105 93//101 96//104
f 76//86 85//88 116//100
f 13//127 11//76 66//121
f 66//121 11//76 68//78
f 33//119 32//135 105//86
f 32//135 79//75 105//86
f 120//92 79//75 32//135
f 121//96 79//75 120//92
f 122//136 79//75 121//96
f 123//137 79//75 122//136
f 77//73 79//75 123//137
f 124//138 125//139 126//140
f 124//138 126//140 31//141
f 127//142 128//143 124//138
f 35//144 127//142 124//138
f 10//145 12//146 67//147
f 43//148 129//149 130//150
f 43//148 131//151 129//149
f 10//145 67//147 69//152
f 43//148 132//153 131//151
f 43//148 133//154 132//153
f 134//155 75//156 135//157
f 43//158 130//159 46//160
f 136//161 35//144 124//138
f 7//138 10//145 69//152
f 137//160 133//154 43//148
f 138//162 75//156 134//155
f 71//163 7//138 69//152
f 139//147 133//154 137//160
f 139//147 140//147 133//154
f 141//154 75//156 138//162
f 22//162 53//164 55//153
f 139//147 142//147 140//147
f 139//147 136//161 143//165
f 139//147 137//160 144//166
f 139//147 144//166 145//151
f 139//147 143//165 142//147
f 141//154 146//147 75//156
f 24//153 47//167 51//138
f 73//147 5//168 7//138
f 24//153 51//138 53//164
f 24//153 53//164 22//162
f 73//147 7//138 71//163
f 20//145 22//162 55//153
f 20//145 55//153 57//169
f 147//170 145//151 148//143
f 147//170 139//147 145//151
f 149//171 147//170 148//143
f 26//172 48//164 47//167
f 26//172 47//167 24//153
f 150//173 147//170 149//171
f 151//174 147//170 150//173
f 18//175 20//145 57//169
f 152//138 34//147 153//176
f 40//177 147//170 151//174
f 18//175 57//169 59//178
f 152//138 153//176 154//165
f 152//138 154//165 155//165
f 152//138 155//165 156//162
f 157//179 136//161 139//147
f 152//180 156//139 158//181
f 28//182 48//164 26//172
f 30//183 48//164 28//182
f 39//184 159//148 147//170
f 39//184 147//170 40//177
f 36//185 157//179 159//148
f 46//160 4//186 5//168
f 46//160 3//187 4//186
f 16//188 18//175 59//178
f 46//160 5//168 73//147
f 16//188 59//178 61//170
f 16//188 61//170 63//189
f 160//152 159//148 39//184
f 161//177 36//185 159//148
f 130//159 3//187 46//160
f 162//190 159//148 160//152
f 14//191 16//188 63//189
f 163//192 161//177 159//148
f 14//191 63//189 65//193
f 164//194 48//164 30//183
f 165//145 159//148 162//190
f 164//195 75//156 48//156
f 166//196 163//192 159//148
f 166//196 159//148 165//145
f 36//185 35//144 136//161
f 36//185 136//161 157//179
f 143//165 167//147 142//147
f 143//165 141//154 167//147
f 143//165 158//181 168//164
f 143//165 146//147 141//154
f 143//165 168//164 146//147
f 143//165 152//180 158//181
f 12//146 14//191 65//193
f 12//146 65//193 67//147
f 135//157 75//156 164//195
f 31//141 34//147 152//138
f 124//138 31//141 152//138
f 124//138 128//143 169//141
f 124//138 169//141 170//175
f 124//138 170//175 125//139
f 149//197 148//198 99//199
f 149//197 99//199 100//200
f 150//201 100//202 101//203
f 150//201 149//204 100//202
f 151//205 101//206 102//207
f 151//205 150//208 101//206
f 40//209 102//210 41//210
f 40//209 151//211 102//210
f 153//212 33//213 109//213
f 153//212 34//212 33//213
f 154//214 109//215 108//216
f 154//214 153//215 109//215
f 155//217 108//218 107//219
f 155//217 154//220 108//218
f 156//221 107//222 104//222
f 156//221 155//221 107//222
f 160//223 42//224 112//224
f 160//223 39//225 42//224
f 162//226 112//25 114//227
f 162//226 160//226 112//25
f 165//228 114//228 117//228
f 165//228 162//229 114//228
f 166//230 117//231 115//230
f 166//230 165//232 117//231
f 163//233 115//19 113//234
f 163//233 166//235 115//19
f 161//236 111//236 37//236
f 161//237 113//238 111//239
f 161//237 163//18 113//238
f 36//240 161//240 37//240
f 127//12 78//241 77//12
f 127//242 38//243 78//243
f 127//242 35//242 38//243
f 128//244 77//244 123//244
f 128//245 127//245 77//245
f 169//246 123//246 122//246
f 169//247 128//247 123//247
f 170//248 122//248 121//248
f 170//249 169//249 122//249
f 125//250 121//250 120//250
f 125//248 170//248 121//248
f 126//251 125//251 120//251
f 31//1 120//252 32//252
f 31//1 126//1 120//252
f 148//253 145//254 99//255
f 99//255 145//254 95//256
f 95//257 144//258 94//257
f 145//259 144//258 95//257
f 94//260 137//261 88//262
f 144//263 137//261 94//260
f 88//264 43//265 45//264
f 137//266 43//265 88//264
f 76//267 75//267 97//267
f 97//268 146//269 119//270
f 75//271 146//271 97//271
f 119//272 168//273 106//274
f 146//269 168//275 119//270
f 106//276 158//276 104//276
f 168//273 158//277 106//274
f 158//278 156//278 104//278
f 79//30 152//30 105//30
f 124//30 152//30 79//30
f 105//279 143//279 93//279
f 152//279 143//279 105//279
f 93//28 143//28 87//28
f 143//28 136//28 87//28
f 87//280 124//280 79//280
f 136//280 124//280 87//280
f 103//30 157//30 91//30
f 157//30 139//30 91//30
f 91//279 147//279 98//279
f 139//279 147//279 91//279
f 98//28 159//28 110//28
f 147//28 159//28 98//28
f 110//280 157//280 103//280
f 159//280 157//280 110//280
f 29//281 116//281 30//281
f 30//281 116//281 164//281
f 135//282 85//283 134//283
f 164//284 85//284 135//284
f 116//285 85//285 164//285
f 85//283 84//283 134//283
f 134//286 89//286 138//286
f 84//287 89//287 134//287
f 138//288 96//288 141//288
f 89//289 96//289 138//289
f 141//290 118//290 167//290
f 96//291 118//291 141//291
f 167//292 90//292 142//292
f 118//293 90//293 167//293
f 142//294 92//294 140//294
f 90//295 92//295 142//295
f 140//296 80//296 133//296
f 92//297 80//297 140//297
f 133//298 81//298 132//298
f 80//299 81//299 133//299
f 132//300 82//300 131//300
f 81//301 82//301 132//301
f 131//302 83//302 129//302
f 82//303 83//303 131//303
f 129//304 86//304 130//304
f 83//305 86//305 129//305
f 130//306 1//306 3//306
f 86//307 1//307 130//307
f 171//308 172//308 173//308
f 174//309 175//310 176//309
f 177//311 178//312 179//313
f 180//314 178//312 177//311
f 181//315 182//316 183//315
f 184//310 175//310 174//309
f 185//317 186//317 187//317
f 187//318 186//318 188//318
f 189//319 190//319 183//319
f 172//320 191//320 173//320
f 183//321 192//322 189//323
f 193//324 194//325 191//326
f 195//327 194//325 193//324
f 183//321 196//328 192//322
f 197//329 198//329 199//330
f 183//321 200//331 196//328
f 199//330 198//329 201//332
f 202//333 203//333 204//333
f 205//334 203//334 202//334
f 183//321 206//335 200//331
f 182//316 206//316 183//315
f 207//336 208//336 209//336
f 206//335 210//331 200//331
f 211//337 212//338 194//339
f 194//339 212//338 191//340
f 191//341 212//341 173//341
f 186//342 213//342 188//342
f 179//343 214//344 211//345
f 178//344 214//344 179//343
f 215//346 216//346 190//346
f 176//347 217//347 218//348
f 203//349 219//349 204//349
f 206//335 220//350 210//331
f 175//351 217//347 176//347
f 219//352 221//352 214//352
f 203//353 221//354 219//354
f 192//355 222//356 223//357
f 196//358 222//356 192//355
f 214//339 224//359 211//337
f 211//337 224//359 212//338
f 221//360 224//360 214//360
f 212//29 224//29 225//29
f 186//361 226//361 213//361
f 201//362 227//363 228//364
f 198//365 227//363 201//362
f 225//366 229//366 230//366
f 210//357 231//367 200//368
f 230//369 229//369 232//369
f 200//368 231//367 233//370
f 217//371 234//372 218//373
f 224//29 235//29 225//29
f 206//374 236//374 220//374
f 225//375 237//376 229//377
f 232//378 238//378 230//378
f 234//379 239//380 240//381
f 240//382 239//382 208//382
f 225//375 241//383 237//376
f 235//384 241//383 225//375
f 223//385 242//386 243//387
f 222//388 242//386 223//385
f 234//379 244//389 239//380
f 217//371 244//390 234//372
f 232//391 245//391 238//391
f 246//392 171//392 216//392
f 227//393 247//394 228//395
f 235//384 248//396 241//383
f 237//397 174//398 229//399
f 227//393 249//400 247//394
f 226//401 250//401 251//401
f 246//402 252//402 171//402
f 235//403 185//403 248//403
f 248//404 185//404 187//404
f 233//405 180//406 177//407
f 231//408 180//406 233//405
f 237//397 184//409 174//398
f 247//410 253//389 244//389
f 254//411 253//389 249//412
f 244//389 253//389 239//380
f 249//412 253//389 247//410
f 250//413 253//413 254//413
f 239//414 253//415 255//414
f 248//416 199//417 241//418
f 253//415 256//415 255//414
f 236//419 205//419 257//419
f 189//420 215//420 190//420
f 215//421 246//421 216//421
f 258//422 207//422 209//422
f 207//423 240//423 208//423
f 243//424 195//425 193//426
f 251//427 213//427 226//427
f 245//428 258//428 238//428
f 254//429 251//429 250//429
f 257//430 220//430 236//430
f 242//431 195//425 243//424
f 202//432 257//432 205//432
f 238//433 258//433 209//433
f 248//416 197//434 199//417
f 252//435 172//435 171//435
f 259//436 260//437 261//438
f 262//439 260//437 259//436
f 263//440 260//437 262//439
f 264//441 265//442 260//437
f 264//441 260//437 263//440
f 266//443 259//443 261//443
f 267//444 265//442 264//441
f 268//445 259//445 266//445
f 269//446 265//442 267//444
f 270//447 263//448 262//449
f 271//450 265//442 269//446
f 272//451 263//448 270//447
f 273//452 267//453 264//454
f 274//455 268//456 266//457
f 275//453 267//453 273//452
f 276//458 268//456 274//455
f 277//459 272//460 270//461
f 278//462 269//463 279//464
f 278//462 271//465 269//463
f 280//466 272//460 277//459
f 281//467 275//468 273//469
f 282//470 276//471 274//472
f 283//473 275//468 281//467
f 284//474 276//471 282//470
f 285//475 280//476 277//477
f 286//478 279//479 287//480
f 286//478 278//481 279//479
f 288//482 280//476 285//475
f 289//483 283//484 281//485
f 290//470 283//484 289//483
f 291//486 284//487 282//488
f 291//486 282//488 292//489
f 293//490 286//491 287//492
f 294//493 286//491 293//490
f 295//494 285//495 296//496
f 295//494 288//497 285//495
f 297//498 289//499 298//500
f 297//498 290//501 289//499
f 299//502 291//503 292//504
f 299//502 292//504 300//505
f 301//506 294//506 293//506
f 302//507 294//507 301//507
f 303//508 296//508 304//509
f 303//508 295//508 296//508
f 305//510 298//510 306//510
f 305//510 297//510 298//510
f 307//511 299//512 300//513
f 307//511 300//513 308//514
f 309//515 302//515 301//515
f 310//516 303//517 304//517
f 310//516 304//517 311//517
f 312//518 302//518 309//518
f 313//519 307//520 308//521
f 313//519 310//522 311//523
f 313//519 311//523 307//520
f 314//524 305//525 306//526
f 314//524 306//526 315//527
f 316//528 317//528 314//528
f 316//529 312//529 317//529
f 318//530 310//522 313//519
f 318//531 314//532 315//531
f 318//533 316//533 314//533
f 318//531 315//531 310//534
f 319//535 313//536 320//537
f 321//538 313//536 319//535
f 322//539 313//536 321//538
f 323//540 318//540 313//540
f 323//541 313//536 322//539
f 324//542 323//543 322//544
f 325//545 319//546 320//547
f 326//548 323//543 324//542
f 327//549 319//546 325//545
f 328//550 326//550 329//550
f 328//551 323//551 326//551
f 330//552 322//553 321//554
f 330//552 321//554 331//555
f 332//556 327//557 325//558
f 333//559 324//560 334//561
f 333//559 326//562 324//560
f 335//563 327//557 332//556
f 336//564 328//564 329//564
f 337//565 331//566 338//567
f 337//565 330//568 331//566
f 339//569 334//567 340//570
f 339//569 333//569 334//567
f 341//571 335//572 332//573
f 341//571 332//573 342//574
f 343//575 344//575 345//575
f 343//576 336//576 344//576
f 346//577 338//578 347//579
f 346//577 337//580 338//578
f 348//581 340//582 349//582
f 348//581 339//583 340//582
f 350//584 342//585 351//586
f 350//584 341//587 342//585
f 352//588 345//588 353//588
f 352//589 343//589 345//589
f 354//590 347//591 355//592
f 354//590 346//593 347//591
f 356//594 348//595 349//596
f 356//594 349//596 357//597
f 358//598 351//599 359//600
f 358//598 350//601 351//599
f 360//602 352//603 353//604
f 360//602 353//604 361//605
f 362//606 355//607 363//608
f 362//606 354//609 355//607
f 364//610 357//611 365//612
f 364//610 356//609 357//611
f 366//613 358//613 359//613
f 366//614 359//614 367//614
f 368//615 360//616 361//617
f 369//618 360//616 368//615
f 370//619 362//620 363//621
f 370//619 363//621 371//622
f 372//623 365//624 373//625
f 372//623 364//626 365//624
f 374//627 373//628 370//629
f 374//627 366//630 367//631
f 374//627 370//629 371//628
f 374//627 371//628 366//630
f 375//632 369//633 368//634
f 376//635 369//633 375//632
f 377//636 375//637 372//638
f 377//636 372//638 373//628
f 377//636 376//639 375//637
f 377//636 373//628 374//627
f 329//640 344//640 336//640
f 309//641 317//641 312//641
f 378//642 379//642 380//642
f 381//643 382//643 383//643
f 384//644 385//644 386//644
f 384//645 386//645 387//645
f 381//646 383//646 388//646
f 389//647 390//647 391//647
f 389//648 391//648 392//648
f 393//649 394//649 395//649
f 389//650 396//650 390//650
f 393//651 395//651 378//651
f 397//652 398//652 399//652
f 400//653 401//653 402//653
f 397//654 399//654 403//654
f 400//655 380//655 401//655
f 404//656 392//656 405//656
f 404//657 403//657 396//657
f 406//658 387//658 394//658
f 404//659 396//659 389//659
f 406//660 394//660 393//660
f 404//661 389//661 392//661
f 407//662 408//663 385//664
f 407//665 385//666 384//667
f 409//668 398//668 397//668
f 409//669 388//669 398//669
f 410//670 380//670 400//670
f 411//671 412//672 382//673
f 411//671 382//673 381//674
f 413//675 405//675 414//675
f 410//676 378//676 380//676
f 413//677 404//677 405//677
f 413//678 403//679 404//680
f 413//678 397//681 403//679
f 415//682 387//682 406//682
f 415//683 384//683 387//683
f 416//684 411//685 381//686
f 416//687 381//687 388//687
f 417//688 393//688 378//688
f 416//689 388//689 409//689
f 417//690 378//690 410//690
f 418//691 413//691 414//691
f 418//692 409//693 397//694
f 418//692 397//694 413//695
f 419//696 402//696 420//696
f 419//697 400//697 402//697
f 421//698 416//699 422//700
f 421//701 411//685 416//684
f 423//702 414//703 424//704
f 423//705 422//700 416//699
f 423//702 418//706 414//703
f 423//707 416//708 409//709
f 425//710 406//710 393//710
f 423//707 409//709 418//711
f 423//712 424//713 422//714
f 425//715 393//715 417//715
f 426//716 427//716 428//716
f 426//717 429//717 427//717
f 426//718 430//718 429//718
f 426//719 431//719 430//719
f 426//720 394//720 431//720
f 426//721 395//721 394//721
f 426//722 428//722 379//722
f 426//723 379//723 395//723
f 432//724 410//724 400//724
f 432//725 400//725 419//725
f 433//726 434//727 407//728
f 433//726 435//729 434//727
f 433//730 407//665 384//667
f 433//730 384//667 415//731
f 436//732 437//732 438//732
f 436//733 420//733 437//733
f 436//734 419//734 420//734
f 439//735 410//735 432//735
f 439//736 417//736 410//736
f 440//737 432//737 419//737
f 440//738 419//738 436//738
f 441//739 435//740 433//741
f 441//739 433//741 415//742
f 441//743 406//743 425//743
f 441//744 415//744 406//744
f 442//745 432//745 440//745
f 442//746 439//746 432//746
f 443//747 425//747 417//747
f 443//748 417//748 439//748
f 444//749 438//749 445//749
f 444//750 436//750 438//750
f 399//751 440//751 436//751
f 399//752 436//752 444//752
f 383//753 439//753 442//753
f 383//754 443//754 439//754
f 446//755 422//714 424//713
f 379//756 428//756 447//756
f 448//757 425//757 443//757
f 448//758 441//758 425//758
f 448//759 412//760 435//761
f 448//759 435//761 441//762
f 398//763 442//763 440//763
f 398//764 440//764 399//764
f 382//765 443//765 383//765
f 382//766 412//766 448//766
f 394//767 449//767 431//767
f 382//768 448//768 443//768
f 396//769 445//769 390//769
f 396//770 444//770 445//770
f 380//771 447//771 401//771
f 380//772 379//772 447//772
f 388//773 442//773 398//773
f 388//774 383//774 442//774
f 387//775 386//775 449//775
f 387//776 449//776 394//776
f 403//777 444//777 396//777
f 403//778 399//779 444//779
f 378//780 395//780 379//780
f 450//781 451//782 452//782
f 450//781 452//782 453//782
f 450//781 453//782 454//783
f 455//280 450//781 454//783
f 456//784 457//785 455//280
f 456//784 455//280 454//783
f 458//786 457//785 456//784
f 459//786 457//785 458//786
f 460//786 457//785 459//786
f 461//787 462//788 463//788
f 461//787 464//788 465//789
f 461//787 465//789 466//790
f 461//787 466//790 462//788
f 467//280 463//788 468//791
f 467//280 461//787 463//788
f 469//788 467//280 468//791
f 470//787 467//280 469//788
f 471//280 470//787 469//788
f 472//792 470//787 471//280
f 473//793 470//787 472//792
f 474//794 470//787 473//793
f 475//795 476//795 477//795
f 478//796 458//797 456//798
f 478//796 459//799 458//797
f 478//800 479//800 459//800
f 480//801 481//802 482//803
f 483//804 484//804 485//804
f 486//805 487//806 475//807
f 488//808 489//808 490//808
f 483//809 491//809 484//809
f 488//810 490//810 492//810
f 488//811 492//811 493//811
f 488//812 486//805 475//807
f 494//813 495//814 496//815
f 497//816 498//816 499//816
f 494//813 482//803 495//814
f 497//817 499//817 479//817
f 488//818 475//818 489//818
f 494//813 480//801 482//803
f 497//819 479//819 478//819
f 500//820 501//820 502//820
f 500//821 502//822 503//823
f 504//824 505//824 480//824
f 500//825 503//825 476//825
f 506//826 491//827 483//828
f 507//829 476//830 475//831
f 508//832 509//832 510//832
f 504//833 480//833 494//833
f 507//834 500//834 476//834
f 508//835 510//836 498//837
f 508//835 498//837 497//838
f 506//826 511//839 491//827
f 507//829 475//831 487//840
f 512//841 500//841 507//841
f 513//842 509//842 508//842
f 459//843 514//843 460//843
f 515//844 516//844 505//844
f 512//845 501//845 500//845
f 517//846 512//847 507//848
f 517//849 501//849 512//849
f 515//850 505//850 504//850
f 518//851 511//852 506//853
f 519//854 474//854 473//854
f 520//855 501//855 517//855
f 518//851 521//856 511//852
f 520//857 517//846 507//848
f 522//858 501//858 520//858
f 479//859 514//859 459//859
f 522//860 507//829 487//840
f 522//861 486//862 488//863
f 523//864 524//864 525//864
f 522//861 487//865 486//862
f 523//866 502//866 526//866
f 523//867 526//867 527//867
f 522//868 520//857 507//848
f 523//869 527//869 528//869
f 529//870 521//871 518//872
f 530//873 516//873 515//873
f 531//874 488//874 493//874
f 523//875 528//875 524//875
f 532//876 516//876 530//876
f 531//877 522//877 488//877
f 523//878 525//879 533//880
f 531//881 493//881 534//881
f 531//882 534//882 509//882
f 529//870 535//883 521//871
f 531//884 536//884 537//884
f 531//885 538//885 536//885
f 531//886 513//886 538//886
f 531//887 537//887 501//887
f 531//888 501//888 522//888
f 539//889 523//878 533//880
f 531//890 509//890 513//890
f 539//891 533//891 540//891
f 541//892 535//892 529//892
f 539//893 540//893 542//893
f 543//894 516//894 532//895
f 543//896 524//896 516//896
f 544//897 524//897 543//897
f 545//898 546//898 539//898
f 545//899 542//899 547//899
f 545//900 547//900 548//900
f 545//901 539//901 542//901
f 549//902 539//903 546//904
f 525//905 524//906 544//906
f 549//902 523//907 539//903
f 549//908 502//909 523//910
f 550//911 502//909 549//908
f 485//912 472//913 471//914
f 485//912 473//915 472//913
f 551//916 502//916 550//916
f 485//917 484//917 519//917
f 551//918 550//919 549//920
f 485//921 519//921 473//921
f 552//922 502//922 551//922
f 552//923 549//923 546//923
f 552//924 551//918 549//920
f 552//925 546//925 545//925
f 553//926 545//926 548//926
f 553//927 548//927 554//927
f 553//928 554//928 555//928
f 553//929 555//929 535//929
f 553//930 535//930 541//930
f 553//931 552//932 545//933
f 476//934 541//934 556//934
f 476//935 556//935 557//935
f 476//936 557//936 477//936
f 476//937 553//937 541//937
f 558//938 553//931 476//939
f 558//940 502//940 552//940
f 558//938 552//932 553//931
f 503//941 558//942 476//942
f 503//823 502//822 558//943
f 475//944 477//944 559//944
f 475//945 559//945 489//945
f 560//946 561//788 562//947
f 560//946 562//947 563//948
f 560//946 563//948 564//949
f 565//950 560//946 564//949
f 566//951 567//952 565//950
f 566//951 565//950 564//949
f 568//953 567//952 566//951
f 569//952 568//953 570//793
f 571//954 569//952 570//793
f 496//949 572//955 571//954
f 496//949 571//954 570//793
f 495//956 572//955 496//949
f 482//957 572//955 495//956
f 481//958 572//955 482//957
f 569//952 567//952 568//953
f 573//30 311//30 574//30
f 307//30 311//30 573//30
f 575//959 262//959 576//960
f 576//960 262//959 259//960
f 577//788 234//961 240//961
f 578//961 234//961 577//788
f 579//30 229//30 580//30
f 232//30 229//30 579//30
f 581//28 172//28 582//28
f 191//28 172//28 581//28
f 192//961 583//280 189//949
f 189//949 583//280 584//961
f 366//959 585//962 586//959
f 371//959 585//962 366//959
f 587//28 321//28 588//28
f 321//28 319//28 588//28
f 589//30 315//30 590//30
f 310//30 315//30 589//30
f 591//962 264//962 592//962
f 592//962 264//962 263//962
f 593//952 247//952 244//952
f 594//952 247//952 593//952
f 595//30 237//30 596//30
f 237//30 241//30 596//30
f 597//28 194//28 598//28
f 211//28 194//28 597//28
f 200//952 599//963 196//952
f 196//952 599//963 600//952
f 370//962 601//962 602//962
f 373//962 601//962 370//962
f 603//28 324//28 604//28
f 324//28 322//28 604//28
f 605//30 317//30 606//30
f 314//30 317//30 605//30
f 607//962 269//962 608//962
f 608//962 269//962 267//29
f 609//788 254//788 249//788
f 610//788 254//788 609//788
f 611//30 248//30 612//30
f 248//30 187//30 612//30
f 613//28 214//28 614//28
f 219//28 214//28 613//28
f 220//788 615//788 210//788
f 210//788 615//788 616//788
f 372//962 617//962 618//962
f 375//962 617//962 372//962
f 619//28 329//28 620//28
f 329//28 326//28 620//28
f 344//97 329//964 619//119
f 368//95 617//965 375//127
f 345//99 619//119 621//966
f 345//99 621//966 622//967
f 345//99 344//97 619//119
f 361//110 623//968 617//965
f 361//110 617//965 368//95
f 353//92 622//967 623//968
f 353//92 623//968 361//110
f 353//92 345//99 622//967
f 219//969 613//86 624//86
f 625//92 219//969 624//86
f 204//970 219//969 625//92
f 626//971 204//970 625//92
f 202//972 204//970 626//971
f 627//91 257//973 202//972
f 627//91 202//972 626//971
f 628//136 220//974 257//973
f 628//136 257//973 627//91
f 615//975 220//974 628//136
f 213//132 629//134 630//80
f 188//105 630//80 631//976
f 188//105 213//132 630//80
f 251//977 632//978 629//134
f 251//977 629//134 213//132
f 187//968 631//976 633//979
f 187//968 633//979 612//980
f 187//968 188//105 631//976
f 254//981 610//982 632//978
f 254//981 632//978 251//977
f 607//983 279//83 269//984
f 287//94 279//83 607//983
f 634//95 287//94 607//983
f 293//119 287//94 634//95
f 635//84 293//119 634//95
f 301//985 635//84 636//986
f 301//985 293//119 635//84
f 606//979 301//985 636//986
f 309//987 301//985 606//979
f 317//107 309//987 606//979
f 326//988 333//158 620//196
f 618//162 364//989 372//990
f 620//196 339//154 637//991
f 637//991 339//154 638//167
f 333//158 339//154 620//196
f 639//992 356//993 618//162
f 618//162 356//993 364//989
f 638//167 348//147 639//992
f 639//992 348//147 356//993
f 339//154 348//147 638//167
f 334//74 324//97 603//109
f 365//964 601//964 373//964
f 340//102 603//109 640//967
f 340//102 640//967 641//95
f 340//102 334//74 603//109
f 357//109 642//979 601//964
f 357//109 601//964 365//964
f 349//76 641//95 642//979
f 349//76 642//979 357//109
f 349//76 340//102 641//95
f 614//165 214//165 643//165
f 214//165 644//188 643//165
f 214//165 178//994 644//188
f 178//994 645//995 644//188
f 178//994 180//996 645//995
f 231//138 646//996 180//996
f 180//996 646//996 645//995
f 210//997 647//148 231//138
f 231//138 647//148 646//996
f 210//997 616//990 647//148
f 211//998 597//86 648//964
f 649//95 211//998 648//964
f 179//998 211//998 649//95
f 650//99 179//998 649//95
f 177//99 179//998 650//99
f 651//76 233//964 177//99
f 651//76 177//99 650//99
f 652//101 200//130 233//964
f 652//101 233//964 651//76
f 599//975 200//130 652//101
f 653//164 198//999 654//188
f 654//188 197//159 655//142
f 198//999 197//159 654//188
f 656//148 227//185 653//164
f 653//164 227//185 198//999
f 655//142 248//1000 657//156
f 657//156 248//1000 611//164
f 197//159 248//1000 655//142
f 609//995 249//182 656//148
f 656//148 249//182 227//185
f 201//76 658//1001 659//1001
f 199//132 659//1001 660//134
f 199//132 201//76 659//1001
f 228//976 661//1002 658//1001
f 228//976 658//1001 201//76
f 241//102 660//134 662//105
f 241//102 662//105 596//964
f 241//102 199//132 660//134
f 247//1003 594//964 661//1002
f 247//1003 661//1002 228//976
f 591//976 273//1004 264//1005
f 281//84 273//1004 591//976
f 663//1002 281//84 591//976
f 289//73 281//84 663//1002
f 664//1006 289//73 663//1002
f 298//104 664//1006 665//114
f 298//104 289//73 664//1006
f 590//1007 298//104 665//114
f 306//105 298//104 590//1007
f 315//107 306//105 590//1007
f 275//156 608//172 267//1008
f 275//156 283//145 608//172
f 283//145 666//165 608//172
f 283//145 290//145 666//165
f 290//145 667//162 666//165
f 667//162 297//1009 668//159
f 290//145 297//1009 667//162
f 297//1009 605//1010 668//159
f 297//1009 305//1011 605//1010
f 305//1011 314//1012 605//1010
f 322//1013 330//157 604//178
f 602//178 362//1014 370//1015
f 604//178 337//163 669//178
f 669//178 337//163 670//1016
f 330//157 337//163 604//178
f 671//988 354//1017 602//178
f 602//178 354//1017 362//1014
f 670//1016 346//1016 671//988
f 671//988 346//1016 354//1017
f 337//163 346//1016 670//1016
f 331//99 321//107 587//84
f 363//90 585//83 371//984
f 338//968 587//84 672//1018
f 338//968 672//1018 673//84
f 338//968 331//99 587//84
f 355//101 674//1003 585//83
f 355//101 585//83 363//90
f 347//1019 673//84 674//1003
f 347//1019 674//1003 355//101
f 347//1019 338//968 673//84
f 598//156 194//156 675//156
f 194//156 676//989 675//156
f 194//156 195//162 676//989
f 195//162 677//164 676//989
f 195//162 242//154 677//164
f 222//148 678//145 242//154
f 242//154 678//145 677//164
f 196//138 679//153 222//148
f 222//148 679//153 678//145
f 196//138 600//157 679//153
f 191//131 581//114 680//84
f 681//105 191//131 680//84
f 193//106 191//131 681//105
f 682//127 193//106 681//105
f 243//89 193//106 682//127
f 683//121 223//1020 243//89
f 683//121 243//89 682//127
f 684//137 192//77 223//1020
f 684//137 223//1020 683//121
f 583//1005 192//77 684//137
f 685//175 175//1021 686//996
f 686//996 184//993 687//165
f 175//1021 184//993 686//996
f 688//995 217//1022 685//175
f 685//175 217//1022 175//1021
f 687//165 237//187 689//156
f 689//156 237//187 595//156
f 184//993 237//187 687//165
f 593//990 244//1023 688//995
f 688//995 244//1023 217//1022
f 176//971 690//974 691//111
f 174//1024 691//111 692//101
f 174//1024 176//971 691//111
f 218//110 693//105 690//974
f 218//110 690//974 176//971
f 229//1025 692//101 694//83
f 229//1025 694//83 580//102
f 229//1025 174//1024 692//101
f 234//94 578//86 693//105
f 234//94 693//105 218//110
f 575//1026 270//1002 262//984
f 277//1027 270//1002 575//1026
f 695//1028 277//1027 575//1026
f 285//84 277//1027 695//1028
f 696//1029 285//84 695//1028
f 296//84 696//1029 697//1026
f 296//84 285//84 696//1029
f 574//1030 296//84 697//1026
f 304//84 296//84 574//1030
f 311//1031 304//84 574//1030
f 272//1032 592//1033 263//1034
f 272//1032 280//154 592//1033
f 280//154 698//147 592//1033
f 280//154 288//162 698//147
f 288//162 699//162 698//147
f 699//162 295//145 700//1016
f 288//162 295//145 699//162
f 295//145 589//138 700//1016
f 295//145 303//178 589//138
f 303//178 310//151 589//138
f 268//156 576//1035 259//990
f 268//156 276//1036 576//1035
f 276//1036 701//1037 576//1035
f 276//1036 284//167 701//1037
f 284//167 702//1038 701//1037
f 702//1038 291//182 703//1014
f 284//167 291//182 702//1038
f 291//182 573//1039 703//1014
f 291//182 299//1016 573//1039
f 299//1016 307//1009 573//1039
f 704//156 258//152 705//1023
f 705//1023 245//164 706//154
f 258//152 245//164 705//1023
f 707//996 207//1040 704//156
f 704//156 207//1040 258//152
f 706//154 232//167 708//162
f 708//162 232//167 579//1041
f 245//164 232//167 706//154
f 577//990 240//182 707//996
f 707//996 240//182 207//1040
f 582//156 172//1008 709//172
f 172//1008 710//148 709//172
f 172//1008 252//1037 710//148
f 252//1037 711//996 710//148
f 252//1037 246//1042 711//996
f 215//989 712//1023 246//1042
f 246//1042 712//1023 711//996
f 189//156 713//1034 215//989
f 215//989 713//1034 712//1023
f 189//156 584//156 713//1034
f 319//1043 327//1032 588//1044
f 586//1045 358//1008 366//1046
f 588//1044 335//1021 714//1047
f 714//1047 335//1021 715//1048
f 327//1032 335//1021 588//1044
f 716//1047 350//177 586//1045
f 586//1045 350//177 358//1008
f 715//1048 341//1039 716//1047
f 716//1047 341//1039 350//177
f 335//1021 341//1039 715//1048
f 292//77 282//111 717//137
f 718//985 216//1002 719//973
f 718//985 190//1049 216//1002
f 300//77 292//77 717//137
f 300//77 717//137 720//92
f 721//1001 190//1049 718//985
f 721//1001 183//86 190//1049
f 209//137 722//94 723//77
f 238//137 723//77 724//99
f 238//137 724//99 725//101
f 238//137 209//137 723//77
f 208//123 726//1050 722//94
f 208//123 722//94 209//137
f 230//101 725//101 727//92
f 230//101 238//137 725//101
f 308//92 720//92 728//110
f 239//86 729//86 726//1050
f 308//92 300//77 720//92
f 239//86 726//1050 208//123
f 730//74 183//86 721//1001
f 225//134 727//92 731//86
f 730//74 181//964 183//86
f 225//134 230//101 727//92
f 313//94 728//110 732//89
f 313//94 308//92 728//110
f 255//985 260//86 729//86
f 374//80 181//964 730//74
f 255//985 261//984 260//86
f 255//985 729//86 239//86
f 367//127 733//127 181//964
f 212//86 731//86 734//105
f 367//127 181//964 374//80
f 212//86 225//134 731//86
f 320//105 732//89 735//119
f 736//968 266//96 261//984
f 320//105 313//94 732//89
f 736//968 261//984 255//985
f 359//86 737//99 733//127
f 359//86 733//127 367//127
f 173//108 734//105 738//101
f 173//108 212//86 734//105
f 325//1027 735//119 739//1051
f 325//1027 320//105 735//119
f 351//964 737//99 359//86
f 351//964 740//1024 737//99
f 741//964 274//1002 266//96
f 741//964 266//96 736//968
f 332//86 325//1027 739//1051
f 171//74 173//108 738//101
f 342//105 739//1051 740//1024
f 171//74 738//101 742//111
f 342//105 740//1024 351//964
f 342//105 332//86 739//1051
f 743//131 274//1002 741//964
f 282//111 274//1002 743//131
f 719//973 171//74 742//111
f 216//1002 171//74 719//973
f 717//137 282//111 743//131
f 744//108 745//119 746//74
f 747//1002 746//74 745//119
f 748//111 745//119 744//108
f 749//86 747//1002 745//119
f 750//1052 745//119 748//111
f 751//73 749//86 745//119
f 265//102 745//119 750//1052
f 752//94 278//971 286//105
f 752//94 271//1053 278//971
f 752//94 265//102 271//1053
f 294//1002 752//94 286//105
f 302//984 752//94 294//1002
f 312//94 752//94 302//984
f 316//975 752//94 312//94
f 752//94 745//119 265//102
f 753//979 754//976 755//976
f 753//979 756//1003 754//976
f 753//979 757//91 756//1003
f 758//1019 757//91 753//979
f 759//105 758//1019 753//979
f 760//120 759//105 753//979
f 377//1054 760//120 753//979
f 761//101 376//95 377//1054
f 761//101 369//1055 376//95
f 761//101 360//1029 369//1055
f 761//101 352//1002 360//1029
f 761//101 343//985 352//1002
f 761//101 336//1056 343//985
f 753//979 761//101 377//1054
f 761//101 328//984 336//1056
f 762//29 763//29 764//29
f 765//29 764//29 766//1057
f 765//29 766//1057 767//1058
f 765//29 762//29 764//29
f 768//1059 769//30 770//30
f 427//1059 771//1059 768//1059
f 427//1059 768//1059 770//30
f 772//1060 771//1059 427//1059
f 773//1061 420//1061 402//1061
f 773//1062 402//1062 401//1062
f 774//1063 775//1064 776//1065
f 777//1066 773//1066 401//1066
f 777//1067 401//1068 447//1069
f 778//1070 776//1071 779//1071
f 778//1072 774//1063 776//1065
f 780//1073 777//1067 447//1069
f 781//1074 779//1075 782//1075
f 781//1070 778//1070 779//1071
f 783//1076 782//1077 784//1078
f 783//1074 781//1074 782//1075
f 785//1079 780//1080 447//1081
f 785//1079 447//1081 428//1082
f 786//1083 784//1083 787//1083
f 770//1084 428//1085 427//1086
f 786//1087 783//1076 784//1078
f 770//1084 785//1084 428//1085
f 788//1088 787//1088 789//1088
f 788//1089 786//1089 787//1089
f 790//1090 789//1091 791//1092
f 790//1093 788//1093 789//1093
f 792//1094 791//1095 793//1096
f 792//1097 790//1090 791//1092
f 794//1098 793//1098 795//1098
f 794//1099 792//1094 793//1096
f 796//1100 795//1100 391//1100
f 796//1101 391//1102 390//1103
f 796//1104 794//1104 795//1104
f 797//1105 390//1106 445//1107
f 797//1108 796//1101 390//1103
f 798//1109 445//1110 438//1111
f 798//1112 797//1105 445//1107
f 799//1113 438//1113 437//1113
f 799//1114 798//1109 438//1111
f 800//1115 437//1115 420//1115
f 800//1116 799//1116 437//1116
f 773//1117 800//1117 420//1117
f 801//1118 802//1119 775//1120
f 803//28 801//1118 775//1120
f 774//28 803//28 775//1120
f 804//28 803//28 774//28
f 805//164 806//1034 807//1121
f 808//1122 809//1123 810//170
f 811//1121 805//164 807//1121
f 811//1121 809//1123 808//1122
f 811//1121 807//1121 812//156
f 811//1121 812//156 809//1123
f 813//1047 811//1121 808//1122
f 814//1124 811//1121 813//1047
f 815//167 786//1041 788//148
f 815//167 788//148 790//156
f 816//145 786//1041 815//167
f 816//145 783//996 786//1041
f 817//154 815//167 790//156
f 817//154 790//156 792//154
f 48//188 783//996 816//145
f 48//188 804//1125 774//1000
f 48//188 774//1000 778//156
f 48//188 778//156 781//165
f 48//188 781//165 783//996
f 818//164 817//154 792//154
f 818//164 792//154 794//156
f 819//185 818//164 794//156
f 819//185 794//156 796//1039
f 819//185 796//1039 797//156
f 820//1126 819//185 797//156
f 820//1126 797//156 798//1023
f 75//157 804//1125 48//188
f 75//194 821//162 822//156
f 75//194 822//156 823//161
f 75//194 823//161 804//1039
f 824//177 820//1126 798//1023
f 824//177 798//1023 799//165
f 825//188 821//162 75//194
f 825//188 826//1127 821//162
f 827//1043 828//1128 826//1127
f 827//1043 826//1127 825//188
f 156//1129 814//1124 828//1128
f 156//1129 828//1128 827//1043
f 155//138 814//1124 156//1129
f 154//1130 811//1121 814//1124
f 154//1130 814//1124 155//138
f 153//1033 811//1121 154//1130
f 34//151 811//1121 153//1033
f 829//157 799//165 800//138
f 829//157 824//177 799//165
f 773//167 829//157 800//138
f 773//167 830//167 829//157
f 777//154 46//138 830//167
f 777//154 830//167 773//167
f 780//145 46//138 777//154
f 31//1131 811//1121 34//151
f 31//1131 831//1032 811//1121
f 785//1023 46//138 780//145
f 832//138 833//162 831//1032
f 126//178 831//1032 31//1131
f 125//1014 831//1032 126//178
f 834//156 832//138 831//1032
f 170//1126 831//1032 125//1014
f 835//170 834//156 831//1032
f 770//172 46//138 785//1023
f 836//163 835//170 831//1032
f 837//162 836//163 831//1032
f 765//1132 127//1133 35//1134
f 765//1132 128//164 127//1133
f 765//1132 169//153 128//164
f 765//1132 170//1126 169//153
f 765//1132 831//1032 170//1126
f 765//1132 837//162 831//1032
f 769//1135 46//138 770//172
f 769//179 43//185 46//166
f 838//1136 43//185 769//179
f 839//181 43//185 838//1136
f 840//165 841//178 43//185
f 840//165 43//185 839//181
f 842//1137 841//178 840//165
f 843//1138 841//178 842//1137
f 844//178 843//1138 842//1137
f 148//1033 844//178 845//178
f 148//1033 843//1138 844//178
f 149//154 148//156 845//1139
f 150//1011 149//154 845//1139
f 846//138 847//1140 848//996
f 849//185 850//1141 847//1140
f 849//185 846//138 851//162
f 849//185 847//1140 846//138
f 852//138 845//1139 853//1142
f 852//138 853//1142 854//154
f 852//138 854//154 850//1141
f 852//138 151//1023 150//1011
f 852//138 40//1143 151//1023
f 852//138 150//1011 845//1139
f 852//138 850//1141 849//185
f 36//1144 765//1132 35//1134
f 39//174 40//1143 852//138
f 762//178 765//1132 36//1144
f 762//178 166//989 165//1145
f 762//178 163//145 166//989
f 762//178 161//1146 163//145
f 762//178 36//1144 161//1146
f 855//164 762//178 165//1145
f 855//164 160//174 39//174
f 855//164 162//1147 160//174
f 855//164 165//1145 162//1147
f 855//164 39//174 852//138
f 856//138 762//178 855//164
f 857//1039 856//138 855//164
f 858//185 855//164 859//147
f 860//1148 857//1039 855//164
f 861//156 860//1148 855//164
f 861//156 855//164 858//185
f 48//1149 816//1150 49//1151
f 49//1151 816//1150 862//1151
f 862//1152 815//1153 863//1152
f 816//1154 815//1153 862//1152
f 863//1155 817//1156 864//1155
f 815//1157 817//1156 863//1155
f 864//1158 818//1158 865//1159
f 817//1158 818//1158 864//1158
f 865//1160 819//1160 866//1161
f 818//1160 819//1160 865//1160
f 866//1162 820//1163 867//1162
f 819//1163 820//1163 866//1162
f 867//1164 824//1165 868//1166
f 820//1167 824//1165 867//1164
f 868//1168 829//1169 869//1170
f 824//1171 829//1169 868//1168
f 869//1172 830//1173 870//1172
f 829//1173 830//1173 869//1172
f 870//1174 46//1174 44//1174
f 830//1174 46//1174 870//1174
f 75//1175 76//1176 871//1176
f 825//1175 75//1175 871//1176
f 827//1177 871//1178 872//1179
f 827//1177 825//1177 871//1178
f 156//1180 872//1180 104//1180
f 156//1181 827//1181 872//1181
f 32//30 34//30 33//30
f 31//30 34//30 32//30
f 117//1182 165//1183 115//1184
f 165//1183 166//1185 115//1184
f 843//1186 148//1186 99//1186
f 843//1187 99//1187 873//1187
f 841//1188 873//1189 874//1190
f 841//1188 843//1189 873//1189
f 43//1191 874//1191 45//1191
f 43//1192 841//1192 874//1192
f 107//1039 109//1009 108//177
f 107//1039 33//995 109//1009
f 104//1039 33//995 107//1039
f 872//1014 33//157 104//156
f 870//1147 44//162 869//989
f 873//1037 38//1016 872//1014
f 872//1014 38//1016 33//157
f 37//1017 38//1016 873//1037
f 38//1016 32//1124 33//157
f 868//156 866//170 867//1139
f 869//989 866//170 868//156
f 78//147 77//1193 38//1016
f 866//170 864//157 865//156
f 32//1124 121//156 120//156
f 44//162 864//157 869//989
f 38//1016 122//1194 32//1124
f 32//1124 122//1194 121//156
f 869//989 864//157 866//170
f 77//1193 122//1194 38//1016
f 77//1193 123//179 122//1194
f 99//1195 41//185 873//1037
f 100//1138 41//185 99//1195
f 101//1196 41//185 100//1138
f 102//138 41//185 101//1196
f 863//1039 49//1044 862//1039
f 864//157 49//1044 863//1039
f 44//162 49//1044 864//157
f 112//1197 114//996 42//1198
f 117//996 115//1043 114//996
f 113//1199 111//1200 115//1043
f 115//1043 111//1200 114//996
f 42//1198 37//1017 41//185
f 41//185 37//1017 873//1037
f 114//996 37//1017 42//1198
f 111//1200 37//1017 114//996
f 45//159 76//159 44//159
f 44//159 76//159 49//147
f 874//1046 871//993 45//1015
f 45//1015 871//993 76//187
f 873//1037 872//1014 874//1046
f 874//1046 872//1014 871//993
f 875//1201 876//1201 408//1202
f 877//1203 875//1201 408//1202
f 878//1204 408//1202 407//728
f 878//1204 877//1203 408//1202
f 879//1205 878//1204 407//728
f 880//1206 421//1207 422//1208
f 880//1206 422//1208 446//1201
f 881//1209 407//728 434//727
f 881//1209 879//1205 407//728
f 882//1209 411//1210 421//1207
f 882//1209 421//1207 880//1206
f 883//1211 434//727 435//729
f 883//1211 881//1209 434//727
f 884//1208 412//1209 411//1210
f 884//1208 411//1210 882//1209
f 885//1201 435//729 412//1209
f 885//1201 883//1211 435//729
f 885//1201 412//1209 884//1208
f 886//1212 887//1213 888//1214
f 888//1214 887//1213 889//1215
f 887//1213 890//1216 889//1215
f 889//1217 891//1218 892//1219
f 890//1220 891//1218 889//1217
f 891//1221 893//1222 892//1223
f 893//1222 894//1224 892//1223
f 892//1225 895//1226 896//1227
f 894//1228 895//1226 892//1225
f 895//1226 897//1229 896//1227
f 896//1230 898//1231 899//1232
f 897//1233 898//1233 896//1233
f 898//1231 900//1234 899//1232
f 901//1235 902//1236 903//1237
f 899//1238 904//1239 901//1240
f 900//1241 904//1239 899//1238
f 901//1235 905//1242 902//1236
f 904//1243 905//1243 901//1243
f 905//1242 906//1244 902//1236
f 811//1245 906//1246 907//1245
f 902//1247 906//1246 811//1245
f 831//1248 902//1247 811//1245
f 908//1249 852//1250 909//1251
f 910//1252 855//1253 852//1250
f 910//1252 852//1250 908//1249
f 910//1254 911//1255 912//1256
f 910//1254 908//1257 911//1255
f 911//1258 913//1259 914//1260
f 908//1257 913//1261 911//1255
f 913//1259 915//1259 914//1260
f 914//1262 916//1263 917//1264
f 915//1265 916//1263 914//1262
f 917//1266 918//1267 919//1268
f 916//1269 918//1269 917//1269
f 918//1267 920//1270 919//1268
f 920//1271 921//1272 919//1273
f 921//1272 922//1274 919//1273
f 919//1275 923//1276 924//1277
f 922//1278 923//1276 919//1275
f 923//1276 526//1279 924//1277
f 526//1280 502//1280 924//1280
f 924//1281 501//1282 925//1283
f 502//1284 501//1282 924//1281
f 501//1285 537//1285 925//1285
f 926//1286 927//1287 928//1288
f 928//1289 929//1289 930//1289
f 927//1287 929//1290 928//1288
f 930//1291 931//1291 932//1291
f 929//1292 931//1292 930//1292
f 932//1293 933//1294 934//1295
f 931//1296 933//1294 932//1293
f 934//1297 935//1298 936//1299
f 933//1300 935//1298 934//1297
f 936//1301 937//1302 764//1303
f 935//1304 937//1302 936//1301
f 937//1302 766//1305 764//1303
f 938//1306 875//1306 877//1306
f 938//1307 877//1308 939//1309
f 940//1310 938//1310 939//1310
f 941//1311 939//1312 942//1313
f 941//1314 940//1314 939//1314
f 943//1315 942//1316 944//1315
f 943//1317 941//1317 942//1317
f 945//1318 944//1318 946//1318
f 945//1319 943//1319 944//1319
f 947//1320 946//1320 948//1320
f 947//1321 945//1321 946//1321
f 949//1322 948//1322 950//1322
f 949//1323 947//1323 948//1323
f 802//1324 950//1325 775//1326
f 802//1324 949//1327 950//1325
f 951//1328 952//1328 953//1328
f 954//1329 955//1329 956//1329
f 951//1330 957//1330 952//1330
f 958//1331 789//1331 787//1331
f 954//1332 956//1332 959//1332
f 960//1333 776//1333 775//1333
f 960//1334 775//1334 950//1334
f 958//1335 961//1335 789//1335
f 962//1336 424//1337 414//1338
f 392//1339 391//1339 795//1339
f 960//1340 963//1340 776//1340
f 962//1341 446//1342 424//1343
f 962//1341 880//1344 446//1342
f 964//1345 965//1345 966//1345
f 964//1346 881//1347 883//1348
f 964//1349 966//1349 967//1349
f 962//1336 414//1338 968//1350
f 964//1346 883//1348 965//1351
f 969//1352 968//1353 957//1354
f 969//1352 957//1354 951//1355
f 970//1356 967//1356 955//1356
f 970//1357 955//1357 954//1357
f 971//1358 953//1358 961//1358
f 972//1359 950//1359 948//1359
f 971//1360 961//1360 958//1360
f 972//1361 960//1361 950//1361
f 972//1362 959//1362 963//1362
f 972//1363 963//1363 960//1363
f 973//1364 953//1364 971//1364
f 974//1365 948//1365 946//1365
f 973//1366 951//1366 953//1366
f 974//1367 946//1367 944//1367
f 974//1368 959//1368 972//1368
f 975//1369 882//1370 880//1371
f 974//1372 954//1372 959//1372
f 974//1373 972//1373 948//1373
f 975//1374 968//1375 969//1376
f 975//1374 962//1377 968//1375
f 975//1369 880//1371 962//1378
f 976//1379 879//1380 881//1381
f 976//1379 881//1381 964//1382
f 976//1383 964//1383 967//1383
f 976//1384 967//1384 970//1384
f 977//1385 944//1385 942//1385
f 978//1386 958//1386 787//1386
f 977//1387 954//1387 974//1387
f 977//1388 974//1388 944//1388
f 979//1389 951//1389 973//1389
f 977//1390 970//1390 954//1390
f 979//1391 969//1391 951//1391
f 980//1392 942//1313 939//1312
f 980//1393 878//1394 879//1395
f 981//1396 958//1396 978//1396
f 980//1397 976//1397 970//1397
f 980//1398 977//1398 942//1398
f 980//1399 970//1399 977//1399
f 980//1393 879//1395 976//1400
f 981//1401 971//1401 958//1401
f 980//1393 939//1402 878//1394
f 982//1403 971//1403 981//1403
f 982//1404 973//1404 971//1404
f 983//1405 784//1405 782//1405
f 983//1406 787//1406 784//1406
f 983//1407 978//1407 787//1407
f 984//1408 884//1409 882//1410
f 984//1411 969//1411 979//1411
f 984//1412 975//1412 969//1412
f 984//1408 882//1410 975//1413
f 985//1414 978//1414 983//1414
f 985//1415 981//1415 978//1415
f 986//1416 979//1416 973//1416
f 986//1417 973//1417 982//1417
f 987//1418 981//1418 985//1418
f 987//1419 982//1419 981//1419
f 988//1420 782//1420 779//1420
f 988//1421 983//1421 782//1421
f 989//1422 979//1422 986//1422
f 989//1423 885//1424 884//1425
f 989//1423 884//1425 984//1426
f 989//1427 984//1427 979//1427
f 956//1428 983//1428 988//1428
f 956//1429 985//1429 983//1429
f 966//1430 986//1430 982//1430
f 966//1431 982//1431 987//1431
f 877//1308 878//1432 939//1309
f 955//1433 987//1433 985//1433
f 990//1434 793//1434 791//1434
f 990//1435 795//1435 793//1435
f 990//1436 392//1436 795//1436
f 952//1437 405//1437 392//1437
f 955//1438 985//1438 956//1438
f 963//1439 779//1439 776//1439
f 952//1440 392//1440 990//1440
f 957//1441 414//1442 405//1443
f 963//1444 988//1444 779//1444
f 957//1445 405//1445 952//1445
f 965//1446 989//1446 986//1446
f 965//1447 986//1447 966//1447
f 965//1448 883//1449 885//1450
f 961//1451 791//1451 789//1451
f 965//1448 885//1450 989//1452
f 967//1453 966//1453 987//1453
f 961//1454 990//1454 791//1454
f 967//1455 987//1455 955//1455
f 968//1456 414//1442 957//1441
f 953//1457 990//1457 961//1457
f 959//1458 988//1458 963//1458
f 953//1459 952//1459 990//1459
f 959//1460 956//1460 988//1460
f 408//1461 876//1461 991//1461
f 385//1462 991//1462 992//1462
f 385//664 408//663 991//1463
f 386//1464 992//1464 993//1464
f 386//1465 993//1466 994//1467
f 386//1468 385//1468 992//1468
f 449//1469 994//1469 995//1469
f 449//1470 386//1465 994//1467
f 431//1471 995//1471 996//1471
f 431//1472 449//1472 995//1472
f 430//1473 996//1473 997//1473
f 430//1474 431//1474 996//1474
f 429//1475 997//1475 998//1475
f 429//1476 430//1476 997//1476
f 427//1477 998//1477 772//1477
f 427//1478 429//1478 998//1478
f 813//1479 999//1479 814//1479
f 814//1480 1000//1480 828//1480
f 999//1481 1000//1481 814//1481
f 828//1482 1001//1482 826//1482
f 1000//1483 1001//1483 828//1483
f 826//1484 1002//1484 821//1484
f 1001//1485 1002//1485 826//1485
f 821//1486 1003//1486 822//1486
f 1002//1487 1003//1487 821//1487
f 822//1488 1004//1488 823//1488
f 1003//1489 1004//1490 822//1491
f 823//1492 803//1493 804//307
f 1004//1494 803//1493 823//1492
f 1005//1495 1006//1495 1007//1495
f 801//1496 803//1493 1004//1494
f 1006//1497 1008//1497 1000//1497
f 1000//1498 1008//1498 1001//1498
f 1009//1499 1010//1499 1005//1499
f 1001//1500 1010//1500 1002//1500
f 1008//1501 1010//1502 1001//1503
f 1005//1504 1010//1504 1006//1504
f 1006//1505 1010//1502 1008//1501
f 1002//1506 1011//1506 1003//1506
f 1010//1507 1011//1507 1002//1507
f 1009//1508 1011//1508 1010//1508
f 801//1509 1012//1510 802//1511
f 802//1512 1012//1512 1013//1512
f 1013//1513 1012//1513 1009//1513
f 1003//1489 1012//1514 1004//1490
f 1009//1515 1012//1515 1011//1515
f 1011//1516 1012//1516 1003//1516
f 1004//1517 1012//1510 801//1509
f 1013//1518 949//1518 802//1518
f 947//1519 1014//1519 945//1519
f 949//1520 1015//1520 947//1520
f 1013//1521 1015//1521 949//1521
f 1009//1522 1016//1522 1013//1522
f 1013//1523 1016//1523 1015//1523
f 1005//1524 1017//1524 1009//1524
f 1009//1525 1017//1525 1016//1525
f 1014//1526 1018//1526 1019//1526
f 1015//1527 1018//1528 947//1527
f 947//1529 1018//1529 1014//1529
f 1020//1530 1021//1531 1007//1532
f 1022//1533 1021//1533 1020//1533
f 1007//1534 1021//1534 1005//1534
f 1017//1535 1021//1535 1022//1535
f 1005//1536 1021//1536 1017//1536
f 1016//1537 1023//1537 1015//1537
f 1015//1538 1023//1538 1018//1538
f 1018//1539 1023//1539 1019//1539
f 1019//1540 1024//1540 1025//1540
f 1025//1541 1024//1541 1026//1541
f 1026//1542 1024//1542 1022//1542
f 1023//1543 1024//1543 1019//1543
f 1022//1544 1024//1544 1017//1544
f 1016//1545 1024//1545 1023//1545
f 1017//1546 1024//1546 1016//1546
f 1027//1547 1028//1547 1029//1547
f 1030//1548 1028//1548 1031//1548
f 1031//1549 1028//1549 1027//1549
f 561//1550 1032//1550 1033//1550
f 1034//1551 1032//1552 1035//1553
f 1033//1554 1032//1555 1036//1556
f 1036//1557 1032//1552 1034//1551
f 1035//1558 1037//1558 1038//1558
f 1038//1559 1037//1559 1039//1559
f 1040//1560 1041//1560 1042//1560
f 1028//1561 1041//1561 1040//1561
f 1039//1562 1041//1562 1030//1562
f 1030//1563 1041//1563 1028//1563
f 560//1564 1043//1565 561//1566
f 561//1566 1043//1565 1032//1567
f 1032//1568 1043//1569 1035//1570
f 1035//1570 1043//1569 1037//1571
f 1042//1572 1044//1572 1045//1572
f 1041//1573 1044//1574 1042//1574
f 1037//1575 1044//1576 1039//1577
f 1039//1577 1044//1576 1041//1578
f 1026//1579 1046//1579 1025//1579
f 1045//1580 1047//1581 567//1582
f 567//1582 1047//1581 565//1583
f 565//1584 1047//1585 560//1586
f 560//1586 1047//1585 1043//1587
f 1044//1588 1047//1588 1045//1588
f 1043//1589 1047//1590 1037//1591
f 1037//1591 1047//1590 1044//1592
f 938//1593 1029//1593 875//1593
f 945//1594 1048//1594 943//1594
f 1014//1595 1048//1595 945//1595
f 1019//1596 1048//1596 1014//1596
f 1019//1597 1049//1597 1048//1597
f 943//1598 1050//1598 941//1598
f 1048//1599 1050//1599 943//1599
f 1025//1600 1051//1600 1019//1600
f 1019//1601 1051//1601 1049//1601
f 1046//1602 1051//1602 1025//1602
f 1049//1603 1052//1603 1048//1603
f 1048//1604 1052//1604 1050//1604
f 941//1605 1031//1605 940//1605
f 1050//1606 1031//1606 941//1606
f 1046//1607 1034//1608 1051//1609
f 1051//1610 1038//1610 1049//1610
f 1049//1611 1038//1611 1052//1611
f 1050//1612 1030//1612 1031//1612
f 1052//1613 1030//1613 1050//1613
f 940//1614 1027//1614 938//1614
f 938//1615 1027//1615 1029//1615
f 1031//1616 1027//1616 940//1616
f 1033//1554 1036//1556 1046//1617
f 1046//1618 1036//1618 1034//1618
f 1051//1619 1035//1619 1038//1619
f 1034//1608 1035//1620 1051//1609
f 1038//1621 1039//1621 1052//1621
f 1052//1622 1039//1622 1030//1622
f 1029//1623 1028//1623 1040//1623
f 569//1624 1053//1625 567//1582
f 567//1582 1053//1625 1045//1580
f 1045//1626 1054//1627 1042//1628
f 1053//1629 1054//1627 1045//1626
f 1042//1630 1055//1631 1040//1630
f 1054//1630 1055//1631 1042//1630
f 1040//1632 1056//1633 1029//1632
f 1055//1634 1056//1633 1040//1632
f 1029//1635 876//1636 875//1636
f 1056//1637 876//1636 1029//1635
f 1057//1638 1058//1638 1059//1638
f 1060//1639 1061//1639 1062//1639
f 1059//1640 1061//1640 1063//1640
f 1064//1641 1061//1641 1060//1641
f 1063//1642 1061//1642 1064//1642
f 481//1643 1065//1644 572//1645
f 572//1646 1065//1647 1066//1648
f 1067//1649 1065//1650 1068//1651
f 1066//1652 1065//1650 1067//1649
f 1068//1653 1069//1654 1070//1653
f 1070//1655 1069//1655 1058//1655
f 1062//1656 1071//1656 1072//1656
f 1072//1657 1071//1657 1073//1657
f 1061//1658 1071//1658 1062//1658
f 1059//1659 1071//1659 1061//1659
f 1058//1660 1071//1660 1059//1660
f 1074//1661 1075//1661 481//1661
f 1069//1662 1075//1662 1074//1662
f 481//1643 1075//1663 1065//1644
f 1065//1664 1075//1665 1068//1666
f 1068//1666 1075//1665 1069//1667
f 1076//1668 1077//1669 1074//1670
f 1073//1671 1077//1671 1076//1671
f 1074//1672 1077//1672 1069//1672
f 1071//1673 1077//1673 1073//1673
f 1069//1674 1077//1674 1058//1674
f 1058//1675 1077//1675 1071//1675
f 569//1624 571//1676 1053//1625
f 994//1677 1060//1677 995//1677
f 1056//1678 1078//1678 876//1678
f 876//1679 1078//1679 991//1679
f 1055//1680 1079//1680 1056//1680
f 1056//1681 1079//1681 1078//1681
f 991//1682 1080//1682 992//1682
f 992//1683 1080//1683 993//1683
f 1078//1684 1080//1684 991//1684
f 1054//1685 1081//1685 1055//1685
f 1055//1686 1081//1686 1079//1686
f 1078//1687 1057//1687 1080//1687
f 1079//1688 1057//1688 1078//1688
f 993//1689 1063//1689 994//1689
f 1080//1690 1063//1690 993//1690
f 1053//1691 1067//1691 1054//1691
f 1054//1692 1067//1692 1081//1692
f 1081//1693 1070//1693 1079//1693
f 1079//1694 1070//1694 1057//1694
f 1080//1695 1059//1695 1063//1695
f 1057//1696 1059//1696 1080//1696
f 572//1646 1066//1648 571//1697
f 1053//1698 1066//1698 1067//1698
f 571//1676 1066//1699 1053//1625
f 994//1700 1064//1700 1060//1700
f 1063//1701 1064//1701 994//1701
f 1067//1702 1068//1703 1081//1704
f 1081//1704 1068//1703 1070//1705
f 1070//1706 1058//1706 1057//1706
f 998//1707 1082//1708 772//1709
f 995//1710 1083//1710 996//1710
f 996//1711 1083//1711 997//1711
f 1060//1712 1083//1712 995//1712
f 1062//1713 1084//1713 1060//1713
f 1072//1714 1084//1714 1062//1714
f 1060//1715 1084//1715 1083//1715
f 1072//1716 1085//1716 1084//1716
f 997//1717 1086//1717 998//1717
f 1083//1718 1086//1718 997//1718
f 998//1707 1086//1719 1082//1708
f 1087//1720 1088//1720 1073//1720
f 1089//1721 1088//1721 1087//1721
f 1073//1722 1088//1722 1072//1722
f 1072//1723 1088//1723 1085//1723
f 1082//1724 1090//1724 1091//1724
f 1084//1725 1090//1725 1083//1725
f 1083//1726 1090//1726 1086//1726
f 1086//1727 1090//1727 1082//1727
f 1091//1728 1092//1728 1093//1728
f 1090//1729 1092//1729 1091//1729
f 1084//1730 1092//1730 1090//1730
f 1085//1731 1092//1731 1084//1731
f 1093//1732 1094//1732 1095//1732
f 1095//1733 1094//1733 1089//1733
f 1088//1734 1094//1734 1085//1734
f 1089//1735 1094//1735 1088//1735
f 1092//1736 1094//1736 1093//1736
f 1085//1737 1094//1737 1092//1737
f 769//1738 768//1739 838//1740
f 838//1741 1096//1741 839//1741
f 768//1739 1096//1742 838//1740
f 839//1743 1097//1743 840//1743
f 1096//1744 1097//1745 839//1746
f 840//1747 1098//1747 842//1747
f 1097//1748 1098//1748 840//1748
f 842//1749 1099//1749 844//1749
f 1098//1750 1099//1751 842//1752
f 844//1753 1100//1753 845//1753
f 1099//1754 1100//1755 844//1756
f 845//1757 1101//1758 853//1759
f 1100//1760 1101//1760 845//1760
f 1095//1761 1102//1761 1093//1761
f 772//1762 1103//1763 771//1764
f 771//1764 1103//1763 768//1739
f 1096//1744 1103//1765 1097//1745
f 768//1739 1103//1763 1096//1742
f 1082//1766 1103//1763 772//1762
f 1091//1767 1104//1767 1082//1767
f 1082//1768 1104//1769 1103//1770
f 1103//1770 1104//1769 1097//1771
f 1098//1750 1105//1772 1099//1751
f 1097//1773 1105//1773 1098//1773
f 1093//1774 1105//1774 1091//1774
f 1104//1775 1105//1775 1097//1775
f 1091//1776 1105//1776 1104//1776
f 1099//1754 1106//1777 1100//1755
f 1100//1778 1106//1778 1102//1778
f 1102//1779 1106//1779 1093//1779
f 1093//1780 1106//1781 1105//1782
f 1105//1782 1106//1781 1099//1783
f 852//1784 1107//1784 909//1784
f 849//1785 1108//1786 1107//1785
f 849//1787 1107//1787 852//1787
f 851//1788 1109//1788 1108//1788
f 851//1789 1108//1789 849//1789
f 846//1790 1110//1790 1109//1790
f 846//1791 1109//1791 851//1791
f 848//1792 1111//1792 1110//1792
f 848//1793 1110//1793 846//1793
f 847//1794 1112//1794 1111//1794
f 847//1795 1111//1795 848//1795
f 850//1796 1101//1796 1112//1796
f 850//1797 1112//1797 847//1797
f 854//1798 1101//1798 850//1798
f 853//1759 1101//1758 854//1799
f 1113//1800 1114//1800 1115//1800
f 1116//1801 1113//1801 1117//1801
f 1116//1802 1117//1803 1118//1804
f 1116//1805 1119//1805 1114//1805
f 1116//1806 1114//1806 1113//1806
f 1120//1807 1121//1807 1101//1807
f 1120//1808 1118//1808 1121//1808
f 1120//1809 1101//1809 1122//1809
f 1120//1810 1116//1802 1118//1804
f 1120//1811 1122//1811 1119//1811
f 1120//1812 1119//1813 1116//1813
f 1123//1814 1124//1815 913//1816
f 1123//1817 1125//1817 1124//1817
f 1123//1818 1126//1819 1125//1820
f 1123//1821 1122//1821 1126//1821
f 1127//1822 1123//1814 913//1816
f 1127//1823 1122//1823 1123//1823
f 1128//1824 1122//1824 1127//1824
f 1128//1825 913//1825 1129//1825
f 1128//1826 1129//1826 1115//1826
f 1128//1827 1114//1828 1119//1829
f 1128//1830 1115//1830 1114//1830
f 1128//1827 1119//1829 1122//1831
f 1128//1832 1127//1832 913//1832
f 1130//1833 908//1834 909//1834
f 1131//1835 1130//1836 909//1837
f 1132//1838 909//1837 1107//1839
f 1132//1840 1107//1841 1108//1842
f 1132//1838 1131//1835 909//1837
f 1133//1843 1108//1844 1109//1845
f 1133//1846 1131//1847 1132//1840
f 1133//1846 1130//1848 1131//1847
f 1133//1846 1134//1849 1130//1848
f 1133//1846 1132//1840 1108//1842
f 1135//1850 1109//1851 1110//1852
f 1135//1853 1117//1854 1134//1855
f 1135//1853 1134//1855 1133//1843
f 1135//1850 1110//1852 1117//1856
f 1135//1853 1133//1843 1109//1845
f 1118//1857 1110//1857 1111//1857
f 1118//1858 1117//1858 1110//1858
f 1121//1859 1111//1860 1112//1859
f 1121//1861 1112//1861 1101//1861
f 1121//1862 1118//1862 1111//1862
f 1136//1863 1137//1863 1138//1863
f 1136//1864 1139//1864 1137//1864
f 1124//1865 1138//1866 915//1867
f 1124//1868 915//1868 913//1868
f 1124//1869 1136//1869 1138//1869
f 1125//1870 1136//1870 1124//1870
f 1140//1871 1141//1872 1139//1873
f 1140//1874 1100//1874 1141//1874
f 1140//1875 1139//1875 1136//1875
f 1126//1819 1136//1876 1125//1820
f 1126//1877 1140//1877 1136//1877
f 1122//1878 1101//1878 1100//1878
f 1122//1879 1100//1879 1140//1879
f 1122//1880 1140//1880 1126//1880
f 1129//1881 913//1881 908//1881
f 1129//1882 908//1882 1130//1882
f 1113//1883 1134//1855 1117//1854
f 1113//1884 1130//1884 1134//1884
f 1113//1885 1129//1885 1130//1885
f 1113//1886 1115//1886 1129//1886
f 1102//1887 1141//1887 1100//1887
f 916//1888 915//1867 1138//1866
f 1142//1889 1102//1890 1095//1891
f 1142//1892 1095//1893 1143//1894
f 1142//1889 1141//1895 1102//1890
f 1144//1896 1139//1873 1141//1872
f 1144//1897 1143//1898 1145//1899
f 1144//1900 1141//1901 1142//1902
f 1144//1900 1142//1902 1143//1903
f 1146//1904 1137//1904 1139//1904
f 1146//1905 1145//1905 1147//1905
f 1146//1906 1139//1906 1144//1906
f 1146//1907 1144//1907 1145//1907
f 1148//1908 1138//1908 1137//1908
f 1148//1909 1147//1910 918//1911
f 1148//1909 918//1911 916//1912
f 1148//1913 916//1913 1138//1913
f 1148//1914 1146//1914 1147//1914
f 1148//1915 1137//1915 1146//1915
f 855//1253 910//1252 912//1916
f 859//1917 1149//1917 1150//1917
f 859//1918 912//1919 1149//1919
f 859//1918 855//1920 912//1919
f 858//1921 1150//1921 1151//1921
f 858//1922 859//1922 1150//1922
f 861//1923 1151//1923 1152//1923
f 861//1924 858//1924 1151//1924
f 860//1925 1153//1926 1154//1927
f 860//1928 1152//1928 1153//1928
f 860//1929 861//1929 1152//1929
f 857//1930 1154//1930 1155//1930
f 857//1931 860//1925 1154//1927
f 856//1932 1155//1933 763//1934
f 856//1935 857//1935 1155//1935
f 762//1936 856//1932 763//1934
f 1089//1937 1143//1894 1095//1893
f 1156//1938 1089//1938 1087//1938
f 1157//1939 1145//1899 1143//1898
f 1157//1940 1089//1940 1156//1940
f 1157//1941 1143//1941 1089//1941
f 1158//1942 1147//1942 1145//1942
f 1158//1943 1145//1943 1157//1943
f 1159//1944 918//1944 1147//1944
f 1159//1945 920//1946 918//1947
f 1159//1945 921//1948 920//1946
f 1159//1949 1147//1949 1158//1949
f 1159//1950 1158//1950 921//1950
f 1160//1951 1087//1951 1073//1951
f 1160//1952 1073//1952 1161//1952
f 1160//1953 1156//1953 1087//1953
f 1162//1954 1161//1954 1163//1954
f 1162//1955 1156//1955 1160//1955
f 1162//1956 1160//1956 1161//1956
f 1162//1957 1157//1957 1156//1957
f 1164//1958 1165//1959 1166//1960
f 1164//1961 1163//1961 1165//1961
f 1164//1962 921//1962 1158//1962
f 1164//1963 1158//1963 1157//1963
f 1164//1964 1157//1964 1162//1964
f 1164//1965 1162//1965 1163//1965
f 1167//1966 1166//1967 922//1968
f 1167//1969 922//1969 921//1969
f 1167//1970 1164//1970 1166//1970
f 1167//1971 921//1971 1164//1971
f 1168//1972 914//1972 1169//1972
f 1170//1973 1171//1974 1172//1973
f 1170//1975 1172//1975 1173//1975
f 1170//1976 1174//1976 1171//1976
f 1170//1977 1175//1977 1174//1977
f 1176//1978 1168//1979 1175//1980
f 1176//1978 1175//1980 1170//1981
f 1177//1982 1176//1982 1170//1982
f 1177//1983 1173//1983 1178//1983
f 1177//1984 1170//1984 1173//1984
f 1177//1985 1178//1985 914//1985
f 1177//1986 914//1986 1168//1986
f 1177//1987 1168//1987 1176//1987
f 1179//1988 1172//1988 1171//1988
f 1179//1989 1173//1990 1172//1991
f 1179//1992 1180//1992 1181//1992
f 1179//1993 1182//1993 1180//1993
f 1179//1994 1171//1994 1182//1994
f 1183//1995 1179//1995 1181//1995
f 1184//1996 1181//1996 1185//1996
f 1184//1997 1183//1997 1181//1997
f 1184//1998 1185//1998 1186//1998
f 1184//1999 1186//1999 1187//1999
f 1188//2000 1187//2000 1186//2000
f 1188//2001 1189//2001 1187//2001
f 1190//2002 1186//2002 1191//2002
f 1190//2003 1191//2004 1192//2005
f 1190//2006 1188//2006 1186//2006
f 1193//2007 1190//2007 1192//2007
f 1193//2008 1194//2008 1195//2008
f 1196//2009 1192//2009 1197//2009
f 1196//2010 1193//2010 1192//2010
f 1198//2011 1199//2011 1200//2011
f 1198//2012 1200//2013 1194//2014
f 1198//2015 1196//2015 1197//2015
f 1198//2016 1194//2016 1193//2016
f 1198//2017 1193//2017 1196//2017
f 1198//2018 1197//2018 1199//2018
f 1201//2019 1202//2020 1203//2021
f 1201//2022 1203//2022 1204//2022
f 1201//2023 1205//2024 1202//2025
f 1206//2026 1201//2026 1204//2026
f 1206//2027 1205//2024 1201//2023
f 1207//2028 1204//2028 1208//2028
f 1207//2029 1209//2029 1205//2029
f 1207//2030 1205//2030 1206//2030
f 1207//2031 1206//2031 1204//2031
f 1207//2032 1208//2032 1210//2032
f 1207//2033 1210//2034 1209//2035
f 1211//2036 1212//2036 1213//2036
f 1211//2037 1214//2037 1212//2037
f 1215//2038 1216//2038 1217//2038
f 1215//2039 1214//2039 1211//2039
f 1215//2040 1218//2040 1214//2040
f 1215//2041 1219//2041 1218//2041
f 1215//2042 1220//2042 1216//2042
f 1215//2043 1217//2043 1219//2043
f 1221//2044 1215//2044 1211//2044
f 1221//2045 1220//2045 1215//2045
f 1221//2046 1211//2046 1213//2046
f 1222//2047 1213//2048 1223//2049
f 1222//2050 1169//2050 1220//2050
f 1222//2051 1223//2051 1169//2051
f 1222//2047 1221//2052 1213//2048
f 1222//2053 1220//2053 1221//2053
f 1224//2054 1169//2054 1223//2054
f 1224//2055 1223//2055 1225//2055
f 1226//2056 1224//2056 1225//2056
f 1226//2057 1169//2057 1224//2057
f 1227//2058 1225//2058 1174//2058
f 1227//2059 1174//2059 1175//2059
f 1227//2060 1168//2061 1169//2062
f 1227//2063 1175//1980 1168//1979
f 1227//2064 1226//2064 1225//2064
f 1227//2060 1169//2062 1226//2065
f 1228//2066 1173//1990 1179//1989
f 1228//2067 1178//2067 1173//2067
f 1228//2068 914//2068 1178//2068
f 1228//2069 1179//2069 1183//2069
f 1229//2070 1189//2070 1230//2070
f 1229//2071 911//2072 914//2073
f 1229//2074 1187//2075 1189//2076
f 1229//2077 1228//2077 1183//2077
f 1229//2078 1230//2078 911//2078
f 1229//2079 1183//2079 1184//2079
f 1229//2074 1184//2080 1187//2075
f 1229//2071 914//2073 1228//2081
f 1231//2082 1230//2082 1189//2082
f 1231//2083 912//2083 911//2083
f 1231//2084 1189//2084 1188//2084
f 1231//2085 1195//2085 912//2085
f 1231//2086 1188//2086 1190//2086
f 1231//2087 911//2087 1230//2087
f 1231//2088 1190//2088 1193//2088
f 1231//2089 1193//2089 1195//2089
f 1197//2090 1155//2090 1154//2090
f 1197//2091 1154//2091 1153//2091
f 1199//2092 1153//2092 1152//2092
f 1199//2093 1197//2094 1153//2094
f 1200//2095 1152//2095 1151//2095
f 1200//2096 1199//2096 1152//2096
f 1194//2097 1151//2097 1150//2097
f 1194//2014 1200//2013 1151//2098
f 1195//2099 1150//2099 1149//2099
f 1195//2100 1149//2100 912//2100
f 1195//2101 1194//2101 1150//2101
f 1232//2102 1233//2102 926//2102
f 1232//2103 1234//2103 1233//2103
f 1232//2104 1235//2104 1234//2104
f 1232//2105 1236//2105 1235//2105
f 1237//2106 1236//2106 1232//2106
f 1238//2107 926//2107 928//2107
f 1238//2108 1232//2108 926//2108
f 1239//2109 1232//2110 1238//2111
f 1240//2112 1241//2112 1236//2112
f 1240//2113 1236//2114 1237//2115
f 1242//2116 1237//2116 1232//2116
f 1242//2117 1232//2118 1239//2119
f 1243//2120 1237//2120 1242//2120
f 1243//2121 1240//2113 1237//2115
f 1244//2122 1245//2122 1246//2122
f 1244//2123 1247//2123 1245//2123
f 1244//2124 1208//2124 1247//2124
f 1244//2125 1246//2125 1248//2125
f 1249//2126 1208//2126 1244//2126
f 1249//2127 1244//2127 1248//2127
f 1249//2128 1210//2128 1208//2128
f 1209//2129 1250//2129 1251//2129
f 1209//2130 1248//2130 1250//2130
f 1209//2035 1210//2034 1249//2131
f 1209//2035 1249//2131 1248//2132
f 1252//2133 1248//2133 1246//2133
f 1253//2134 928//2135 930//2136
f 1253//2137 1246//2137 1245//2137
f 1253//2134 1245//2138 928//2135
f 1253//2139 1252//2139 1246//2139
f 1254//2140 1252//2140 1253//2140
f 1255//2141 1248//2142 1252//2143
f 1256//2144 1252//2145 1254//2146
f 1256//2147 1255//2141 1252//2143
f 1257//2148 1250//2148 1248//2148
f 1257//2149 1248//2150 1255//2151
f 1258//2152 1257//2149 1255//2151
f 1258//2153 1255//2153 1256//2153
f 1259//2154 930//2155 932//2156
f 1260//2157 1261//2157 1259//2157
f 1260//2158 1262//2159 1261//2160
f 1263//2161 1264//2161 1262//2161
f 1263//2162 1262//2163 1260//2164
f 1263//2162 1260//2164 1265//2165
f 1266//2166 1264//2167 1263//2168
f 1266//2166 1263//2168 1265//2169
f 1266//2170 1265//2170 1267//2170
f 1268//2171 1259//2154 932//2156
f 1268//2172 1260//2173 1259//2174
f 1269//2175 1265//2175 1260//2175
f 1269//2176 1260//2173 1268//2172
f 1270//2177 1269//2177 1268//2177
f 1271//2178 1265//2179 1269//2180
f 1272//2181 1269//2182 1270//2182
f 1272//2183 1271//2178 1269//2180
f 1273//2184 1265//2185 1271//2186
f 1273//2187 1267//2187 1265//2187
f 1273//2188 1274//2189 1267//2190
f 1275//2191 1271//2191 1272//2191
f 1275//2192 1273//2184 1271//2186
f 1276//2193 932//2193 934//2193
f 1276//2194 934//2194 1277//2194
f 1278//2195 1276//2195 1277//2195
f 1278//2196 1277//2196 1279//2196
f 1278//2197 1280//2198 1276//2199
f 1278//2200 1281//2201 1280//2202
f 1282//2203 1278//2204 1279//2205
f 1282//2203 1281//2206 1278//2204
f 1282//2207 1283//2207 1281//2207
f 1284//2208 1279//2209 1219//2210
f 1284//2211 1282//2212 1279//2213
f 1284//2211 1283//2214 1282//2212
f 1285//2215 1277//2215 934//2215
f 1286//2216 1279//2216 1277//2216
f 1286//2217 1277//2217 1285//2217
f 1212//2218 1286//2218 1285//2218
f 1214//2219 1286//2219 1212//2219
f 1218//2220 1279//2220 1286//2220
f 1218//2221 1219//2210 1279//2209
f 1218//2222 1286//2222 1214//2222
f 1287//2223 934//2223 936//2223
f 1287//2224 936//2224 1288//2224
f 1289//2225 1223//2225 1287//2225
f 1225//2226 1223//2226 1289//2226
f 1290//2227 1225//2227 1289//2228
f 1290//2229 1288//2229 1182//2229
f 1290//2230 1287//2230 1288//2230
f 1290//2231 1289//2232 1287//2232
f 1290//2233 1182//2234 1171//2233
f 1174//2235 1225//2235 1290//2235
f 1174//2236 1290//2236 1171//2236
f 1180//2237 1182//2237 1288//2237
f 1180//2238 1288//2238 936//2238
f 1181//2239 1180//2239 936//2239
f 1185//2240 1181//2240 936//2240
f 1191//2241 763//2241 1155//2241
f 1191//2242 1185//2243 936//2244
f 1191//2245 1186//2245 1185//2245
f 1191//2242 936//2244 764//2246
f 1191//2247 764//2247 763//2247
f 1192//2248 1191//2249 1155//2250
f 1192//2248 1155//2250 1197//2251
f 1291//2252 1292//2252 1293//2252
f 1291//2253 925//2253 1292//2253
f 1294//2254 1293//2254 1241//2254
f 1294//2255 925//2255 1291//2255
f 1294//2256 1291//2256 1293//2256
f 1294//2257 1241//2257 1240//2257
f 1295//2258 1294//2258 1240//2258
f 1295//2259 1240//2259 1243//2259
f 1296//2260 1238//2261 928//2262
f 1296//2263 1239//2109 1238//2111
f 1296//2264 1242//2117 1239//2119
f 1296//2265 1243//2265 1242//2265
f 1296//2266 1202//2266 1243//2266
f 1297//2267 924//2268 925//2269
f 1297//2270 1295//2270 1243//2270
f 1297//2267 925//2269 1294//2271
f 1297//2272 1294//2272 1295//2272
f 1297//2273 1243//2273 1202//2273
f 1203//2021 1202//2020 1296//2274
f 1203//2275 1296//2260 928//2262
f 1204//2276 1203//2276 928//2276
f 1204//2277 1245//2277 1247//2277
f 1204//2278 1247//2278 1208//2278
f 1204//2279 928//2279 1245//2279
f 1205//2280 1298//2280 924//2280
f 1205//2281 1297//2281 1202//2281
f 1205//2282 924//2282 1297//2282
f 1205//2283 1251//2283 1298//2283
f 1205//2284 1209//2284 1251//2284
f 1299//2285 924//2285 1298//2285
f 1299//2286 1251//2286 1250//2286
f 1299//2287 1298//2287 1251//2287
f 1299//2288 1250//2288 1257//2288
f 1300//2289 1301//2289 1258//2289
f 1300//2290 1258//2290 1256//2290
f 1300//2291 1253//2291 930//2291
f 1300//2292 1256//2144 1254//2146
f 1300//2293 1254//2293 1253//2293
f 1302//2294 1257//2294 1258//2294
f 1302//2295 1258//2295 1301//2295
f 1302//2296 1299//2296 1257//2296
f 1303//2297 1300//2298 930//2299
f 1303//2300 1301//2301 1300//2302
f 1304//2303 1299//2303 1302//2303
f 1304//2304 924//2305 1299//2306
f 1304//2307 1302//2307 1301//2307
f 1305//2308 1262//2308 1264//2308
f 1305//2309 1259//2309 1261//2309
f 1305//2310 1261//2160 1262//2159
f 1305//2311 1264//2311 1301//2311
f 1305//2312 1301//2301 1303//2300
f 1305//2313 1303//2297 930//2299
f 1305//2314 930//2314 1259//2314
f 1306//2315 1301//2315 1264//2315
f 1306//2316 1264//2316 1266//2316
f 1307//2317 919//2318 924//2305
f 1307//2317 924//2305 1304//2304
f 1307//2319 1304//2319 1301//2319
f 1307//2320 1301//2320 1306//2320
f 1308//2321 1266//2321 1267//2321
f 1308//2322 1306//2322 1266//2322
f 1308//2323 919//2318 1307//2317
f 1308//2324 1307//2324 1306//2324
f 1308//2325 1267//2325 1274//2325
f 1309//2326 1310//2326 919//2326
f 1309//2327 1274//2327 1310//2327
f 1309//2328 919//2328 1308//2328
f 1309//2329 1308//2329 1274//2329
f 1311//2330 1272//2330 1270//2330
f 1311//2331 1270//2331 1268//2331
f 1311//2332 1312//2332 1275//2332
f 1311//2333 1275//2333 1272//2333
f 1311//2334 1268//2334 932//2334
f 1313//2335 1312//2335 1311//2335
f 1313//2336 1311//2336 932//2336
f 1314//2337 1276//2199 1280//2198
f 1314//2338 1280//2202 1281//2201
f 1314//2339 1281//2339 1283//2339
f 1314//2340 1283//2340 1312//2340
f 1314//2341 932//2342 1276//2343
f 1314//2344 1312//2344 1313//2344
f 1314//2341 1313//2345 932//2342
f 1315//2346 1273//2346 1275//2346
f 1315//2347 1275//2347 1312//2347
f 1315//2348 1274//2189 1273//2188
f 1315//2349 919//2349 1310//2349
f 1315//2350 1310//2350 1274//2350
f 1316//2351 1283//2351 1284//2351
f 1317//2352 917//2353 919//2354
f 1317//2352 919//2354 1315//2355
f 1317//2356 1312//2356 1283//2356
f 1317//2357 1283//2357 1316//2357
f 1317//2358 1315//2358 1312//2358
f 1318//2359 917//2353 1317//2352
f 1318//2360 1284//2360 1219//2360
f 1318//2361 1316//2361 1284//2361
f 1318//2362 1219//2362 1217//2362
f 1318//2363 1317//2363 1316//2363
f 1319//2364 917//2364 1318//2364
f 1319//2365 1320//2365 917//2365
f 1319//2366 1217//2366 1320//2366
f 1319//2367 1318//2367 1217//2367
f 1213//2368 934//2368 1287//2368
f 1213//2369 1212//2369 1285//2369
f 1213//2370 1285//2370 934//2370
f 1213//2371 1287//2371 1223//2371
f 1216//2372 917//2372 1320//2372
f 1216//2373 1320//2373 1217//2373
f 1220//2374 917//2374 1216//2374
f 1169//2375 917//2375 1220//2375
f 1169//2376 914//2376 917//2376
f 1321//2377 805//2378 811//2379
f 1321//2377 811//2379 907//2380
f 1322//2381 806//2381 805//2381
f 1322//2382 805//2382 1321//2382
f 1323//2383 807//2383 806//2383
f 1323//2384 806//2384 1322//2384
f 1324//2385 812//2385 807//2385
f 1324//2386 807//2386 1323//2386
f 1325//2387 809//2387 812//2387
f 1325//2388 812//2388 1324//2388
f 1326//2389 810//2389 809//2389
f 1326//2390 809//2390 1325//2390
f 999//2391 808//2392 810//2393
f 999//2394 813//2394 808//2394
f 999//2391 810//2393 1326//2395
f 1076//2396 1161//2396 1073//2396
f 480//2397 1074//2397 481//2397
f 526//2398 923//2398 527//2398
f 1327//2399 1076//1668 1074//1670
f 1327//2400 1074//2400 480//2400
f 1328//2401 1163//2401 1161//2401
f 1328//2402 480//2402 505//2402
f 1328//2403 1161//2403 1076//2403
f 1328//2404 1076//2405 1327//2406
f 1328//2404 1327//2406 480//2407
f 1329//2408 1165//2408 1163//2408
f 1329//2409 516//2409 524//2409
f 1329//2410 505//2410 516//2410
f 1329//2411 1328//2411 505//2411
f 1329//2412 1163//2412 1328//2412
f 1330//2413 524//2414 528//2413
f 1330//2415 1329//2415 524//2415
f 1330//2416 1165//2416 1329//2416
f 1331//2417 922//1968 1166//1967
f 1331//2418 1166//1960 1165//1959
f 1331//2419 528//2419 527//2419
f 1331//2420 923//2420 922//2420
f 1331//2421 1330//2421 528//2421
f 1331//2422 1165//2422 1330//2422
f 1331//2423 527//2423 923//2423
f 1332//2424 1333//2424 1334//2424
f 1335//2425 1336//2425 1337//2425
f 1335//2426 1337//2426 1338//2426
f 1292//2427 925//2427 1339//2427
f 1340//2428 1234//2428 1235//2428
f 1341//2429 1342//2429 1343//2429
f 1341//2430 1344//2430 1342//2430
f 1341//2431 1334//2431 1344//2431
f 1341//2432 1332//2432 1334//2432
f 1345//2433 1335//2433 1338//2433
f 1345//2434 1338//2434 1332//2434
f 1346//2435 1235//2436 1336//2437
f 1346//2438 1340//2438 1235//2438
f 1346//2435 1336//2437 1335//2439
f 1347//2440 1332//2440 1341//2440
f 1347//2441 1345//2441 1332//2441
f 1348//2442 1335//2442 1345//2442
f 1348//2443 1346//2444 1335//2444
f 1349//2445 1350//2446 1351//2447
f 1349//2448 1343//2448 1350//2448
f 1349//2449 1341//2449 1343//2449
f 1349//2450 1347//2450 1341//2450
f 1352//2451 1345//2451 1347//2451
f 1352//2452 1348//2452 1345//2452
f 1353//2453 1351//2454 1354//2455
f 1353//2456 1349//2456 1351//2456
f 1353//2457 1347//2457 1349//2457
f 1353//2458 1352//2458 1347//2458
f 1355//2459 1233//2459 1234//2459
f 1355//2460 1356//2460 1233//2460
f 1355//2461 1234//2461 1340//2461
f 1355//2462 1340//2462 1346//2462
f 1233//2463 1357//2463 926//2463
f 1355//2464 1346//2464 1348//2464
f 1233//2465 1358//2465 1357//2465
f 1233//2466 1356//2466 1358//2466
f 1359//2467 1355//2467 1348//2467
f 1359//2468 1356//2469 1355//2469
f 1360//2470 1359//2470 1348//2470
f 1360//2471 1356//2471 1359//2472
f 1360//2473 1348//2473 1352//2473
f 1361//2474 1352//2474 1353//2474
f 1361//2475 1356//2476 1360//2477
f 1362//2478 1363//2478 752//2478
f 1361//2479 1360//2479 1352//2479
f 1364//2480 1354//2480 1356//2480
f 1364//2481 1356//2476 1361//2475
f 1364//2482 1353//2482 1354//2482
f 1364//2483 1361//2483 1353//2483
f 1365//2484 1293//2484 1292//2484
f 1365//2485 1339//2485 1366//2485
f 1365//2486 1292//2486 1339//2486
f 1333//2487 1367//2487 1368//2487
f 1333//2488 1366//2488 1367//2488
f 1333//2489 1365//2489 1366//2489
f 1337//2490 1241//2490 1293//2490
f 1337//2491 1293//2491 1365//2491
f 1334//2492 1368//2492 1369//2492
f 1334//2493 1333//2493 1368//2493
f 1338//2494 1337//2494 1365//2494
f 1338//2495 1365//2495 1333//2495
f 1336//2496 1235//2496 1236//2496
f 1336//2497 1236//2498 1241//2499
f 1336//2497 1241//2499 1337//2500
f 1344//2501 1362//2501 1342//2501
f 1344//2502 1369//2502 1363//2502
f 1344//2503 1334//2503 1369//2503
f 1344//2504 1363//2504 1362//2504
f 1332//2505 1338//2505 1333//2505
f 903//2506 831//2506 833//2506
f 903//2507 902//1247 831//1248
f 1370//2508 833//2508 832//2508
f 1370//2509 903//2509 833//2509
f 1371//2510 832//2510 834//2510
f 1371//2511 1370//2511 832//2511
f 1372//2512 834//2512 835//2512
f 1372//2513 1371//2513 834//2513
f 1373//2514 1372//2515 835//2515
f 1374//2516 835//2517 836//2518
f 1374//2516 1373//2519 835//2517
f 1375//2520 836//2520 837//2520
f 1375//2521 1374//2521 836//2521
f 1376//2522 837//2522 765//2522
f 1376//2523 1375//2524 837//2523
f 767//2525 1376//2525 765//2525
f 1377//2526 1378//2526 1379//2526
f 1377//2527 1380//2527 1378//2527
f 1377//2528 1381//2528 1380//2528
f 1377//2529 1382//2529 1381//2529
f 1377//2530 1383//2530 1382//2530
f 1377//2531 1379//2531 1384//2531
f 1377//2532 1384//2532 1383//2532
f 1385//2533 1386//2533 1387//2533
f 1385//2534 905//2535 1388//2536
f 1385//2537 1389//2538 1386//2539
f 1385//2540 1388//2540 1389//2540
f 1390//2541 1385//2541 1387//2541
f 1390//2542 905//2535 1385//2534
f 1391//2543 1384//2543 905//2543
f 1391//2544 905//2544 1390//2544
f 1391//2545 1387//2546 1392//2547
f 1391//2548 1390//2548 1387//2548
f 1391//2545 1392//2547 1382//2549
f 1391//2550 1382//2550 1383//2550
f 1391//2551 1383//2551 1384//2551
f 1393//2552 1325//2552 1324//2552
f 1380//2553 1393//2553 1324//2553
f 1394//2554 1324//2555 1323//2556
f 1394//2554 1380//2557 1324//2555
f 1395//2558 1323//2559 1322//2560
f 1395//2558 1380//2561 1394//2562
f 1395//2558 1378//2563 1380//2561
f 1395//2558 1394//2562 1323//2559
f 1379//2564 907//2565 906//2566
f 1396//2567 1379//2568 1378//2569
f 1396//2570 907//2571 1379//2572
f 1396//2567 1378//2569 1395//2573
f 1397//2574 1322//2575 1321//2576
f 1397//2577 1321//2578 907//2571
f 1397//2577 907//2571 1396//2570
f 1397//2574 1395//2573 1322//2575
f 1397//2574 1396//2567 1395//2573
f 1398//2579 1399//2579 1000//2579
f 1398//2580 1400//2581 1399//2582
f 1401//2583 1402//2583 1400//2583
f 1401//2584 1403//2584 1402//2584
f 1401//2585 1400//2585 1398//2585
f 1386//2586 1401//2586 1398//2586
f 1389//2538 1401//2587 1386//2539
f 1388//2588 905//2588 904//2588
f 1388//2589 904//2590 1403//2591
f 1388//2592 1403//2592 1401//2592
f 1388//2593 1401//2593 1389//2593
f 1387//2594 1000//2594 999//2594
f 1387//2595 1398//2595 1000//2595
f 1387//2596 1386//2596 1398//2596
f 1404//2597 999//2597 1326//2597
f 1404//2598 1326//2598 1325//2598
f 1404//2599 1325//2599 1393//2599
f 1404//2600 1387//2600 999//2600
f 1404//2601 1392//2602 1387//2603
f 1381//2604 1393//2604 1380//2604
f 1381//2605 1404//2605 1393//2605
f 1381//2606 1392//2602 1404//2601
f 1381//2607 1382//2607 1392//2607
f 1384//2608 906//2608 905//2608
f 1384//2609 1379//2609 906//2609
f 1405//2610 752//2610 1363//2611
f 1405//2610 745//2612 752//2610
f 1406//2613 1363//2614 1369//2615
f 1406//2613 1405//2616 1363//2614
f 1407//2617 1369//2617 1368//2618
f 1407//2617 1406//2619 1369//2617
f 1408//2620 1368//2621 1367//2622
f 1408//2620 1407//2623 1368//2621
f 1409//2624 1367//2625 1366//2625
f 1409//2624 1408//2626 1367//2625
f 1410//2627 1366//2628 1339//2627
f 1410//2627 1409//2627 1366//2628
f 537//2629 1339//2630 925//2631
f 537//2629 1410//2629 1339//2630
f 1411//2632 927//1287 926//1286
f 1411//2632 926//1286 1357//1286
f 1412//2633 1357//2634 1358//2633
f 1412//2633 1411//2634 1357//2634
f 1413//2635 1358//2636 1356//2637
f 1413//2635 1412//2638 1358//2636
f 1414//2639 1356//2640 1354//2641
f 1414//2639 1413//2642 1356//2640
f 1415//2643 1354//2455 1351//2454
f 1415//2643 1414//2644 1354//2455
f 1416//2645 1351//2447 1350//2446
f 1416//2645 1415//2646 1351//2447
f 1417//2647 1350//2647 1343//2647
f 1417//2647 1416//2647 1350//2647
f 1418//2648 1343//2648 1342//2648
f 1418//2648 1417//2648 1343//2648
f 316//2649 1362//2650 752//2651
f 1419//2652 1342//2653 1362//2654
f 1419//2652 1418//2655 1342//2653
f 1419//2649 1362//2650 316//2649
f 328//2650 1419//2649 316//2649
f 761//2656 1419//2649 328//2650
f 1420//2657 1421//2657 1422//2657
f 1420//2658 892//2659 1423//2660
f 1420//2661 1424//2662 1425//2661
f 1420//2663 1425//2663 1426//2663
f 1420//2664 1423//2665 1424//2666
f 1420//2667 1426//2668 1421//2669
f 1420//2670 1422//2670 892//2670
f 1427//2671 929//2671 1428//2671
f 1427//2672 1429//2673 1430//2674
f 1427//2675 1431//2675 929//2675
f 1427//2676 1428//2676 1429//2676
f 1432//2677 1433//2678 1431//2679
f 1432//2680 1431//2680 1427//2680
f 1432//2681 1427//2672 1430//2674
f 1434//2682 1435//2682 1433//2682
f 1434//2683 1433//2678 1432//2677
f 1434//2683 1432//2677 1430//2684
f 1434//2685 1430//2685 1436//2685
f 1434//2686 1436//2686 1435//2686
f 1437//2687 1428//2687 929//2687
f 1437//2688 1430//2689 1429//2690
f 1437//2691 1429//2691 1428//2691
f 1438//2692 1430//2689 1437//2688
f 1438//2693 1436//2693 1430//2693
f 1438//2694 1439//2694 1436//2694
f 1440//2695 1438//2692 1437//2688
f 1441//2696 1438//2697 1440//2698
f 1441//2699 1439//2699 1438//2699
f 1442//2700 929//2700 927//2700
f 1442//2701 1440//2701 1437//2701
f 1442//2702 1441//2696 1440//2698
f 1442//2703 1437//2703 929//2703
f 1443//2704 889//2704 1444//2704
f 1443//2705 1445//2706 889//2707
f 1443//2708 1446//2709 1445//2710
f 1447//2711 1442//2711 927//2711
f 1448//2712 1449//2713 1447//2714
f 1450//2715 1451//2715 1452//2715
f 1450//2716 1453//2716 1451//2716
f 1450//2717 927//2717 1453//2717
f 1450//2718 1447//2718 927//2718
f 1450//2719 1448//2719 1447//2719
f 1454//2720 1449//2720 1448//2720
f 1455//2721 1452//2722 1456//2723
f 1455//2724 1450//2724 1452//2724
f 1455//2725 1448//2725 1450//2725
f 1455//2726 1454//2726 1448//2726
f 1457//2727 1456//2727 1458//2727
f 1457//2728 1455//2728 1456//2728
f 1457//2729 1458//2729 1459//2729
f 1457//2730 1449//2730 1454//2730
f 1457//2731 1459//2731 1449//2731
f 1457//2732 1454//2732 1455//2732
f 1460//2733 937//2734 935//2735
f 1460//2736 1461//2737 1462//2738
f 1460//2739 1463//2739 1461//2739
f 1460//2740 1464//2740 1465//2740
f 1460//2741 1466//2741 1464//2741
f 1460//2736 1462//2738 1466//2742
f 1460//2743 1465//2743 937//2743
f 1467//2744 1468//2744 1469//2744
f 1467//2745 1470//2746 1471//2747
f 1467//2748 935//2748 1468//2748
f 1467//2749 1463//2749 1460//2749
f 1467//2750 1471//2750 1463//2750
f 1467//2751 1460//2733 935//2735
f 1467//2752 1469//2752 1470//2752
f 1472//2753 1473//2754 1474//2755
f 1472//2756 1475//2756 1476//2756
f 1472//2757 1476//2757 1477//2757
f 1472//2758 1477//2759 1473//2760
f 1478//2761 1475//2761 1472//2761
f 1478//2762 1472//2753 1474//2755
f 1479//2763 1475//2763 1478//2763
f 1479//2764 1478//2764 1474//2764
f 1480//2765 1374//2765 1375//2765
f 1479//2766 1474//2766 1481//2766
f 1480//2767 1375//2767 1376//2767
f 1479//2768 1481//2768 1475//2768
f 1482//2769 1481//2769 1483//2769
f 1482//2770 1484//2771 1481//2772
f 1485//2773 1373//2773 1374//2773
f 1485//2774 1374//2774 1480//2774
f 1486//2775 1487//2775 1488//2775
f 1486//2776 1488//2776 1489//2776
f 1486//2777 1482//2777 1483//2777
f 1486//2778 1484//2778 1482//2778
f 1490//2779 1372//2780 1373//2780
f 1486//2781 1489//2781 1491//2781
f 1486//2782 1483//2782 1487//2782
f 1486//2783 1491//2783 1484//2783
f 1492//2784 1493//2784 1494//2784
f 1490//2785 1373//2785 1485//2785
f 1492//2786 1444//2786 1493//2786
f 1492//2787 1494//2787 1439//2787
f 1492//2788 1439//2788 1441//2788
f 1495//2789 1371//2789 1372//2789
f 1492//2790 1443//2790 1444//2790
f 1495//2791 1372//2791 1490//2791
f 1496//2792 1492//2792 1441//2792
f 1496//2793 1443//2793 1492//2793
f 1497//2794 903//2795 1370//2795
f 1497//2796 1370//2796 1371//2796
f 1498//2797 1442//2797 1446//2797
f 1498//2798 1496//2798 1441//2798
f 1497//2799 1371//2799 1495//2799
f 1498//2800 1443//2708 1496//2801
f 1498//2802 1441//2802 1442//2802
f 1465//2803 767//2803 766//2803
f 1498//2800 1446//2709 1443//2708
f 1499//2804 1446//2804 1442//2804
f 1465//2805 766//2805 937//2805
f 1499//2806 1500//2806 1446//2806
f 1501//2807 1500//2807 1499//2807
f 1501//2808 1499//2808 1442//2808
f 1464//2809 1376//2809 767//2809
f 1502//2810 1459//2810 1500//2810
f 1502//2811 1500//2811 1501//2811
f 1464//2812 1480//2812 1376//2812
f 1502//2813 1501//2814 1442//2815
f 1502//2813 1442//2815 1447//2816
f 1502//2817 1447//2714 1449//2713
f 1502//2818 1449//2818 1459//2818
f 1464//2819 767//2819 1465//2819
f 1466//2820 1480//2820 1464//2820
f 1462//2821 1480//2822 1466//2823
f 1462//2821 1485//2824 1480//2822
f 1503//2825 1490//2826 1485//2827
f 1503//2825 1485//2827 1462//2828
f 1504//2829 1495//2830 1490//2831
f 1504//2829 1490//2831 1503//2832
f 1505//2833 901//2833 903//2833
f 1505//2834 1495//2835 1504//2836
f 1505//2837 903//2837 1497//2837
f 1505//2834 1497//2838 1495//2835
f 1506//2839 896//2839 899//2839
f 1507//2840 892//2840 896//2840
f 1508//2841 889//2841 892//2841
f 1509//2842 901//2842 1505//2842
f 1509//2843 1505//2843 1504//2843
f 1510//2844 901//2844 1509//2844
f 1511//2845 1512//2845 1513//2845
f 1511//2846 1513//2846 1514//2846
f 1511//2847 1514//2848 901//2849
f 1511//2847 901//2849 1510//2850
f 1515//2851 1513//2851 1512//2851
f 1515//2852 1514//2852 1513//2852
f 1515//2853 1512//2853 1476//2853
f 1475//2854 1515//2854 1476//2854
f 1516//2855 1515//2855 1475//2855
f 1517//2856 901//2856 1514//2856
f 1517//2857 899//2857 901//2857
f 1517//2858 1514//2858 1515//2858
f 1517//2859 1515//2859 1516//2859
f 1481//2860 1516//2860 1475//2860
f 1481//2861 1517//2861 1516//2861
f 1487//2862 1518//2863 1519//2864
f 1520//2865 1488//2865 1487//2865
f 1520//2866 1489//2866 1488//2866
f 1520//2867 1487//2867 1519//2867
f 1520//2868 1519//2868 1521//2868
f 1491//2869 1520//2869 1521//2869
f 1491//2870 1489//2870 1520//2870
f 1491//2871 1506//2871 899//2871
f 1491//2872 1521//2873 1506//2874
f 1522//2875 1519//2864 1518//2863
f 1523//2876 1519//2877 1522//2878
f 1524//2879 1521//2880 1519//2879
f 1524//2881 1506//2874 1521//2873
f 1524//2882 1519//2882 1523//2882
f 1525//2883 1523//2876 1522//2878
f 1526//2884 1523//2884 1525//2884
f 1526//2885 1524//2885 1523//2885
f 1527//2886 1524//2887 1526//2888
f 1528//2889 1506//2889 1524//2889
f 1528//2890 896//2891 1506//2892
f 1528//2893 1524//2893 1527//2893
f 1529//2894 1530//2894 1531//2894
f 1532//2895 1529//2896 1531//2897
f 1532//2898 1533//2898 1534//2898
f 1532//2895 1534//2899 1529//2896
f 1535//2900 1536//2901 1533//2902
f 1535//2903 1532//2904 1531//2905
f 1535//2903 1533//2906 1532//2904
f 1535//2907 1531//2907 1537//2907
f 1535//2908 1537//2908 1507//2908
f 1538//2909 1507//2909 896//2909
f 1538//2910 1536//2910 1535//2910
f 1538//2911 1535//2911 1507//2911
f 1539//2912 1531//2912 1530//2912
f 1540//2913 1531//2914 1539//2915
f 1541//2916 1531//2917 1540//2918
f 1541//2919 1537//2919 1531//2919
f 1541//2920 1507//2920 1537//2920
f 1542//2921 1540//2913 1539//2915
f 1543//2922 1540//2922 1542//2922
f 1543//2923 1541//2916 1540//2918
f 1544//2924 1541//2925 1543//2926
f 1545//2927 892//2927 1507//2927
f 1545//2928 1507//2928 1541//2928
f 1545//2929 1541//2929 1544//2929
f 1435//2930 1436//2930 1546//2930
f 1547//2931 1425//2932 1435//2933
f 1547//2934 1426//2934 1425//2934
f 1547//2931 1435//2933 1546//2935
f 1422//2936 1508//2936 892//2936
f 1548//2937 1422//2937 1421//2937
f 1548//2938 1508//2938 1422//2938
f 1548//2939 1546//2939 1549//2939
f 1548//2940 1549//2940 1508//2940
f 1548//2941 1421//2669 1426//2668
f 1548//2942 1547//2943 1546//2944
f 1548//2942 1426//2945 1547//2943
f 1439//2946 1546//2946 1436//2946
f 1550//2947 1546//2947 1439//2947
f 1550//2948 1549//2948 1546//2948
f 1550//2949 1508//2949 1549//2949
f 1494//2950 1550//2950 1439//2950
f 1493//2951 1550//2951 1494//2951
f 1444//2952 1508//2952 1550//2952
f 1444//2953 1550//2953 1493//2953
f 1444//2954 889//2954 1508//2954
f 1551//2955 1446//2955 1500//2955
f 1445//2706 888//2956 889//2707
f 1445//2957 1446//2957 1551//2957
f 1552//2958 1553//2958 888//2958
f 1552//2959 1554//2959 1553//2959
f 1552//2960 1458//2960 1554//2960
f 1552//2961 1500//2961 1459//2961
f 1552//2962 1551//2963 1500//2962
f 1552//2964 1445//2964 1551//2964
f 1552//2965 888//2965 1445//2965
f 1552//2966 1459//2966 1458//2966
f 1461//2967 1510//2967 1509//2967
f 1461//2968 1509//2969 1504//2970
f 1461//2968 1504//2970 1503//2971
f 1461//2972 1503//2972 1462//2972
f 1463//2973 1510//2973 1461//2973
f 1471//2747 1470//2746 1555//2974
f 1471//2975 1510//2975 1463//2975
f 1471//2976 1512//2976 1511//2976
f 1471//2977 1511//2977 1510//2977
f 1471//2978 1555//2978 1512//2978
f 1556//2979 1469//2979 1468//2979
f 1556//2980 1468//2980 935//2980
f 1556//2981 1470//2981 1469//2981
f 1557//2982 1555//2982 1470//2982
f 1557//2983 1470//2983 1556//2983
f 1558//2984 1557//2984 1556//2984
f 1559//2985 1557//2985 1558//2985
f 1560//2986 1555//2986 1557//2986
f 1560//2987 1557//2987 1559//2987
f 1560//2988 1476//2988 1512//2988
f 1560//2989 1512//2989 1555//2989
f 1473//2990 1556//2990 935//2990
f 1473//2991 1558//2991 1556//2991
f 1477//2992 1559//2992 1558//2992
f 1477//2993 1560//2993 1559//2993
f 1477//2994 1476//2994 1560//2994
f 1477//2759 1558//2995 1473//2760
f 1474//2996 935//2996 933//2996
f 1474//2997 1473//2997 935//2997
f 1483//2998 1481//2998 1474//2998
f 1483//2999 1474//3000 1561//3001
f 1562//3002 1563//3002 1564//3002
f 1562//3003 1564//3004 1565//3005
f 1562//3006 933//3006 1563//3006
f 1562//3007 1474//3007 933//3007
f 1562//3008 1561//3008 1474//3008
f 1566//3009 1562//3003 1565//3005
f 1566//3010 1565//3010 1518//3010
f 1566//3011 1487//3011 1483//3011
f 1566//3012 1483//2999 1561//3001
f 1566//3009 1561//3013 1562//3003
f 1566//3014 1518//3014 1487//3014
f 1484//2771 1517//3015 1481//2772
f 1484//3016 1491//3016 899//3016
f 1484//3017 899//3017 1517//3017
f 1567//3018 1564//3018 1563//3018
f 1567//3019 1565//3019 1564//3019
f 1567//3020 1563//3020 933//3020
f 1568//3021 1522//3022 1518//3023
f 1568//3021 1518//3023 1565//3024
f 1568//3025 1565//3025 1567//3025
f 1568//3026 1567//3026 1569//3026
f 1570//3027 933//3028 931//3029
f 1570//3030 1567//3030 933//3030
f 1570//3031 1569//3031 1567//3031
f 1571//3032 1572//3032 1525//3032
f 1571//3033 1522//3033 1568//3033
f 1571//3034 1525//3034 1522//3034
f 1571//3035 1570//3035 1572//3035
f 1571//3036 1568//3037 1569//3038
f 1571//3036 1569//3038 1570//3039
f 1573//3040 1534//3040 1572//3040
f 1573//3041 1529//3041 1534//3041
f 1573//3042 931//3042 1574//3042
f 1573//3043 1570//3027 931//3029
f 1573//3044 1572//3044 1570//3044
f 1575//3045 1526//3045 1525//3045
f 1575//3046 1525//3046 1572//3046
f 1575//3047 1527//2886 1526//2888
f 1575//3048 896//2891 1528//2890
f 1575//3049 1528//3049 1527//3049
f 1576//3050 896//2891 1575//3048
f 1576//3051 1575//3051 1572//3051
f 1577//3052 896//3052 1576//3052
f 1577//3053 1572//3053 1534//3053
f 1577//3054 1533//2902 1536//2901
f 1577//3055 1534//3055 1533//3055
f 1577//3056 1576//3056 1572//3056
f 1577//3057 1538//3057 896//3057
f 1577//3058 1536//3058 1538//3058
f 1578//3059 1573//3059 1574//3059
f 1578//3060 1529//3061 1573//3062
f 1578//3063 1579//3063 1580//3063
f 1578//3060 1530//3064 1529//3061
f 1578//3065 1580//3065 1530//3065
f 1578//3066 1574//3066 1579//3066
f 1581//3067 1580//3067 1579//3067
f 1581//3068 1574//3068 931//3068
f 1581//3069 1579//3069 1574//3069
f 1582//3070 1581//3070 1583//3070
f 1582//3071 1580//3071 1581//3071
f 1582//3072 1530//3073 1580//3074
f 1582//3072 1539//3075 1530//3073
f 1584//3076 931//3077 929//3078
f 1584//3079 1581//3079 931//3079
f 1584//3080 1583//3080 1581//3080
f 1585//3081 1539//3081 1582//3081
f 1585//3082 1584//3082 1424//3082
f 1585//3083 1583//3084 1584//3085
f 1585//3083 1582//3086 1583//3084
f 1585//3087 1424//3087 1542//3087
f 1585//3088 1542//3088 1539//3088
f 1586//3089 1542//3089 1424//3089
f 1586//3090 1543//3090 1542//3090
f 1586//3091 892//3091 1545//3091
f 1586//3092 1544//2924 1543//2926
f 1586//3093 1545//3093 1544//3093
f 1431//3094 1584//3076 929//3078
f 1431//3095 1424//3095 1584//3095
f 1423//2660 892//2659 1586//3096
f 1423//2665 1586//3097 1424//2666
f 1433//3098 1424//3098 1431//3098
f 1433//3099 1425//3099 1424//3099
f 1433//3100 1435//3100 1425//3100
f 900//3101 898//3102 1587//3103
f 1399//3104 1006//3104 1000//3104
f 1588//3105 1589//3106 1007//3107
f 1588//3108 1007//3109 1006//3110
f 1588//3108 1006//3110 1399//3111
f 1590//3112 1399//2582 1400//2581
f 1590//3113 1591//3114 1589//3115
f 1590//3116 1588//3117 1399//3118
f 1590//3116 1589//3119 1588//3117
f 1592//3120 1400//3120 1402//3120
f 1592//3121 1587//3121 1591//3121
f 1592//3122 1591//3122 1590//3122
f 1592//3123 1590//3123 1400//3123
f 1593//3124 1402//3124 1403//3124
f 1593//3125 1403//2591 904//2590
f 1593//3125 904//2590 900//3126
f 1593//3127 900//3101 1587//3103
f 1593//3128 1587//3128 1592//3128
f 1593//3129 1592//3129 1402//3129
f 1594//3130 1595//3130 1596//3130
f 1597//3131 1409//3131 1410//3131
f 1597//3132 536//3132 538//3132
f 1597//3133 538//3133 1598//3133
f 1597//3134 1598//3134 1595//3134
f 1597//3135 1410//3135 536//3135
f 1599//3136 1600//3136 1601//3136
f 1599//3137 1594//3137 1600//3137
f 1602//3138 1408//3138 1409//3138
f 1602//3139 1409//3139 1597//3139
f 1602//3140 1595//3140 1594//3140
f 1602//3141 1597//3141 1595//3141
f 1603//3142 1604//3142 1605//3142
f 1603//3143 1606//3143 1604//3143
f 1603//3144 1601//3144 1606//3144
f 1603//3145 1599//3145 1601//3145
f 1607//3146 1406//3146 1407//3146
f 1607//3147 1407//3148 1408//3149
f 1607//3147 1408//3149 1602//3150
f 1607//3151 1594//3151 1599//3151
f 1607//3152 1602//3152 1594//3152
f 1608//3153 1405//3153 1406//3153
f 1608//3154 1605//3154 1609//3154
f 1608//3155 1603//3155 1605//3155
f 1608//3156 1609//3156 1405//3156
f 1608//3157 1406//3157 1607//3157
f 1608//3158 1599//3158 1603//3158
f 1608//3159 1607//3159 1599//3159
f 1610//3160 478//3160 456//3160
f 1610//3161 1611//3161 1612//3161
f 1610//3162 1612//3163 1613//3163
f 1610//3164 1613//3164 478//3164
f 1614//3165 456//3165 1615//3165
f 1614//3166 1610//3166 456//3166
f 1614//3167 1616//3167 1611//3167
f 1614//3168 1615//3168 1617//3168
f 1614//3169 1617//3169 1616//3169
f 1614//3170 1611//3170 1610//3170
f 1410//3171 537//3171 536//3171
f 745//3172 1405//3172 1609//3172
f 1613//3173 497//3173 478//3173
f 1618//3174 508//3174 497//3174
f 1618//3175 1613//3175 1612//3175
f 1618//3176 497//3176 1613//3176
f 1596//3177 1612//3177 1611//3177
f 1596//3178 1618//3178 1612//3178
f 1598//3179 538//3179 513//3179
f 1598//3180 513//3180 508//3180
f 1598//3181 508//3182 1618//3182
f 1617//3183 1615//3183 1619//3183
f 1600//3184 1596//3184 1611//3184
f 1600//3185 1611//3185 1616//3185
f 1595//3186 1618//3186 1596//3186
f 1595//3187 1598//3187 1618//3187
f 1601//3188 1619//3188 1606//3188
f 1601//3189 1600//3189 1616//3189
f 1601//3190 1617//3190 1619//3190
f 1601//3191 1616//3191 1617//3191
f 1594//3192 1596//3192 1600//3192
f 1620//3193 1415//2646 1416//2645
f 1620//3194 1416//3194 1417//3194
f 1620//3195 1417//3195 1621//3195
f 1419//3196 761//3196 1622//3196
f 1623//3197 1624//3197 1625//3197
f 1623//3198 1625//3198 1626//3198
f 1627//3199 1620//3199 1621//3199
f 1627//3200 1621//3200 1624//3200
f 1628//3201 1554//3201 1458//3201
f 1628//3202 1626//3202 1554//3202
f 1628//3203 1623//3203 1626//3203
f 1629//3204 1627//3204 1624//3204
f 1629//3205 1624//3206 1623//3205
f 1630//3207 1414//2644 1415//2643
f 1630//3208 1415//3208 1620//3208
f 1630//3209 1620//3209 1627//3209
f 1631//3210 1629//3210 1623//3210
f 1631//3211 1623//3211 1628//3211
f 1632//3212 1627//3212 1629//3212
f 1632//3213 1630//3213 1627//3213
f 1633//3214 1458//3215 1456//3216
f 1633//3217 1456//2723 1452//2722
f 1633//3214 1628//3218 1458//3215
f 1553//3219 1634//3219 888//3219
f 1633//3220 1631//3220 1628//3220
f 1635//3221 1629//3221 1631//3221
f 1635//3222 1632//3222 1629//3222
f 1636//3223 1635//3223 1631//3223
f 1636//3224 1633//3225 1452//3226
f 1636//3224 1631//3227 1633//3225
f 1637//3228 1452//3228 1451//3228
f 1637//3229 1636//3229 1452//3229
f 1638//3230 1413//3230 1414//3230
f 1638//3231 1414//3231 1630//3231
f 1639//3232 1638//3232 1630//3232
f 1639//3233 1630//3233 1632//3233
f 1639//3234 1413//3235 1638//3236
f 1640//3237 1639//3237 1632//3237
f 1640//3238 1413//3235 1639//3234
f 1640//3239 1632//3239 1635//3239
f 1641//3240 1640//3240 1635//3240
f 1641//3241 1413//3241 1640//3241
f 1642//3242 1637//3242 1451//3242
f 1642//3243 1636//3243 1637//3243
f 1642//3244 1451//3244 1453//3244
f 1642//3245 1413//3245 1641//3245
f 1642//3246 1635//3246 1636//3246
f 1642//3247 1641//3247 1635//3247
f 1642//3248 1453//3248 1413//3248
f 1411//3249 1453//3249 927//3249
f 1412//3250 1453//3250 1411//3250
f 1413//3251 1453//3251 1412//3251
f 1643//3252 1418//3252 1419//3252
f 1643//3253 1622//3253 1644//3253
f 1643//3254 1419//3254 1622//3254
f 1645//3255 1644//3255 1646//3255
f 1645//3256 1643//3256 1644//3256
f 1625//3257 1647//3257 1648//3257
f 1625//3258 1646//3258 1647//3258
f 1625//3259 1645//3259 1646//3259
f 1621//3260 1417//3260 1418//3260
f 1621//3261 1643//3261 1645//3261
f 1621//3262 1418//3262 1643//3262
f 1626//3263 1553//3263 1554//3263
f 1626//3264 1648//3264 1634//3264
f 1626//3265 1625//3265 1648//3265
f 1626//3266 1634//3266 1553//3266
f 1624//3267 1621//3267 1645//3267
f 1624//3268 1645//3268 1625//3268
f 1022//3269 1649//3269 1026//3269
f 1022//3270 1650//3270 1649//3270
f 895//3271 894//3272 1651//3273
f 1652//3274 1022//3274 1020//3274
f 1653//3275 1652//3275 1020//3275
f 1653//3276 1650//3276 1022//3276
f 1653//3277 1022//3277 1652//3277
f 1654//3278 1655//3278 1650//3278
f 1654//3279 1650//3279 1653//3279
f 1656//3280 1651//3281 1655//3282
f 1656//3283 1655//3283 1654//3283
f 1656//3284 895//3285 1651//3286
f 1657//3287 1007//3107 1589//3106
f 1657//3288 1020//1530 1007//1532
f 1658//3289 1589//3115 1591//3114
f 1658//3290 1653//3290 1020//3290
f 1658//3291 1020//3291 1657//3291
f 1658//3292 1657//3292 1589//3292
f 1659//3293 1591//3293 1587//3293
f 1659//3294 1658//3294 1591//3294
f 1659//3295 1654//3295 1653//3295
f 1659//3296 1653//3296 1658//3296
f 1660//3297 1587//3297 898//3297
f 1660//3298 897//3299 895//3285
f 1660//3298 898//3300 897//3299
f 1660//3301 1659//3302 1587//3303
f 1660//3301 1654//3304 1659//3302
f 1660//3298 895//3285 1656//3284
f 1660//3305 1656//3305 1654//3305
f 1609//3306 751//3307 745//3306
f 1661//3308 1609//3309 1605//3310
f 1661//3306 753//3306 755//3311
f 1661//3306 755//3311 751//3307
f 1661//3306 751//3307 1609//3306
f 1662//3312 1661//3308 1605//3310
f 1663//3313 1605//3314 1604//3315
f 1663//3313 1662//3315 1605//3314
f 1664//3316 1604//3317 1606//3317
f 1664//3316 1663//3317 1604//3317
f 1665//3318 1606//3319 1619//3320
f 1665//3318 1664//3321 1606//3319
f 1666//3322 1619//3322 1615//3323
f 1666//3322 1665//3323 1619//3322
f 454//3324 1615//3325 456//3326
f 454//3324 1666//3326 1615//3325
f 1667//3327 888//3328 1634//3328
f 1667//3327 886//3329 888//3328
f 1668//3330 1634//3330 1648//3330
f 1668//3330 1667//3330 1634//3330
f 1669//3331 1648//3332 1647//3333
f 1669//3331 1668//3334 1648//3332
f 1670//3335 1647//3336 1646//3337
f 1670//3335 1669//3338 1647//3336
f 1671//3339 1646//3340 1644//3341
f 1671//3339 1670//3342 1646//3340
f 1672//3343 1644//3344 1622//3345
f 1672//3343 1671//3343 1644//3344
f 753//3346 1622//3347 761//3347
f 753//3346 1672//3348 1622//3347
f 1033//3349 1673//3349 561//3349
f 1649//3350 1046//3350 1026//3350
f 893//3351 891//3351 1674//3351
f 1675//3352 1033//3352 1046//3352
f 1675//3353 1673//3353 1033//3353
f 1676//3354 1649//3354 1650//3354
f 1676//3355 1677//3355 1673//3355
f 1676//3356 1675//3357 1046//3358
f 1676//3359 1046//3359 1649//3359
f 1676//3356 1673//3360 1675//3357
f 1678//3361 1650//3361 1655//3361
f 1678//3362 1679//3362 1677//3362
f 1678//3363 1680//3363 1679//3363
f 1678//3364 1677//3364 1676//3364
f 1678//3365 1676//3365 1650//3365
f 1681//3366 1682//3366 1680//3366
f 1681//3367 1680//3367 1678//3367
f 1681//3368 1678//3368 1655//3368
f 1683//3369 1655//3282 1651//3281
f 1683//3370 1651//3273 894//3272
f 1683//3371 894//3371 893//3371
f 1683//3372 1674//3372 1682//3372
f 1683//3373 1681//3373 1655//3373
f 1683//3374 1682//3374 1681//3374
f 1683//3375 893//3375 1674//3375
f 1684//3376 1685//3376 1686//3376
f 1687//3377 1671//3377 1672//3377
f 1687//3378 1661//3378 1662//3378
f 1687//3379 1662//3379 1688//3379
f 1687//3380 1688//3380 1685//3380
f 1687//3381 1672//3381 1661//3381
f 1689//3382 1690//3382 1691//3382
f 1689//3383 1684//3383 1690//3383
f 1692//3384 1670//3384 1671//3384
f 1692//3385 1671//3385 1687//3385
f 1692//3386 1685//3386 1684//3386
f 1692//3387 1687//3387 1685//3387
f 1693//3388 1694//3388 1695//3388
f 1693//3389 1696//3389 1694//3389
f 1693//3390 1691//3390 1696//3390
f 1693//3391 1689//3391 1691//3391
f 1697//3392 1668//3392 1669//3392
f 1697//3393 1669//3394 1670//3395
f 1697//3393 1670//3395 1692//3396
f 1697//3397 1684//3397 1689//3397
f 1697//3398 1692//3398 1684//3398
f 1698//3399 1667//3399 1668//3399
f 1698//3400 1695//3400 1699//3400
f 1698//3401 1693//3401 1695//3401
f 1698//3402 1699//3402 1667//3402
f 1698//3403 1668//3403 1697//3403
f 1698//3404 1689//3404 1693//3404
f 1698//3405 1697//3405 1689//3405
f 1700//3406 1666//3406 454//3406
f 1700//3407 1701//3407 1702//3407
f 1700//3408 1702//3408 1703//3408
f 1700//3409 1703//3409 1666//3409
f 1704//3410 454//3410 1705//3410
f 1704//3411 1700//3411 454//3411
f 1704//3412 1705//3412 1706//3412
f 1704//3413 1707//3413 1701//3413
f 1704//3414 1706//3415 1707//3414
f 1704//3416 1701//3416 1700//3416
f 1672//3417 753//3417 1661//3417
f 886//3418 1667//3418 1699//3418
f 1703//3419 1665//3419 1666//3419
f 1708//3420 1664//3420 1665//3420
f 1708//3421 1703//3421 1702//3421
f 1708//3422 1665//3422 1703//3422
f 1686//3423 1702//3423 1701//3423
f 1686//3424 1708//3424 1702//3424
f 1688//3425 1662//3425 1663//3425
f 1688//3426 1663//3426 1664//3426
f 1688//3427 1664//3427 1708//3427
f 1706//3428 1705//3428 1709//3428
f 1690//3429 1686//3429 1701//3430
f 1690//3431 1701//3431 1707//3431
f 1685//3432 1688//3432 1708//3432
f 1685//3433 1708//3433 1686//3433
f 1691//3434 1709//3434 1696//3434
f 1691//3435 1690//3435 1707//3435
f 1691//3436 1706//3436 1709//3436
f 1691//3437 1707//3437 1706//3437
f 1684//3438 1686//3438 1690//3438
f 1677//3439 1710//3439 1711//3439
f 1712//3440 1713//3440 1714//3440
f 1712//3441 1715//3441 1716//3441
f 1712//3442 1714//3443 1715//3443
f 1705//3444 454//3445 453//3446
f 1677//3447 1711//3447 1673//3447
f 1712//3448 1717//3448 1713//3448
f 1679//3449 1718//3449 1710//3449
f 1679//3450 1719//3450 1718//3450
f 452//3451 1705//3444 453//3446
f 1720//3452 1721//3453 1722//3454
f 1679//3455 1723//3455 1719//3455
f 1720//3456 890//3456 1721//3456
f 1720//3457 1713//3457 1717//3457
f 1720//3452 1722//3454 1713//3458
f 1679//3459 1710//3459 1677//3459
f 1724//3460 890//3460 1720//3460
f 1725//3461 1726//3462 1727//3463
f 1680//3464 1728//3464 1723//3464
f 1680//3465 1729//3465 1728//3465
f 1730//3466 452//3466 451//3466
f 1731//3467 890//3467 1724//3467
f 1680//3468 1723//3468 1679//3468
f 1725//3469 1727//3469 1732//3469
f 1733//3470 890//3471 1731//3472
f 1733//3473 1731//3474 1724//3475
f 1733//3476 1717//3477 1712//3478
f 1734//3479 1735//3480 1726//3481
f 1736//3482 1709//3482 1705//3482
f 1733//3483 1720//3483 1717//3483
f 1736//3484 1705//3484 452//3484
f 1733//3473 1724//3475 1720//3485
f 1736//3486 452//3486 1730//3486
f 1737//3487 890//3471 1733//3470
f 1734//3488 1726//3462 1725//3461
f 1737//3489 1716//3490 1729//3491
f 1737//3492 1680//3492 1682//3492
f 1737//3493 1682//3493 1674//3493
f 1737//3494 1674//3494 891//3494
f 1737//3495 891//3495 890//3495
f 1737//3496 1733//3476 1712//3478
f 1737//3497 1729//3497 1680//3497
f 1737//3489 1712//3498 1716//3490
f 1738//3499 564//3500 563//3501
f 562//3502 1738//3499 563//3501
f 1739//3503 1709//3503 1736//3503
f 1740//3504 1741//3505 1735//3506
f 1742//3507 1694//3507 1743//3507
f 1742//3508 1744//3508 1745//3508
f 1742//3509 1743//3510 1744//3509
f 1742//3511 887//3511 886//3511
f 1742//3512 886//3512 1699//3512
f 1740//3513 1735//3480 1734//3479
f 1742//3514 1699//3514 1695//3514
f 1742//3515 1695//3515 1694//3515
f 1746//3516 1747//3516 1748//3516
f 1749//3517 1696//3518 1709//3519
f 1746//3520 1750//3520 1747//3520
f 1751//3521 1752//3521 1741//3521
f 1746//3522 1745//3522 1750//3522
f 1749//3523 1709//3523 1739//3523
f 1746//3524 1742//3524 1745//3524
f 1751//3525 1741//3505 1740//3504
f 1753//3526 466//3527 465//3528
f 1753//3526 462//3529 466//3527
f 1754//3530 1696//3518 1749//3517
f 1743//3531 1696//3531 1754//3531
f 1743//3532 1694//3532 1696//3532
f 1755//3533 1756//3533 1757//3533
f 1755//3534 1748//3534 1756//3534
f 1755//3535 1746//3535 1748//3535
f 1758//3536 465//3536 464//3536
f 1758//3537 1753//3537 465//3537
f 1755//3538 1759//3539 1760//3540
f 1755//3538 1760//3540 1746//3541
f 1761//3542 1742//3542 1746//3542
f 1761//3543 887//3543 1742//3543
f 1761//3544 1760//3545 1759//3546
f 1761//3544 1746//3547 1760//3545
f 1762//3548 887//3548 1761//3548
f 1673//3549 1711//3549 1738//3549
f 1673//3550 562//3502 561//3551
f 1673//3550 1738//3499 562//3502
f 1763//3552 887//3552 1762//3552
f 1764//3553 887//3553 1763//3553
f 1765//3554 1761//3555 1759//3556
f 1765//3557 1762//3558 1761//3559
f 1765//3557 1764//3560 1763//3561
f 1765//3557 1763//3561 1762//3558
f 1765//3554 1759//3556 1755//3562
f 1766//3563 1767//3563 1752//3563
f 1766//3564 1768//3564 1767//3564
f 1766//3565 1757//3565 1768//3565
f 1732//3566 1727//3566 1753//3566
f 1766//3567 1765//3554 1755//3562
f 1732//3568 1753//3568 1758//3568
f 1766//3569 1755//3569 1757//3569
f 1722//3570 1769//3570 1770//3570
f 1722//3571 1771//3571 1769//3571
f 1722//3572 1751//3572 1771//3572
f 1722//3573 1752//3573 1751//3573
f 1722//3574 1766//3574 1752//3574
f 1772//3575 887//3575 1764//3575
f 1772//3576 1764//3576 1765//3576
f 1772//3577 890//3577 887//3577
f 1772//3578 1765//3578 1766//3578
f 1773//3579 1772//3579 1766//3579
f 1773//3580 890//3581 1772//3582
f 1721//3453 1766//3583 1722//3454
f 1721//3584 1773//3584 1766//3584
f 1721//3585 890//3581 1773//3580
f 1713//3586 1722//3586 1770//3586
f 1713//3587 1774//3587 1714//3587
f 1713//3588 1770//3588 1774//3588
f 751//147 755//995 1775//156
f 751//147 1775//156 1776//1015
f 584//3589 374//3590 730//3591
f 583//3592 374//3590 584//3589
f 600//3593 374//3590 583//3592
f 599//3592 377//3594 374//3590
f 599//3592 374//3590 600//3593
f 721//3595 584//3596 730//3597
f 616//3592 377//3594 599//3592
f 713//3598 584//3596 721//3595
f 615//3599 377//3594 616//3592
f 760//3600 377//3594 615//3599
f 679//3601 600//3602 583//3603
f 679//3601 583//3603 684//3604
f 718//3605 713//3606 721//3607
f 647//3604 616//3608 599//3609
f 647//3604 599//3609 652//3610
f 712//3611 713//3606 718//3605
f 759//3612 615//3613 628//3614
f 759//3612 760//3615 615//3613
f 678//3616 679//3617 684//3618
f 678//3616 684//3618 683//3619
f 646//3620 647//3621 652//3622
f 646//3620 652//3622 651//3623
f 711//3624 718//3625 719//3626
f 711//3624 712//3627 718//3625
f 627//3628 759//3629 628//3630
f 758//3631 759//3629 627//3628
f 677//3627 678//3632 683//3633
f 677//3627 683//3633 682//3634
f 645//3635 646//3636 651//3637
f 645//3635 651//3637 650//3638
f 710//3639 719//3640 742//3641
f 710//3639 711//3642 719//3640
f 626//3643 758//3644 627//3645
f 757//3646 758//3644 626//3643
f 676//3647 682//3648 681//3649
f 676//3647 677//3650 682//3648
f 644//3651 645//3652 650//3653
f 644//3651 650//3653 649//3654
f 709//3655 742//3656 738//3657
f 709//3655 710//3658 742//3656
f 625//3659 757//3659 626//3659
f 756//3660 757//3660 625//3660
f 675//3661 681//3662 680//3663
f 675//3661 676//3664 681//3662
f 643//3665 649//3666 648//3667
f 643//3665 644//3668 649//3666
f 582//3669 709//3670 738//3671
f 582//3669 738//3671 734//3672
f 598//3673 675//3673 680//3673
f 598//3673 680//3673 581//3674
f 754//3675 756//3675 624//3675
f 731//3676 582//3677 734//3678
f 731//3676 598//3679 581//3680
f 731//3676 581//3680 582//3677
f 614//3681 643//3682 648//3683
f 614//3681 648//3683 597//3684
f 755//3685 613//3685 614//3685
f 755//3686 754//3686 613//3686
f 1775//3687 614//3688 597//3689
f 1775//3690 755//3690 614//3690
f 1775//3691 598//3679 731//3676
f 1775//3687 597//3689 598//3692
f 579//3693 731//3694 727//3695
f 580//3696 731//3694 579//3693
f 595//3697 731//3694 580//3696
f 1776//787 1775//787 731//787
f 1776//3698 731//3694 595//3697
f 596//3699 1776//3699 595//3700
f 725//3701 579//3702 727//3703
f 611//3704 1776//3699 596//3699
f 708//3705 579//3702 725//3701
f 751//3706 1776//3706 611//3706
f 751//3707 611//3707 612//3707
f 689//3708 580//3709 694//3710
f 689//3708 595//3711 580//3709
f 724//3712 708//3713 725//3714
f 657//3715 611//3716 596//3717
f 657//3715 596//3717 662//3718
f 706//3719 708//3713 724//3712
f 749//3720 751//3720 612//3720
f 687//3721 694//3722 692//3723
f 687//3721 689//3724 694//3722
f 723//3725 706//3726 724//3727
f 655//3728 662//3729 660//3730
f 655//3728 657//3731 662//3729
f 705//3732 706//3726 723//3725
f 747//3733 749//3733 633//3733
f 686//3734 692//3735 691//3736
f 686//3734 687//3737 692//3735
f 722//3738 705//3739 723//3740
f 654//3741 660//3742 659//3743
f 654//3741 655//3744 660//3742
f 704//3745 705//3739 722//3738
f 746//3746 747//3746 631//3746
f 746//3747 631//3747 630//3747
f 685//3748 686//3749 691//3750
f 685//3748 691//3750 690//3750
f 653//3751 654//3752 659//3753
f 653//3751 659//3753 658//3750
f 707//3754 722//3755 726//3756
f 707//3754 704//3757 722//3755
f 744//3758 630//3758 629//3758
f 744//3759 746//3759 630//3759
f 688//3760 690//3761 693//3762
f 688//3760 685//3760 690//3761
f 656//3763 653//3764 658//3765
f 656//3763 658//3765 661//3755
f 577//3766 726//3767 729//3768
f 577//3766 707//3769 726//3767
f 748//3770 629//3771 632//3772
f 748//3770 744//3773 629//3771
f 593//3774 688//3775 693//3775
f 593//3774 693//3775 578//3776
f 260//3777 578//3778 577//3779
f 260//3777 577//3779 729//3780
f 260//3777 593//3781 578//3778
f 609//3782 656//3782 661//3782
f 609//3782 661//3782 594//3782
f 610//3783 748//3784 632//3785
f 750//3786 748//3784 610//3783
f 265//3787 593//3781 260//3777
f 265//3787 609//3781 594//3788
f 265//3787 750//3789 610//3790
f 265//3787 594//3788 593//3781
f 265//3787 610//3790 609//3781
f 633//3791 631//3791 747//3791
f 612//3792 633//3792 749//3792
f 624//3793 613//3793 754//3793
f 625//3794 624//3794 756//3794
f 316//154 323//156 328//156
f 316//154 318//990 323//156
f 669//3795 670//3796 672//3795
f 667//3797 668//3798 664//3799
f 664//3799 668//3798 665//3800
f 672//3795 670//3796 673//3795
f 700//3801 574//3801 697//3802
f 255//3803 256//3804 736//3803
f 573//3805 574//3805 720//3805
f 576//3806 741//3806 736//3806
f 1777//3807 1778//3808 619//3809
f 619//3809 1778//3808 621//3810
f 736//3811 575//3812 576//3813
f 700//3801 589//3814 574//3801
f 637//3815 638//3815 640//3815
f 635//3816 1779//3816 636//3816
f 736//3811 592//3817 575//3812
f 640//3815 638//3815 641//3815
f 1780//3818 1779//3818 635//3818
f 736//3811 591//3819 592//3817
f 668//3820 590//3821 665//3822
f 736//3811 1781//3823 591//3819
f 256//3804 1781//3804 736//3803
f 716//3824 737//3824 740//3824
f 574//3825 728//3825 720//3825
f 589//3826 728//3827 574//3828
f 1778//3829 622//3829 621//3829
f 1781//3823 608//3830 591//3819
f 668//3820 605//3831 590//3821
f 670//3832 671//3833 673//3834
f 1779//3835 606//3835 636//3835
f 701//3836 743//3836 741//3836
f 673//3834 671//3833 674//3837
f 606//3805 1782//3805 605//3805
f 1779//3838 1782//3838 606//3838
f 1781//3823 607//3839 608//3830
f 592//3840 698//3841 575//3842
f 728//280 1783//280 732//280
f 589//3826 1783//3843 728//3827
f 590//3843 1783//3843 589//3826
f 605//3844 1783//3843 590//3843
f 575//3842 698//3841 695//3845
f 1778//3846 1784//3846 622//3846
f 1782//3847 1783//3847 605//3847
f 638//3848 639//3849 641//3849
f 641//3849 639//3849 642//3850
f 732//3851 587//3851 735//3851
f 735//3852 587//3852 588//3852
f 1781//3853 1785//3853 607//3853
f 671//3854 585//3855 674//3856
f 1783//280 1786//280 732//280
f 608//3857 666//3858 591//3859
f 1786//3860 604//3860 732//3861
f 732//3861 604//3860 587//3862
f 591//3859 666//3858 663//3857
f 586//3863 733//3863 737//3863
f 588//3864 739//3865 735//3866
f 585//3867 733//3868 586//3869
f 1786//3860 603//3870 604//3860
f 671//3854 602//3871 585//3855
f 585//3867 602//3872 733//3868
f 698//3873 699//3874 695//3875
f 639//3876 601//3876 642//3876
f 588//3864 714//3877 739//3865
f 695//3875 699//3874 696//3878
f 702//3879 717//3879 743//3879
f 1786//3860 620//3880 603//3870
f 639//3876 618//3881 601//3876
f 1784//3882 1787//3882 623//3882
f 702//3883 703//3883 717//3884
f 1786//3885 1777//3886 620//3886
f 620//3887 1777//3887 619//3887
f 666//3888 667//3889 663//3890
f 733//3891 1788//3892 181//3891
f 617//3893 1788//3894 618//3895
f 601//3896 1788//3894 602//3872
f 587//3897 669//3897 672//3897
f 602//3872 1788//3894 733//3868
f 663//3890 667//3889 664//3878
f 618//3895 1788//3894 601//3896
f 604//3897 669//3897 587//3897
f 1787//3898 1788//3898 617//3898
f 1788//3892 182//3892 181//3891
f 623//3899 622//3899 1784//3899
f 617//3900 623//3900 1787//3900
f 1785//3901 1780//3901 634//3901
f 634//3902 607//3902 1785//3902
f 635//3903 634//3903 1780//3903
f 576//3904 701//3904 741//3904
f 701//3905 702//3905 743//3905
f 715//3906 716//3906 740//3906
f 716//3907 586//3907 737//3907
f 714//3908 715//3908 739//3908
f 699//3909 700//3910 696//3910
f 715//3911 740//3911 739//3911
f 696//3910 700//3910 697//3910
f 603//3897 637//3897 640//3897
f 620//3897 637//3897 603//3897
f 717//3912 573//3912 720//3912
f 703//3913 573//3913 717//3913
f 250//111 226//99 186//998
f 1781//79 256//971 253//1001
f 203//129 186//998 185//94
f 203//129 185//94 235//976
f 203//129 235//976 224//3914
f 203//129 224//3914 221//94
f 236//968 203//129 205//86
f 1782//1002 253//1001 250//111
f 1782//1002 1779//95 1780//985
f 1782//1002 1780//985 1785//119
f 1782//1002 1785//119 1781//79
f 1782//1002 1781//79 253//1001
f 1788//3915 236//968 206//84
f 1788//3915 206//84 182//105
f 1788//3915 186//998 203//129
f 1788//3915 203//129 236//968
f 1777//110 1786//86 1783//1005
f 1777//110 1783//1005 1782//1002
f 1784//973 1788//3915 1787//89
f 1784//973 1778//1003 1777//110
f 1784//973 250//111 186//998
f 1784//973 1782//1002 250//111
f 1784//973 186//998 1788//3915
f 1784//973 1777//110 1782//1002
f 1789//3916 1790//3917 1791//3918
f 1719//3919 1792//3919 1718//3919
f 1793//3920 1794//3921 1795//3921
f 1723//3922 1792//3922 1719//3922
f 1718//3923 1792//3923 564//3923
f 1790//3924 1792//3924 1723//3924
f 484//3925 474//3925 519//3925
f 1796//3926 1792//3927 1797//3928
f 1798//3929 1799//3930 1794//3931
f 1797//3928 1792//3927 1790//3932
f 1800//3933 1799//3930 1798//3929
f 1801//3934 1802//3935 1796//3936
f 496//3937 1803//3937 1804//3937
f 1796//3936 1802//3935 1792//3938
f 484//3939 491//3939 474//3939
f 1792//3938 1802//3935 564//3940
f 564//3941 1805//3941 566//3941
f 570//3942 1806//3943 496//3943
f 1801//3944 1805//3945 1802//3946
f 496//3947 1806//3947 1803//3947
f 491//3948 511//3948 474//3948
f 1807//3949 1805//3945 1801//3944
f 1802//3950 1805//3950 564//3950
f 566//3951 1808//3951 568//3951
f 1805//3952 1808//3952 566//3952
f 568//3953 1808//3953 1809//3953
f 1809//3954 1808//3955 1807//3956
f 1810//3957 1811//3958 1800//3957
f 1807//3956 1808//3955 1805//3959
f 1800//3957 1811//3958 1799//3960
f 1812//3961 1789//3962 1810//3963
f 1810//3963 1789//3962 1811//3964
f 1812//3965 1797//3966 1789//3916
f 1813//3967 1797//3966 1812//3965
f 467//3968 1814//3969 461//3970
f 461//3971 1814//3971 464//3971
f 1710//3972 564//3972 1711//3972
f 1718//3973 564//3973 1710//3973
f 564//3974 1738//3974 1711//3974
f 474//3975 1815//3975 470//3975
f 1816//3968 1814//3969 467//3968
f 1816//3976 1817//3977 1814//3978
f 1795//3979 1817//3977 1816//3976
f 474//3980 1793//3980 1815//3980
f 1814//3981 1817//3981 464//3981
f 1813//3982 1796//3983 1797//3984
f 1818//3985 1796//3983 1813//3982
f 464//3986 1819//3986 1734//3986
f 535//3987 1798//3987 521//3987
f 521//3988 1798//3988 511//3988
f 511//3989 1798//3989 474//3989
f 474//3990 1798//3990 1793//3990
f 1740//3991 1819//3991 1751//3991
f 1817//3992 1819//3992 464//3992
f 1734//3993 1819//3993 1740//3993
f 1794//3994 1819//3995 1795//3996
f 1795//3996 1819//3995 1817//3997
f 494//3998 496//3998 504//3998
f 504//3999 496//3999 515//3999
f 515//4000 496//4000 530//4000
f 554//4001 1800//4001 555//4001
f 1804//4002 1801//4003 1818//4004
f 555//4005 1800//4006 535//4005
f 1818//4004 1801//4003 1796//4007
f 535//4008 1800//4009 1798//4008
f 554//4010 1810//4010 1800//4010
f 1794//4011 1820//4012 1819//4013
f 1771//4014 1820//4014 1769//4014
f 547//4015 1810//4015 548//4015
f 1751//4016 1820//4016 1771//4016
f 548//4017 1810//4017 554//4017
f 1819//4018 1820//4018 1751//4018
f 1799//4019 1820//4012 1794//4011
f 547//4020 1812//3961 1810//3963
f 1804//4021 1807//4021 1801//4022
f 1803//4023 1807//4021 1804//4021
f 533//4024 1812//4024 540//4024
f 540//4025 1812//4025 542//4025
f 542//4026 1812//4026 547//4026
f 533//4027 1813//3967 1812//3965
f 1770//4028 1821//4028 1774//4028
f 543//4029 1813//4029 544//4029
f 1769//4030 1821//4030 1770//4030
f 544//4031 1813//4031 525//4031
f 525//4032 1813//4032 533//4032
f 464//4033 1732//4033 1758//4033
f 1820//4034 1821//4034 1769//4034
f 470//4035 1816//4035 467//4035
f 464//4036 1725//4036 1732//4036
f 1815//4037 1816//4037 470//4037
f 1799//4038 1821//4039 1820//4040
f 1811//4041 1821//4039 1799//4038
f 570//4042 1809//4043 1806//4044
f 568//4045 1809//4043 570//4042
f 464//4046 1734//4046 1725//4046
f 1803//4047 1809//4048 1807//4049
f 1806//4047 1809//4048 1803//4047
f 1715//4050 1791//4050 1716//4050
f 1714//4051 1791//4051 1715//4051
f 1774//4052 1791//4052 1714//4052
f 1815//4053 1795//4054 1816//4055
f 1793//4053 1795//4054 1815//4053
f 1789//3962 1791//4056 1811//3964
f 530//4057 1818//4057 532//4057
f 1821//4058 1791//4056 1774//4059
f 532//4060 1818//4060 543//4060
f 543//4061 1818//4061 1813//4061
f 1811//3964 1791//4056 1821//4058
f 496//4062 1818//4062 530//4062
f 1728//4063 1790//4063 1723//4063
f 496//4064 1804//4002 1818//4004
f 1729//4065 1790//4065 1728//4065
f 1716//4066 1790//4067 1729//4067
f 1791//3918 1790//3917 1716//4068
f 1797//3966 1790//3917 1789//3916
f 1798//3920 1794//3921 1793//3920
f 1822//4069 1823//4070 1824//4070
f 1825//4071 1826//4072 1827//4073
f 1823//4074 1828//4074 534//4074
f 1829//4075 1828//4076 1830//4076
f 1749//4077 1831//4078 1832//4077
f 451//4079 1831//4079 1749//4079
f 534//4080 1828//4080 509//4080
f 509//4081 1828//4081 510//4082
f 510//4083 1828//4083 498//4083
f 1833//4084 1834//4085 1826//4085
f 1753//4086 1727//4086 462//4086
f 1830//4076 1828//4076 1823//4075
f 1835//4087 1834//4085 1833//4084
f 1836//4088 1837//4089 1829//4090
f 1727//4091 1726//4091 462//4091
f 498//4092 1837//4092 460//4092
f 451//4093 1838//4093 1831//4093
f 1828//4094 1837//4094 498//4094
f 1829//4090 1837//4089 1828//4095
f 1839//4096 1840//4097 1836//4098
f 1841//4099 1842//4100 1835//4101
f 1837//4102 1840//4102 460//4102
f 1836//4098 1840//4097 1837//4103
f 1835//4101 1842//4100 1834//4104
f 457//4105 1843//4106 455//4107
f 460//4108 1843//4108 457//4108
f 455//4107 1843//4106 1844//4109
f 450//4110 1845//4110 451//4110
f 1844//4111 1843//4112 1839//4113
f 1838//4114 1845//4115 450//4116
f 1839//4113 1843//4112 1840//4117
f 451//4118 1845//4118 1838//4118
f 1840//4119 1843//4119 460//4119
f 1846//4120 1822//4121 1841//4122
f 1841//4122 1822//4121 1842//4123
f 1847//4124 1848//4124 468//4124
f 469//4125 1848//4125 471//4125
f 468//4126 1848//4126 469//4126
f 498//4127 460//4127 499//4127
f 460//4128 479//4128 499//4128
f 460//4129 514//4129 479//4129
f 1849//4130 1830//4131 1846//4130
f 1846//4130 1830//4131 1822//4069
f 1848//4132 1850//4132 471//4132
f 462//4133 1851//4133 463//4133
f 1827//4134 1850//4135 1847//4136
f 462//4137 1825//4137 1851//4137
f 1847//4136 1850//4135 1848//4138
f 1735//4139 1833//4139 1726//4139
f 1741//4140 1833//4140 1735//4140
f 1849//4141 1829//4142 1830//4143
f 1832//4141 1829//4142 1849//4141
f 471//4144 1852//4144 506//4144
f 506//4145 1852//4146 518//4145
f 518//4147 1852//4147 529//4147
f 462//4148 1833//4148 1825//4148
f 1726//4149 1833//4149 462//4149
f 1752//4150 1835//4151 1741//4151
f 1827//4152 1852//4153 1850//4154
f 1767//4155 1835//4155 1752//4155
f 1768//4156 1835//4156 1767//4156
f 1826//4157 1852//4153 1827//4152
f 1850//4158 1852//4158 471//4158
f 1741//4159 1835//4159 1833//4159
f 1739//4160 451//4160 1749//4160
f 1831//4161 1836//4162 1832//4163
f 1736//4164 451//4164 1739//4164
f 1832//4163 1836//4162 1829//4165
f 1730//4166 451//4166 1736//4167
f 1757//4168 1841//4168 1768//4168
f 1756//4169 1841//4169 1757//4169
f 529//4170 1853//4170 541//4170
f 541//4171 1853//4171 556//4171
f 556//4172 1853//4172 557//4172
f 1768//4173 1841//4173 1835//4173
f 1748//4174 1846//4174 1756//4174
f 1747//4175 1846//4175 1748//4175
f 1852//4176 1853//4176 529//4176
f 1750//4177 1846//4177 1747//4177
f 1826//4178 1853//4179 1852//4180
f 1834//4178 1853//4179 1826//4178
f 1831//4181 1839//4182 1836//4183
f 1756//4184 1846//4120 1841//4122
f 450//4116 1839//4185 1838//4114
f 1838//4186 1839//4182 1831//4181
f 1853//4187 1854//4187 557//4187
f 557//4188 1854//4188 477//4188
f 477//4189 1854//4189 559//4189
f 463//4190 1847//4191 468//4192
f 471//4193 483//4193 485//4193
f 1851//4194 1847//4191 463//4190
f 1745//4195 1849//4195 1750//4195
f 471//4196 506//4196 483//4196
f 1744//4197 1849//4197 1745//4197
f 1842//4198 1854//4199 1834//4200
f 1834//4200 1854//4199 1853//4201
f 1750//4202 1849//4202 1846//4202
f 455//4203 1844//4204 450//4204
f 450//4116 1844//4205 1839//4185
f 1854//4206 1824//4207 559//4208
f 1825//4209 1827//4210 1851//4211
f 559//4212 1824//4212 489//4212
f 489//4213 1824//4213 490//4213
f 490//4214 1824//4214 492//4214
f 1851//4211 1827//4210 1847//4215
f 1743//4216 1832//4216 1744//4216
f 1754//4217 1832//4217 1743//4217
f 1842//4123 1824//4207 1854//4206
f 1749//4218 1832//4218 1754//4218
f 1822//4121 1824//4207 1842//4123
f 1744//4219 1832//4219 1849//4219
f 1824//4220 1823//4221 492//4221
f 1833//4071 1826//4072 1825//4071
f 492//4222 1823//4222 493//4222
f 493//4223 1823//4223 534//4223
f 1830//4131 1823//4070 1822//4069
f 1855//4224 1856//4225 1857//4225
f 1855//4226 1857//4227 1858//4228
f 1859//4229 1856//4229 1855//4229
f 1860//4230 1861//4230 1856//4230
f 1860//4231 1856//4231 1859//4231
f 1862//4232 1859//4232 1863//4232
f 1862//4233 1860//4233 1859//4233
f 1864//4234 1865//4235 1866//4236
f 1864//4237 1866//4237 1861//4237
f 1864//4238 1861//4238 1860//4238
f 1867//4239 1863//4239 1868//4239
f 1867//4240 1862//4240 1863//4240
f 1869//4241 1860//4241 1862//4241
f 1869//4242 1864//4242 1860//4242
f 1870//4243 1871//4243 1872//4243
f 1873//4244 1868//4244 1871//4244
f 1873//4245 1867//4245 1868//4245
f 1874//4246 1869//4246 1862//4246
f 1874//4247 1862//4247 1867//4247
f 1875//4248 1865//4248 1864//4248
f 1875//4249 1864//4249 1869//4249
f 1876//4250 1871//4250 1870//4250
f 1876//4251 1873//4252 1871//4252
f 1877//4253 1867//4253 1873//4253
f 1877//4254 1874//4254 1867//4254
f 1878//4255 1875//4255 1869//4255
f 1878//4256 1869//4256 1874//4256
f 1879//4257 1880//4258 1881//4259
f 1879//4260 1881//4260 1865//4260
f 1879//4261 1865//4261 1875//4261
f 1882//4262 1870//4262 1883//4262
f 1882//4263 1876//4263 1870//4263
f 1884//4264 1877//4264 1873//4264
f 1884//4265 1873//4265 1876//4265
f 1885//4266 1874//4266 1877//4266
f 1885//4267 1878//4267 1874//4267
f 1886//4268 1875//4268 1878//4268
f 1886//4269 1879//4269 1875//4269
f 1887//4270 1882//4270 1883//4270
f 1887//4271 1883//4271 1888//4271
f 1889//4272 1876//4272 1882//4272
f 1889//4273 1884//4273 1876//4273
f 1890//4274 1877//4274 1884//4274
f 1890//4275 1885//4275 1877//4275
f 1891//4276 1878//4276 1885//4276
f 1891//4277 1886//4277 1878//4277
f 1892//4278 1893//4278 1880//4278
f 1892//4279 1880//4279 1879//4279
f 1892//4280 1879//4280 1886//4280
f 1892//4281 1894//4281 1893//4281
f 1895//4282 1896//4282 1897//4282
f 1898//4283 1888//4283 1896//4283
f 1898//4284 1887//4284 1888//4284
f 1899//4285 1889//4285 1882//4285
f 1899//4286 1882//4286 1887//4286
f 1900//4287 1890//4287 1884//4287
f 1900//4288 1884//4288 1889//4288
f 1901//4289 1885//4289 1890//4289
f 1901//4290 1891//4290 1885//4290
f 1902//4291 1903//4291 1894//4291
f 1902//4292 1886//4292 1891//4292
f 1902//4293 1894//4293 1892//4293
f 1902//4294 1892//4294 1886//4294
f 1904//4295 1898//4295 1896//4295
f 1904//4296 1896//4296 1895//4296
f 1905//4297 1887//4297 1898//4297
f 1905//4298 1899//4298 1887//4298
f 1906//4299 1889//4299 1899//4299
f 1906//4300 1900//4300 1889//4300
f 1907//4301 1890//4301 1900//4301
f 1907//4302 1901//4302 1890//4302
f 1908//4303 1909//4303 1903//4303
f 1908//4304 1903//4304 1902//4304
f 1908//4305 1891//4305 1901//4305
f 1908//4306 1902//4306 1891//4306
f 1910//4307 1895//4307 1911//4307
f 1910//4308 1904//4308 1895//4308
f 1912//4309 1898//4309 1904//4309
f 1912//4310 1905//4310 1898//4310
f 1913//4311 1906//4311 1899//4311
f 1913//4312 1899//4312 1905//4312
f 1914//4313 1900//4313 1906//4313
f 1914//4314 1907//4314 1900//4314
f 1915//4315 1916//4315 1909//4315
f 1915//4316 1901//4316 1907//4316
f 1915//4317 1909//4317 1908//4317
f 1915//4318 1908//4318 1901//4318
f 1917//4319 1911//4319 1918//4319
f 1917//4320 1910//4320 1911//4320
f 1919//4321 1904//4321 1910//4321
f 1919//4322 1912//4322 1904//4322
f 1920//4323 1905//4323 1912//4323
f 1920//4324 1913//4324 1905//4324
f 1921//4325 1906//4325 1913//4325
f 1921//4326 1914//4326 1906//4326
f 1922//4327 1907//4327 1914//4327
f 1922//4328 1923//4328 1916//4328
f 1922//4329 1916//4329 1915//4329
f 1922//4330 1915//4330 1907//4330
f 1924//4331 1925//4331 1926//4331
f 1924//4332 1927//4333 1928//4334
f 1924//4335 1928//4335 1925//4335
f 1929//4336 1918//4336 1926//4336
f 1929//4337 1917//4337 1918//4337
f 1930//4338 1919//4338 1910//4338
f 1930//4339 1910//4339 1917//4339
f 1931//4340 1920//4340 1912//4340
f 1931//4341 1912//4341 1919//4341
f 1932//4342 1913//4342 1920//4342
f 1932//4343 1921//4343 1913//4344
f 1933//4345 1922//4345 1914//4345
f 1933//4346 1923//4346 1922//4346
f 1933//4347 1934//4347 1923//4347
f 1933//4348 1914//4348 1921//4348
f 1935//4349 1926//4349 1925//4349
f 1935//4350 1925//4350 1936//4350
f 1935//4351 1929//4351 1926//4351
f 1937//4352 1917//4352 1929//4352
f 1937//4353 1930//4353 1917//4353
f 1938//4354 1919//4354 1930//4354
f 1938//4355 1931//4355 1919//4355
f 1939//4356 1932//4356 1920//4356
f 1939//4357 1920//4357 1931//4357
f 1940//4358 1921//4358 1932//4358
f 1940//4359 1933//4359 1921//4359
f 1940//4360 1941//4361 1942//4362
f 1940//4363 1942//4364 1934//4365
f 1940//4363 1934//4365 1933//4366
f 1943//4367 1929//4367 1935//4367
f 1943//4368 1937//4368 1929//4368
f 1944//4369 1938//4369 1930//4369
f 1944//4370 1930//4370 1937//4370
f 1945//4371 1931//4371 1938//4371
f 1945//4372 1939//4372 1931//4372
f 1946//4373 1941//4361 1940//4360
f 1946//4374 1940//4374 1932//4374
f 1946//4375 1947//4375 1941//4375
f 1946//4376 1932//4376 1939//4376
f 1948//4377 1936//4377 1949//4377
f 1948//4378 1949//4379 1950//4380
f 1948//4381 1935//4381 1936//4381
f 1948//4382 1943//4382 1935//4382
f 1951//4383 1937//4383 1943//4383
f 1951//4384 1944//4384 1937//4384
f 1952//4385 1938//4385 1944//4385
f 1952//4386 1945//4386 1938//4386
f 1953//4387 1954//4387 1947//4387
f 1953//4388 1939//4388 1945//4388
f 1953//4389 1947//4389 1946//4389
f 1953//4390 1946//4390 1939//4390
f 1955//4391 1948//4391 1950//4391
f 1955//4392 1943//4392 1948//4392
f 1955//4393 1951//4393 1943//4393
f 1956//4394 1944//4394 1951//4394
f 1956//4395 1952//4395 1944//4395
f 1957//4396 1958//4396 1954//4396
f 1957//4397 1954//4397 1953//4397
f 1957//4398 1945//4398 1952//4398
f 1957//4399 1953//4399 1945//4399
f 1959//4400 1956//4400 1951//4400
f 1959//4401 1951//4401 1955//4401
f 1960//4402 1958//4402 1957//4402
f 1960//4403 1961//4403 1958//4403
f 1960//4404 1952//4404 1956//4404
f 1960//4405 1957//4405 1952//4405
f 1962//4406 1959//4406 1955//4406
f 1962//4407 1950//4407 1963//4407
f 1962//4408 1963//4409 1964//4410
f 1962//4411 1955//4411 1950//4411
f 1965//4412 1961//4412 1960//4412
f 1965//4413 1960//4413 1956//4413
f 1965//4414 1966//4414 1961//4414
f 1965//4415 1956//4415 1959//4415
f 1967//4416 1966//4416 1965//4416
f 1967//4417 1965//4417 1959//4417
f 1967//4418 1964//4418 1968//4418
f 1967//4419 1968//4419 1966//4419
f 1967//4420 1959//4420 1962//4420
f 1967//4421 1962//4421 1964//4421
f 1969//4422 1858//4423 1970//4424
f 1969//4425 1970//4425 1859//4425
f 1969//4426 1855//4226 1858//4228
f 1969//4426 1859//4427 1855//4226
f 1971//4428 1863//4428 1859//4428
f 1971//4429 1868//4429 1863//4429
f 1971//4430 1859//4430 1970//4430
f 1972//4431 1871//4431 1868//4431
f 1972//4432 1868//4432 1971//4432
f 1973//4433 1883//4433 1870//4433
f 1973//4434 1870//4434 1872//4434
f 1973//4435 1872//4435 1974//4435
f 1975//4436 1974//4436 1897//4436
f 1975//4437 1973//4437 1974//4437
f 1975//4438 1888//4438 1883//4439
f 1975//4440 1896//4440 1888//4440
f 1975//4441 1897//4441 1896//4441
f 1975//4438 1883//4439 1973//4442
f 1976//4443 1911//4443 1895//4443
f 1977//4444 1918//4444 1911//4444
f 1977//4445 1926//4445 1918//4445
f 1977//4446 1978//4446 1926//4446
f 1977//4447 1911//4447 1976//4447
f 1979//4448 1978//4449 1927//4450
f 1979//4451 1924//4332 1926//4452
f 1979//4453 1926//4453 1978//4453
f 1979//4451 1927//4333 1924//4332
f 1980//4454 1971//4454 1970//4454
f 1980//4455 1972//4455 1971//4455
f 1981//4456 1871//4456 1972//4456
f 1982//4457 1976//4457 1895//4457
f 1983//4458 1978//4458 1977//4458
f 1983//4459 1977//4459 1976//4459
f 1984//4460 1970//4461 1985//4462
f 1984//4463 1985//4463 1981//4463
f 1984//4460 1980//4464 1970//4461
f 1984//4465 1972//4466 1980//4467
f 1984//4465 1981//4468 1972//4466
f 1986//4469 1985//4470 1872//4471
f 1986//4469 1981//4472 1985//4470
f 1986//4473 1871//4473 1981//4473
f 1986//4474 1872//4474 1871//4474
f 1987//4475 1897//4476 1988//4477
f 1987//4475 1988//4477 1982//4478
f 1987//4479 1982//4479 1895//4479
f 1987//4480 1895//4480 1897//4480
f 1989//4481 1988//4482 1978//4481
f 1989//4481 1978//4481 1983//4483
f 1989//4484 1982//4485 1988//4485
f 1989//4486 1976//4486 1982//4487
f 1989//4486 1983//4488 1976//4486
f 130//25 1990//4489 1991//4490
f 130//25 129//4491 1990//4489
f 3//4492 1991//4493 1968//4494
f 3//4492 130//4492 1991//4493
f 164//4495 1992//4495 1993//4495
f 164//4496 1893//4497 1992//4498
f 164//4496 30//4496 1893//4497
f 135//4499 1993//4500 1994//4501
f 135//6 164//6 1993//6
f 134//4502 1994//4502 1995//4502
f 134//4503 135//4503 1994//4503
f 138//9 1995//4504 1996//4505
f 138//4506 134//4506 1995//4506
f 141//4507 1996//4507 1997//4507
f 141//4508 138//4508 1996//4508
f 167//4509 1998//4509 1999//4509
f 167//4510 2000//4511 1998//4510
f 167//4512 1997//4513 2000//4512
f 167//4514 141//4514 1997//4514
f 142//4515 2001//4515 2002//4515
f 142//4516 2003//4516 2001//4516
f 142//4517 2004//4517 2003//4517
f 142//4518 2005//4518 2004//4518
f 142//4519 2006//4519 2005//4519
f 142//4520 1999//4521 2006//4522
f 142//4520 167//4523 1999//4521
f 140//4524 2007//4524 2008//4525
f 140//4526 2009//4526 2007//4526
f 140//4527 2002//4528 2009//4527
f 140//4529 142//4529 2002//4529
f 133//2438 2008//2438 2010//2438
f 133//4530 140//4530 2008//4530
f 132//233 133//4531 2010//4532
f 132//233 2010//4532 2011//4533
f 131//4534 132//4535 2011//4536
f 131//4534 2011//4536 2012//4537
f 129//4538 2012//4539 1990//4540
f 129//4538 131//4538 2012//4539
f 28//4541 1881//4259 1880//4258
f 28//4541 26//4541 1881//4259
f 30//4542 1880//4543 1893//4543
f 30//4542 28//4542 1880//4543
f 4//4544 3//4545 1968//4546
f 4//284 1964//4410 1963//4409
f 4//4544 1968//4546 1964//4547
f 5//4548 1963//4548 1950//4548
f 5//4549 4//4549 1963//4549
f 7//287 1950//4380 1949//4379
f 7//4550 5//4550 1950//4550
f 10//4551 1949//4551 1936//4551
f 10//287 7//287 1949//287
f 12//4552 1936//4552 1925//4552
f 12//4553 10//4553 1936//4553
f 14//4554 1927//4450 1978//4449
f 14//4555 1928//4555 1927//4555
f 14//4556 1925//4556 1928//4556
f 14//4557 12//4557 1925//4557
f 16//4558 1985//4558 1970//4558
f 16//4559 1872//4559 1985//4559
f 16//4560 1974//4560 1872//4560
f 16//4561 1897//4561 1974//4561
f 16//4562 1988//4563 1897//4562
f 16//4564 1978//4565 1988//4566
f 16//4564 14//4567 1978//4565
f 18//4568 1857//4568 1856//4568
f 18//4569 1858//4569 1857//4569
f 18//4570 1970//4424 1858//4423
f 18//4571 16//4571 1970//4571
f 20//4572 1856//4572 1861//4572
f 20//4573 18//4573 1856//4573
f 22//4574 20//4574 1861//4575
f 22//4574 1861//4575 1866//4576
f 24//1184 22//1184 1866//4236
f 24//1184 1866//4236 1865//4235
f 26//4577 1865//4578 1881//303
f 26//4577 24//4579 1865//4578
f 2013//4580 1893//4580 1894//4580
f 2013//4581 1993//4581 1992//4581
f 2013//4582 1992//4498 1893//4497
f 2014//4583 1894//4583 1903//4583
f 2014//4584 2013//4584 1894//4584
f 2015//4585 1903//4585 1909//4585
f 2015//4586 2014//4586 1903//4586
f 2016//4587 1993//4587 2013//4587
f 2016//4588 2013//4588 2014//4588
f 2017//4589 2015//4590 1909//4590
f 2017//4591 1909//4591 1916//4591
f 2018//4592 2016//4592 2014//4592
f 2018//4593 2014//4593 2015//4593
f 2019//4594 1995//4594 1994//4594
f 2019//4595 1994//4501 1993//4500
f 2019//4596 1993//4596 2016//4596
f 2020//4597 1916//4597 1923//4597
f 2020//4598 2017//4598 1916//4598
f 2021//4599 2015//4599 2017//4599
f 2021//4600 2018//4600 2015//4600
f 2022//4601 2019//4601 2016//4601
f 2022//4602 2016//4602 2018//4602
f 2023//4603 1923//4603 1934//4603
f 2023//4604 2020//4604 1923//4604
f 2024//4605 2021//4605 2017//4605
f 2024//4606 2017//4606 2020//4606
f 2025//4607 2022//4607 2018//4607
f 2025//4608 2018//4608 2021//4608
f 2026//4609 1995//4609 2019//4609
f 2026//4610 2019//4610 2022//4610
f 2027//4611 2023//4611 1934//4611
f 2027//4612 1934//4612 1942//4612
f 2028//4613 2024//4613 2020//4613
f 2028//4614 2020//4614 2023//4614
f 2029//4615 2025//4615 2021//4615
f 2029//4616 2021//4616 2024//4616
f 2030//4617 2022//4617 2025//4617
f 2030//4618 2026//4618 2022//4618
f 2031//4619 1997//4619 1996//4619
f 2031//4620 1996//4505 1995//4504
f 2031//4621 1995//4621 2026//4621
f 2032//4622 1942//4622 1941//4622
f 2032//4623 2027//4623 1942//4623
f 2033//4624 2028//4624 2023//4624
f 2033//4625 2023//4625 2027//4625
f 2034//4626 2029//4626 2024//4626
f 2034//4627 2024//4627 2028//4627
f 2035//4628 2025//4628 2029//4628
f 2035//4629 2030//4629 2025//4629
f 2036//4630 2026//4630 2030//4630
f 2036//4631 2031//4631 2026//4631
f 2036//4632 1997//4632 2031//4632
f 2037//4633 1941//4633 1947//4633
f 2037//4634 2032//4634 1941//4634
f 2038//4635 2027//4635 2032//4635
f 2038//4636 2033//4636 2027//4636
f 2039//4637 2028//4637 2033//4637
f 2039//4638 2034//4638 2028//4638
f 2040//4639 2035//4639 2029//4639
f 2040//4640 2029//4640 2034//4640
f 2041//4641 2036//4641 2030//4641
f 2041//4642 2030//4642 2035//4642
f 2042//4643 1999//4643 1998//4643
f 2042//4644 1998//4644 2000//4644
f 2042//4645 2000//4645 1997//4645
f 2042//4646 1997//4646 2036//4646
f 2043//4647 1947//4647 1954//4647
f 2043//4648 2037//4648 1947//4648
f 2044//4649 2032//4649 2037//4649
f 2044//4650 2038//4650 2032//4650
f 2045//4651 2039//4651 2033//4651
f 2045//4652 2033//4652 2038//4652
f 2046//4653 2034//4653 2039//4653
f 2046//4654 2040//4654 2034//4654
f 2047//4655 2041//4655 2035//4655
f 2047//4656 2035//4656 2040//4656
f 2048//4657 1999//4657 2042//4657
f 2048//4658 2042//4658 2036//4658
f 2048//4659 2036//4659 2041//4659
f 2049//4660 1954//4660 1958//4660
f 2049//4661 2043//4661 1954//4661
f 2050//4662 2044//4662 2037//4662
f 2050//4663 2037//4663 2043//4663
f 2051//4664 2038//4664 2044//4664
f 2051//4665 2045//4665 2038//4665
f 2052//4666 2039//4666 2045//4666
f 2052//4667 2046//4667 2039//4667
f 2053//4668 2040//4668 2046//4668
f 2053//4669 2047//4669 2040//4669
f 2054//4670 2041//4670 2047//4670
f 2054//4671 2048//4671 2041//4671
f 2055//4672 1958//4672 1961//4672
f 2055//4673 2049//4673 1958//4673
f 2056//4674 2043//4674 2049//4675
f 2056//4676 2050//4676 2043//4676
f 2057//4677 2044//4677 2050//4677
f 2057//4678 2051//4678 2044//4678
f 2058//4679 2052//4679 2045//4679
f 2058//4680 2045//4680 2051//4680
f 2059//4681 2046//4681 2052//4681
f 2059//4682 2053//4682 2046//4682
f 2060//4683 2047//4683 2053//4683
f 2060//4684 2054//4684 2047//4685
f 2061//4686 1961//4686 1966//4686
f 2061//4687 2055//4687 1961//4687
f 2062//4688 2049//4688 2055//4688
f 2062//4689 2056//4689 2049//4689
f 2063//4690 2057//4690 2050//4690
f 2063//4691 2050//4691 2056//4691
f 2064//4692 2051//4692 2057//4692
f 2064//4693 2058//4693 2051//4693
f 2065//4694 2052//4694 2058//4694
f 2065//4695 2059//4695 2052//4695
f 2066//4696 2053//4696 2059//4696
f 2066//4697 2060//4697 2053//4697
f 2067//4698 1966//4698 1968//4698
f 2067//4699 2061//4699 1966//4699
f 2067//4700 1968//4494 1991//4493
f 2067//4701 1991//4701 1990//4701
f 2068//4702 2055//4702 2061//4702
f 2068//4703 2062//4703 2055//4703
f 2069//4704 2063//4704 2056//4704
f 2069//4705 2056//4705 2062//4705
f 2070//4706 2057//4706 2063//4706
f 2070//4707 2064//4707 2057//4707
f 2071//4708 2065//4708 2058//4708
f 2071//4709 2058//4709 2064//4709
f 2072//4710 2059//4710 2065//4710
f 2072//4711 2066//4711 2059//4711
f 2073//4712 2061//4712 2067//4712
f 2073//4713 2067//4713 1990//4713
f 2073//4714 2068//4714 2061//4714
f 2074//4715 2062//4716 2068//4717
f 2074//4718 2069//4718 2062//4718
f 2075//4719 2070//4719 2063//4719
f 2075//4720 2063//4720 2069//4720
f 2076//4721 2064//4721 2070//4721
f 2076//4722 2071//4722 2064//4722
f 2077//4723 2065//4723 2071//4723
f 2077//4724 2072//4724 2065//4724
f 2078//4725 2068//4725 2073//4725
f 2078//4726 2074//4726 2068//4726
f 2079//4727 2069//4727 2074//4727
f 2079//4728 2075//4728 2069//4728
f 2080//4729 2070//4729 2075//4729
f 2080//4730 2076//4730 2070//4730
f 2081//4731 2071//4731 2076//4731
f 2081//4732 2077//4732 2071//4732
f 2082//4733 1990//4540 2012//4539
f 2082//4734 2012//4734 2011//4734
f 2082//4735 2073//4735 1990//4735
f 2082//4736 2078//4736 2073//4736
f 2083//4737 2074//4737 2078//4737
f 2083//4738 2079//4738 2074//4738
f 2084//4739 2075//4739 2079//4739
f 2084//4740 2080//4740 2075//4740
f 2085//4741 2076//4741 2080//4741
f 2085//4742 2081//4742 2076//4742
f 2086//4743 2083//4743 2078//4743
f 2086//4744 2082//4744 2011//4744
f 2086//4745 2078//4745 2082//4746
f 2087//4747 2079//4747 2083//4747
f 2087//4748 2084//4748 2079//4748
f 2088//4749 2080//4749 2084//4749
f 2088//4750 2085//4750 2080//4750
f 2089//4751 2083//4751 2086//4751
f 2089//4752 2087//4752 2083//4752
f 2090//4753 2084//4753 2087//4753
f 2090//4754 2088//4755 2084//4755
f 2091//4756 2089//4756 2086//4756
f 2091//4757 2011//4533 2010//4532
f 2091//4758 2010//4759 2008//4758
f 2091//4760 2008//4760 2089//4760
f 2091//4761 2086//4761 2011//4761
f 2092//4762 2087//4762 2089//4762
f 2092//4763 2090//4763 2087//4763
f 2093//4764 2002//4764 2092//4764
f 2093//4765 2008//4765 2007//4765
f 2093//4766 2007//4766 2009//4766
f 2093//4767 2089//4767 2008//4767
f 2093//4768 2009//4768 2002//4768
f 2093//4769 2092//4769 2089//4769
f 2094//4770 1999//4770 2048//4770
f 2095//4771 2094//4772 2048//4773
f 2095//4771 2048//4773 2054//4774
f 2096//4775 2054//4776 2060//4777
f 2096//4775 2095//4778 2054//4776
f 2097//4779 2096//4775 2060//4777
f 2097//4780 2060//4780 2066//4780
f 2098//4781 2004//4781 2005//4781
f 2098//4782 2066//4782 2072//4782
f 2099//4783 2004//4783 2098//4784
f 2099//4785 2098//4786 2072//4787
f 2099//4785 2072//4787 2077//4788
f 2100//4789 2004//4790 2099//4791
f 2100//4792 2099//4792 2077//4792
f 2100//4793 2077//4794 2081//4795
f 2101//4796 2003//4796 2004//4796
f 2101//4797 2100//4793 2081//4795
f 2101//4798 2004//4790 2100//4789
f 2101//4799 2081//4799 2085//4799
f 2102//4800 2085//4800 2088//4800
f 2103//4801 2102//4802 2088//4803
f 2103//4801 2088//4803 2090//4804
f 2104//4805 2090//4806 2092//4805
f 2104//4807 2103//4801 2090//4804
f 2105//4808 2092//4809 2002//4809
f 2105//4810 2104//4805 2092//4805
f 2106//4811 1999//4811 2094//4811
f 2107//4812 2094//4813 2095//4814
f 2107//4812 2095//4814 2096//4815
f 2107//4812 2106//4816 2094//4813
f 2108//4817 2096//4818 2097//4819
f 2108//4817 2107//4820 2096//4818
f 2109//4821 2097//4821 2066//4821
f 2109//4822 2066//4822 2098//4822
f 2109//4823 2108//4817 2097//4819
f 2110//4824 2101//4824 2085//4824
f 2110//4825 2085//4825 2102//4825
f 2111//4826 2102//4827 2103//4828
f 2111//4826 2110//4829 2102//4827
f 2112//4830 2111//4826 2103//4828
f 2112//4831 2103//4832 2104//4833
f 2112//4831 2104//4833 2105//4834
f 2113//4835 2105//4835 2002//4835
f 2113//4836 2112//4831 2105//4834
f 2114//4837 2006//4838 1999//4839
f 2114//4837 1999//4839 2106//4840
f 2115//4841 2006//4842 2114//4842
f 2115//4843 2106//4844 2107//4845
f 2115//4846 2108//4846 2006//4846
f 2115//4847 2107//4820 2108//4817
f 2115//4843 2114//4843 2106//4844
f 2116//4848 2005//4849 2006//4850
f 2116//4848 2006//4850 2108//4851
f 2116//4852 2108//4853 2109//4854
f 2117//4855 2005//4856 2116//4856
f 2117//4857 2098//4857 2005//4857
f 2117//4858 2109//4858 2098//4858
f 2117//4859 2116//4852 2109//4854
f 2118//4860 2003//4860 2101//4860
f 2118//4861 2101//4861 2110//4861
f 2119//4862 2001//4863 2003//4864
f 2119//4862 2111//4865 2001//4863
f 2119//4866 2110//4867 2111//4868
f 2119//4866 2118//4869 2110//4867
f 2119//4870 2003//4871 2118//4872
f 2120//4873 2111//4826 2112//4830
f 2120//4874 2001//4874 2111//4874
f 2120//4875 2112//4876 2113//4877
f 2121//4878 2002//4879 2001//4880
f 2121//4878 2113//4881 2002//4879
f 2121//4882 2001//4883 2120//4884
f 2121//4885 2120//4875 2113//4877
f 24//81 20//1024 22//968
f 20//1024 16//83 18//1002
f 30//4886 135//99 28//119
f 28//119 135//99 26//972
f 26//972 135//99 24//81
f 164//94 135//99 30//4886
f 14//80 10//4887 12//94
f 134//74 138//1003 135//99
f 135//99 138//1003 24//81
f 138//1003 141//114 24//81
f 16//83 4//1019 14//80
f 10//4887 4//1019 7//4888
f 7//4888 4//1019 5//1050
f 14//80 4//1019 10//4887
f 167//86 142//86 141//114
f 4//1019 131//966 3//4889
f 3//4889 131//966 130//99
f 130//99 131//966 129//987
f 133//1001 132//1027 140//4890
f 140//4890 132//1027 142//86
f 24//81 132//1027 20//1024
f 20//1024 132//1027 16//83
f 16//83 132//1027 4//1019
f 142//86 132//1027 141//114
f 141//114 132//1027 24//81
f 4//1019 132//1027 131//966
f 2122//4891 2123//4892 2124//4893
f 2122//4894 2125//4895 2126//4896
f 2122//4891 2127//4897 2123//4892
f 2122//4894 2126//4896 2127//4898
f 2128//4899 2129//4900 2130//4901
f 2128//4902 2131//4903 2132//4904
f 2128//4899 2133//4905 2129//4900
f 2128//4902 2130//4906 2131//4903
f 2134//4907 2124//4908 2133//4909
f 2134//4907 2133//4909 2128//4910
f 2134//4911 2128//4912 2132//4913
f 2134//4911 2132//4913 2135//4912
f 2136//4914 2125//4915 2122//4914
f 2136//4916 2124//4917 2134//4918
f 2136//4919 2135//4920 2137//4921
f 2136//4919 2134//4922 2135//4920
f 2136//4923 2137//4924 2138//4925
f 2136//4914 2138//4914 2125//4915
f 2136//4916 2122//4926 2124//4917
f 2139//4927 2140//4927 2141//4927
f 2142//4928 2138//4925 2137//4924
f 2143//4929 2144//4930 2145//4931
f 2143//4929 2145//4931 2146//4932
f 2147//4933 2144//4934 2143//4935
f 2147//4933 2148//4936 2144//4934
f 2149//4937 2146//4938 2150//4939
f 2149//4937 2143//4940 2146//4938
f 2151//4941 2152//4942 2148//4943
f 2151//4941 2148//4943 2147//4944
f 2153//4945 2147//4945 2143//4946
f 2153//4945 2143//4946 2149//4947
f 2154//4948 2155//4949 2152//4950
f 2154//4948 2152//4950 2151//4951
f 2156//4952 2150//4953 2157//4954
f 2156//4952 2149//4955 2150//4953
f 2158//4956 2147//4957 2153//4958
f 2158//4956 2151//4959 2147//4957
f 2159//4960 2160//4961 2155//4962
f 2159//4960 2155//4962 2154//4963
f 2161//4964 2153//4965 2149//4966
f 2161//4964 2149//4966 2156//4967
f 2162//4968 2151//4969 2158//4968
f 2162//4968 2154//4970 2151//4969
f 2163//4971 2164//4972 2165//4973
f 2163//4974 2160//4975 2159//4976
f 2163//4974 2166//4977 2160//4975
f 2163//4971 2165//4973 2166//4978
f 2167//4979 2157//4980 2168//4981
f 2167//4979 2156//4982 2157//4980
f 2169//4983 2153//4983 2161//4984
f 2169//4983 2158//4985 2153//4983
f 2170//4986 2154//4987 2162//4988
f 2170//4986 2159//4989 2154//4987
f 2171//4990 2168//4990 2172//4990
f 2171//4991 2167//4991 2168//4991
f 2173//4992 2161//4993 2156//4994
f 2173//4992 2156//4994 2167//4995
f 2174//4996 2158//4997 2169//4998
f 2174//4996 2162//4999 2158//4997
f 2175//5000 2176//5000 2164//5000
f 2175//5001 2163//5002 2159//5003
f 2175//5004 2164//5004 2163//5004
f 2175//5001 2159//5003 2170//5001
f 2177//5005 2173//5006 2167//5007
f 2177//5005 2167//5007 2171//5008
f 2178//5009 2171//5009 2172//5009
f 2179//5010 2161//5011 2173//5012
f 2179//5010 2169//5013 2161//5011
f 2180//5014 2162//5014 2174//5015
f 2180//5014 2170//5014 2162//5014
f 2181//5016 2179//5017 2173//5016
f 2181//5016 2173//5016 2177//5016
f 2182//5018 2172//5018 2183//5018
f 2182//5019 2178//5019 2172//5019
f 2184//5020 2177//5021 2171//5022
f 2184//5020 2171//5022 2178//5023
f 2185//5024 2169//5025 2179//5026
f 2185//5024 2174//5025 2169//5025
f 2186//5027 2187//5027 2176//5027
f 2186//5028 2170//5029 2180//5030
f 2186//5028 2175//5031 2170//5029
f 2186//5032 2176//5032 2175//5032
f 2188//5033 2185//5034 2179//5035
f 2188//5033 2179//5035 2181//5036
f 2189//5037 2178//5037 2182//5038
f 2189//5037 2184//5037 2178//5037
f 2190//5039 2182//5039 2183//5039
f 2191//5040 2181//5041 2177//5042
f 2191//5040 2177//5042 2184//5040
f 2192//5043 2180//5043 2174//5044
f 2192//5043 2174//5044 2185//5044
f 2193//5045 2185//5046 2188//5047
f 2193//5045 2192//5048 2185//5046
f 2194//5049 2184//5050 2189//5051
f 2194//5049 2191//5052 2184//5050
f 2195//5053 2190//5053 2183//5053
f 2195//5054 2183//5054 2196//5054
f 2197//5055 2182//5056 2190//5057
f 2197//5055 2189//5058 2182//5056
f 2198//5059 2188//5059 2181//5060
f 2198//5059 2181//5060 2191//5060
f 2199//5061 2200//5061 2187//5061
f 2199//5062 2186//5063 2180//5063
f 2199//5064 2187//5064 2186//5064
f 2199//5062 2180//5063 2192//5065
f 2201//5066 2200//5067 2199//5068
f 2201//5069 2192//5070 2193//5071
f 2201//5069 2199//5072 2192//5070
f 2202//5073 2191//5074 2194//5075
f 2202//5073 2198//5076 2191//5074
f 2203//5077 2190//5078 2195//5079
f 2203//5077 2197//5078 2190//5078
f 2204//5080 2195//5080 2196//5080
f 2205//5081 2194//5082 2189//5083
f 2205//5081 2189//5083 2197//5084
f 2206//5085 2188//5086 2198//5087
f 2206//5085 2193//5088 2188//5086
f 2207//5089 2198//5090 2202//5091
f 2207//5089 2206//5092 2198//5090
f 2208//5093 2197//5094 2203//5095
f 2208//5093 2205//5096 2197//5094
f 2209//5097 2203//5098 2195//5099
f 2209//5097 2195//5099 2204//5098
f 2210//5100 2196//5100 2211//5100
f 2210//5101 2204//5101 2196//5101
f 2212//5102 2194//5103 2205//5104
f 2212//5102 2202//5102 2194//5103
f 2213//5105 2193//5106 2206//5107
f 2213//5108 2214//5108 2200//5108
f 2213//5109 2200//5067 2201//5066
f 2213//5105 2201//5110 2193//5106
f 2215//5111 2210//5111 2211//5111
f 2216//5112 2213//5113 2206//5114
f 2216//5112 2206//5114 2207//5115
f 2216//5116 2214//5117 2213//5118
f 2217//5119 2212//5120 2205//5121
f 2217//5119 2205//5121 2208//5122
f 2218//5123 2208//5124 2203//5125
f 2218//5123 2203//5125 2209//5126
f 2219//5127 2209//5128 2204//5129
f 2219//5127 2204//5129 2210//5130
f 2220//5131 2202//5132 2212//5132
f 2220//5131 2207//5132 2202//5132
f 2221//5133 2219//5134 2210//5133
f 2221//5133 2210//5133 2215//5135
f 2222//5136 2212//5137 2217//5138
f 2222//5136 2220//5137 2212//5137
f 2223//5139 2217//5139 2208//5140
f 2223//5139 2208//5140 2218//5141
f 2224//5142 2209//5143 2219//5142
f 2224//5142 2218//5142 2209//5143
f 2225//5144 2211//5144 2226//5144
f 2225//5145 2215//5145 2211//5145
f 2227//5146 2228//5146 2214//5146
f 2227//5147 2214//5117 2216//5116
f 2227//5148 2207//5149 2220//5150
f 2227//5148 2216//5151 2207//5149
f 2229//5152 2225//5152 2226//5152
f 2230//5153 2224//5154 2219//5155
f 2230//5153 2219//5155 2221//5156
f 2231//5157 2228//5158 2227//5159
f 2231//5160 2220//5161 2222//5162
f 2231//5160 2227//5163 2220//5161
f 2232//5164 2222//5165 2217//5166
f 2232//5164 2217//5166 2223//5167
f 2233//5168 2223//5169 2218//5170
f 2233//5168 2218//5170 2224//5168
f 2234//5171 2221//5172 2215//5173
f 2234//5171 2215//5173 2225//5174
f 2235//5175 2225//5176 2229//5177
f 2235//5175 2234//5178 2225//5176
f 2236//5179 2233//5180 2224//5180
f 2236//5179 2224//5180 2230//5181
f 2237//5182 2238//5182 2228//5182
f 2237//5183 2228//5158 2231//5157
f 2237//5184 2231//5185 2222//5186
f 2237//5184 2222//5186 2232//5187
f 2239//5188 2223//5189 2233//5190
f 2239//5188 2232//5188 2223//5189
f 2240//5191 2230//5192 2221//5193
f 2240//5191 2221//5193 2234//5194
f 2241//5195 2226//5195 2242//5195
f 2241//5196 2229//5196 2226//5196
f 2243//5197 2241//5197 2242//5197
f 2244//5198 2234//5199 2235//5200
f 2244//5198 2240//5199 2234//5199
f 2245//5201 2233//5202 2236//5203
f 2245//5201 2239//5204 2233//5202
f 2246//5205 2238//5205 2237//5206
f 2246//5207 2237//5208 2232//5209
f 2246//5207 2232//5209 2239//5210
f 2247//5211 2236//5212 2230//5211
f 2247//5211 2230//5211 2240//5211
f 2248//5213 2229//5214 2241//5215
f 2248//5213 2235//5216 2229//5214
f 2249//5217 2241//5218 2243//5219
f 2249//5217 2248//5220 2241//5218
f 2250//5221 2240//5222 2244//5223
f 2250//5221 2247//5222 2240//5222
f 2251//5224 2246//5225 2239//5226
f 2251//5227 2252//5227 2238//5227
f 2251//5228 2238//5205 2246//5205
f 2251//5224 2239//5226 2245//5224
f 2253//5229 2245//5230 2236//5229
f 2253//5229 2236//5229 2247//5231
f 2254//5232 2235//5233 2248//5234
f 2254//5232 2244//5235 2235//5233
f 2255//5236 2242//5236 2256//5236
f 2255//5237 2243//5237 2242//5237
f 2257//5238 2254//5239 2248//5240
f 2257//5238 2248//5240 2249//5241
f 2258//5242 2253//5243 2247//5244
f 2258//5242 2247//5244 2250//5244
f 2259//5245 2251//5246 2245//5247
f 2259//5248 2252//5249 2251//5250
f 2259//5245 2245//5247 2253//5251
f 2260//5252 2250//5253 2244//5253
f 2260//5252 2244//5253 2254//5254
f 2261//5255 2249//5256 2243//5257
f 2261//5255 2243//5257 2255//5258
f 2262//5259 2254//5260 2257//5261
f 2262//5259 2260//5262 2254//5260
f 2263//5263 2264//5263 2252//5263
f 2263//5264 2253//5265 2258//5266
f 2263//5267 2252//5249 2259//5248
f 2263//5264 2259//5268 2253//5265
f 2265//5269 2250//5270 2260//5269
f 2265//5269 2258//5271 2250//5270
f 2266//5272 2257//5273 2249//5273
f 2266//5272 2249//5273 2261//5274
f 2267//5275 2255//5275 2256//5275
f 2267//5276 2256//5276 2268//5276
f 2269//5277 2260//5278 2262//5279
f 2269//5277 2265//5277 2260//5278
f 2270//5280 2264//5281 2263//5282
f 2270//5283 2263//5284 2258//5285
f 2270//5283 2258//5285 2265//5286
f 2271//5287 2262//5288 2257//5289
f 2271//5287 2257//5289 2266//5288
f 2272//5290 2255//5291 2267//5292
f 2272//5290 2261//5293 2255//5291
f 2273//5294 2126//5294 2264//5294
f 2273//5295 2264//5281 2270//5280
f 2273//5296 2265//5297 2269//5298
f 2273//5296 2270//5299 2265//5297
f 2123//5300 2269//5301 2262//5302
f 2123//5300 2262//5302 2271//5303
f 2129//5304 2266//5304 2261//5305
f 2129//5304 2261//5305 2272//5306
f 2274//5307 2268//5307 2140//5307
f 2274//5308 2140//5308 2139//5308
f 2274//5309 2267//5309 2268//5309
f 2127//5310 2273//5311 2269//5312
f 2127//5313 2126//5313 2273//5313
f 2127//5310 2269//5312 2123//5310
f 2133//5314 2271//5315 2266//5316
f 2133//5314 2266//5316 2129//5317
f 2275//5318 2139//5319 2276//5320
f 2275//5318 2274//5321 2139//5319
f 2275//5322 2272//5323 2267//5324
f 2275//5322 2267//5324 2274//5325
f 2124//5326 2123//5327 2271//5328
f 2124//5326 2271//5328 2133//5329
f 2130//5330 2276//5331 2131//5332
f 2130//5330 2275//5333 2276//5331
f 2130//5334 2129//5335 2272//5336
f 2130//5334 2272//5336 2275//5337
f 2277//5338 2278//5339 2279//5340
f 2277//5341 2280//5342 2281//5343
f 2277//5338 2282//5344 2278//5339
f 2277//5341 2281//5343 2282//5342
f 2283//5345 2284//5346 2285//5347
f 2283//5348 2286//5349 2287//5350
f 2283//5345 2288//5351 2284//5346
f 2283//5348 2285//5352 2286//5349
f 2289//5353 2279//5354 2288//5355
f 2289//5353 2288//5355 2283//5356
f 2289//5357 2283//5357 2287//5358
f 2289//5357 2287//5358 2290//5359
f 2291//5360 2280//5361 2277//5362
f 2291//5363 2279//5364 2289//5365
f 2291//5366 2290//5367 2292//5368
f 2291//5366 2289//5369 2290//5367
f 2291//5370 2292//5371 2293//5371
f 2291//5360 2293//5372 2280//5361
f 2291//5363 2277//5373 2279//5364
f 2294//5374 2295//5374 2296//5374
f 2297//5371 2293//5371 2292//5371
f 2298//5375 2299//5376 2300//5377
f 2298//5375 2300//5377 2301//5378
f 2302//5379 2299//5380 2298//5381
f 2302//5379 2303//5382 2299//5380
f 2304//5383 2301//5384 2305//5385
f 2304//5383 2298//5384 2301//5384
f 2306//5386 2307//5387 2303//5387
f 2306//5386 2303//5387 2302//5388
f 2308//5389 2302//5390 2298//5389
f 2308//5389 2298//5389 2304//5391
f 2309//5392 2310//5393 2307//5394
f 2309//5392 2307//5394 2306//5395
f 2311//5396 2305//5397 2312//5398
f 2311//5396 2304//5399 2305//5397
f 2313//5400 2302//5401 2308//5402
f 2313//5400 2306//5403 2302//5401
f 2314//5404 2315//5405 2310//5406
f 2314//5404 2310//5406 2309//5407
f 2316//5408 2308//5409 2304//5410
f 2316//5408 2304//5410 2311//5411
f 2317//5412 2306//5413 2313//5414
f 2317//5412 2309//5415 2306//5413
f 2318//5416 2319//5417 2320//5418
f 2318//5419 2315//5420 2314//5421
f 2318//5419 2321//5422 2315//5420
f 2318//5416 2320//5418 2321//5423
f 2322//5424 2312//5424 2323//5424
f 2322//5424 2311//5425 2312//5424
f 2324//5426 2308//5427 2316//5428
f 2324//5426 2313//5429 2308//5427
f 2325//5430 2309//5431 2317//5432
f 2325//5430 2314//5433 2309//5431
f 2326//5434 2323//5435 2327//5435
f 2326//5436 2322//5436 2323//5436
f 2328//5437 2316//5438 2311//5439
f 2328//5437 2311//5439 2322//5440
f 2329//5441 2313//5442 2324//5443
f 2329//5441 2317//5444 2313//5442
f 2330//5445 2331//5445 2319//5445
f 2330//5446 2318//5447 2314//5448
f 2330//5449 2319//5449 2318//5449
f 2330//5446 2314//5448 2325//5450
f 2332//5451 2328//5451 2322//5452
f 2332//5451 2322//5452 2326//5451
f 2333//5453 2326//5453 2327//5453
f 2334//5454 2316//5455 2328//5456
f 2334//5454 2324//5457 2316//5455
f 2335//5458 2317//5459 2329//5460
f 2335//5458 2325//5459 2317//5459
f 2336//5461 2334//5462 2328//5462
f 2336//5461 2328//5462 2332//5463
f 2337//5464 2327//5464 2338//5464
f 2337//5465 2333//5465 2327//5465
f 2339//5466 2332//5466 2326//5466
f 2339//5466 2326//5466 2333//5467
f 2340//5468 2324//5469 2334//5468
f 2340//5468 2329//5470 2324//5469
f 2341//5471 2342//5471 2331//5471
f 2341//5472 2325//5473 2335//5474
f 2341//5472 2330//5475 2325//5473
f 2341//5476 2331//5476 2330//5476
f 2343//5477 2340//5478 2334//5479
f 2343//5477 2334//5479 2336//5480
f 2344//5481 2333//5482 2337//5483
f 2344//5481 2339//5484 2333//5482
f 2345//5485 2337//5485 2338//5485
f 2346//5486 2336//5487 2332//5488
f 2346//5486 2332//5488 2339//5489
f 2347//5490 2335//5491 2329//5492
f 2347//5490 2329//5492 2340//5493
f 2348//5494 2340//5495 2343//5494
f 2348//5494 2347//5496 2340//5495
f 2349//5497 2339//5498 2344//5499
f 2349//5497 2346//5499 2339//5498
f 2350//5500 2345//5501 2338//5500
f 2350//5502 2338//5503 2351//5502
f 2352//5504 2337//5505 2345//5506
f 2352//5504 2344//5506 2337//5505
f 2353//5507 2343//5507 2336//5508
f 2353//5507 2336//5508 2346//5509
f 2354//5510 2355//5510 2342//5510
f 2354//5511 2341//5512 2335//5513
f 2354//5514 2342//5514 2341//5514
f 2354//5511 2335//5513 2347//5515
f 2356//5516 2355//5517 2354//5518
f 2356//5519 2347//5520 2348//5521
f 2356//5519 2354//5522 2347//5520
f 2357//5523 2346//5524 2349//5525
f 2357//5523 2353//5526 2346//5524
f 2358//5527 2345//5528 2350//5528
f 2358//5527 2352//5529 2345//5528
f 2359//5530 2350//5530 2351//5530
f 2360//5531 2349//5532 2344//5533
f 2360//5531 2344//5533 2352//5534
f 2361//5535 2343//5536 2353//5537
f 2361//5535 2348//5538 2343//5536
f 2362//5539 2353//5540 2357//5541
f 2362//5539 2361//5542 2353//5540
f 2363//5543 2352//5544 2358//5545
f 2363//5543 2360//5544 2352//5544
f 2364//5546 2358//5547 2350//5548
f 2364//5546 2350//5548 2359//5549
f 2365//5550 2351//5550 2366//5550
f 2365//5551 2359//5551 2351//5551
f 2367//5552 2349//5553 2360//5554
f 2367//5552 2357//5555 2349//5553
f 2368//5556 2348//5557 2361//5558
f 2368//5559 2369//5559 2355//5559
f 2368//5560 2355//5517 2356//5516
f 2368//5556 2356//5561 2348//5557
f 2370//5562 2365//5562 2366//5562
f 2371//5563 2368//5564 2361//5565
f 2371//5563 2361//5565 2362//5566
f 2371//5567 2369//5568 2368//5569
f 2372//5570 2367//5571 2360//5572
f 2372//5570 2360//5572 2363//5573
f 2373//5574 2363//5575 2358//5576
f 2373//5574 2358//5576 2364//5576
f 2374//5577 2364//5578 2359//5579
f 2374//5577 2359//5579 2365//5580
f 2375//5581 2357//5582 2367//5583
f 2375//5581 2362//5582 2357//5582
f 2376//5584 2374//5585 2365//5586
f 2376//5584 2365//5586 2370//5587
f 2377//5588 2367//5589 2372//5590
f 2377//5588 2375//5589 2367//5589
f 2378//5591 2372//5592 2363//5593
f 2378//5591 2363//5593 2373//5594
f 2379//5595 2364//5596 2374//5597
f 2379//5595 2373//5596 2364//5596
f 2380//5598 2366//5598 2381//5598
f 2380//5599 2370//5599 2366//5599
f 2382//5600 2383//5600 2369//5600
f 2382//5601 2369//5568 2371//5567
f 2382//5602 2362//5603 2375//5602
f 2382//5602 2371//5604 2362//5603
f 2384//5605 2380//5605 2381//5605
f 2385//5606 2379//5607 2374//5608
f 2385//5606 2374//5608 2376//5609
f 2386//5610 2383//5610 2382//5611
f 2386//5612 2375//5613 2377//5614
f 2386//5612 2382//5615 2375//5613
f 2387//5616 2377//5616 2372//5617
f 2387//5616 2372//5617 2378//5618
f 2388//5619 2378//5620 2373//5621
f 2388//5619 2373//5621 2379//5622
f 2389//5623 2376//5624 2370//5625
f 2389//5623 2370//5625 2380//5626
f 2390//5627 2380//5628 2384//5629
f 2390//5627 2389//5627 2380//5628
f 2391//5630 2388//5631 2379//5631
f 2391//5630 2379//5631 2385//5632
f 2392//5633 2393//5633 2383//5633
f 2392//5634 2383//5610 2386//5610
f 2392//5635 2386//5636 2377//5637
f 2392//5635 2377//5637 2387//5638
f 2394//5639 2378//5640 2388//5639
f 2394//5639 2387//5641 2378//5640
f 2395//5642 2385//5643 2376//5643
f 2395//5642 2376//5643 2389//5644
f 2396//5645 2381//5645 2397//5645
f 2396//5646 2384//5646 2381//5646
f 2398//5647 2396//5647 2397//5647
f 2399//5648 2389//5649 2390//5650
f 2399//5648 2395//5649 2389//5649
f 2400//5651 2388//5652 2391//5653
f 2400//5651 2394//5654 2388//5652
f 2401//5655 2393//5656 2392//5657
f 2401//5658 2392//5659 2387//5660
f 2401//5658 2387//5660 2394//5661
f 2402//5662 2391//5663 2385//5664
f 2402//5662 2385//5664 2395//5665
f 2403//5666 2384//5667 2396//5668
f 2403//5666 2390//5669 2384//5667
f 2404//5670 2396//5671 2398//5672
f 2404//5670 2403//5673 2396//5671
f 2405//5674 2395//5675 2399//5676
f 2405//5674 2402//5675 2395//5675
f 2406//5677 2401//5678 2394//5679
f 2406//5680 2407//5680 2393//5680
f 2406//5681 2393//5656 2401//5655
f 2406//5677 2394//5679 2400//5682
f 2408//5683 2400//5684 2391//5685
f 2408//5683 2391//5685 2402//5686
f 2409//5687 2390//5688 2403//5689
f 2409//5687 2399//5688 2390//5688
f 2410//5690 2397//5690 2411//5690
f 2410//5691 2398//5691 2397//5691
f 2412//5692 2409//5693 2403//5694
f 2412//5692 2403//5694 2404//5693
f 2413//5695 2408//5696 2402//5697
f 2413//5695 2402//5697 2405//5698
f 2414//5699 2406//5699 2400//5700
f 2414//5701 2407//5702 2406//5703
f 2414//5699 2400//5700 2408//5704
f 2415//5705 2405//5706 2399//5707
f 2415//5705 2399//5707 2409//5708
f 2416//5709 2404//5710 2398//5711
f 2416//5709 2398//5711 2410//5712
f 2417//5713 2409//5714 2412//5715
f 2417//5713 2415//5716 2409//5714
f 2418//5717 2419//5717 2407//5717
f 2418//5718 2408//5719 2413//5720
f 2418//5721 2407//5702 2414//5701
f 2418//5718 2414//5719 2408//5719
f 2420//5722 2405//5723 2415//5722
f 2420//5722 2413//5724 2405//5723
f 2421//5725 2412//5726 2404//5727
f 2421//5725 2404//5727 2416//5728
f 2422//5729 2410//5729 2411//5729
f 2422//5730 2411//5730 2423//5731
f 2424//5732 2415//5733 2417//5734
f 2424//5732 2420//5733 2415//5733
f 2425//5735 2419//5736 2418//5737
f 2425//5738 2418//5739 2413//5740
f 2425//5738 2413//5740 2420//5741
f 2426//5742 2417//5743 2412//5744
f 2426//5742 2412//5744 2421//5744
f 2427//5745 2410//5746 2422//5747
f 2427//5745 2416//5748 2410//5746
f 2428//5749 2281//5750 2419//5749
f 2428//5751 2419//5736 2425//5735
f 2428//5752 2420//5753 2424//5754
f 2428//5752 2425//5755 2420//5753
f 2278//5756 2424//5757 2417//5757
f 2278//5756 2417//5757 2426//5758
f 2284//5759 2421//5760 2416//5761
f 2284//5759 2416//5761 2427//5762
f 2429//5763 2423//5763 2295//5763
f 2429//5764 2295//5764 2294//5764
f 2429//5765 2422//5765 2423//5765
f 2282//5766 2428//5767 2424//5767
f 2282//5768 2281//5768 2428//5768
f 2282//5766 2424//5767 2278//5769
f 2288//5770 2426//5771 2421//5772
f 2288//5770 2421//5772 2284//5773
f 2430//5774 2294//5775 2431//5776
f 2430//5774 2429//5777 2294//5775
f 2430//5778 2427//5779 2422//5778
f 2430//5778 2422//5778 2429//5780
f 2279//5781 2278//5782 2426//5782
f 2279//5781 2426//5782 2288//5783
f 2285//5784 2431//5785 2286//5786
f 2285//5784 2430//5787 2431//5785
f 2285//5788 2284//5789 2427//5790
f 2285//5788 2427//5790 2430//5791
f 2432//5792 2433//5793 2434//5794
f 2434//5794 2433//5793 2435//5794
f 2435//5795 2436//5796 2437//5796
f 2433//5796 2436//5796 2435//5795
f 2437//5797 2438//5798 2439//5799
f 2436//5800 2438//5798 2437//5797
f 2439//5801 2440//5802 2441//5803
f 2438//5804 2440//5802 2439//5801
f 2441//5805 2442//5805 2443//5806
f 2440//5805 2442//5805 2441//5805
f 2443//5807 2444//5808 2445//5809
f 2442//5810 2444//5808 2443//5807
f 2445//5811 2296//5812 2145//5813
f 2444//5811 2296//5812 2445//5811
f 2145//2642 2295//5814 2146//2642
f 2296//5815 2295//5814 2145//2642
f 2146//5816 2423//5817 2150//5818
f 2295//5819 2423//5817 2146//5816
f 2150//5820 2411//5821 2157//5822
f 2423//5823 2411//5821 2150//5820
f 2157//2647 2397//5824 2168//5825
f 2411//5826 2397//5824 2157//2647
f 2168//5827 2381//5828 2172//5829
f 2397//5830 2381//5828 2168//5827
f 2172//5831 2366//5832 2183//5832
f 2381//5833 2366//5832 2172//5831
f 2183//5834 2351//5835 2196//5835
f 2366//5835 2351//5835 2183//5834
f 2200//30 2446//30 2187//30
f 2214//30 2446//30 2200//30
f 2165//30 2446//30 2447//30
f 2214//30 2448//30 2446//30
f 2214//30 2449//30 2448//30
f 2450//30 2451//30 159//30
f 2214//30 2452//5836 2449//30
f 159//30 2453//30 2450//30
f 2228//5837 2454//30 2214//30
f 2214//30 2454//30 2452//5836
f 2455//5838 2454//30 2228//5837
f 2446//30 147//30 2447//30
f 159//30 2456//30 2457//30
f 2451//30 2458//30 159//30
f 159//30 2457//30 2453//30
f 2458//30 2459//30 159//30
f 159//30 2460//30 147//30
f 2459//30 2460//30 159//30
f 2460//30 2461//30 147//30
f 2461//30 2462//30 147//30
f 2462//30 2463//30 147//30
f 2125//30 2456//30 2126//30
f 2138//30 2456//30 2125//30
f 2142//30 2456//30 2138//30
f 2457//30 2456//30 2142//30
f 2456//30 2264//30 2126//30
f 2463//30 2464//30 147//30
f 2465//30 2252//5837 2456//30
f 2456//30 2252//5837 2264//30
f 2464//30 2447//30 147//30
f 2465//30 2466//30 2252//5837
f 2466//30 2467//5839 2252//5837
f 2238//5840 2455//5838 2228//5837
f 2252//5837 2455//5838 2238//5840
f 2467//5839 2455//5838 2252//5837
f 2164//30 2446//30 2165//30
f 2176//30 2446//30 2164//30
f 2187//30 2446//30 2176//30
f 2468//29 2456//29 157//29
f 157//29 2456//29 159//29
f 2393//28 2469//28 2383//28
f 2407//28 2469//28 2393//28
f 2470//5841 2469//28 2407//28
f 2319//28 2468//28 2320//28
f 2331//28 2468//28 2319//28
f 2342//28 2468//28 2331//28
f 2355//5842 2468//28 2342//28
f 2369//28 2468//28 2355//5842
f 2320//28 2468//28 2471//28
f 2472//28 2473//5843 139//28
f 2369//28 2474//28 2468//28
f 2369//28 2475//28 2474//28
f 139//28 2476//28 2472//28
f 2369//28 2477//28 2475//28
f 2473//5843 2478//5844 139//28
f 2383//28 2479//28 2369//28
f 2369//28 2479//28 2477//28
f 139//28 2480//28 2476//28
f 2469//28 2479//28 2383//28
f 139//28 2481//28 2480//28
f 2468//28 157//28 2471//28
f 2478//5844 2482//28 139//28
f 139//28 2483//28 157//28
f 2482//28 2483//28 139//28
f 2483//28 2484//28 157//28
f 2484//28 2485//5845 157//28
f 2485//5845 2486//28 157//28
f 2280//28 2481//28 2281//28
f 2293//28 2481//28 2280//28
f 2297//28 2481//28 2293//28
f 2480//28 2481//28 2297//28
f 2481//28 2419//28 2281//28
f 2486//28 2487//5846 157//28
f 2488//5847 2407//28 2481//28
f 2481//28 2407//28 2419//28
f 2487//5846 2471//28 157//28
f 2488//5847 2489//28 2407//28
f 2489//28 2470//5841 2407//28
f 2446//5848 2481//5848 147//5848
f 147//5848 2481//5848 139//5848
f 2490//152 2491//147 2492//147
f 2490//152 2492//147 2493//5849
f 139//1029 159//119 147//5850
f 157//86 159//119 139//1029
f 2490//5851 2455//5852 2494//5853
f 2490//5851 2494//5853 2495//5854
f 2490//5851 2495//5854 2496//5855
f 2497//5856 2493//5857 2498//5858
f 2499//5859 2493//5857 2497//5856
f 2454//5860 2493//5857 2499//5859
f 2454//5860 2455//5852 2490//5851
f 2454//5860 2490//5851 2493//5857
f 2492//5861 2469//5862 2500//5863
f 2492//5861 2500//5863 2501//5864
f 2492//5861 2501//5864 2502//5865
f 2503//5866 2491//5867 2504//5868
f 2505//5869 2491//5867 2503//5866
f 2479//5870 2491//5867 2505//5869
f 2479//5870 2469//5862 2492//5861
f 2479//5870 2492//5861 2491//5867
f 2488//5871 2481//5872 2446//5873
f 2488//5871 2446//5873 2448//5873
f 2489//5874 2448//5875 2449//5876
f 2489//5874 2488//5877 2448//5875
f 2470//5878 2452//5879 2454//5880
f 2470//5881 2449//5882 2452//5883
f 2470//5881 2489//5884 2449//5882
f 2469//5885 2454//5885 2499//5885
f 2469//5880 2470//5878 2454//5880
f 2500//5886 2499//5886 2497//5886
f 2500//5887 2469//5887 2499//5887
f 2501//5888 2497//5888 2498//5888
f 2501//5889 2500//5889 2497//5889
f 2502//5890 2498//5890 2493//5890
f 2502//5891 2501//5891 2498//5891
f 2492//5892 2502//5892 2493//5892
f 2465//5893 2456//5893 2468//5893
f 2465//5893 2468//5893 2474//5894
f 2466//5895 2474//5896 2475//5895
f 2466//5895 2465//5897 2474//5896
f 2467//5898 2475//5899 2477//5900
f 2467//5898 2466//5901 2475//5899
f 2455//5902 2477//5903 2479//5904
f 2455//5905 2479//5905 2505//5905
f 2455//5902 2467//5906 2477//5903
f 2494//5907 2505//5907 2503//5907
f 2494//5908 2455//5908 2505//5908
f 2495//5909 2503//5909 2504//5909
f 2495//5910 2494//5910 2503//5910
f 2496//5911 2504//5911 2491//5911
f 2496//5912 2495//5912 2504//5912
f 2490//5913 2496//5913 2491//5913
f 2351//5914 2338//5915 2196//5915
f 2196//5915 2338//5915 2211//5915
f 2211//5916 2327//5917 2226//5918
f 2338//5919 2327//5917 2211//5916
f 2226//5920 2323//5921 2242//5922
f 2327//5923 2323//5921 2226//5920
f 2242//5924 2312//5925 2256//5926
f 2323//5925 2312//5925 2242//5924
f 2256//3319 2305//3320 2268//3320
f 2312//3319 2305//3320 2256//3319
f 2268//5927 2301//3322 2140//5928
f 2305//5929 2301//3322 2268//5927
f 2140//5930 2300//3324 2141//5931
f 2301//5932 2300//3324 2140//5930
f 2141//5933 2506//5934 2507//5933
f 2300//5934 2506//5934 2141//5933
f 2507//5935 2508//5936 2509//5937
f 2506//5938 2508//5936 2507//5935
f 2509//5939 2510//5939 2511//5940
f 2508//5941 2510//5939 2509//5939
f 2511//5942 2512//5942 2513//5942
f 2510//5942 2512//5942 2511//5942
f 2513//5943 2514//5944 2515//5945
f 2512//5943 2514//5944 2513//5943
f 2515//5946 2516//5947 2517//5948
f 2514//5948 2516//5947 2515//5946
f 2517//5949 2432//5950 2434//5951
f 2516//5952 2432//5950 2517//5949
f 2518//5953 2519//5954 2520//5955
f 2521//5956 2522//5957 2523//5958
f 2521//5959 2487//5960 2486//5961
f 2521//5959 2486//5961 2524//5962
f 2521//5956 2524//5957 2522//5957
f 2525//5963 2526//5964 2527//5965
f 2525//5966 2307//5967 2310//5968
f 2525//5963 2527//5965 2518//5969
f 2525//5966 2518//5970 2307//5967
f 2528//5971 2523//5972 2526//5973
f 2528//5974 2525//5975 2310//5976
f 2528//5971 2526//5973 2525//5977
f 2528//5974 2310//5976 2315//5978
f 2529//5979 2528//5980 2315//5981
f 2529//5982 2487//5983 2521//5984
f 2529//5979 2315//5981 2321//5985
f 2529//5986 2321//5987 2320//5988
f 2529//5982 2471//5989 2487//5983
f 2529//5986 2320//5988 2471//5990
f 2529//5991 2521//5992 2523//5993
f 2529//5991 2523//5993 2528//5994
f 2299//5995 2506//5995 2300//5995
f 2530//5996 2294//5997 2296//5998
f 2530//5996 2296//5998 2444//5999
f 2531//6000 2431//6001 2294//6002
f 2531//6000 2294//6002 2530//6003
f 2532//6004 2444//6005 2442//6006
f 2532//6004 2530//6005 2444//6005
f 2533//6007 2286//6008 2431//6007
f 2533//6007 2431//6007 2531//6007
f 2534//6009 2530//6010 2532//6011
f 2534//6009 2531//6012 2530//6010
f 2535//6013 2287//6014 2286//6015
f 2535//6013 2286//6015 2533//6016
f 2536//6017 2442//6018 2440//6019
f 2536//6017 2532//6020 2442//6018
f 2537//6021 2531//6022 2534//6023
f 2537//6021 2533//6024 2531//6022
f 2538//6025 2290//6026 2287//6027
f 2538//6025 2287//6027 2535//6025
f 2539//6028 2534//6029 2532//6030
f 2539//6028 2532//6030 2536//6031
f 2540//6032 2535//6033 2533//6034
f 2540//6032 2533//6034 2537//6035
f 2541//6036 2292//6037 2290//6038
f 2541//6039 2297//6040 2292//6041
f 2541//6039 2480//6042 2297//6040
f 2541//6036 2290//6038 2538//6043
f 2542//6044 2440//6045 2438//6046
f 2542//6044 2536//6047 2440//6045
f 2543//6048 2534//6049 2539//6050
f 2543//6048 2537//6051 2534//6049
f 2544//6052 2535//6053 2540//6054
f 2544//6052 2538//6055 2535//6053
f 2545//6056 2438//6056 2436//6056
f 2545//6057 2542//6057 2438//6057
f 2546//6058 2539//6059 2536//6059
f 2546//6058 2536//6059 2542//6058
f 2547//6060 2540//6060 2537//6060
f 2547//6060 2537//6060 2543//6061
f 2548//6062 2476//6062 2480//6062
f 2548//6063 2541//6064 2538//6065
f 2548//6066 2480//6066 2541//6066
f 2548//6063 2538//6065 2544//6067
f 2549//6068 2546//6069 2542//6069
f 2549//6068 2542//6069 2545//6068
f 2550//6070 2545//6070 2436//6070
f 2551//6071 2539//6072 2546//6073
f 2551//6071 2543//6074 2539//6072
f 2552//6075 2540//6076 2547//6077
f 2552//6075 2544//6078 2540//6076
f 2553//6079 2551//6080 2546//6081
f 2553//6079 2546//6081 2549//6082
f 2554//6083 2436//6083 2433//6083
f 2554//6084 2550//6084 2436//6084
f 2555//6085 2549//6085 2545//6086
f 2555//6085 2545//6086 2550//6087
f 2556//6088 2547//6089 2543//6088
f 2556//6088 2543//6088 2551//6089
f 2557//6090 2472//6090 2476//6090
f 2557//6091 2544//6091 2552//6092
f 2557//6091 2548//6093 2544//6091
f 2557//6094 2476//6094 2548//6094
f 2558//6095 2551//6096 2553//6097
f 2558//6095 2556//6098 2551//6096
f 2559//6099 2550//6100 2554//6101
f 2559//6099 2555//6100 2550//6100
f 2560//6102 2554//6102 2433//6102
f 2561//6103 2549//6104 2555//6105
f 2561//6103 2553//6106 2549//6104
f 2562//6107 2552//6108 2547//6109
f 2562//6107 2547//6109 2556//6110
f 2563//6111 2556//6112 2558//6113
f 2563//6111 2562//6114 2556//6112
f 2564//6115 2555//6116 2559//6117
f 2564//6115 2561//6118 2555//6116
f 2565//6119 2433//6119 2432//6119
f 2565//6120 2560//6120 2433//6120
f 2566//6121 2559//6122 2554//6123
f 2566//6121 2554//6123 2560//6124
f 2567//6125 2558//6126 2553//6127
f 2567//6125 2553//6127 2561//6128
f 2568//6129 2552//6130 2562//6131
f 2568//6132 2473//6132 2472//6132
f 2568//6133 2472//6133 2557//6133
f 2568//6129 2557//6129 2552//6130
f 2569//6134 2562//6135 2563//6136
f 2569//6134 2568//6137 2562//6135
f 2569//6138 2473//6139 2568//6140
f 2570//6141 2561//6142 2564//6143
f 2570//6141 2567//6144 2561//6142
f 2571//6145 2560//6146 2565//6147
f 2571//6145 2566//6148 2560//6146
f 2572//6149 2565//6149 2432//6149
f 2573//6150 2559//6151 2566//6152
f 2573//6150 2564//6153 2559//6151
f 2574//6154 2558//6155 2567//6156
f 2574//6154 2563//6157 2558//6155
f 2575//6158 2567//6159 2570//6160
f 2575//6158 2574//6161 2567//6159
f 2576//6162 2566//6163 2571//6164
f 2576//6162 2573//6165 2566//6163
f 2577//6166 2571//6167 2565//6168
f 2577//6166 2565//6168 2572//6169
f 2578//6170 2432//6170 2516//6170
f 2578//6171 2572//6171 2432//6171
f 2579//6172 2564//6173 2573//6174
f 2579//6172 2570//6175 2564//6173
f 2580//6176 2563//6177 2574//6178
f 2580//6179 2478//6179 2473//6179
f 2580//6180 2473//6139 2569//6138
f 2580//6176 2569//6181 2563//6177
f 2581//6182 2578//6182 2516//6182
f 2582//6183 2580//6184 2574//6185
f 2582//6183 2574//6185 2575//6186
f 2582//6187 2478//6188 2580//6189
f 2583//6190 2579//6191 2573//6192
f 2583//6190 2573//6192 2576//6193
f 2584//6194 2571//6195 2577//6196
f 2584//6194 2576//6195 2571//6195
f 2585//6197 2577//6198 2572//6199
f 2585//6197 2572//6199 2578//6197
f 2586//6200 2570//6201 2579//6201
f 2586//6200 2575//6201 2570//6201
f 2587//6202 2585//6203 2578//6204
f 2587//6202 2578//6204 2581//6205
f 2588//6206 2579//6207 2583//6208
f 2588//6206 2586//6209 2579//6207
f 2589//6210 2583//6211 2576//6210
f 2589//6210 2576//6210 2584//6210
f 2590//6212 2577//6213 2585//6212
f 2590//6212 2584//6212 2577//6213
f 2591//6214 2516//6214 2514//6214
f 2591//6215 2581//6215 2516//6215
f 2592//6216 2482//6216 2478//6216
f 2592//6217 2478//6188 2582//6187
f 2592//6218 2575//6219 2586//6219
f 2592//6218 2582//6220 2575//6219
f 2593//6221 2591//6221 2514//6221
f 2594//6222 2590//6222 2585//6223
f 2594//6222 2585//6223 2587//6224
f 2595//6225 2482//6226 2592//6227
f 2595//6228 2586//6229 2588//6230
f 2595//6228 2592//6231 2586//6229
f 2596//6232 2588//6233 2583//6234
f 2596//6232 2583//6234 2589//6235
f 2597//6236 2589//6237 2584//6238
f 2597//6236 2584//6238 2590//6239
f 2598//6240 2587//6241 2581//6242
f 2598//6240 2581//6242 2591//6243
f 2599//6244 2591//6245 2593//6246
f 2599//6244 2598//6247 2591//6245
f 2600//6248 2590//6249 2594//6250
f 2600//6248 2597//6251 2590//6249
f 2601//6252 2588//6253 2596//6254
f 2601//6255 2483//6255 2482//6255
f 2601//6256 2482//6226 2595//6225
f 2601//6252 2595//6257 2588//6253
f 2602//6258 2589//6259 2597//6260
f 2602//6258 2596//6261 2589//6259
f 2603//6262 2587//6263 2598//6264
f 2603//6262 2594//6265 2587//6263
f 2604//6266 2514//6266 2512//6266
f 2604//6267 2593//6267 2514//6267
f 2605//6268 2604//6268 2512//6268
f 2606//6269 2598//6270 2599//6271
f 2606//6269 2603//6272 2598//6270
f 2607//6273 2597//6274 2600//6275
f 2607//6273 2602//6276 2597//6274
f 2608//6277 2483//6277 2601//6278
f 2608//6279 2601//6280 2596//6279
f 2608//6279 2596//6279 2602//6281
f 2609//6282 2600//6283 2594//6284
f 2609//6282 2594//6284 2603//6285
f 2610//6286 2593//6287 2604//6288
f 2610//6286 2599//6289 2593//6287
f 2611//6290 2604//6291 2605//6292
f 2611//6290 2610//6293 2604//6291
f 2612//6294 2609//6295 2603//6296
f 2612//6294 2603//6296 2606//6297
f 2613//6298 2602//6299 2607//6300
f 2613//6301 2483//6277 2608//6277
f 2613//6302 2484//6302 2483//6302
f 2613//6298 2608//6303 2602//6299
f 2614//6304 2607//6305 2600//6306
f 2614//6304 2600//6306 2609//6307
f 2615//6308 2599//6308 2610//6309
f 2615//6308 2606//6308 2599//6308
f 2616//6310 2605//6310 2512//6310
f 2616//6311 2512//6311 2510//6311
f 2617//6312 2615//6313 2610//6312
f 2617//6312 2610//6312 2611//6312
f 2618//6314 2614//6315 2609//6316
f 2618//6314 2609//6316 2612//6314
f 2619//6317 2607//6318 2614//6317
f 2619//6319 2484//6320 2613//6321
f 2619//6317 2613//6322 2607//6318
f 2620//6323 2606//6324 2615//6325
f 2620//6323 2612//6326 2606//6324
f 2621//6327 2611//6328 2605//6329
f 2621//6327 2605//6329 2616//6330
f 2622//6331 2615//6332 2617//6331
f 2622//6331 2620//6332 2615//6332
f 2623//6333 2619//6334 2614//6335
f 2623//6336 2484//6320 2619//6319
f 2623//6337 2485//6337 2484//6337
f 2623//6333 2614//6335 2618//6338
f 2624//6339 2618//6340 2612//6341
f 2624//6339 2612//6341 2620//6342
f 2625//6343 2611//6343 2621//6344
f 2625//6343 2617//6345 2611//6343
f 2626//6346 2510//6346 2508//6346
f 2626//6347 2616//6347 2510//6347
f 2627//6348 2620//6349 2622//6350
f 2627//6348 2624//6351 2620//6349
f 2628//6352 2618//6353 2624//6354
f 2628//6355 2485//6356 2623//6357
f 2628//6352 2623//6358 2618//6353
f 2629//6359 2622//6360 2617//6361
f 2629//6359 2617//6361 2625//6362
f 2519//6363 2621//6364 2616//6365
f 2519//6363 2616//6365 2626//6365
f 2630//6366 2486//6366 2485//6366
f 2630//6367 2485//6356 2628//6355
f 2630//6368 2624//6369 2627//6370
f 2630//6368 2628//6371 2624//6369
f 2522//6372 2622//6373 2629//6374
f 2522//6372 2627//6375 2622//6373
f 2527//6376 2625//6377 2621//6378
f 2527//6376 2621//6378 2519//6379
f 2631//6380 2626//6380 2508//6380
f 2631//6381 2506//6381 2299//6381
f 2631//6382 2508//6382 2506//6382
f 2524//6383 2486//6384 2630//6384
f 2524//6385 2630//6386 2627//6387
f 2524//6385 2627//6387 2522//6388
f 2526//6389 2629//6390 2625//6391
f 2526//6389 2625//6391 2527//6392
f 2520//6393 2631//6394 2299//6395
f 2520//6393 2299//6395 2303//6394
f 2520//6396 2626//6397 2631//6398
f 2520//6396 2519//6399 2626//6397
f 2523//6400 2522//6401 2629//6402
f 2523//6400 2629//6402 2526//6403
f 2518//6404 2303//6405 2307//6405
f 2518//5953 2527//5953 2519//5954
f 2518//6404 2520//6405 2303//6405
f 2632//6406 2464//6407 2463//6408
f 2632//6406 2463//6408 2633//6409
f 2632//6410 2633//6411 2634//6412
f 2635//6413 2636//6413 2637//6414
f 2635//6415 2152//6416 2155//6417
f 2635//6413 2637//6414 2638//6418
f 2635//6415 2638//6419 2152//6416
f 2639//6420 2640//6421 2636//6422
f 2639//6423 2635//6423 2155//6424
f 2639//6420 2636//6422 2635//6425
f 2639//6423 2155//6424 2160//6424
f 2641//6426 2639//6427 2160//6428
f 2641//6429 2464//6430 2632//6431
f 2641//6426 2160//6428 2166//6432
f 2641//6433 2166//6434 2165//6435
f 2641//6429 2447//6436 2464//6430
f 2641//6433 2165//6435 2447//6437
f 2641//6438 2632//6439 2640//6440
f 2641//6438 2640//6440 2639//6441
f 2144//6442 2445//6442 2145//6442
f 2642//6443 2139//6443 2141//6444
f 2642//6445 2507//6446 2509//6447
f 2642//6443 2141//6444 2507//6448
f 2643//6449 2276//6449 2139//6450
f 2643//6449 2139//6450 2642//6451
f 2644//6452 2642//6445 2509//6447
f 2645//6453 2131//6454 2276//6455
f 2645//6453 2276//6455 2643//6456
f 2646//6457 2642//6458 2644//6459
f 2646//6457 2643//6459 2642//6458
f 2647//6460 2132//6461 2131//6462
f 2647//6460 2131//6462 2645//6463
f 2648//6464 2511//6465 2513//6466
f 2648//6467 2509//6468 2511//6467
f 2648//6467 2644//6469 2509//6468
f 2649//6470 2643//6471 2646//6470
f 2649//6470 2645//6471 2643//6471
f 2650//6472 2135//6472 2132//6473
f 2650//6472 2132//6473 2647//6474
f 2651//6475 2644//6476 2648//6477
f 2651//6475 2646//6478 2644//6476
f 2652//6479 2645//6480 2649//6479
f 2652//6479 2647//6481 2645//6480
f 2653//6482 2137//6483 2135//6484
f 2653//6485 2142//6486 2137//6487
f 2653//6485 2457//6488 2142//6486
f 2653//6482 2135//6484 2650//6489
f 2654//6490 2648//6464 2513//6466
f 2655//6491 2646//6492 2651//6493
f 2655//6491 2649//6494 2646//6492
f 2656//6495 2647//6496 2652//6496
f 2656//6495 2650//6495 2647//6496
f 2657//6497 2513//6497 2515//6497
f 2657//6498 2654//6498 2513//6498
f 2658//6499 2651//6500 2648//6501
f 2658//6499 2648//6501 2654//6499
f 2659//6502 2652//6502 2649//6503
f 2659//6502 2649//6503 2655//6504
f 2660//6505 2453//6505 2457//6505
f 2660//6506 2653//6507 2650//6508
f 2660//6509 2457//6509 2653//6509
f 2660//6506 2650//6508 2656//6510
f 2661//6511 2658//6512 2654//6512
f 2661//6511 2654//6512 2657//6513
f 2662//6514 2657//6514 2515//6514
f 2663//6515 2651//6516 2658//6517
f 2663//6515 2655//6518 2651//6516
f 2664//6519 2656//6520 2652//6521
f 2664//6519 2652//6521 2659//6522
f 2665//6523 2658//6523 2661//6524
f 2665//6523 2663//6525 2658//6523
f 2666//6526 2515//6526 2517//6526
f 2666//6527 2662//6527 2515//6527
f 2667//6528 2661//6529 2657//6530
f 2667//6528 2657//6530 2662//6531
f 2668//6532 2655//6532 2663//6533
f 2668//6532 2659//6534 2655//6532
f 2669//6535 2450//6535 2453//6535
f 2669//6536 2660//6537 2656//6538
f 2669//6536 2656//6538 2664//6536
f 2669//6539 2453//6539 2660//6539
f 2670//6540 2663//6541 2665//6542
f 2670//6540 2668//6543 2663//6541
f 2671//6544 2662//6545 2666//6546
f 2671//6544 2667//6547 2662//6545
f 2672//6548 2666//6548 2517//6548
f 2673//6549 2665//6550 2661//6550
f 2673//6549 2661//6550 2667//6551
f 2674//6552 2664//6553 2659//6554
f 2674//6552 2659//6554 2668//6555
f 2675//6556 2674//6557 2668//6558
f 2675//6556 2668//6558 2670//6559
f 2676//6560 2667//6561 2671//6562
f 2676//6560 2673//6563 2667//6561
f 2677//6564 2517//6564 2434//6564
f 2677//6565 2672//6565 2517//6565
f 2678//6566 2671//6567 2666//6568
f 2678//6566 2666//6568 2672//6567
f 2679//6569 2665//6570 2673//6571
f 2679//6569 2670//6572 2665//6570
f 2680//6573 2451//6573 2450//6573
f 2680//6574 2669//6575 2664//6576
f 2680//6574 2664//6576 2674//6577
f 2680//6578 2450//6578 2669//6578
f 2681//6579 2451//6580 2680//6581
f 2681//6582 2674//6583 2675//6584
f 2681//6582 2680//6585 2674//6583
f 2682//6586 2679//6587 2673//6587
f 2682//6586 2673//6587 2676//6588
f 2683//6589 2672//6590 2677//6590
f 2683//6589 2678//6591 2672//6590
f 2684//6592 2677//6592 2434//6592
f 2685//6593 2671//6594 2678//6595
f 2685//6593 2676//6594 2671//6594
f 2686//6596 2675//6597 2670//6598
f 2686//6596 2670//6598 2679//6598
f 2687//6599 2679//6600 2682//6601
f 2687//6599 2686//6601 2679//6600
f 2688//6602 2685//6603 2678//6604
f 2688//6602 2678//6604 2683//6602
f 2689//6605 2683//6606 2677//6607
f 2689//6605 2677//6607 2684//6607
f 2690//6608 2684//6608 2434//6608
f 2690//6609 2434//6609 2435//6609
f 2691//6610 2676//6611 2685//6612
f 2691//6610 2682//6610 2676//6611
f 2692//6613 2675//6614 2686//6615
f 2692//6616 2458//6616 2451//6616
f 2692//6617 2451//6580 2681//6579
f 2692//6613 2681//6618 2675//6614
f 2693//6619 2690//6619 2435//6619
f 2694//6620 2692//6621 2686//6620
f 2694//6620 2686//6620 2687//6622
f 2694//6623 2458//6624 2692//6625
f 2695//6626 2691//6627 2685//6628
f 2695//6626 2685//6628 2688//6629
f 2696//6630 2683//6631 2689//6632
f 2696//6630 2688//6633 2683//6631
f 2697//6634 2689//6635 2684//6636
f 2697//6634 2684//6636 2690//6637
f 2698//6638 2682//6639 2691//6640
f 2698//6638 2687//6641 2682//6639
f 2699//6642 2697//6642 2690//6642
f 2699//6642 2690//6642 2693//6643
f 2700//6644 2691//6645 2695//6646
f 2700//6644 2698//6647 2691//6645
f 2701//6648 2695//6649 2688//6650
f 2701//6648 2688//6650 2696//6651
f 2702//6652 2689//6653 2697//6654
f 2702//6652 2696//6655 2689//6653
f 2703//6656 2435//6656 2437//6656
f 2703//6657 2693//6657 2435//6657
f 2704//6658 2459//6658 2458//6658
f 2704//6659 2458//6624 2694//6623
f 2704//6660 2687//6661 2698//6662
f 2704//6660 2694//6663 2687//6661
f 2705//6664 2703//6664 2437//6664
f 2706//6665 2697//6666 2699//6667
f 2706//6665 2702//6668 2697//6666
f 2707//6669 2459//6670 2704//6671
f 2707//6672 2698//6673 2700//6674
f 2707//6672 2704//6675 2698//6673
f 2708//6676 2700//6677 2695//6678
f 2708//6676 2695//6678 2701//6676
f 2709//6679 2701//6680 2696//6681
f 2709//6679 2696//6681 2702//6682
f 2710//6683 2699//6684 2693//6685
f 2710//6683 2693//6685 2703//6686
f 2711//6687 2703//6688 2705//6689
f 2711//6687 2710//6689 2703//6688
f 2712//6690 2702//6691 2706//6692
f 2712//6690 2709//6693 2702//6691
f 2713//6694 2460//6694 2459//6695
f 2713//6696 2459//6670 2707//6669
f 2713//6697 2700//6698 2708//6699
f 2713//6697 2707//6698 2700//6698
f 2714//6700 2701//6701 2709//6702
f 2714//6700 2708//6701 2701//6701
f 2715//6703 2706//6704 2699//6705
f 2715//6703 2699//6705 2710//6706
f 2716//6707 2437//6707 2439//6707
f 2716//6708 2705//6708 2437//6708
f 2717//6709 2716//6709 2439//6709
f 2718//6710 2710//6711 2711//6712
f 2718//6710 2715//6712 2710//6711
f 2719//6713 2709//6714 2712//6715
f 2719//6713 2714//6714 2709//6714
f 2720//6716 2460//6716 2713//6717
f 2720//6718 2713//6719 2708//6720
f 2720//6718 2708//6720 2714//6721
f 2721//6722 2712//6723 2706//6724
f 2721//6722 2706//6724 2715//6722
f 2722//6725 2705//6725 2716//6726
f 2722//6725 2711//6727 2705//6725
f 2723//6728 2716//6729 2717//6730
f 2723//6728 2722//6730 2716//6729
f 2724//6731 2721//6732 2715//6731
f 2724//6731 2715//6731 2718//6731
f 2725//6733 2714//6734 2719//6735
f 2725//6736 2460//6716 2720//6716
f 2725//6737 2461//6737 2460//6737
f 2725//6733 2720//6738 2714//6734
f 2726//6739 2719//6739 2712//6740
f 2726//6739 2712//6740 2721//6739
f 2727//6741 2711//6742 2722//6743
f 2727//6741 2718//6742 2711//6742
f 2728//6744 2717//6744 2439//6744
f 2728//6745 2439//6745 2441//6745
f 2729//6746 2727//6747 2722//6748
f 2729//6746 2722//6748 2723//6749
f 2730//6750 2726//6751 2721//6752
f 2730//6750 2721//6752 2724//6752
f 2731//6753 2719//6754 2726//6755
f 2731//6756 2461//6756 2725//6757
f 2731//6753 2725//6758 2719//6754
f 2732//6759 2718//6760 2727//6761
f 2732//6759 2724//6760 2718//6760
f 2733//6762 2723//6763 2717//6764
f 2733//6762 2717//6764 2728//6762
f 2734//6765 2727//6766 2729//6767
f 2734//6765 2732//6766 2727//6766
f 2735//6768 2731//6769 2726//6770
f 2735//6771 2461//6756 2731//6756
f 2735//6772 2462//6772 2461//6773
f 2735//6768 2726//6770 2730//6770
f 2736//6774 2730//6775 2724//6776
f 2736//6774 2724//6776 2732//6777
f 2737//6778 2723//6779 2733//6780
f 2737//6778 2729//6781 2723//6779
f 2738//6782 2441//6782 2443//6782
f 2738//6783 2728//6783 2441//6783
f 2739//6784 2732//6785 2734//6786
f 2739//6784 2736//6787 2732//6785
f 2740//6788 2730//6789 2736//6790
f 2740//6791 2462//6792 2735//6793
f 2740//6788 2735//6794 2730//6789
f 2741//6795 2734//6796 2729//6797
f 2741//6795 2729//6797 2737//6798
f 2742//6799 2733//6800 2728//6801
f 2742//6799 2728//6801 2738//6799
f 2743//6802 2463//6802 2462//6802
f 2743//6803 2462//6792 2740//6791
f 2743//6804 2736//6805 2739//6806
f 2743//6804 2740//6807 2736//6805
f 2634//6808 2734//6809 2741//6810
f 2634//6808 2739//6811 2734//6809
f 2637//6812 2737//6813 2733//6814
f 2637//6812 2733//6814 2742//6815
f 2744//6816 2738//6816 2443//6816
f 2744//6817 2445//6817 2144//6817
f 2744//6818 2443//6818 2445//6818
f 2633//6819 2463//6819 2743//6819
f 2633//6820 2743//6821 2739//6822
f 2633//6820 2739//6822 2634//6823
f 2636//6824 2741//6825 2737//6826
f 2636//6824 2737//6826 2637//6827
f 2745//6828 2744//6829 2144//6830
f 2745//6828 2144//6830 2148//6831
f 2745//6832 2738//6833 2744//6834
f 2745//6832 2742//6835 2738//6833
f 2640//6836 2634//6837 2741//6838
f 2640//6836 2741//6838 2636//6839
f 2638//6840 2148//6841 2152//6842
f 2638//6843 2637//6844 2742//6845
f 2638//6840 2745//6846 2148//6841
f 2638//6843 2742//6845 2745//6847
f 2632//6410 2634//6412 2640//6848
f 2746//4891 2747//6849 2748//6850
f 2746//4894 2749//6851 2747//6852
f 2750//4899 2751//6853 2752//4900
f 2750//6854 2753//6855 2754//6856
f 2755//6857 2756//6858 2757//6859
f 2750//4899 2758//6860 2751//6853
f 2750//6854 2752//6861 2753//6855
f 2759//4910 2760//4910 2758//6862
f 2759//4910 2758//6862 2750//6863
f 2759//4913 2750//4911 2754//6864
f 2759//4913 2754//6864 2761//6864
f 2762//4914 2763//6865 2746//4914
f 2762//6866 2760//6867 2759//4918
f 2762//6868 2761//6869 2764//6870
f 2762//6868 2759//6871 2761//6869
f 2762//4925 2764//4924 2765//6872
f 2762//4914 2765//4915 2763//6865
f 2762//6866 2746//6873 2760//6867
f 2766//6874 2767//6874 2768//6874
f 2769//4928 2765//6872 2764//4924
f 2770//6875 2755//4940 2771//6876
f 2770//6877 2756//6858 2755//6857
f 2772//6878 2773//4933 2756//6879
f 2772//6878 2756//6879 2770//4935
f 2774//6876 2770//6875 2771//6876
f 2775//6880 2773//6881 2772//6882
f 2775//6880 2776//4943 2773//6881
f 2777//4946 2772//6883 2770//6884
f 2777//4946 2770//6884 2774//6885
f 2778//6886 2779//6887 2776//6888
f 2778//6886 2776//6888 2775//6889
f 2780//4952 2774//4952 2771//4952
f 2780//4952 2771//4952 2781//4953
f 2782//6890 2772//6891 2777//6892
f 2782//6890 2775//6893 2772//6891
f 2783//6894 2784//4963 2779//4962
f 2783//6894 2779//4962 2778//6895
f 2785//6896 2774//6897 2780//6898
f 2785//6896 2777//6899 2774//6897
f 2786//4968 2778//6900 2775//6901
f 2786//4968 2775//6901 2782//4968
f 2787//4971 2788//6902 2789//6903
f 2787//6904 2790//4976 2784//6905
f 2787//4971 2789//6903 2790//6906
f 2787//6904 2784//6905 2783//6907
f 2791//6908 2780//6909 2781//6909
f 2791//6908 2781//6909 2792//4979
f 2793//4985 2777//6910 2785//6911
f 2793//4985 2782//6912 2777//6910
f 2794//6913 2783//6914 2778//4988
f 2794//6913 2778//4988 2786//4986
f 2795//6915 2792//6915 2796//6915
f 2795//6916 2791//6916 2792//6916
f 2797//6917 2785//6918 2780//4993
f 2797//6917 2780//4993 2791//6919
f 2798//4999 2786//6920 2782//6920
f 2798//4999 2782//6920 2793//4998
f 2799//6921 2800//6921 2788//6921
f 2799//5004 2788//5004 2787//5004
f 2799//6922 2787//6923 2783//5001
f 2799//6922 2783//5001 2794//5001
f 2801//6924 2791//6925 2795//6926
f 2801//6924 2797//6927 2791//6925
f 2802//6928 2795//6928 2796//6929
f 2803//6930 2793//6931 2785//6932
f 2803//6930 2785//6932 2797//6930
f 2804//5014 2794//5014 2786//6933
f 2804//5014 2786//6933 2798//6934
f 2805//6935 2797//6936 2801//6937
f 2805//6935 2803//6938 2797//6936
f 2806//6939 2796//6939 2807//6939
f 2806//6940 2802//6940 2796//6940
f 2808//6941 2801//6942 2795//6943
f 2808//6941 2795//6943 2802//6944
f 2809//6945 2793//6946 2803//6947
f 2809//6945 2798//5026 2793//6946
f 2810//6948 2811//6949 2800//6948
f 2810//6950 2794//6951 2804//5030
f 2810//6950 2799//6952 2794//6951
f 2810//5032 2800//5032 2799//5032
f 2812//5033 2809//6953 2803//5035
f 2812//5033 2803//5035 2805//6954
f 2813//5037 2802//6955 2806//6956
f 2813//5037 2808//6957 2802//6955
f 2814//5039 2806//5039 2807//5039
f 2815//6958 2801//6959 2808//6960
f 2815//6958 2805//6961 2801//6959
f 2816//6962 2804//5043 2798//5044
f 2816//6962 2798//5044 2809//6963
f 2817//5048 2809//6964 2812//5046
f 2817//5048 2816//6965 2809//6964
f 2818//5050 2808//5049 2813//5051
f 2818//5050 2815//6966 2808//5049
f 2819//6967 2807//6967 2820//6967
f 2819//5053 2814//5053 2807//5053
f 2821//6968 2806//6969 2814//6970
f 2821//6968 2813//5056 2806//6969
f 2822//6971 2812//6972 2805//6973
f 2822//6971 2805//6973 2815//6974
f 2823//6975 2824//6975 2811//6975
f 2823//6976 2811//6976 2810//6976
f 2823//6977 2810//5062 2804//5063
f 2823//6977 2804//5063 2816//6978
f 2825//6979 2824//6980 2823//6981
f 2825//6982 2816//6983 2817//6982
f 2825//6982 2823//6984 2816//6983
f 2826//6985 2815//6986 2818//6987
f 2826//6985 2822//6987 2815//6986
f 2827//6988 2814//6989 2819//6988
f 2827//6988 2821//6990 2814//6989
f 2828//6991 2819//6992 2820//6991
f 2829//5084 2818//6993 2813//6994
f 2829//5084 2813//6994 2821//5083
f 2830//6995 2817//6995 2812//6996
f 2830//6995 2812//6996 2822//5085
f 2831//6997 2822//6998 2826//6998
f 2831//6997 2830//6998 2822//6998
f 2832//6999 2821//7000 2827//7001
f 2832//6999 2829//7002 2821//7000
f 2833//7003 2827//5098 2819//7004
f 2833//7003 2819//7004 2828//7005
f 2834//7006 2820//7006 2835//7006
f 2834//5101 2828//5101 2820//5101
f 2836//7007 2818//7008 2829//7008
f 2836//7007 2826//5104 2818//7008
f 2837//7009 2817//7010 2830//7011
f 2837//7012 2838//7012 2824//7012
f 2837//5109 2824//6980 2825//6979
f 2837//7009 2825//7009 2817//7010
f 2839//7013 2834//7013 2835//7013
f 2840//7014 2837//7015 2830//7016
f 2840//7014 2830//7016 2831//7017
f 2840//7018 2838//7019 2837//7020
f 2841//5120 2836//7021 2829//7022
f 2841//5120 2829//7022 2832//7023
f 2842//7024 2832//7025 2827//5123
f 2842//7024 2827//5123 2833//7026
f 2843//7027 2833//7028 2828//7028
f 2843//7027 2828//7028 2834//7029
f 2844//7030 2826//7031 2836//5131
f 2844//7030 2831//5132 2826//7031
f 2845//5133 2843//5133 2834//7032
f 2845//5133 2834//7032 2839//7033
f 2846//5136 2844//5137 2836//5137
f 2846//5136 2836//5137 2841//7034
f 2847//7035 2841//5139 2832//5140
f 2847//7035 2832//5140 2842//7036
f 2848//5142 2833//5142 2843//7037
f 2848//5142 2842//7038 2833//5142
f 2849//7039 2835//7039 2850//7039
f 2849//7040 2839//7040 2835//7040
f 2851//5146 2852//5146 2838//5146
f 2851//7041 2838//7019 2840//7018
f 2851//5148 2831//7042 2844//7043
f 2851//5148 2840//7042 2831//7042
f 2853//7044 2849//7044 2850//7044
f 2854//7045 2848//7046 2843//7046
f 2854//7045 2843//7046 2845//7047
f 2855//7048 2852//5157 2851//7049
f 2855//5162 2844//7050 2846//7051
f 2855//5162 2851//7052 2844//7050
f 2856//7053 2846//7054 2841//7053
f 2856//7053 2841//7053 2847//7055
f 2857//7056 2847//7057 2842//7058
f 2857//7056 2842//7058 2848//5168
f 2858//5172 2845//7059 2839//7060
f 2858//5172 2839//7060 2849//5174
f 2859//7061 2849//5177 2853//5177
f 2859//7061 2858//7062 2849//5177
f 2860//7063 2857//7064 2848//7065
f 2860//7063 2848//7065 2854//7066
f 2861//7067 2862//7067 2852//7067
f 2861//7068 2852//5157 2855//7048
f 2861//7069 2855//7070 2846//5185
f 2861//7069 2846//5185 2856//7069
f 2863//5189 2847//5189 2857//5188
f 2863//5189 2856//7071 2847//5189
f 2864//7072 2854//7073 2845//5194
f 2864//7072 2845//5194 2858//5192
f 2865//7074 2850//7074 2866//7074
f 2865//7075 2853//7075 2850//7075
f 2867//7076 2865//7076 2866//7076
f 2868//5199 2858//7077 2859//5199
f 2868//5199 2864//7078 2858//7077
f 2869//5203 2857//5201 2860//5204
f 2869//5203 2863//7079 2857//5201
f 2870//7080 2862//5205 2861//5206
f 2870//5209 2861//5208 2856//7081
f 2870//5209 2856//7081 2863//7082
f 2871//7083 2860//7084 2854//7085
f 2871//7083 2854//7085 2864//7086
f 2872//5213 2853//5213 2865//5214
f 2872//5213 2859//7087 2853//5213
f 2873//5220 2865//7088 2867//7089
f 2873//5220 2872//5220 2865//7088
f 2874//7090 2864//7091 2868//7090
f 2874//7090 2871//5222 2864//7091
f 2875//7092 2870//5225 2863//7093
f 2875//7094 2876//7094 2862//7094
f 2875//7095 2862//5205 2870//7080
f 2875//7092 2863//7093 2869//7096
f 2877//7097 2869//7098 2860//7099
f 2877//7097 2860//7099 2871//7098
f 2878//7100 2859//7101 2872//7102
f 2878//7100 2868//7103 2859//7101
f 2879//7104 2866//7104 2880//7104
f 2879//7105 2867//7105 2866//7105
f 2881//7106 2878//7107 2872//7107
f 2881//7106 2872//7107 2873//7108
f 2882//5244 2877//7109 2871//7109
f 2882//5244 2871//7109 2874//7110
f 2883//7111 2875//7111 2869//7112
f 2883//5248 2876//7113 2875//7114
f 2883//7111 2869//7112 2877//7115
f 2884//7116 2874//7117 2868//7118
f 2884//7116 2868//7118 2878//7119
f 2885//7120 2873//7121 2867//5256
f 2885//7120 2867//5256 2879//7122
f 2886//7123 2878//7124 2881//7125
f 2886//7123 2884//7124 2878//7124
f 2887//5263 2888//5263 2876//5263
f 2887//7126 2877//7127 2882//7128
f 2887//7129 2876//7113 2883//5248
f 2887//7126 2883//7127 2877//7127
f 2889//5270 2874//5270 2884//5271
f 2889//5270 2882//7130 2874//5270
f 2890//5273 2881//7131 2873//5274
f 2890//5273 2873//5274 2885//7132
f 2891//7133 2879//7134 2880//7133
f 2891//5276 2880//5276 2892//5276
f 2893//7135 2884//5277 2886//7136
f 2893//7135 2889//5277 2884//5277
f 2894//7137 2888//7138 2887//7139
f 2894//7140 2887//7141 2882//7142
f 2894//7140 2882//7142 2889//5285
f 2895//7143 2886//7144 2881//7145
f 2895//7143 2881//7145 2890//7144
f 2896//7146 2879//7147 2891//7146
f 2896//7146 2885//7148 2879//7147
f 2897//5294 2749//5294 2888//5294
f 2897//7149 2888//7138 2894//7137
f 2897//7150 2889//5296 2893//5296
f 2897//7150 2894//7151 2889//5296
f 2748//7152 2893//7153 2886//7152
f 2748//7152 2886//7152 2895//5301
f 2751//7154 2890//7155 2885//5305
f 2751//7154 2885//5305 2896//5306
f 2898//5307 2892//5307 2767//5307
f 2898//7156 2767//7156 2766//7156
f 2898//7157 2891//7157 2892//7157
f 2747//7158 2897//7159 2893//5311
f 2747//7160 2749//7160 2897//7160
f 2747//7158 2893//5311 2748//7161
f 2758//7162 2895//7163 2890//7164
f 2758//7162 2890//7164 2751//7165
f 2899//7166 2766//5320 2900//7167
f 2899//7166 2898//7168 2766//5320
f 2899//7169 2896//7170 2891//7171
f 2899//7169 2891//7171 2898//5325
f 2760//7172 2748//7172 2895//7172
f 2760//7172 2895//7172 2758//7173
f 2752//7174 2900//5331 2753//5332
f 2752//7174 2899//5333 2900//5331
f 2752//7175 2751//7176 2896//7177
f 2752//7175 2896//7177 2899//5335
f 2746//4891 2748//6850 2760//7178
f 2746//4894 2763//4898 2749//6851
f 2901//7179 2902//7180 2903//7181
f 2901//5342 2904//5342 2905//7182
f 2901//7179 2906//7183 2902//7180
f 2901//5342 2905//7182 2906//7182
f 2907//7184 2908//7185 2909//7186
f 2907//5348 2910//5349 2911//7187
f 2907//7184 2912//7188 2908//7185
f 2907//5348 2909//5350 2910//5349
f 2913//5353 2903//5355 2912//7189
f 2913//5353 2912//7189 2907//7190
f 2913//5357 2907//5357 2911//5357
f 2913//5357 2911//5357 2914//7191
f 2915//7192 2904//5362 2901//5361
f 2915//7193 2903//7194 2913//7195
f 2915//7196 2914//7197 2916//5367
f 2915//7196 2913//7198 2914//7197
f 2915//5370 2916//7199 2917//5370
f 2915//7192 2917//7200 2904//5362
f 2915//7193 2901//7201 2903//7194
f 2918//7202 2919//7202 2920//7202
f 2921//7203 2917//5370 2916//7199
f 2922//7204 2923//5377 2924//5375
f 2922//7204 2924//5375 2925//7205
f 2926//7206 2923//7207 2922//7207
f 2926//7206 2927//7208 2923//7207
f 2928//7209 2925//7210 2929//7211
f 2928//7209 2922//7210 2925//7210
f 2930//7212 2931//7213 2927//5387
f 2930//7212 2927//5387 2926//7212
f 2932//7214 2926//7215 2922//5389
f 2932//7214 2922//5389 2928//5391
f 2933//7216 2934//7217 2931//7218
f 2933//7216 2931//7218 2930//7219
f 2935//7220 2929//5396 2936//5398
f 2935//7220 2928//5397 2929//5396
f 2937//7221 2926//7222 2932//7223
f 2937//7221 2930//5401 2926//7222
f 2938//5404 2939//7224 2934//5406
f 2938//5404 2934//5406 2933//7224
f 2940//7225 2932//5410 2928//7226
f 2940//7225 2928//7226 2935//5409
f 2941//7227 2930//5413 2937//5412
f 2941//7227 2933//5415 2930//5413
f 2942//7228 2943//7229 2944//7230
f 2942//7231 2939//7232 2938//7233
f 2942//7231 2945//7232 2939//7232
f 2942//7228 2944//7230 2945//7234
f 2946//7235 2936//5424 2947//7235
f 2946//7235 2935//7236 2936//5424
f 2948//7237 2932//7238 2940//7239
f 2948//7237 2937//7240 2932//7238
f 2949//7241 2933//7242 2941//7242
f 2949//7241 2938//7243 2933//7242
f 2950//5435 2947//5435 2951//5435
f 2950//7244 2946//7244 2947//7244
f 2952//7245 2940//7246 2935//7247
f 2952//7245 2935//7247 2946//7248
f 2953//7249 2937//7250 2948//7251
f 2953//7249 2941//7252 2937//7250
f 2954//7253 2955//7253 2943//7253
f 2954//7254 2942//7255 2938//7256
f 2954//7257 2943//5449 2942//5449
f 2954//7254 2938//7256 2949//7258
f 2956//5452 2952//7259 2946//7260
f 2956//5452 2946//7260 2950//5452
f 2957//7261 2950//7261 2951//7261
f 2958//7262 2940//7263 2952//7264
f 2958//7262 2948//7265 2940//7263
f 2959//7266 2941//7267 2953//7268
f 2959//7266 2949//5460 2941//7267
f 2960//7269 2958//7270 2952//5461
f 2960//7269 2952//5461 2956//7271
f 2961//7272 2951//7272 2962//7272
f 2961//7273 2957//7273 2951//7273
f 2963//5466 2956//7274 2950//5466
f 2963//5466 2950//5466 2957//5466
f 2964//7275 2948//5468 2958//5468
f 2964//7275 2953//7276 2948//5468
f 2965//5471 2966//5471 2955//5471
f 2965//7277 2949//7278 2959//5472
f 2965//7277 2954//7279 2949//7278
f 2965//7280 2955//7280 2954//7280
f 2967//7281 2964//7282 2958//7283
f 2967//7281 2958//7283 2960//7284
f 2968//7285 2957//7286 2961//7287
f 2968//7285 2963//7288 2957//7286
f 2969//7289 2961//7289 2962//7289
f 2970//5489 2960//5487 2956//7290
f 2970//5489 2956//7290 2963//7291
f 2971//5491 2959//7292 2953//7293
f 2971//5491 2953//7293 2964//5492
f 2972//5494 2964//7294 2967//7294
f 2972//5494 2971//7294 2964//7294
f 2973//5499 2963//7295 2968//7295
f 2973//5499 2970//7295 2963//7295
f 2974//7296 2969//7296 2962//7296
f 2974//7297 2962//7297 2975//7297
f 2976//7298 2961//7299 2969//7300
f 2976//7298 2968//7300 2961//7299
f 2977//7301 2967//7302 2960//7303
f 2977//7301 2960//7303 2970//7304
f 2978//5510 2979//5510 2966//5510
f 2978//7305 2965//7306 2959//7307
f 2978//7308 2966//7308 2965//7308
f 2978//7305 2959//7307 2971//7306
f 2980//7309 2979//7310 2978//7311
f 2980//7312 2971//7313 2972//7314
f 2980//7312 2978//5522 2971//7313
f 2981//5524 2970//7315 2973//7316
f 2981//5524 2977//5524 2970//7315
f 2982//7317 2969//5527 2974//5527
f 2982//7317 2976//7318 2969//5527
f 2983//7319 2974//7319 2975//7319
f 2984//7320 2973//7321 2968//5534
f 2984//7320 2968//5534 2976//7322
f 2985//7323 2967//5536 2977//5536
f 2985//7323 2972//7324 2967//5536
f 2986//5542 2977//7325 2981//5539
f 2986//5542 2985//5539 2977//7325
f 2987//7326 2976//7327 2982//7328
f 2987//7326 2984//7329 2976//7327
f 2988//7330 2982//7331 2974//5548
f 2988//7330 2974//5548 2983//7332
f 2989//7333 2975//7333 2990//7333
f 2989//7334 2983//7334 2975//7334
f 2991//7335 2973//5555 2984//7336
f 2991//7335 2981//5552 2973//5555
f 2992//7337 2972//7338 2985//7339
f 2992//7340 2993//7340 2979//7340
f 2992//7341 2979//7310 2980//7309
f 2992//7337 2980//7342 2972//7338
f 2994//7343 2989//7343 2990//7343
f 2995//5565 2992//7344 2985//5566
f 2995//5565 2985//5566 2986//5566
f 2995//5567 2993//7345 2992//7346
f 2996//7347 2991//7348 2984//5573
f 2996//7347 2984//5573 2987//5573
f 2997//5576 2987//7349 2982//5576
f 2997//5576 2982//5576 2988//5576
f 2998//7350 2988//5580 2983//5580
f 2998//7350 2983//5580 2989//7351
f 2999//5581 2981//5581 2991//5581
f 2999//5581 2986//5581 2981//5581
f 3000//7352 2998//5587 2989//7352
f 3000//7352 2989//7352 2994//7352
f 3001//5589 2991//7353 2996//5589
f 3001//5589 2999//5589 2991//7353
f 3002//7354 2996//7355 2987//5593
f 3002//7354 2987//5593 2997//7356
f 3003//7357 2988//7358 2998//7359
f 3003//7357 2997//7360 2988//7358
f 3004//7361 2990//7361 3005//7361
f 3004//7362 2994//7362 2990//7362
f 3006//7363 3007//7363 2993//7363
f 3006//7364 2993//7345 2995//5567
f 3006//7365 2986//7366 2999//7367
f 3006//7365 2995//5604 2986//7366
f 3008//7368 3004//7368 3005//7368
f 3009//7369 3003//7370 2998//5608
f 3009//7369 2998//5608 3000//7371
f 3010//7372 3007//7372 3006//7373
f 3010//5614 2999//7374 3001//5612
f 3010//5614 3006//7375 2999//7374
f 3011//7376 3001//5616 2996//5618
f 3011//7376 2996//5618 3002//7377
f 3012//7378 3002//7379 2997//7380
f 3012//7378 2997//7380 3003//7381
f 3013//5623 3000//7382 2994//7382
f 3013//5623 2994//7382 3004//7383
f 3014//7384 3004//7385 3008//7386
f 3014//7384 3013//7387 3004//7385
f 3015//5630 3012//5631 3003//7388
f 3015//5630 3003//7388 3009//5631
f 3016//7389 3017//7389 3007//7389
f 3016//5634 3007//7372 3010//7372
f 3016//7390 3010//7391 3001//7392
f 3016//7390 3001//7392 3011//7393
f 3018//7394 3002//5640 3012//7395
f 3018//7394 3011//7396 3002//5640
f 3019//7397 3009//7398 3000//7399
f 3019//7397 3000//7399 3013//7400
f 3020//7401 3005//5645 3021//5645
f 3020//7402 3008//7402 3005//7402
f 3022//7403 3020//7403 3021//7403
f 3023//7404 3013//5649 3014//7404
f 3023//7404 3019//7405 3013//5649
f 3024//7406 3012//7407 3015//5652
f 3024//7406 3018//7408 3012//7407
f 3025//5656 3017//5656 3016//7409
f 3025//7410 3016//7411 3011//7412
f 3025//7410 3011//7412 3018//7413
f 3026//5662 3015//7414 3009//5662
f 3026//5662 3009//5662 3019//7415
f 3027//5667 3008//7416 3020//7417
f 3027//5667 3014//7418 3008//7416
f 3028//7419 3020//5672 3022//5672
f 3028//7419 3027//5673 3020//5672
f 3029//7420 3019//7421 3023//7422
f 3029//7420 3026//7420 3019//7421
f 3030//7423 3025//7424 3018//7425
f 3030//5680 3031//5680 3017//5680
f 3030//7426 3017//5656 3025//5656
f 3030//7423 3018//7425 3024//7427
f 3032//7428 3024//7429 3015//5685
f 3032//7428 3015//5685 3026//5683
f 3033//7430 3014//5689 3027//7431
f 3033//7430 3023//7432 3014//5689
f 3034//7433 3021//7433 3035//7433
f 3034//7434 3022//7434 3021//5691
f 3036//5692 3033//5692 3027//7435
f 3036//5692 3027//7435 3028//7436
f 3037//5695 3032//7437 3026//7437
f 3037//5695 3026//7437 3029//7438
f 3038//5699 3030//7439 3024//7440
f 3038//5701 3031//5702 3030//7441
f 3038//5699 3024//7440 3032//5699
f 3039//7442 3029//5706 3023//7443
f 3039//7442 3023//7443 3033//7443
f 3040//7444 3028//7445 3022//7446
f 3040//7444 3022//7446 3034//7447
f 3041//7448 3033//7449 3036//7450
f 3041//7448 3039//7451 3033//7449
f 3042//5717 3043//5717 3031//5717
f 3042//7452 3032//7453 3037//7454
f 3042//7455 3031//5702 3038//5701
f 3042//7452 3038//7456 3032//7453
f 3044//7457 3029//7458 3039//5722
f 3044//7457 3037//7457 3029//7458
f 3045//7459 3036//7460 3028//5727
f 3045//7459 3028//5727 3040//5725
f 3046//7461 3034//7461 3035//7461
f 3046//7462 3035//7462 3047//7462
f 3048//7463 3039//5732 3041//7464
f 3048//7463 3044//7465 3039//5732
f 3049//7466 3043//7467 3042//7468
f 3049//7469 3042//7470 3037//7471
f 3049//7469 3037//7471 3044//5741
f 3050//7472 3041//5743 3036//7473
f 3050//7472 3036//7473 3045//7474
f 3051//7475 3034//5747 3046//5745
f 3051//7475 3040//7476 3034//5747
f 3052//5750 2905//5750 3043//5750
f 3052//7477 3043//7467 3049//7466
f 3052//7478 3044//7479 3048//5752
f 3052//7478 3049//7480 3044//7479
f 2902//7481 3048//7482 3041//7483
f 2902//7481 3041//7483 3050//7484
f 2908//7485 3045//7486 3040//5760
f 2908//7485 3040//5760 3051//7487
f 3053//7488 3047//7488 2919//7488
f 3053//7489 2919//7489 2918//7489
f 3053//7490 3046//7490 3047//7490
f 2906//5766 3052//7491 3048//7491
f 2906//7492 2905//7492 3052//7492
f 2906//5766 3048//7491 2902//5766
f 2912//7493 3050//7494 3045//7495
f 2912//7493 3045//7495 2908//7496
f 3054//7497 2918//5776 3055//7498
f 3054//7497 3053//5777 2918//5776
f 3054//7499 3051//7500 3046//7501
f 3054//7499 3046//7501 3053//7502
f 2903//7503 2902//7504 3050//7505
f 2903//7503 3050//7505 2912//7503
f 2909//7506 3055//7507 2910//7506
f 2909//7506 3054//7508 3055//7507
f 2909//7509 2908//7510 3051//7511
f 2909//7509 3051//7511 3054//7512
f 3056//7513 3057//7514 3058//5792
f 3058//5792 3057//7514 3059//5792
f 3059//5796 3060//5795 3061//7515
f 3057//5796 3060//5795 3059//5796
f 3061//5798 3062//5798 3063//5799
f 3060//5798 3062//5798 3061//5798
f 3063//7516 3064//7516 3065//7517
f 3062//7518 3064//7516 3063//7516
f 3065//5805 3066//5805 3067//5805
f 3064//5805 3066//5805 3065//5805
f 3067//7519 3068//7520 3069//7521
f 3066//7522 3068//7520 3067//7519
f 3069//7523 2920//5811 2757//7524
f 3068//5813 2920//5811 3069//7523
f 2757//7525 2919//7525 2755//2640
f 2920//2640 2919//7525 2757//7525
f 2755//5816 3047//5817 2771//7526
f 2919//7527 3047//5817 2755//5816
f 2771//5820 3035//7528 2781//7528
f 3047//7528 3035//7528 2771//5820
f 2781//2647 3021//7529 2792//2647
f 3035//7530 3021//7529 2781//2647
f 2792//7531 3005//7532 2796//7533
f 3021//7534 3005//7532 2792//7531
f 2796//5832 2990//5832 2807//7535
f 3005//7536 2990//5832 2796//5832
f 2807//5835 2975//7537 2820//5835
f 2990//5835 2975//7537 2807//5835
f 2789//30 3070//30 3071//30
f 2838//7538 3072//30 3070//30
f 2838//7538 3073//30 3072//30
f 3074//30 3075//30 136//30
f 2838//7538 3076//7539 3073//30
f 2852//30 3077//30 2838//7538
f 2862//30 3077//30 2852//30
f 136//30 3078//30 3074//30
f 2838//7538 3077//30 3076//7539
f 3079//30 3077//30 2862//30
f 136//30 3080//30 3081//30
f 3070//30 143//30 3071//30
f 3075//30 3082//30 136//30
f 136//30 3081//30 3078//30
f 3082//30 3083//30 136//30
f 136//30 3084//30 143//30
f 3083//30 3084//30 136//30
f 3084//30 3085//30 143//30
f 3085//30 3086//30 143//30
f 3086//30 3087//30 143//30
f 2763//7540 3080//30 2749//7541
f 2765//30 3080//30 2763//7540
f 2769//30 3080//30 2765//30
f 3081//30 3080//30 2769//30
f 3080//30 2888//7542 2749//7541
f 3087//30 3088//30 143//30
f 3089//30 2876//30 3080//30
f 3080//30 2876//30 2888//7542
f 3088//30 3071//30 143//30
f 3089//30 3090//30 2876//30
f 3090//30 3091//30 2876//30
f 2876//30 3079//30 2862//30
f 3091//30 3079//30 2876//30
f 2788//30 3070//30 2789//30
f 2800//1060 3070//30 2788//30
f 2811//7543 3070//30 2800//1060
f 2824//7544 3070//30 2811//7543
f 2838//7538 3070//30 2824//7544
f 3092//29 3080//29 124//29
f 124//29 3080//29 136//29
f 3031//28 3093//7545 3017//28
f 3094//7546 3093//7545 3031//28
f 2943//5846 3092//28 2944//7547
f 2955//28 3092//28 2943//5846
f 2966//28 3092//28 2955//28
f 2979//28 3092//28 2966//28
f 2993//7548 3092//28 2979//28
f 2944//7547 3092//28 3095//7549
f 3096//28 3097//28 152//28
f 2993//7548 3098//28 3092//28
f 2993//7548 3099//28 3098//28
f 152//28 3100//28 3096//28
f 2993//7548 3101//28 3099//28
f 3097//28 3102//28 152//28
f 3007//7550 3103//28 2993//7548
f 3017//28 3103//28 3007//7550
f 3093//7545 3103//28 3017//28
f 152//28 3104//28 3100//28
f 2993//7548 3103//28 3101//28
f 3092//28 124//28 3095//7549
f 152//28 3105//28 3104//28
f 3102//28 3106//28 152//28
f 152//28 3107//28 124//28
f 3106//28 3107//28 152//28
f 3107//28 3108//28 124//28
f 3108//28 3109//28 124//28
f 3109//28 3110//28 124//28
f 2904//28 3105//28 2905//28
f 2917//28 3105//28 2904//28
f 2921//28 3105//28 2917//28
f 3104//28 3105//28 2921//28
f 3105//28 3043//28 2905//28
f 3110//28 3111//28 124//28
f 3112//28 3031//28 3105//28
f 3105//28 3031//28 3043//28
f 3111//28 3095//7549 124//28
f 3112//28 3113//28 3031//28
f 3113//28 3094//7546 3031//28
f 3070//280 3105//280 143//280
f 143//280 3105//280 152//280
f 3114//1039 3115//156 3116//154
f 3114//1039 3116//154 3117//7551
f 152//119 136//1029 143//86
f 124//5850 136//1029 152//119
f 3116//7552 3093//5863 3118//7553
f 3116//7552 3118//7553 3119//7554
f 3116//7552 3119//7554 3120//7555
f 3121//7556 3115//7557 3122//7558
f 3123//7559 3115//7557 3121//7556
f 3103//7560 3115//7557 3123//7559
f 3103//7560 3093//5863 3116//7552
f 3103//7560 3116//7552 3115//7557
f 3114//5858 3079//7561 3124//7562
f 3114//5858 3124//7562 3125//7563
f 3114//5858 3125//7563 3126//5859
f 3127//7564 3117//7565 3128//7566
f 3129//7567 3117//7565 3127//7564
f 3077//7568 3117//7565 3129//7567
f 3077//7568 3079//7561 3114//5858
f 3077//7568 3114//5858 3117//7565
f 3089//7569 3080//5894 3092//5894
f 3089//7569 3092//5894 3098//7570
f 3090//7571 3098//7572 3099//5897
f 3090//7571 3089//7573 3098//7572
f 3091//7574 3099//7574 3101//7575
f 3091//7574 3090//7574 3099//7574
f 3079//7576 3101//7577 3103//7578
f 3079//5905 3103//5905 3123//5905
f 3079//7576 3091//7579 3101//7577
f 3124//7580 3123//7580 3121//7580
f 3124//7581 3079//7581 3123//7581
f 3125//7582 3121//7582 3122//7582
f 3125//7583 3124//7583 3121//7583
f 3126//7584 3122//7584 3115//7584
f 3126//7585 3125//7585 3122//7585
f 3114//7586 3126//7586 3115//7586
f 3112//7587 3105//7588 3070//7589
f 3112//7587 3070//7589 3072//5872
f 3113//7590 3072//7590 3073//5874
f 3113//7590 3112//7591 3072//7590
f 3094//7592 3073//7592 3076//7593
f 3094//7592 3113//7593 3073//7592
f 3093//5878 3076//5878 3077//5880
f 3093//7594 3077//7594 3129//7594
f 3093//5878 3094//7595 3076//5878
f 3118//7596 3129//7596 3127//7596
f 3118//7597 3093//7597 3129//7597
f 3119//7598 3127//7598 3128//7598
f 3119//7599 3118//7599 3127//7599
f 3120//7600 3128//7600 3117//7600
f 3120//7601 3119//7601 3128//7601
f 3116//7602 3120//7602 3117//7602
f 2975//5915 2962//5915 2820//5915
f 2820//5915 2962//5915 2835//7603
f 2835//5916 2951//7604 2850//5918
f 2962//7605 2951//7604 2835//5916
f 2850//5923 2947//5920 2866//5922
f 2951//5922 2947//5920 2850//5923
f 2866//7606 2936//7607 2880//7607
f 2947//7607 2936//7607 2866//7606
f 2880//3319 2929//3320 2892//3318
f 2936//7608 2929//3320 2880//3319
f 2892//5927 2925//7609 2767//3323
f 2929//5927 2925//7609 2892//5927
f 2767//7610 2924//3324 2768//7611
f 2925//5931 2924//3324 2767//7610
f 2768//7612 3130//7613 3131//7612
f 2924//7613 3130//7613 2768//7612
f 3131//7614 3132//7615 3133//7616
f 3130//5937 3132//7615 3131//7614
f 3133//7617 3134//7618 3135//7619
f 3132//5940 3134//7618 3133//7617
f 3135//7620 3136//7621 3137//5942
f 3134//7622 3136//7621 3135//7620
f 3137//5944 3138//5943 3139//5943
f 3136//5943 3138//5943 3137//5944
f 3139//7623 3140//7624 3141//7625
f 3138//7626 3140//7624 3139//7623
f 3141//7627 3056//7628 3058//7629
f 3140//5949 3056//7628 3141//7627
f 3142//7630 3143//7631 2927//7632
f 3142//7633 3144//7634 3143//5955
f 3145//5958 3146//5956 3147//7635
f 3145//7636 3111//7637 3110//5961
f 3145//7636 3110//5961 3148//7637
f 3145//5958 3148//7638 3146//5956
f 3149//5963 3150//7639 3151//7640
f 3149//7641 2931//5966 2934//7642
f 3149//5963 3151//7640 3142//7643
f 3149//7641 3142//5966 2931//5966
f 3152//7644 3147//7645 3150//7645
f 3152//7646 3149//7647 2934//5976
f 3152//7644 3150//7645 3149//7648
f 3152//7646 2934//5976 2939//7649
f 3153//7650 3152//7651 2939//7652
f 3153//7653 3111//7654 3145//7654
f 3153//7650 2939//7652 2945//7655
f 3153//7656 2945//5988 2944//5990
f 3153//7653 3095//5983 3111//7654
f 3153//7656 2944//5990 3095//5988
f 3153//7657 3145//7658 3147//7659
f 3153//7657 3147//7659 3152//7660
f 2923//7661 3130//7661 2924//7661
f 3154//7662 2918//7663 2920//7664
f 3154//7662 2920//7664 3068//5999
f 3155//6003 3055//7665 2918//6000
f 3155//6003 2918//6000 3154//7666
f 3156//7667 3068//7668 3066//7669
f 3156//7667 3154//7670 3068//7668
f 3157//6007 2910//6007 3055//7671
f 3157//6007 3055//7671 3155//7672
f 3158//6011 3154//7673 3156//7674
f 3158//6011 3155//7673 3154//7673
f 3159//7675 2911//7676 2910//7677
f 3159//7675 2910//7677 3157//7678
f 3160//6017 3066//7679 3064//7680
f 3160//6017 3156//7681 3066//7679
f 3161//7682 3155//7683 3158//6021
f 3161//7682 3157//7684 3155//7683
f 3162//7685 2914//7686 2911//6027
f 3162//7685 2911//6027 3159//6025
f 3163//7687 3158//7688 3156//7689
f 3163//7687 3156//7689 3160//7690
f 3164//6032 3159//7691 3157//6034
f 3164//6032 3157//6034 3161//6033
f 3165//7692 2916//7693 2914//7694
f 3165//7695 2921//6040 2916//6041
f 3165//7695 3104//6042 2921//6040
f 3165//7692 2914//7694 3162//7696
f 3166//7697 3064//6047 3062//7698
f 3166//7697 3160//7699 3064//6047
f 3167//7700 3158//7701 3163//6050
f 3167//7700 3161//6051 3158//7701
f 3168//6052 3159//7702 3164//7703
f 3168//6052 3162//7704 3159//7702
f 3169//6056 3062//6056 3060//6056
f 3169//7705 3166//7705 3062//6057
f 3170//6058 3160//7706 3166//7707
f 3170//6058 3163//6058 3160//7706
f 3171//6061 3164//7708 3161//7709
f 3171//6061 3161//7709 3167//6061
f 3172//7710 3165//7711 3162//7712
f 3172//7713 3100//7713 3104//7713
f 3172//7714 3104//7714 3165//7714
f 3172//7710 3162//7712 3168//7715
f 3173//6069 3170//7716 3166//6069
f 3173//6069 3166//6069 3169//7716
f 3174//6070 3169//6070 3060//6070
f 3175//7717 3163//7718 3170//7719
f 3175//7717 3167//7720 3163//7718
f 3176//7721 3168//6078 3164//7722
f 3176//7721 3164//7722 3171//7723
f 3177//6081 3175//7724 3170//6079
f 3177//6081 3170//6079 3173//7725
f 3178//7726 3060//7726 3057//7726
f 3178//7727 3174//7727 3060//7727
f 3179//7728 3173//6087 3169//7729
f 3179//7728 3169//7729 3174//6086
f 3180//6088 3167//6089 3175//7730
f 3180//6088 3171//7731 3167//6089
f 3181//7732 3096//7732 3100//7732
f 3181//7733 3168//7734 3176//7735
f 3181//7733 3172//7736 3168//7734
f 3181//7737 3100//7737 3172//7737
f 3182//7738 3180//7739 3175//7740
f 3182//7738 3175//7740 3177//7741
f 3183//6099 3174//6100 3178//6100
f 3183//6099 3179//6099 3174//6100
f 3184//7742 3178//7742 3057//7743
f 3185//7744 3173//7745 3179//7746
f 3185//7744 3177//7747 3173//7745
f 3186//7748 3171//6108 3180//7749
f 3186//7748 3176//6110 3171//6108
f 3187//7750 3186//7751 3180//7752
f 3187//7750 3180//7752 3182//7750
f 3188//7753 3185//7754 3179//7754
f 3188//7753 3179//7754 3183//6118
f 3189//6119 3057//6119 3056//6119
f 3189//6120 3184//6120 3057//6120
f 3190//7755 3178//6123 3184//7756
f 3190//7755 3183//6123 3178//6123
f 3191//6128 3182//7757 3177//7758
f 3191//6128 3177//7758 3185//7759
f 3192//6132 3097//6132 3096//6132
f 3192//7760 3181//7761 3176//6129
f 3192//7760 3176//6129 3186//7760
f 3192//7762 3096//7762 3181//7762
f 3193//6138 3097//6139 3192//6140
f 3193//7763 3186//7764 3187//7765
f 3193//7763 3192//7766 3186//7764
f 3194//7767 3185//6141 3188//7768
f 3194//7767 3191//7767 3185//6141
f 3195//6146 3190//7769 3184//7770
f 3195//6146 3184//7770 3189//6147
f 3196//7771 3189//7771 3056//7771
f 3197//7772 3188//7773 3183//7774
f 3197//7772 3183//7774 3190//7775
f 3198//7776 3187//7777 3182//7778
f 3198//7776 3182//7778 3191//7779
f 3199//7780 3191//7781 3194//7782
f 3199//7780 3198//6160 3191//7781
f 3200//6162 3197//7783 3190//6163
f 3200//6162 3190//6163 3195//6165
f 3201//7784 3195//6168 3189//7785
f 3201//7784 3189//7785 3196//7786
f 3202//6171 3196//6171 3056//6171
f 3202//7787 3056//7787 3140//7787
f 3203//7788 3188//6172 3197//7789
f 3203//7788 3194//7790 3188//6172
f 3204//7791 3187//7792 3198//7793
f 3204//7794 3102//7794 3097//7794
f 3204//7795 3097//6139 3193//6138
f 3204//7791 3193//7791 3187//7792
f 3205//7796 3202//7796 3140//6182
f 3206//6184 3204//7797 3198//7798
f 3206//6184 3198//7798 3199//6183
f 3206//7799 3102//7800 3204//6189
f 3207//7801 3203//6191 3197//7802
f 3207//7801 3197//7802 3200//6190
f 3208//7803 3195//7803 3201//7804
f 3208//7803 3200//6195 3195//7803
f 3209//7805 3201//7805 3196//7805
f 3209//7805 3196//7805 3202//6197
f 3210//6200 3194//7806 3203//6201
f 3210//6200 3199//6201 3194//7806
f 3211//7807 3209//7808 3202//6204
f 3211//7807 3202//6204 3205//7808
f 3212//7809 3203//7810 3207//7811
f 3212//7809 3210//7810 3203//7810
f 3213//7812 3207//6211 3200//6210
f 3213//7812 3200//6210 3208//6210
f 3214//6212 3201//6213 3209//6213
f 3214//6212 3208//7813 3201//6213
f 3215//7814 3140//7815 3138//7814
f 3215//6215 3205//6215 3140//6215
f 3216//7816 3106//7816 3102//7816
f 3216//7817 3102//7800 3206//7799
f 3216//7818 3199//7819 3210//7820
f 3216//7818 3206//7819 3199//7819
f 3217//6221 3215//7821 3138//7821
f 3218//6222 3209//7822 3211//7823
f 3218//6222 3214//6224 3209//7822
f 3219//6226 3106//7824 3216//6227
f 3219//7825 3210//7826 3212//7827
f 3219//7825 3216//7828 3210//7826
f 3220//6234 3207//7829 3213//7830
f 3220//6234 3212//6235 3207//7829
f 3221//7831 3213//7832 3208//7833
f 3221//7831 3208//7833 3214//7834
f 3222//7835 3211//7836 3205//6242
f 3222//7835 3205//6242 3215//7837
f 3223//6247 3215//6246 3217//7838
f 3223//6247 3222//6246 3215//6246
f 3224//6248 3214//6250 3218//7839
f 3224//6248 3221//7840 3214//6250
f 3225//6255 3107//6255 3106//6255
f 3225//7841 3106//7824 3219//6226
f 3225//7842 3219//7843 3212//6253
f 3225//7842 3212//6253 3220//7844
f 3226//7845 3220//7846 3213//7847
f 3226//7845 3213//7847 3221//7848
f 3227//7849 3218//7850 3211//7851
f 3227//7849 3211//7851 3222//6264
f 3228//7852 3138//7852 3136//7852
f 3228//6267 3217//6267 3138//6267
f 3229//7853 3228//7853 3136//7853
f 3230//6270 3222//7854 3223//6270
f 3230//6270 3227//7855 3222//7854
f 3231//6275 3221//6276 3224//6275
f 3231//6275 3226//6276 3221//6276
f 3232//6277 3107//7856 3225//7857
f 3232//7858 3225//7859 3220//6279
f 3232//7858 3220//6279 3226//7860
f 3233//6284 3224//7861 3218//6284
f 3233//6284 3218//6284 3227//6285
f 3234//6287 3217//7862 3228//7863
f 3234//6287 3223//7864 3217//7862
f 3235//7865 3228//6291 3229//7866
f 3235//7865 3234//7865 3228//6291
f 3236//7867 3233//7868 3227//7867
f 3236//7867 3227//7867 3230//7869
f 3237//7870 3226//7871 3231//7872
f 3237//7873 3107//7856 3232//6277
f 3237//7874 3108//7874 3107//7874
f 3237//7870 3232//7875 3226//7871
f 3238//7876 3231//6305 3224//7877
f 3238//7876 3224//7877 3233//7876
f 3239//7878 3223//6308 3234//7879
f 3239//7878 3230//6308 3223//6308
f 3240//7880 3229//7880 3136//7880
f 3240//7881 3136//7881 3134//7881
f 3241//6312 3239//7882 3234//7882
f 3241//6312 3234//7882 3235//7882
f 3242//7883 3238//7883 3233//7883
f 3242//7883 3233//7883 3236//6314
f 3243//6317 3231//6318 3238//7884
f 3243//7885 3108//7886 3237//7887
f 3243//6317 3237//7888 3231//6318
f 3244//6323 3230//6324 3239//7889
f 3244//6323 3236//6326 3230//6324
f 3245//6327 3235//7890 3229//7891
f 3245//6327 3229//7891 3240//6327
f 3246//6331 3239//7892 3241//7892
f 3246//6331 3244//6332 3239//7892
f 3247//7893 3243//6335 3238//7894
f 3247//7895 3108//7886 3243//7885
f 3247//7896 3109//7896 3108//7896
f 3247//7893 3238//7894 3242//7897
f 3248//6341 3242//6340 3236//7898
f 3248//6341 3236//7898 3244//7899
f 3249//7900 3235//7901 3245//7902
f 3249//7900 3241//7903 3235//7901
f 3250//7904 3134//7904 3132//7904
f 3250//7905 3240//7905 3134//7905
f 3251//7906 3244//7907 3246//7908
f 3251//7906 3248//6351 3244//7907
f 3252//6358 3242//7909 3248//6354
f 3252//7910 3109//7911 3247//7912
f 3252//6358 3247//7913 3242//7909
f 3253//7914 3246//7915 3241//7916
f 3253//7914 3241//7916 3249//7917
f 3144//7918 3245//7919 3240//7919
f 3144//7918 3240//7919 3250//6365
f 3254//7920 3110//7920 3109//7920
f 3254//7921 3109//7911 3252//7910
f 3254//7922 3248//7923 3251//7924
f 3254//7922 3252//6371 3248//7923
f 3146//7925 3246//7926 3253//7926
f 3146//7925 3251//6373 3246//7926
f 3151//7927 3249//7927 3245//7928
f 3151//7927 3245//7928 3144//7928
f 3255//7929 3250//7929 3132//7929
f 3255//7930 3130//7930 2923//7930
f 3255//7931 3132//7931 3130//7931
f 3148//7932 3110//7932 3254//7932
f 3148//7933 3254//7934 3251//7935
f 3148//7933 3251//7935 3146//7934
f 3150//7936 3253//6391 3249//6391
f 3150//7936 3249//6391 3151//7937
f 3143//7938 3255//6394 2923//7939
f 3143//7938 2923//7939 2927//7940
f 3143//7941 3250//7942 3255//7941
f 3143//7941 3144//7943 3250//7942
f 3147//7944 3146//7945 3253//7945
f 3147//7944 3253//7945 3150//7946
f 3142//7630 2927//7632 2931//6405
f 3142//7633 3151//5953 3144//7634
f 3256//7947 3257//7948 2773//6842
f 3256//7949 3258//6847 3257//7950
f 3259//7951 3260//7952 3261//6848
f 3259//6408 3088//7953 3087//7954
f 3259//6408 3087//7954 3262//6406
f 3259//7951 3262//7955 3260//7952
f 3263//7956 3264//7957 3265//7958
f 3263//7959 2776//7960 2779//6416
f 3263//7956 3265//7958 3256//7961
f 3263//7959 3256//6415 2776//7960
f 3266//7962 3261//7963 3264//7964
f 3266//7965 3263//6423 2779//7965
f 3266//7962 3264//7964 3263//7966
f 3266//7965 2779//7965 2784//7967
f 3267//7968 3266//7969 2784//7970
f 3267//6431 3088//6431 3259//7971
f 3267//7968 2784//7970 2790//7972
f 3267//6433 2790//6434 2789//6437
f 3267//6431 3071//7971 3088//6431
f 3267//6433 2789//6437 3071//7973
f 3267//7974 3259//7975 3261//7976
f 3267//7974 3261//7976 3266//7977
f 2756//7978 3069//7978 2757//7978
f 3268//7979 2766//7980 2768//7979
f 3268//7979 2768//7979 3131//7981
f 3269//7982 2900//7983 2766//7984
f 3269//7982 2766//7984 3268//7985
f 3270//7986 3131//7987 3133//7988
f 3270//7986 3268//7989 3131//7987
f 3271//7990 2753//7991 2900//7992
f 3271//7990 2900//7992 3269//7993
f 3272//7994 3268//7995 3270//6459
f 3272//7994 3269//7995 3268//7995
f 3273//7996 2754//7997 2753//7998
f 3273//7996 2753//7998 3271//7999
f 3274//8000 3133//8001 3135//6467
f 3274//8000 3270//8002 3133//8001
f 3275//8003 3269//8004 3272//8005
f 3275//8003 3271//8006 3269//8004
f 3276//8007 2761//6472 2754//8008
f 3276//8007 2754//8008 3273//8009
f 3277//8010 3272//8011 3270//8012
f 3277//8010 3270//8012 3274//6475
f 3278//8013 3273//6479 3271//6479
f 3278//8013 3271//6479 3275//8014
f 3279//8015 2764//8016 2761//6484
f 3279//8017 2769//8018 2764//8019
f 3279//8017 3081//8020 2769//8018
f 3279//8015 2761//6484 3276//6489
f 3280//8021 3135//8021 3137//8022
f 3280//8021 3274//8021 3135//8021
f 3281//8023 3272//8024 3277//6493
f 3281//8023 3275//8025 3272//8024
f 3282//6495 3273//6495 3278//8026
f 3282//6495 3276//8027 3273//6495
f 3283//8028 3137//8028 3139//8028
f 3283//8029 3280//8029 3137//8029
f 3284//8030 3274//8031 3280//8032
f 3284//8030 3277//8033 3274//8031
f 3285//8034 3278//6503 3275//8035
f 3285//8034 3275//8035 3281//8036
f 3286//8037 3279//6508 3276//8038
f 3286//6505 3078//6505 3081//6505
f 3286//8039 3081//8039 3279//8039
f 3286//8037 3276//8038 3282//8040
f 3287//6512 3284//6512 3280//8041
f 3287//6512 3280//8041 3283//6512
f 3288//8042 3283//8042 3139//8042
f 3289//8043 3277//8044 3284//8045
f 3289//8043 3281//8046 3277//8044
f 3290//6521 3282//8047 3278//8048
f 3290//6521 3278//8048 3285//6519
f 3291//8049 3289//8049 3284//8050
f 3291//8049 3284//8050 3287//6524
f 3292//8051 3139//8051 3141//8051
f 3292//8052 3288//8052 3139//8052
f 3293//8053 3287//6529 3283//6528
f 3293//8053 3283//6528 3288//6528
f 3294//8054 3281//6532 3289//6533
f 3294//8054 3285//8055 3281//6532
f 3295//6535 3074//6535 3078//6535
f 3295//8056 3282//8057 3290//8058
f 3295//8056 3286//6537 3282//8057
f 3295//8059 3078//8059 3286//8060
f 3296//8061 3294//8062 3289//6543
f 3296//8061 3289//6543 3291//8063
f 3297//8064 3288//8064 3292//8065
f 3297//8064 3293//8064 3288//8064
f 3298//8066 3292//8066 3141//8066
f 3299//8067 3287//8068 3293//8069
f 3299//8067 3291//8067 3287//8068
f 3300//8070 3285//8071 3294//8070
f 3300//8070 3290//8071 3285//8071
f 3301//8072 3300//8073 3294//8074
f 3301//8072 3294//8074 3296//8075
f 3302//8076 3299//8077 3293//6563
f 3302//8076 3293//6563 3297//8078
f 3303//8079 3141//8079 3058//8079
f 3303//8080 3298//8080 3141//8080
f 3304//8081 3292//8082 3298//6566
f 3304//8081 3297//8083 3292//8082
f 3305//8084 3296//8085 3291//8086
f 3305//8084 3291//8086 3299//8087
f 3306//8088 3075//8088 3074//8088
f 3306//8089 3295//8090 3290//6576
f 3306//8089 3290//6576 3300//8091
f 3306//8092 3074//8092 3295//8092
f 3307//6579 3075//8093 3306//8094
f 3307//8095 3300//8095 3301//8096
f 3307//8095 3306//8097 3300//8095
f 3308//8098 3299//8099 3302//8100
f 3308//8098 3305//8101 3299//8099
f 3309//8102 3304//8103 3298//8104
f 3309//8102 3298//8104 3303//6589
f 3310//8105 3303//8105 3058//8105
f 3311//8106 3302//6594 3297//8107
f 3311//8106 3297//8107 3304//8108
f 3312//8109 3301//6598 3296//6598
f 3312//8109 3296//6598 3305//8109
f 3313//6600 3305//6600 3308//8110
f 3313//6600 3312//8111 3305//6600
f 3314//8112 3311//6602 3304//6604
f 3314//8112 3304//6604 3309//8113
f 3315//6607 3309//6607 3303//6607
f 3315//6607 3303//6607 3310//6607
f 3316//8114 3310//8114 3058//8114
f 3316//8115 3058//8115 3059//8115
f 3317//8116 3302//8117 3311//8118
f 3317//8116 3308//8119 3302//8117
f 3318//8120 3301//8121 3312//8122
f 3318//8123 3082//8123 3075//8123
f 3318//8124 3075//8093 3307//6579
f 3318//8120 3307//8125 3301//8121
f 3319//8126 3316//8126 3059//8126
f 3320//8127 3318//8128 3312//6622
f 3320//8127 3312//6622 3313//8129
f 3320//8130 3082//6624 3318//8131
f 3321//8132 3317//8132 3311//6627
f 3321//8132 3311//6627 3314//8132
f 3322//8133 3309//8134 3315//8135
f 3322//8133 3314//8136 3309//8134
f 3323//8137 3315//6636 3310//6636
f 3323//8137 3310//6636 3316//8138
f 3324//6640 3308//6640 3317//8139
f 3324//6640 3313//8140 3308//6640
f 3325//8141 3323//8142 3316//8143
f 3325//8141 3316//8143 3319//8144
f 3326//8145 3317//8146 3321//8147
f 3326//8145 3324//8146 3317//8146
f 3327//6649 3321//6649 3314//6651
f 3327//6649 3314//6651 3322//8148
f 3328//8149 3315//6654 3323//6654
f 3328//8149 3322//8150 3315//6654
f 3329//8151 3059//8151 3061//8151
f 3329//8152 3319//8152 3059//8152
f 3330//8153 3083//8153 3082//8153
f 3330//8154 3082//6624 3320//8130
f 3330//8155 3313//8156 3324//8157
f 3330//8155 3320//8158 3313//8156
f 3331//8159 3329//8159 3061//8159
f 3332//6665 3323//8160 3325//6667
f 3332//6665 3328//8161 3323//8160
f 3333//8162 3083//6669 3330//6671
f 3333//8163 3324//8164 3326//8165
f 3333//8163 3330//6673 3324//8164
f 3334//6678 3321//6678 3327//8166
f 3334//6678 3326//8167 3321//6678
f 3335//8168 3327//8169 3322//6681
f 3335//8168 3322//6681 3328//8168
f 3336//6683 3325//8170 3319//8171
f 3336//6683 3319//8171 3329//8172
f 3337//6689 3329//6688 3331//6688
f 3337//6689 3336//6687 3329//6688
f 3338//8173 3328//8174 3332//8174
f 3338//8173 3335//8175 3328//8174
f 3339//6695 3084//6695 3083//6695
f 3339//6696 3083//6669 3333//8162
f 3339//8176 3333//8177 3326//8178
f 3339//8176 3326//8178 3334//8179
f 3340//8180 3334//8181 3327//8182
f 3340//8180 3327//8182 3335//8183
f 3341//8184 3332//8185 3325//6705
f 3341//8184 3325//6705 3336//8186
f 3342//8187 3061//8187 3063//8187
f 3342//8188 3331//8188 3061//8188
f 3343//8189 3342//8189 3063//8189
f 3344//8190 3336//8191 3337//8192
f 3344//8190 3341//8193 3336//8191
f 3345//8194 3335//8195 3338//8196
f 3345//8194 3340//8197 3335//8195
f 3346//8198 3084//8199 3339//8200
f 3346//6718 3339//6720 3334//8201
f 3346//6718 3334//8201 3340//8202
f 3347//6722 3338//6722 3332//6722
f 3347//6722 3332//6722 3341//6724
f 3348//6725 3331//6725 3342//8203
f 3348//6725 3337//6725 3331//6725
f 3349//8204 3342//8205 3343//8206
f 3349//8204 3348//6730 3342//8205
f 3350//8207 3347//8208 3341//8209
f 3350//8207 3341//8209 3344//8207
f 3351//8210 3340//8211 3345//8211
f 3351//8212 3084//8199 3346//8198
f 3351//8213 3085//8213 3084//8213
f 3351//8210 3346//8214 3340//8211
f 3352//8215 3345//8215 3338//6739
f 3352//8215 3338//6739 3347//6739
f 3353//8216 3337//8217 3348//8218
f 3353//8216 3344//8217 3337//8217
f 3354//6744 3343//6744 3063//6744
f 3354//6745 3063//6745 3065//6745
f 3355//8219 3353//8220 3348//8221
f 3355//8219 3348//8221 3349//8222
f 3356//8223 3352//8224 3347//8225
f 3356//8223 3347//8225 3350//8226
f 3357//8227 3345//8228 3352//8229
f 3357//8230 3085//8231 3351//8232
f 3357//8227 3351//8233 3345//8228
f 3358//8234 3344//8235 3353//8236
f 3358//8234 3350//8235 3344//8235
f 3359//6762 3349//6762 3343//8237
f 3359//6762 3343//8237 3354//8238
f 3360//8239 3353//8240 3355//8241
f 3360//8239 3358//8242 3353//8240
f 3361//8243 3357//8244 3352//8245
f 3361//6771 3085//8231 3357//8230
f 3361//6772 3086//6772 3085//6772
f 3361//8243 3352//8245 3356//6770
f 3362//6775 3356//8246 3350//8247
f 3362//6775 3350//8247 3358//8248
f 3363//8249 3349//8250 3359//8251
f 3363//8249 3355//8252 3349//8250
f 3364//8253 3065//8254 3067//8253
f 3364//8255 3354//6783 3065//8255
f 3365//8256 3358//6786 3360//8257
f 3365//8256 3362//8256 3358//6786
f 3366//8258 3356//8259 3362//6788
f 3366//8260 3086//6792 3361//8261
f 3366//8258 3361//8262 3356//8259
f 3367//8263 3360//8264 3355//8265
f 3367//8263 3355//8265 3363//8266
f 3258//8267 3359//6799 3354//6799
f 3258//8267 3354//6799 3364//6800
f 3368//8268 3087//8268 3086//8268
f 3368//8269 3086//6792 3366//8260
f 3368//6805 3362//8270 3365//6804
f 3368//6805 3366//8271 3362//8270
f 3260//8272 3360//8273 3367//8274
f 3260//8272 3365//8275 3360//8273
f 3265//6812 3363//8276 3359//8277
f 3265//6812 3359//8277 3258//6814
f 3369//8278 3364//8278 3067//8278
f 3369//8279 3069//8279 2756//8279
f 3369//8280 3067//8280 3069//8280
f 3262//8281 3087//8281 3368//8281
f 3262//8282 3368//8283 3365//8284
f 3262//8282 3365//8284 3260//8285
f 3264//8286 3367//8287 3363//8288
f 3264//8286 3363//8288 3265//8286
f 3257//8289 3369//8290 2756//8291
f 3257//8289 2756//8291 2773//8292
f 3257//8293 3364//6834 3369//6835
f 3257//8293 3258//8294 3364//6834
f 3261//6836 3260//8295 3367//6839
f 3261//6836 3367//6839 3264//6836
f 3256//7947 2773//6842 2776//6842
f 3256//7949 3265//8296 3258//6847
f 3370//8297 3371//8298 3372//8298
f 3370//8297 3373//8299 3371//8298
f 3374//8300 3372//8301 3375//8302
f 3374//8300 3370//8303 3372//8301
f 3376//8304 3375//8305 3377//8306
f 3376//8304 3374//8304 3375//8305
f 3378//8307 3377//8308 3379//8308
f 3378//8307 3376//8307 3377//8308
f 3380//8309 3379//8310 3381//8310
f 3380//8309 3378//8311 3379//8310
f 3382//8312 3383//8313 3384//8313
f 3382//8314 3381//8315 3383//8315
f 3382//8314 3380//8316 3381//8315
f 3385//8317 3384//8318 3386//8319
f 3385//8312 3382//8312 3384//8313
f 3387//8320 3386//8321 3388//8322
f 3387//8323 3385//8317 3386//8319
f 3389//8324 3388//8325 3390//8325
f 3389//8326 3387//8320 3388//8322
f 3391//8327 3390//8328 3392//8329
f 3391//8330 3389//8324 3390//8325
f 3393//8327 3391//8327 3392//8329
f 3394//8331 3395//8332 3396//8333
f 3394//8334 3392//8335 3395//8335
f 3394//8334 3393//8334 3392//8335
f 3397//8336 3394//8331 3396//8333
f 3398//8337 3399//8338 3400//8339
f 3398//8340 3396//8341 3399//8341
f 3398//8340 3397//8340 3396//8341
f 3401//8342 3398//8337 3400//8339
f 3402//8343 3403//8344 3404//8345
f 3402//8346 3400//8347 3403//8348
f 3402//8346 3401//8346 3400//8347
f 3405//8343 3402//8343 3404//8345
f 3406//8349 3404//8349 3407//8349
f 3406//8349 3405//8349 3404//8349
f 3408//8350 3406//8351 3407//8352
f 3408//8350 3407//8352 3409//8352
f 3410//8353 3409//8354 3411//8355
f 3410//8353 3408//8356 3409//8354
f 3412//8357 3411//8358 3413//8359
f 3412//8357 3410//8357 3411//8358
f 3414//8360 3413//8361 3415//8361
f 3414//8360 3412//8362 3413//8361
f 3416//8363 3415//8364 3417//8365
f 3416//8363 3414//8366 3415//8364
f 3418//8367 3419//8367 3420//8367
f 3418//8368 3417//8369 3419//8369
f 3418//8368 3416//8368 3417//8369
f 3421//8370 3420//8371 3422//8371
f 3421//8367 3418//8367 3420//8367
f 3423//8372 3422//8373 3424//8374
f 3423//8370 3421//8370 3422//8371
f 3425//8375 3423//8372 3424//8374
f 3426//8376 3427//8377 3428//8378
f 3426//8379 3424//8380 3427//8381
f 3426//8379 3425//8382 3424//8380
f 3429//8383 3428//8384 3430//8385
f 3429//8386 3426//8376 3428//8378
f 3431//8387 3429//8383 3430//8385
f 3432//8388 3433//8389 3434//8390
f 3432//8391 3430//8392 3433//8393
f 3432//8391 3431//8394 3430//8392
f 3435//8395 3432//8388 3434//8390
f 3436//8396 3435//8397 3434//8398
f 3436//8399 3437//8400 3438//8401
f 3436//8396 3434//8398 3437//8402
f 3439//8403 3436//8399 3438//8401
f 3440//8404 3438//8405 3441//8405
f 3440//8404 3439//8404 3438//8405
f 3373//8406 3441//8407 3371//8407
f 3373//8406 3440//8408 3441//8407
f 3390//8409 3388//156 3386//162
f 3399//8410 3404//159 3403//993
f 3399//8410 3403//993 3400//170
f 3396//194 3395//178 3392//148
f 3396//194 3392//148 3390//8409
f 3396//194 3377//1032 3372//138
f 3396//194 3372//138 3438//1036
f 3396//194 3438//1036 3419//1011
f 3396//194 3386//162 3377//1032
f 3396//194 3390//8409 3386//162
f 3396//194 3419//1011 3404//159
f 3396//194 3404//159 3399//8410
f 3372//138 3371//156 3441//153
f 3372//138 3441//153 3438//1036
f 3419//1011 3438//1036 3437//8411
f 3419//1011 3437//8411 3434//1034
f 3419//1011 3434//1034 3433//138
f 3419//1011 3433//138 3430//8412
f 3419//1011 3430//8412 3428//145
f 3419//1011 3428//145 3427//156
f 3419//1011 3427//156 3424//154
f 3419//1011 3424//154 3422//162
f 3419//1011 3422//162 3420//142
f 3377//1032 3375//145 3372//138
f 3381//147 3379//167 3377//1032
f 3383//1009 3381//147 3377//1032
f 3411//1017 3419//1011 3417//993
f 3411//1017 3417//993 3415//139
f 3411//1017 3415//139 3413//173
f 3386//162 3384//167 3383//1009
f 3386//162 3383//1009 3377//1032
f 3404//159 3411//1017 3409//8410
f 3404//159 3409//8410 3407//1047
f 3404//159 3419//1011 3411//1017
f 3402//101 3398//115 3401//979
f 3402//101 3397//964 3398//115
f 3405//98 3397//964 3402//101
f 3394//94 3397//964 3393//964
f 3393//964 3397//964 3391//1029
f 3382//83 3397//964 3376//8413
f 3436//8414 3439//136 3435//8415
f 3387//8416 3397//964 3382//83
f 3435//8415 3439//136 3432//8417
f 3376//8413 3397//964 3405//98
f 3432//8417 3439//136 3431//1028
f 3391//1029 3397//964 3387//8416
f 3431//1028 3426//8418 3429//976
f 3426//8418 3423//8419 3425//97
f 3373//80 3370//8420 3440//76
f 3440//76 3370//8420 3439//136
f 3423//8419 3418//95 3421//985
f 3374//8421 3418//95 3370//8420
f 3439//136 3418//95 3431//1028
f 3431//1028 3418//95 3426//8418
f 3426//8418 3418//95 3423//8419
f 3370//8420 3418//95 3439//136
f 3378//86 3380//101 3376//8413
f 3380//101 3382//83 3376//8413
f 3418//95 3408//8422 3416//86
f 3416//86 3408//8422 3414//86
f 3414//86 3408//8422 3412//119
f 3412//119 3408//8422 3410//76
f 3385//101 3387//8416 3382//83
f 3408//8422 3405//98 3406//86
f 3376//8413 3405//98 3374//8421
f 3374//8421 3405//98 3418//95
f 3418//95 3405//98 3408//8422
f 3389//96 3391//1029 3387//8416
