# Blender v2.82 (sub 7) OBJ File: ''
# www.blender.org
mtllib power_plug_modified_origin.mtl
o 3Prong_Plug.002
v 0.021359 -0.004239 0.023397
v 0.022301 -0.004133 0.023398
v 0.021358 -0.004240 -0.000002
v 0.022300 -0.004133 -0.000001
v 0.023196 -0.003820 -0.000002
v 0.023198 -0.003820 0.023398
v 0.023999 -0.003315 -0.000003
v 0.024001 -0.003314 0.023397
v 0.024672 -0.002643 0.023398
v 0.024671 -0.002643 -0.000004
v 0.025179 -0.001840 0.023398
v 0.025176 -0.001840 -0.000002
v 0.025490 -0.000943 0.023397
v 0.025490 -0.000943 -0.000002
v 0.025597 0.000000 0.023397
v 0.025597 -0.000000 -0.000001
v 0.025490 0.000943 0.023397
v 0.025490 0.000943 -0.000002
v 0.025179 0.001840 0.023398
v 0.025176 0.001840 -0.000002
v 0.024672 0.002643 0.023397
v 0.024671 0.002643 -0.000003
v 0.024001 0.003314 0.023397
v 0.023999 0.003314 -0.000003
v 0.023198 0.003820 0.023398
v 0.023196 0.003820 -0.000003
v 0.022301 0.004133 0.023399
v 0.022300 0.004133 -0.000002
v 0.021359 0.004239 0.023397
v 0.021358 0.004239 -0.000003
v -0.005635 0.015300 -0.000000
v -0.005632 0.015300 0.023400
v 0.006968 0.015300 0.023398
v 0.006965 0.015300 -0.000000
v -0.007434 0.013500 -0.000001
v -0.007434 -0.013500 -0.000001
v -0.007432 -0.013500 0.023399
v -0.007432 0.013500 0.023399
v -0.005634 -0.015300 0.000000
v 0.006965 -0.015300 -0.000000
v 0.006968 -0.015300 0.023398
v -0.005632 -0.015300 0.023400
v 0.014930 -0.010175 -0.000003
v 0.023768 -0.006701 0.023396
v 0.014932 -0.010175 0.023399
v 0.023767 -0.006701 -0.000002
v 0.024867 0.006155 -0.000003
v 0.023767 0.006700 -0.000002
v 0.023768 0.006700 0.023396
v 0.024869 0.006155 0.023396
v 0.025860 0.005430 -0.000002
v 0.025862 0.005430 0.023397
v 0.026714 0.004547 -0.000003
v 0.026716 0.004547 0.023398
v 0.027405 0.003532 -0.000003
v 0.027409 0.003532 0.023397
v 0.027916 0.002413 -0.000004
v 0.027917 0.002413 0.023397
v 0.028226 0.001224 -0.000002
v 0.028228 0.001224 0.023397
v 0.028333 -0.000000 -0.000004
v 0.028334 0.000000 0.023396
v 0.028226 -0.001224 -0.000003
v 0.028228 -0.001224 0.023397
v 0.027916 -0.002413 -0.000004
v 0.027917 -0.002413 0.023396
v 0.027405 -0.003532 -0.000003
v 0.027409 -0.003532 0.023397
v 0.026714 -0.004547 -0.000004
v 0.026716 -0.004547 0.023399
v 0.025860 -0.005430 -0.000002
v 0.025862 -0.005430 0.023397
v 0.024867 -0.006156 -0.000003
v 0.024869 -0.006155 0.023396
v 0.014930 0.010175 -0.000002
v 0.014932 0.010175 0.023398
v -0.007256 0.014281 0.023399
v -0.007388 0.013900 0.023399
v -0.005632 0.012510 0.023401
v 0.017539 -0.001840 0.023398
v 0.018044 -0.002644 0.023397
v 0.018715 -0.003314 0.023398
v 0.019519 -0.003820 0.023396
v 0.018715 0.003314 0.023398
v 0.019519 0.003820 0.023396
v 0.020415 -0.004133 0.023398
v -0.005632 0.009954 0.023400
v 0.013090 -0.011023 0.023397
v 0.018044 0.002643 0.023398
v 0.017120 0.000000 0.023397
v 0.005635 -0.009954 0.023398
v 0.017225 -0.000943 0.023397
v 0.005635 0.009954 0.023398
v 0.011354 -0.012073 0.023398
v 0.009748 -0.013311 0.023398
v 0.017539 0.001840 0.023398
v 0.013090 0.011023 0.023398
v 0.005635 -0.012510 0.023399
v 0.008290 -0.014720 0.023399
v 0.008013 -0.014966 0.023398
v 0.007689 -0.015150 0.023398
v 0.007337 -0.015263 0.023400
v -0.005632 -0.009954 0.023400
v 0.008290 0.014720 0.023399
v 0.005635 0.012510 0.023399
v 0.009748 0.013310 0.023399
v 0.008013 0.014966 0.023398
v 0.007689 0.015149 0.023398
v 0.007337 0.015262 0.023400
v -0.005632 -0.012510 0.023401
v -0.007388 -0.013901 0.023400
v -0.006033 -0.015256 0.023400
v -0.007256 -0.014281 0.023399
v -0.006414 -0.015122 0.023399
v -0.007040 -0.014622 0.023400
v 0.020415 0.004133 0.023398
v -0.006755 -0.014908 0.023400
v 0.017225 0.000943 0.023397
v 0.011354 0.012073 0.023397
v -0.006033 0.015255 0.023400
v -0.006414 0.015122 0.023400
v -0.006755 0.014908 0.023400
v -0.007040 0.014622 0.023399
v -0.005635 0.012510 -0.000001
v -0.006415 0.015122 0.000000
v -0.006035 0.015255 0.000001
v -0.007389 0.013900 0.000000
v -0.007257 0.014281 0.000001
v 0.019517 -0.003820 -0.000003
v 0.020414 -0.004133 -0.000001
v 0.018713 -0.003315 -0.000002
v 0.018043 -0.002643 -0.000002
v 0.017537 -0.001840 -0.000002
v 0.018713 0.003314 -0.000002
v 0.019517 0.003820 -0.000003
v -0.005635 0.009954 0.000000
v 0.013087 -0.011023 -0.000002
v 0.018043 0.002643 -0.000001
v 0.005635 -0.009954 -0.000000
v 0.017223 -0.000943 -0.000002
v 0.017537 0.001840 -0.000002
v 0.017117 -0.000000 -0.000002
v 0.005634 0.009954 0.000000
v 0.011353 -0.012073 -0.000001
v 0.009745 -0.013310 -0.000002
v 0.013087 0.011023 -0.000002
v 0.005635 -0.012510 0.000001
v 0.008289 -0.014720 -0.000001
v 0.008010 -0.014966 -0.000002
v 0.007687 -0.015149 -0.000001
v 0.007335 -0.015262 -0.000002
v 0.005634 0.012510 0.000000
v 0.007335 0.015262 -0.000001
v 0.007687 0.015149 -0.000000
v 0.008010 0.014966 -0.000002
v 0.008289 0.014720 -0.000001
v -0.005634 -0.009954 -0.000000
v 0.009745 0.013310 -0.000003
v -0.005634 -0.012510 -0.000000
v -0.006035 -0.015255 0.000001
v -0.007389 -0.013900 0.000000
v -0.006415 -0.015122 -0.000000
v -0.007257 -0.014281 0.000001
v 0.020414 0.004133 -0.000002
v -0.006756 -0.014908 0.000000
v -0.007042 -0.014622 0.000001
v 0.017223 0.000943 -0.000002
v 0.011353 0.012073 -0.000001
v -0.007042 0.014622 0.000001
v -0.006756 0.014908 -0.000000
v 0.004700 0.003441 0.088289
v 0.005288 0.002374 0.083699
v 0.005378 0.002147 0.088289
v 0.004718 -0.003414 0.080190
v 0.003973 -0.004307 0.075598
v 0.003974 -0.004307 0.080189
v 0.003980 0.004299 0.072090
v 0.004726 0.003399 0.067500
v 0.004726 0.003400 0.072090
v 0.003980 0.004299 0.067499
v -0.000284 0.006057 0.088289
v -0.000287 0.006057 0.059398
v 0.001165 0.005881 0.088290
v 0.004717 -0.003414 0.075598
v 0.005374 -0.002147 0.059398
v 0.004697 -0.003442 0.059400
v 0.005275 -0.002396 0.063988
v 0.004716 -0.003414 0.063988
v 0.002049 0.005590 0.083699
v 0.002530 0.005363 0.088289
v 0.005286 0.002374 0.080189
v 0.002047 0.005590 0.080189
v 0.004725 0.003400 0.080190
v 0.005286 0.002374 0.075599
v 0.004727 0.003400 0.075599
v 0.002047 0.005589 0.075598
v 0.004718 -0.003414 0.067500
v 0.003972 -0.004307 0.067499
v 0.004718 -0.003414 0.072089
v 0.002046 0.005590 0.072089
v 0.003973 -0.004307 0.072089
v 0.003980 0.004299 0.063990
v 0.004697 0.003441 0.059399
v 0.004724 0.003400 0.063988
v 0.003729 0.004533 0.059399
v 0.001161 0.005881 0.059399
v 0.003074 -0.005041 0.083699
v 0.002530 -0.005364 0.088289
v 0.003732 -0.004533 0.088288
v 0.002046 0.005590 0.067498
v 0.005286 0.002374 0.072089
v 0.005728 0.000730 0.088289
v 0.003972 -0.004307 0.063988
v 0.005285 0.002374 0.067500
v 0.003078 0.005038 0.083701
v 0.003732 0.004533 0.088288
v 0.003072 -0.005042 0.075600
v 0.003071 -0.005041 0.080190
v 0.005284 0.002374 0.063989
v 0.002046 0.005589 0.063990
v 0.005374 0.002147 0.059398
v 0.003076 0.005038 0.075599
v 0.003078 0.005037 0.080189
v 0.005725 0.000730 0.059400
v 0.005728 -0.000730 0.088289
v 0.003729 -0.004533 0.059399
v 0.003070 -0.005042 0.067498
v 0.003072 -0.005041 0.072090
v 0.005278 -0.002396 0.080189
v 0.005378 -0.002147 0.088289
v 0.003075 0.005038 0.067500
v 0.005279 -0.002396 0.083699
v 0.003077 0.005038 0.072090
v 0.002047 -0.005591 0.080189
v 0.005725 -0.000730 0.059401
v 0.002528 0.005363 0.059399
v 0.005278 -0.002396 0.075599
v 0.004700 -0.003442 0.088289
v 0.001165 -0.005881 0.088290
v 0.002049 -0.005590 0.083699
v 0.005277 -0.002396 0.072088
v 0.003981 0.004299 0.075599
v 0.003981 0.004299 0.080191
v 0.002047 -0.005590 0.075599
v 0.004718 -0.003414 0.083699
v 0.003981 0.004299 0.083700
v 0.002046 -0.005591 0.072088
v 0.005276 -0.002396 0.067499
v 0.002046 -0.005590 0.067498
v 0.002528 -0.005363 0.059399
v 0.003071 -0.005041 0.063990
v 0.004727 0.003400 0.083699
v 0.001161 -0.005881 0.059399
v 0.002046 -0.005590 0.063991
v -0.000284 -0.006057 0.088289
v -0.000287 -0.006057 0.059399
v 0.003076 0.005038 0.063988
v 0.003974 -0.004307 0.083700
v -0.002722 -0.011213 0.083701
v -0.000284 -0.011475 0.088289
v -0.002524 -0.011255 0.088290
v -0.002723 -0.011214 0.080189
v -0.002724 -0.011213 0.075600
v -0.002723 -0.011213 0.072090
v -0.000287 -0.011475 0.059398
v -0.004678 -0.010601 0.088291
v -0.002725 -0.011213 0.067501
v -0.004807 -0.010547 0.083700
v -0.002724 -0.011213 0.063989
v -0.004808 -0.010546 0.080191
v -0.002568 -0.011246 0.059400
v -0.004808 -0.010546 0.075600
v -0.004808 -0.010546 0.072089
v -0.006660 -0.009541 0.088289
v -0.004809 -0.010546 0.067500
v -0.006728 -0.009496 0.083698
v -0.006728 -0.009495 0.080189
v -0.004758 -0.010569 0.059401
v -0.004810 -0.010546 0.063990
v -0.006729 -0.009495 0.075600
v -0.006730 -0.009496 0.072089
v -0.008398 -0.008114 0.088290
v -0.006730 -0.009495 0.067501
v -0.008414 -0.008099 0.083701
v -0.008415 -0.008099 0.080190
v -0.006769 -0.009470 0.059400
v -0.006730 -0.009495 0.063990
v -0.008414 -0.008099 0.075600
v -0.008417 -0.008099 0.072090
v -0.008417 -0.008100 0.067501
v -0.009804 -0.006408 0.083699
v -0.009827 -0.006377 0.088290
v -0.008417 -0.008099 0.063990
v -0.008522 -0.007993 0.059401
v -0.009805 -0.006408 0.075600
v -0.009805 -0.006408 0.080190
v -0.009804 -0.006408 0.067502
v -0.009805 -0.006408 0.072090
v -0.010848 -0.004483 0.083700
v -0.010886 -0.004392 0.088290
v -0.009806 -0.006408 0.063990
v -0.009946 -0.006197 0.059400
v -0.010849 -0.004483 0.075601
v -0.010849 -0.004483 0.080191
v -0.010849 -0.004483 0.067500
v -0.010850 -0.004483 0.072090
v -0.011507 -0.002396 0.083701
v -0.011539 -0.002238 0.088290
v -0.010848 -0.004483 0.063990
v -0.011508 -0.002396 0.075601
v -0.011508 -0.002396 0.080191
v -0.010985 -0.004154 0.059401
v -0.011760 0.000000 0.088291
v -0.011510 -0.002396 0.067501
v -0.011507 -0.002396 0.072091
v -0.011597 -0.001946 0.059401
v -0.011510 -0.002396 0.063991
v -0.011744 -0.000652 0.059401
v -0.011511 0.002374 0.083701
v -0.011539 0.002237 0.088290
v -0.011513 0.002374 0.080190
v -0.011512 0.002374 0.075599
v -0.011744 0.000652 0.059401
v -0.011511 0.002374 0.072091
v -0.010886 0.004391 0.088290
v -0.011514 0.002374 0.067500
v -0.010856 0.004467 0.083700
v -0.011597 0.001946 0.059401
v -0.011514 0.002374 0.063991
v -0.010857 0.004467 0.075600
v -0.010856 0.004467 0.080191
v -0.009827 0.006376 0.088290
v -0.010856 0.004466 0.067500
v -0.010857 0.004467 0.072090
v -0.009812 0.006395 0.083700
v -0.010985 0.004154 0.059400
v -0.009813 0.006395 0.075600
v -0.009812 0.006395 0.080191
v -0.009815 0.006395 0.067501
v -0.009814 0.006395 0.072091
v -0.008422 0.008091 0.083701
v -0.008398 0.008113 0.088290
v -0.009946 0.006196 0.059400
v -0.010858 0.004467 0.063990
v -0.009813 0.006395 0.063991
v -0.008421 0.008091 0.075602
v -0.008423 0.008091 0.080191
v -0.008424 0.008091 0.067500
v -0.008422 0.008091 0.072091
v -0.006733 0.009490 0.083701
v -0.006660 0.009541 0.088289
v -0.008522 0.007993 0.059401
v -0.008424 0.008091 0.063991
v -0.006736 0.009490 0.075599
v -0.006734 0.009491 0.080190
v -0.006736 0.009491 0.067500
v -0.006736 0.009491 0.072089
v -0.004811 0.010543 0.083699
v -0.004678 0.010601 0.088290
v -0.006769 0.009470 0.059400
v -0.006736 0.009490 0.063990
v -0.004811 0.010544 0.075600
v -0.004812 0.010544 0.080191
v -0.004813 0.010544 0.067499
v -0.004812 0.010544 0.072089
v -0.002722 0.011213 0.083702
v -0.002524 0.011254 0.088289
v -0.004812 0.010544 0.063990
v -0.004758 0.010569 0.059401
v -0.002724 0.011213 0.075600
v -0.002723 0.011213 0.080189
v -0.002725 0.011212 0.067500
v -0.002723 0.011213 0.072089
v -0.000284 0.011475 0.088288
v -0.002724 0.011213 0.063989
v -0.002568 0.011246 0.059400
v -0.000287 0.011475 0.059398
v 0.027819 -0.012328 0.035950
v 0.024774 -0.013821 0.036136
v 0.027521 -0.012800 0.035061
v 0.032528 -0.004973 0.035783
v 0.031612 -0.006425 0.036299
v 0.032154 -0.007225 0.035487
v 0.025927 -0.010282 0.039497
v 0.023768 -0.010202 0.040839
v 0.023567 -0.011343 0.040493
v 0.025829 -0.011699 0.038780
v 0.033162 -0.005585 0.034959
v 0.035339 -0.001925 0.031970
v 0.035337 -0.002382 0.031154
v 0.035536 0.000000 0.031083
v 0.035417 -0.000001 0.032205
v 0.028004 -0.011707 0.036761
v 0.025556 -0.012715 0.037915
v 0.025212 -0.013366 0.037069
v 0.034924 -0.003906 0.032135
v 0.034519 -0.003529 0.033665
v 0.033539 -0.006054 0.034133
v 0.033730 -0.006395 0.033384
v 0.030004 -0.011233 0.034082
v 0.028519 -0.012362 0.033616
v 0.030625 -0.010831 0.032855
v 0.034777 -0.003730 0.032927
v 0.035163 -0.001837 0.032757
v 0.035069 -0.000001 0.033280
v 0.028073 -0.010779 0.037615
v 0.025788 -0.008786 0.039828
v 0.023836 -0.009000 0.040957
v 0.034064 -0.003255 0.034486
v 0.030164 -0.010783 0.034936
v 0.031723 -0.004334 0.036403
v 0.030567 -0.005972 0.037069
v 0.034880 -0.001737 0.033491
v 0.034503 0.000000 0.034258
v 0.027932 -0.009517 0.038369
v 0.033349 -0.002903 0.035321
v 0.030204 -0.010226 0.035721
v 0.034398 -0.001603 0.034312
v 0.031748 -0.009614 0.033393
v 0.031567 -0.009925 0.032514
v 0.032469 -0.002535 0.035970
v 0.032748 -0.001250 0.035810
v 0.033653 -0.001432 0.035151
v 0.033748 -0.000001 0.035097
v 0.030092 -0.009422 0.036564
v 0.023527 -0.013939 0.037206
v 0.021134 -0.014401 0.036280
v 0.023627 -0.014183 0.035380
v 0.021734 -0.014265 0.037321
v 0.022306 -0.013865 0.038309
v 0.022819 -0.013222 0.039196
v 0.031803 -0.009210 0.034224
v 0.027574 -0.008187 0.038800
v 0.027574 -0.008187 0.038799
v 0.029204 -0.007223 0.037857
v 0.032555 -0.008645 0.033076
v 0.032425 -0.008939 0.032205
v 0.033730 -0.006979 0.031734
v 0.031736 -0.008726 0.034992
v 0.032560 -0.008274 0.033895
v 0.029748 -0.008351 0.037347
v 0.032444 -0.007836 0.034655
v 0.031502 -0.008045 0.035826
v 0.033803 -0.006693 0.032579
v 0.034702 -0.004826 0.031383
v 0.032834 -0.000000 0.035760
v 0.026179 -0.013487 0.034459
v 0.031021 -0.007146 0.036631
v 0.023247 -0.012367 0.039937
v 0.013720 0.006649 0.055219
v 0.013721 0.013277 0.054650
v 0.013721 0.013246 0.055333
v 0.013721 0.013217 0.056015
v 0.013721 0.013191 0.056699
v 0.013721 -0.000000 0.055407
v 0.013721 -0.013192 0.056698
v 0.013720 -0.006649 0.055218
v 0.013721 -0.013217 0.056015
v 0.013721 -0.013246 0.055333
v 0.013721 -0.013277 0.054649
v 0.013721 0.006726 0.052513
v 0.013720 0.013363 0.053008
v 0.013722 0.006692 0.053592
v 0.013721 0.013429 0.051932
v 0.013721 0.013405 0.052290
v 0.013722 0.013384 0.052650
v 0.013720 -0.000001 0.052707
v 0.013720 -0.000000 0.053787
v 0.013722 -0.006692 0.053591
v 0.013721 -0.006726 0.052513
v 0.013720 -0.013363 0.053008
v 0.013722 -0.013384 0.052649
v 0.013721 -0.013407 0.052290
v 0.013721 -0.013429 0.051932
v 0.012360 -0.015671 0.053739
v 0.012375 -0.015716 0.052789
v 0.012921 -0.015259 0.053456
v 0.013654 -0.013793 0.056718
v 0.013595 -0.014095 0.054543
v 0.013652 -0.014270 0.048741
v 0.013720 -0.013670 0.048689
v 0.013719 -0.013626 0.049222
v 0.013499 -0.014445 0.052907
v 0.013587 -0.014274 0.051819
v 0.013659 -0.013942 0.052942
v 0.012365 -0.015660 0.053879
v 0.012357 -0.015668 0.053812
v 0.012382 -0.015647 0.053945
v 0.012914 -0.015252 0.053677
v 0.012931 -0.015232 0.053774
v 0.013466 -0.014587 0.051750
v 0.012957 -0.015200 0.053867
v 0.013003 -0.015145 0.053982
v 0.013660 -0.014120 0.050219
v 0.013719 -0.013585 0.049755
v 0.013721 -0.013543 0.050288
v 0.013454 -0.014363 0.056739
v 0.013347 -0.014661 0.054390
v 0.013479 -0.014405 0.054478
v 0.011715 -0.015973 0.053064
v 0.011022 -0.016004 0.054165
v 0.011021 -0.016160 0.051540
v 0.012048 -0.015894 0.052506
v 0.013478 -0.014673 0.050185
v 0.013453 -0.014837 0.048787
v 0.013318 -0.014787 0.052940
v 0.012048 -0.015818 0.053821
v 0.013132 -0.014875 0.056756
v 0.013139 -0.014977 0.054194
v 0.013237 -0.014837 0.054299
v 0.013333 -0.014845 0.051659
v 0.012042 -0.015819 0.053878
v 0.012705 -0.015303 0.056773
v 0.013689 -0.013691 0.054600
v 0.013341 -0.014932 0.050208
v 0.013130 -0.015349 0.048830
v 0.012044 -0.015814 0.053931
v 0.013220 -0.014931 0.052987
v 0.013688 -0.013856 0.051880
v 0.012056 -0.015808 0.053979
v 0.013222 -0.015021 0.051564
v 0.012072 -0.015798 0.054027
v 0.012094 -0.016017 0.050425
v 0.012703 -0.015773 0.048867
v 0.012951 -0.015411 0.050610
v 0.011020 -0.016362 0.048918
v 0.011620 -0.016294 0.048911
v 0.012192 -0.016095 0.048896
v 0.013113 -0.015071 0.053073
v 0.013224 -0.015110 0.050261
v 0.012113 -0.015736 0.054945
v 0.013131 -0.015229 0.050333
v 0.012924 -0.015431 0.050711
v 0.013067 -0.015068 0.054094
v 0.013122 -0.015161 0.051451
v 0.011621 -0.015823 0.056789
v 0.011021 -0.015892 0.056793
v 0.012192 -0.015624 0.056784
v 0.012355 -0.015836 0.051102
v 0.012913 -0.015436 0.050814
v 0.013056 -0.015135 0.053139
v 0.012913 -0.015429 0.050916
v 0.013073 -0.015295 0.050393
v 0.013000 -0.015369 0.050500
v 0.012376 -0.015817 0.051235
v 0.012361 -0.015829 0.051169
v 0.012923 -0.015410 0.051017
v 0.012947 -0.015380 0.051113
v 0.012042 -0.015983 0.051191
v 0.012042 -0.015980 0.051242
v 0.012049 -0.015973 0.051292
v 0.012065 -0.015964 0.051339
v 0.012384 -0.015759 0.052010
v 0.012991 -0.015327 0.051229
v 0.013052 -0.015251 0.051350
v 0.012986 -0.015204 0.053254
v 0.012947 -0.015238 0.053347
v 0.012064 -0.015890 0.052454
v 0.012910 -0.015262 0.053570
v 0.013721 0.012175 0.049365
v 0.013720 0.013670 0.048689
v 0.013720 0.013626 0.049222
v 0.013720 0.013584 0.049754
v 0.013721 0.013543 0.050287
v 0.013722 0.010601 0.049778
v 0.013720 0.006782 0.050886
v 0.013720 0.008999 0.049915
v 0.013722 -0.000001 0.051087
v 0.013720 -0.009000 0.049916
v 0.013721 -0.006783 0.050886
v 0.013721 -0.010601 0.049778
v 0.013720 -0.012175 0.049366
v -0.005849 -0.002396 0.083700
v -0.005850 -0.002396 0.080191
v -0.002723 -0.005546 0.080189
v -0.002722 -0.005545 0.083701
v 0.002049 -0.011236 0.083699
v 0.002047 -0.011237 0.080189
v 0.010937 -0.002396 0.083699
v 0.010937 -0.002396 0.080188
v 0.010940 0.002374 0.080188
v 0.010943 0.002374 0.083699
v 0.002047 0.011236 0.080189
v 0.002049 0.011236 0.083699
v -0.002723 0.005545 0.080189
v -0.002722 0.005545 0.083701
v -0.005859 0.002374 0.080190
v -0.005858 0.002374 0.083700
v -0.005849 -0.002396 0.075600
v -0.005850 -0.002396 0.072091
v -0.002723 -0.005545 0.072090
v -0.002724 -0.005545 0.075599
v 0.002047 -0.011236 0.075599
v 0.002046 -0.011236 0.072089
v 0.010936 -0.002396 0.075599
v 0.010936 -0.002396 0.072089
v 0.010941 0.002374 0.072089
v 0.010940 0.002374 0.075599
v 0.002046 0.011236 0.072089
v 0.002047 0.011236 0.075599
v -0.002723 0.005545 0.072090
v -0.002724 0.005544 0.075600
v -0.005859 0.002374 0.072091
v -0.005860 0.002374 0.075600
v -0.005850 -0.002396 0.067499
v -0.005851 -0.002396 0.063991
v -0.002724 -0.005545 0.063989
v -0.002725 -0.005545 0.067500
v 0.002046 -0.011236 0.067498
v 0.002046 -0.011236 0.063991
v 0.010936 -0.002396 0.067498
v 0.010936 -0.002396 0.063989
v 0.010939 0.002374 0.063989
v 0.010940 0.002374 0.067499
v 0.002046 0.011236 0.063991
v 0.002046 0.011235 0.067498
v -0.002724 0.005545 0.063990
v -0.002725 0.005545 0.067500
v -0.005861 0.002374 0.063990
v -0.005860 0.002374 0.067501
v -0.005316 0.003377 0.063991
v -0.004594 0.004259 0.063991
v -0.003720 0.004990 0.063989
v 0.010276 0.004483 0.063989
v 0.009219 0.006425 0.063989
v 0.007811 0.008129 0.063990
v 0.006103 0.009531 0.063990
v 0.004156 0.010579 0.063989
v 0.006096 -0.009536 0.063988
v 0.007805 -0.008137 0.063990
v 0.009214 -0.006437 0.063988
v 0.004155 -0.010582 0.063988
v 0.010269 -0.004500 0.063988
v -0.003715 -0.004994 0.063990
v -0.004585 -0.004267 0.063989
v -0.005306 -0.003390 0.063991
v -0.005316 0.003377 0.067500
v -0.004594 0.004259 0.067499
v -0.003720 0.004990 0.067500
v -0.005315 0.003377 0.072090
v -0.004593 0.004259 0.072089
v -0.003719 0.004990 0.072090
v 0.010275 0.004482 0.067499
v 0.009220 0.006424 0.067499
v 0.007812 0.008129 0.067500
v 0.006102 0.009531 0.067499
v 0.004157 0.010579 0.067499
v 0.010276 0.004483 0.072089
v 0.009222 0.006425 0.072088
v 0.007812 0.008129 0.072089
v 0.006105 0.009531 0.072088
v 0.004157 0.010578 0.072090
v 0.006097 -0.009536 0.067499
v 0.007805 -0.008137 0.067498
v 0.009212 -0.006437 0.067498
v 0.004155 -0.010581 0.067499
v 0.010268 -0.004500 0.067499
v 0.006098 -0.009537 0.072089
v 0.007805 -0.008137 0.072088
v 0.009213 -0.006437 0.072088
v 0.004155 -0.010581 0.072089
v 0.010270 -0.004500 0.072090
v -0.003714 -0.004993 0.072089
v -0.004586 -0.004267 0.072090
v -0.005305 -0.003390 0.072090
v -0.003715 -0.004993 0.067501
v -0.004585 -0.004267 0.067500
v -0.005306 -0.003390 0.067501
v -0.005316 0.003377 0.075599
v -0.004593 0.004259 0.075599
v -0.003718 0.004990 0.075599
v -0.005315 0.003377 0.080190
v -0.004592 0.004259 0.080189
v -0.003719 0.004989 0.080190
v 0.010277 0.004483 0.075599
v 0.009220 0.006425 0.075599
v 0.007813 0.008129 0.075598
v 0.006104 0.009531 0.075599
v 0.004157 0.010579 0.075599
v 0.010277 0.004483 0.080189
v 0.009221 0.006425 0.080189
v 0.007812 0.008129 0.080188
v 0.006102 0.009531 0.080189
v 0.004159 0.010579 0.080190
v 0.006098 -0.009536 0.075599
v 0.007805 -0.008137 0.075599
v 0.009213 -0.006437 0.075599
v 0.004155 -0.010581 0.075600
v 0.010270 -0.004500 0.075599
v 0.006097 -0.009536 0.080188
v 0.007805 -0.008137 0.080188
v 0.009214 -0.006438 0.080189
v 0.004155 -0.010581 0.080189
v 0.010270 -0.004501 0.080188
v -0.003714 -0.004993 0.080190
v -0.004584 -0.004267 0.080190
v -0.005305 -0.003390 0.080189
v -0.003713 -0.004994 0.075600
v -0.004585 -0.004267 0.075599
v -0.005306 -0.003390 0.075600
v -0.003713 -0.004993 0.083701
v -0.004584 -0.004267 0.083700
v -0.005304 -0.003390 0.083700
v 0.006100 -0.009537 0.083699
v 0.007807 -0.008137 0.083700
v 0.009215 -0.006437 0.083698
v 0.004157 -0.010582 0.083700
v 0.010270 -0.004500 0.083700
v 0.010277 0.004483 0.083700
v 0.009222 0.006425 0.083700
v 0.007814 0.008129 0.083699
v 0.006106 0.009530 0.083699
v 0.004158 0.010578 0.083699
v -0.005313 0.003377 0.083702
v -0.004592 0.004259 0.083701
v -0.003718 0.004990 0.083699
v -0.005269 -0.003442 0.088291
v 0.006091 0.009541 0.088289
v 0.007828 0.008113 0.088289
v -0.005949 -0.002147 0.088291
v 0.004107 0.010601 0.088289
v 0.006091 -0.009541 0.088288
v 0.007828 -0.008114 0.088289
v 0.009257 -0.006377 0.088289
v 0.010317 -0.004392 0.088288
v 0.004107 -0.010601 0.088289
v 0.010968 -0.002238 0.088289
v -0.006297 -0.000730 0.088290
v 0.001955 -0.011255 0.088290
v 0.001955 0.011254 0.088290
v 0.011190 -0.000000 0.088289
v -0.006297 0.000730 0.088290
v -0.001733 0.005881 0.088290
v 0.010968 0.002237 0.088289
v -0.005949 0.002147 0.088291
v -0.001733 -0.005881 0.088290
v -0.003100 0.005363 0.088290
v 0.010317 0.004390 0.088288
v -0.005269 0.003441 0.088290
v -0.004300 0.004533 0.088291
v -0.003100 -0.005364 0.088289
v 0.009257 0.006376 0.088290
v -0.004300 -0.004534 0.088291
v 0.006193 -0.009470 0.059399
v 0.011020 -0.013192 0.059399
v 0.007945 -0.007993 0.059398
v 0.009369 -0.006198 0.059399
v 0.004182 -0.010569 0.059399
v 0.010408 -0.004154 0.059399
v 0.001992 -0.011246 0.059399
v 0.011020 -0.001946 0.059399
v -0.011597 -0.013192 0.059401
v 0.011020 0.013192 0.059399
v 0.010408 0.004154 0.059398
v 0.011020 0.001946 0.059399
v 0.009369 0.006196 0.059399
v 0.007945 0.007993 0.059398
v 0.006193 0.009470 0.059398
v 0.004182 0.010569 0.059399
v 0.001992 0.011246 0.059399
v -0.011597 0.013192 0.059401
v -0.014635 -0.019797 0.000001
v -0.014633 -0.018897 0.019801
v -0.014633 -0.018892 0.019801
v -0.014635 0.019797 0.000000
v -0.014633 0.018892 0.019801
v -0.014633 0.018897 0.019801
v 0.019117 -0.014400 0.026893
v 0.019115 -0.014400 -0.000001
v 0.021131 -0.014400 -0.000003
v 0.019019 -0.014400 0.031855
v 0.018711 -0.014400 0.037680
v 0.030388 -0.011031 -0.000003
v 0.021131 0.014400 -0.000003
v 0.021134 0.014399 0.036280
v 0.023593 0.014188 0.035393
v 0.028333 -0.012470 -0.000003
v 0.023631 0.014181 -0.000002
v 0.026111 0.013513 0.034485
v 0.026056 -0.013532 -0.000003
v 0.026056 0.013531 -0.000003
v 0.028303 0.012488 0.033693
v 0.028333 0.012470 -0.000003
v 0.030270 0.011129 0.032981
v 0.023631 -0.014181 -0.000002
v 0.030388 0.011030 -0.000002
v 0.031969 0.009486 0.032371
v 0.032161 0.009255 -0.000004
v 0.033494 0.007387 0.031820
v 0.033601 0.007199 -0.000003
v 0.034608 0.005083 0.031418
v 0.034662 0.004925 -0.000004
v 0.035289 0.002649 0.031171
v 0.035313 0.002499 -0.000003
v 0.035476 0.001308 0.031106
v 0.035532 -0.000000 -0.000004
v 0.035313 -0.002500 -0.000004
v 0.034662 -0.004925 -0.000004
v 0.033601 -0.007200 -0.000003
v 0.032161 -0.009257 -0.000003
v 0.019020 0.014400 0.031850
v 0.018711 0.014399 0.037680
v 0.019118 0.014400 0.026893
v 0.019115 0.014400 -0.000001
v 0.011583 0.022440 -0.000002
v 0.012127 0.022261 -0.000002
v 0.012620 0.021973 -0.000001
v 0.013686 0.020202 -0.000001
v 0.013370 0.021119 -0.000001
v 0.013594 0.020596 -0.000002
v 0.011015 0.022500 -0.000001
v 0.013041 0.021585 -0.000001
v 0.013716 0.019798 -0.000000
v 0.013851 0.018597 -0.000001
v 0.026555 0.004735 -0.000003
v 0.025280 0.005885 -0.000003
v 0.027525 0.003315 -0.000003
v 0.028127 0.001706 -0.000003
v 0.028333 -0.000000 -0.000004
v 0.028127 -0.001706 -0.000004
v 0.015750 0.015577 -0.000001
v 0.016773 0.014934 -0.000002
v 0.017913 0.014535 -0.000001
v 0.027525 -0.003316 -0.000002
v 0.012496 0.011351 -0.000001
v 0.014894 0.016432 -0.000002
v 0.010265 0.012877 0.000000
v 0.014250 0.017455 -0.000003
v 0.026555 -0.004735 -0.000002
v 0.025280 -0.005885 -0.000003
v -0.011933 0.022500 -0.000000
v -0.012916 0.022315 0.000001
v -0.012420 0.022456 0.000001
v -0.013494 0.022003 -0.000000
v -0.013989 0.021551 0.000001
v -0.014355 0.020995 0.000001
v -0.014568 0.020392 0.000001
v 0.017913 -0.014535 -0.000002
v 0.016773 -0.014935 -0.000003
v 0.015750 -0.015577 -0.000001
v 0.012496 -0.011351 -0.000002
v 0.014894 -0.016432 -0.000002
v 0.010265 -0.012877 0.000000
v 0.014250 -0.017456 -0.000003
v 0.013851 -0.018597 -0.000001
v 0.012333 -0.022156 -0.000003
v 0.013186 -0.021403 -0.000002
v 0.012800 -0.021826 -0.000002
v 0.011418 -0.022469 -0.000000
v 0.013476 -0.020911 -0.000003
v 0.011808 -0.022381 -0.000002
v 0.011015 -0.022501 -0.000002
v 0.013716 -0.019798 -0.000000
v 0.013655 -0.020366 -0.000001
v -0.011933 -0.022499 0.000000
v -0.014591 -0.020283 0.000001
v -0.014449 -0.020781 0.000001
v -0.013130 -0.022220 0.000001
v -0.012529 -0.022433 0.000000
v -0.014137 -0.021360 0.000001
v -0.013686 -0.021855 0.000001
v 0.025281 0.005884 0.023397
v 0.026557 0.004735 0.023397
v 0.027526 0.003315 0.023396
v 0.028128 0.001706 0.023396
v 0.028334 0.000000 0.023396
v 0.028128 -0.001707 0.023396
v 0.027526 -0.003315 0.023396
v 0.026557 -0.004735 0.023396
v 0.025281 -0.005885 0.023397
v 0.012499 0.011351 0.023399
v 0.010267 0.012877 0.023398
v 0.010267 -0.012877 0.023397
v 0.012499 -0.011352 0.023399
v 0.016420 0.009000 0.045240
v 0.016420 -0.009000 0.045240
v 0.023836 0.008999 0.040957
v 0.024841 0.008944 0.040376
v 0.025873 0.008766 0.039781
v 0.032650 0.001813 0.035867
v 0.027362 0.008281 0.038921
v 0.032056 0.003662 0.036210
v 0.028788 0.007514 0.038097
v 0.031159 0.005230 0.036728
v 0.030078 0.006483 0.037352
v 0.011021 0.015891 0.056793
v 0.011022 0.016004 0.054166
v -0.011596 0.015891 0.056795
v -0.011101 0.016175 0.051329
v 0.011021 0.016160 0.051540
v 0.011021 0.016360 0.048918
v -0.010799 0.016648 0.045871
v 0.011224 0.016569 0.046654
v 0.011721 0.016804 0.044437
v 0.012072 0.017054 0.042354
v -0.010689 0.017479 0.039256
v 0.012206 0.017368 0.040019
v 0.012164 0.017719 0.037675
v -0.010841 0.018512 0.033075
v 0.011872 0.018621 0.032500
v -0.011283 0.019914 0.026400
v -0.011931 0.021600 0.019801
v -0.012002 0.021599 0.019805
v 0.011506 0.019665 0.027488
v 0.011223 0.020605 0.023544
v 0.011057 0.021600 0.019799
v 0.011068 0.021599 0.019798
v 0.011057 -0.021601 0.019799
v 0.011068 -0.021601 0.019799
v -0.011931 -0.021600 0.019800
v -0.011550 -0.020582 0.023644
v -0.012002 -0.021599 0.019804
v 0.011223 -0.020607 0.023543
v -0.011189 -0.019661 0.027507
v 0.011505 -0.019666 0.027487
v 0.011872 -0.018622 0.032500
v -0.010775 -0.018200 0.034793
v 0.012163 -0.017719 0.037674
v -0.010703 -0.017086 0.042116
v 0.012188 -0.017275 0.040691
v 0.012048 -0.017028 0.042566
v 0.011721 -0.016805 0.044438
v 0.011224 -0.016569 0.046654
v -0.010976 -0.016317 0.049450
v -0.011596 -0.015892 0.056795
v -0.014281 -0.013192 0.056415
v -0.014281 0.013191 0.056415
v -0.013805 -0.013470 0.051107
v -0.013670 0.013626 0.049070
v -0.013510 -0.013930 0.045808
v -0.013402 0.014407 0.041739
v -0.013389 -0.014761 0.039191
v -0.013473 0.015540 0.034418
v -0.013524 -0.015787 0.033074
v -0.013880 0.017025 0.027135
v -0.013940 -0.017195 0.026397
v -0.014215 0.017914 0.023456
v 0.016430 0.009481 0.045209
v 0.023768 0.010201 0.040840
v 0.016462 0.009963 0.045115
v 0.016591 0.010884 0.044748
v 0.023567 0.011343 0.040493
v 0.016815 0.011815 0.044097
v 0.023247 0.012367 0.039938
v 0.017203 0.012802 0.042980
v 0.022819 0.013221 0.039197
v 0.017441 0.013360 0.042093
v 0.022307 0.013865 0.038310
v 0.018033 0.014257 0.039498
v 0.021734 0.014265 0.037321
v 0.034239 0.004425 0.033798
v 0.035071 0.002433 0.032797
v 0.034477 0.004677 0.033057
v 0.027149 0.012125 0.037165
v 0.029008 0.011109 0.036287
v 0.028889 0.011705 0.035487
v 0.034795 0.002300 0.033533
v 0.033560 0.007131 0.032676
v 0.026909 0.012761 0.036342
v 0.024131 0.013970 0.036390
v 0.034605 0.004898 0.032262
v 0.033579 0.001894 0.035191
v 0.026559 0.013231 0.035438
v 0.028760 0.009050 0.037904
v 0.030127 0.008033 0.037134
v 0.030510 0.009058 0.036344
v 0.028994 0.010233 0.037134
v 0.034318 0.002123 0.034355
v 0.033807 0.004083 0.034623
v 0.027290 0.011162 0.038021
v 0.033501 0.006817 0.033484
v 0.024597 0.013524 0.037332
v 0.033326 0.006454 0.034235
v 0.024977 0.012873 0.038187
v 0.033113 0.003640 0.035454
v 0.027230 0.009840 0.038763
v 0.025302 0.011841 0.039056
v 0.032127 0.009181 0.033245
v 0.032964 0.005953 0.035062
v 0.025458 0.010395 0.039760
v 0.032157 0.008791 0.034068
v 0.032070 0.008329 0.034833
v 0.030522 0.010807 0.033880
v 0.032349 0.005301 0.035884
v 0.030650 0.010368 0.034724
v 0.031809 0.007678 0.035667
v 0.030659 0.009830 0.035504
v 0.028653 0.012172 0.034614
v 0.031298 0.006824 0.036474
v 0.035239 0.002550 0.032009
v 0.016454 -0.009873 0.045136
v 0.016563 -0.010737 0.044824
v 0.016742 -0.011558 0.044310
v 0.016952 -0.012218 0.043703
v 0.017203 -0.012803 0.042980
v 0.017575 -0.013692 0.041425
v 0.017966 -0.014216 0.039725
v 0.018307 -0.014358 0.038696
v 0.013751 0.019210 0.019371
v 0.014044 0.017954 0.026893
v 0.014642 0.016781 0.026894
v 0.015506 0.015788 0.026894
v 0.016584 0.015033 0.026894
v 0.017812 0.014560 0.026894
v 0.015206 0.015699 0.037452
v 0.014244 0.017263 0.031954
v 0.014347 0.016635 0.037397
v 0.014283 0.017215 0.031673
v 0.016262 0.014991 0.037520
v 0.015047 0.016145 0.031701
v 0.016203 0.015194 0.031745
v 0.017567 0.014599 0.031797
v 0.017452 0.014549 0.037598
v 0.016251 0.013159 0.043291
v 0.017004 0.014346 0.040110
v 0.016177 0.014672 0.040250
v 0.015425 0.015123 0.040421
v 0.016534 0.013629 0.042364
v 0.015410 0.013648 0.043719
v 0.014350 0.016158 0.040774
v 0.014762 0.015689 0.040620
v 0.014322 0.015681 0.042845
v 0.015715 0.014035 0.042716
v 0.015008 0.014557 0.043137
v 0.014713 0.014253 0.044247
v 0.014188 0.014948 0.044854
v 0.015679 0.009891 0.045676
v 0.015019 0.010002 0.046315
v 0.015506 0.009000 0.045904
v 0.015065 0.010982 0.046003
v 0.015747 0.010764 0.045391
v 0.013850 0.013099 0.047659
v 0.013823 0.014161 0.047127
v 0.014135 0.013558 0.046303
v 0.014112 0.012691 0.046922
v 0.013858 0.014069 0.046997
v 0.014092 0.011516 0.047508
v 0.014552 0.012274 0.046168
v 0.014508 0.011235 0.046717
v 0.014751 0.008999 0.046743
v 0.014480 0.010129 0.047052
v 0.014186 0.009000 0.047720
v 0.013842 0.011791 0.048283
v 0.014079 0.010271 0.047869
v 0.013838 0.009000 0.048794
v 0.013991 0.014555 0.045988
v 0.013838 0.010408 0.048665
v 0.015974 0.012190 0.044434
v 0.015219 0.012577 0.044962
v 0.015856 0.011586 0.044925
v 0.014601 0.013038 0.045591
v 0.015141 0.011902 0.045496
v 0.013838 -0.009001 0.048795
v 0.014186 -0.009000 0.047719
v 0.014751 -0.009000 0.046743
v 0.015506 -0.009001 0.045903
v 0.015077 -0.011165 0.045921
v 0.014571 -0.012580 0.045958
v 0.015169 -0.012173 0.045300
v 0.016251 -0.013159 0.043290
v 0.015278 -0.012967 0.044577
v 0.015410 -0.013649 0.043718
v 0.015899 -0.011829 0.044745
v 0.016058 -0.012543 0.044080
v 0.013843 -0.012051 0.048178
v 0.013840 -0.010534 0.048640
v 0.014079 -0.010383 0.047848
v 0.014096 -0.011751 0.047413
v 0.014119 -0.013038 0.046694
v 0.014515 -0.011443 0.046626
v 0.014636 -0.013480 0.045175
v 0.014713 -0.014253 0.044248
v 0.014188 -0.014949 0.044854
v 0.013823 -0.014162 0.047127
v 0.013852 -0.013487 0.047416
v 0.013991 -0.014556 0.045988
v 0.014152 -0.014062 0.045853
v 0.015683 -0.009970 0.045658
v 0.015021 -0.010091 0.046296
v 0.015764 -0.010928 0.045315
v 0.014482 -0.010229 0.047032
v 0.017452 -0.014550 0.037599
v 0.016692 -0.013926 0.041650
v 0.015884 -0.014291 0.041937
v 0.015171 -0.014775 0.042273
v 0.017090 -0.014408 0.039730
v 0.014316 -0.015617 0.043066
v 0.014566 -0.015367 0.042655
v 0.014353 -0.016252 0.040259
v 0.016250 -0.014730 0.039836
v 0.016262 -0.014992 0.037521
v 0.015479 -0.015179 0.039969
v 0.015206 -0.015699 0.037452
v 0.014798 -0.015748 0.040125
v 0.014347 -0.016635 0.037397
v 0.017811 -0.014560 0.026893
v 0.016583 -0.015033 0.026894
v 0.015505 -0.015789 0.026894
v 0.014641 -0.016781 0.026893
v 0.014043 -0.017954 0.026893
v 0.013751 -0.019211 0.019371
v 0.014244 -0.017263 0.031954
v 0.017852 -0.014528 0.031812
v 0.016757 -0.014898 0.031771
v 0.015772 -0.015486 0.031734
v 0.014936 -0.016269 0.031702
v 0.011637 -0.021541 0.019780
v 0.012178 -0.021363 0.019743
v 0.012670 -0.021078 0.019688
v 0.013088 -0.020697 0.019619
v 0.013418 -0.020237 0.019540
v 0.013636 -0.019743 0.019457
v 0.012360 -0.020921 0.021111
v 0.012548 -0.020680 0.021652
v 0.012208 -0.020849 0.021712
v 0.012760 -0.020677 0.021029
v 0.012669 -0.021023 0.019905
v 0.013147 -0.020588 0.019768
v 0.012877 -0.020452 0.021577
v 0.013151 -0.020322 0.020919
v 0.013557 -0.019936 0.019575
v 0.013353 -0.019594 0.023328
v 0.012365 -0.020219 0.024128
v 0.012344 -0.019955 0.025400
v 0.012662 -0.019814 0.025345
v 0.012971 -0.019621 0.025277
v 0.012379 -0.020353 0.023494
v 0.012321 -0.020515 0.022899
v 0.011920 -0.020948 0.021751
v 0.011639 -0.021464 0.020058
v 0.011639 -0.021496 0.019941
v 0.011635 -0.021533 0.019804
v 0.012178 -0.021326 0.019877
v 0.012180 -0.021296 0.019994
v 0.012669 -0.021053 0.019788
v 0.012894 -0.019552 0.025961
v 0.012777 -0.019374 0.027317
v 0.012161 -0.019599 0.027418
v 0.013317 -0.019011 0.027191
v 0.013263 -0.019268 0.025867
v 0.013748 -0.018527 0.027046
v 0.013919 -0.017718 0.032197
v 0.013915 -0.017093 0.037490
v 0.013497 -0.018104 0.032299
v 0.013388 -0.017438 0.037569
v 0.013003 -0.018391 0.032383
v 0.012794 -0.017650 0.037632
v 0.012454 -0.018566 0.032452
v -0.012454 -0.021547 0.019848
v -0.012891 -0.021421 0.019875
v -0.013374 -0.021179 0.019889
v -0.013802 -0.020843 0.019886
v -0.014153 -0.020431 0.019868
v -0.014415 -0.019957 0.019841
v -0.014577 -0.019440 0.019812
v 0.014010 -0.016563 0.040660
v 0.013614 -0.016863 0.040686
v 0.013171 -0.017087 0.040700
v 0.012693 -0.017225 0.040702
v 0.013982 -0.016076 0.043080
v 0.013899 -0.015546 0.044850
v 0.013569 -0.016452 0.043070
v 0.013481 -0.016057 0.044801
v 0.013090 -0.016735 0.043041
v 0.012957 -0.016451 0.044713
v 0.012358 -0.016706 0.044588
v 0.012562 -0.016915 0.042995
v -0.012071 -0.018964 0.029722
v -0.011619 -0.018743 0.031409
v -0.012534 -0.019024 0.028504
v -0.013278 -0.018654 0.027447
v -0.012852 -0.019069 0.027506
v -0.012346 -0.019385 0.027538
v -0.013158 -0.018197 0.029402
v -0.012474 -0.018771 0.029631
v -0.012243 -0.019181 0.028518
v -0.012092 -0.019328 0.028195
v -0.011784 -0.019586 0.027537
v -0.013149 -0.019037 0.026714
v -0.013758 -0.017939 0.026937
v -0.013740 -0.018489 0.025829
v -0.013600 -0.018158 0.027360
v -0.013010 -0.019481 0.025714
v -0.013320 -0.019494 0.024793
v -0.013926 -0.018396 0.025010
v -0.013625 -0.019575 0.023606
v -0.013202 -0.019987 0.023665
v -0.013496 -0.019928 0.023061
v -0.012698 -0.020301 0.023693
v -0.013633 -0.019890 0.022757
v -0.014265 -0.019235 0.021726
v -0.014265 -0.019238 0.021724
v -0.013480 -0.020373 0.021890
v -0.013110 -0.021244 0.020125
v -0.012555 -0.021446 0.020111
v -0.013838 -0.020363 0.020975
v -0.014354 -0.020035 0.019948
v -0.013767 -0.020557 0.020686
v -0.014032 -0.020521 0.020041
v -0.013611 -0.020930 0.020102
v -0.012895 -0.015498 0.051527
v -0.012889 -0.015503 0.052410
v -0.013605 -0.014558 0.051746
v -0.013566 -0.014594 0.051227
v -0.011942 -0.016060 0.050945
v -0.012900 -0.015496 0.051089
v -0.012999 -0.015404 0.050809
v -0.013355 -0.014938 0.050219
v -0.012873 -0.015534 0.049955
v -0.013175 -0.015198 0.050249
v -0.012907 -0.017480 0.033286
v -0.013245 -0.016769 0.033932
v -0.013384 -0.016848 0.032462
v -0.013103 -0.017029 0.033975
v -0.012572 -0.017736 0.033683
v -0.011709 -0.018215 0.033834
v -0.011943 -0.017932 0.034783
v -0.012914 -0.017246 0.034236
v -0.012453 -0.017615 0.034746
v -0.011878 -0.018246 0.033350
v -0.012790 -0.017692 0.032941
v -0.012822 -0.017746 0.032571
v -0.012888 -0.017856 0.031834
v -0.012670 -0.018225 0.031222
v -0.013276 -0.017735 0.030344
v -0.012552 -0.018396 0.030912
v -0.012525 -0.018521 0.030487
v -0.012113 -0.019716 0.026642
v -0.012291 -0.020174 0.024717
v -0.012138 -0.020504 0.023685
v -0.012537 -0.020637 0.022805
v -0.013763 -0.014587 0.054740
v -0.014266 -0.013496 0.056426
v -0.014217 -0.013794 0.056442
v -0.014018 -0.014366 0.056482
v -0.013700 -0.014878 0.056536
v -0.013543 -0.014923 0.054777
v -0.013885 -0.014169 0.053819
v -0.013780 -0.014439 0.053843
v -0.013263 -0.015231 0.054817
v -0.013275 -0.015305 0.056595
v -0.013640 -0.014704 0.053870
v -0.013463 -0.014965 0.053900
v -0.013373 -0.014892 0.049872
v -0.013598 -0.014403 0.050162
v -0.013408 -0.014797 0.049180
v -0.013492 -0.014673 0.050187
v -0.013088 -0.015308 0.049241
v -0.013153 -0.015226 0.049913
v -0.012661 -0.015735 0.049301
v -0.012149 -0.016054 0.049360
v -0.013269 -0.015038 0.048117
v -0.013445 -0.014626 0.047526
v -0.013340 -0.014895 0.047555
v -0.013048 -0.015373 0.048159
v -0.013198 -0.015161 0.047587
v -0.012769 -0.015680 0.048201
v -0.013021 -0.015421 0.047619
v -0.013307 -0.015008 0.043876
v -0.013084 -0.015549 0.043258
v -0.013199 -0.015278 0.043909
v -0.013059 -0.015541 0.043945
v -0.012861 -0.015882 0.043303
v -0.012880 -0.015800 0.043977
v -0.012814 -0.016079 0.041958
v -0.012581 -0.016188 0.043345
v -0.012388 -0.016502 0.042020
v -0.013250 -0.015430 0.040580
v -0.013048 -0.015830 0.041066
v -0.013143 -0.015697 0.040616
v -0.012826 -0.016162 0.041112
v -0.013004 -0.015960 0.040655
v -0.012548 -0.016468 0.041156
v -0.011877 -0.016821 0.042067
v -0.012825 -0.016218 0.040691
v -0.013270 -0.015979 0.036927
v -0.013201 -0.016691 0.034606
v -0.013082 -0.016565 0.036206
v -0.012879 -0.017194 0.034684
v -0.013164 -0.016245 0.036969
v -0.013023 -0.016507 0.037009
v -0.012859 -0.016895 0.036256
v -0.012845 -0.016764 0.037046
v -0.012580 -0.017199 0.036300
v -0.013352 -0.016504 0.033887
v -0.013138 -0.016917 0.034186
v -0.013526 -0.017214 0.030252
v -0.013805 -0.017608 0.027254
v -0.013420 -0.017477 0.030298
v -0.013380 -0.017870 0.029347
v -0.012370 -0.015782 0.056114
v -0.012196 -0.015827 0.056727
v -0.012765 -0.015627 0.056659
v -0.012459 -0.015751 0.055807
v -0.012605 -0.015689 0.054674
v -0.013699 -0.014425 0.052436
v -0.012244 -0.015840 0.054601
v -0.011577 -0.016252 0.049409
v -0.011903 -0.016190 0.048838
v -0.013287 -0.015005 0.046385
v -0.012497 -0.016054 0.045797
v -0.012105 -0.016166 0.047826
v -0.013264 -0.015063 0.045800
v -0.011743 -0.016332 0.047631
v -0.013239 -0.015134 0.045169
v -0.011951 -0.016590 0.043776
v -0.011603 -0.016714 0.043982
v -0.011673 -0.016826 0.042757
v -0.011551 -0.016897 0.042540
v -0.011304 -0.017019 0.042100
v -0.013141 -0.015849 0.039524
v -0.012385 -0.016953 0.038743
v -0.013145 -0.015927 0.038977
v -0.013188 -0.015943 0.038295
v -0.011552 -0.017166 0.040444
v -0.011937 -0.017595 0.036638
v -0.011582 -0.017718 0.036795
v -0.011707 -0.017886 0.035582
v -0.011595 -0.017972 0.035322
v -0.011375 -0.018131 0.034800
v 0.011606 0.021547 0.019781
v 0.012119 0.021389 0.019747
v 0.012620 0.021113 0.019693
v 0.013052 0.020738 0.019626
v 0.013392 0.020282 0.019548
v 0.013628 0.019765 0.019461
v 0.013719 -0.014784 0.046896
v 0.013481 -0.015275 0.046903
v 0.013151 -0.015706 0.046891
v 0.012653 -0.016127 0.046849
v 0.011962 -0.016452 0.046766
v -0.013184 -0.014597 0.058375
v -0.012432 -0.015160 0.058352
v -0.012431 -0.014477 0.058924
v -0.013782 -0.014684 0.057243
v -0.013783 -0.014780 0.056701
v -0.013184 -0.015344 0.057080
v -0.013184 -0.015084 0.057793
v -0.011597 -0.015806 0.057380
v -0.014164 -0.014015 0.056555
v -0.013184 -0.013940 0.058754
v -0.012769 -0.013192 0.059133
v -0.013280 -0.013192 0.058812
v -0.012431 -0.013639 0.059231
v -0.013780 -0.014408 0.057721
v -0.014166 -0.014014 0.056845
v -0.013781 -0.013986 0.058074
v -0.014165 -0.013915 0.057118
v -0.013781 -0.013469 0.058264
v -0.013708 -0.013192 0.058384
v -0.014030 -0.013192 0.057873
v -0.014165 -0.013729 0.057340
v -0.014164 -0.013479 0.057485
v -0.014229 -0.013193 0.057302
v -0.014289 -0.013379 0.056783
v -0.014297 -0.013192 0.056701
v -0.014289 -0.013192 0.056510
v -0.014295 -0.013192 0.056606
v -0.014276 -0.013469 0.056883
v -0.014264 -0.013464 0.057026
v -0.014264 -0.013405 0.057066
v -0.012197 -0.013192 0.059333
v -0.011597 -0.013780 0.059337
v -0.014263 -0.013337 0.057099
v -0.012431 -0.015606 0.057580
v -0.011597 -0.015595 0.057932
v -0.011597 -0.015269 0.058426
v -0.011596 -0.014845 0.058836
v -0.011598 -0.014341 0.059145
v -0.012566 0.021522 0.019855
v -0.013101 0.021330 0.019884
v -0.013586 0.021030 0.019891
v -0.013998 0.020634 0.019877
v -0.014316 0.020163 0.019852
v -0.014529 0.019635 0.019822
v -0.014607 0.019271 0.019804
v 0.012343 0.020929 0.021115
v 0.012121 0.021320 0.020003
v 0.011610 0.021469 0.020060
v 0.012620 0.021056 0.019915
v 0.012816 0.020640 0.020996
v 0.012634 0.020634 0.021603
v 0.012208 0.020848 0.021713
v 0.011893 0.020956 0.021754
v 0.012365 0.020218 0.024128
v 0.012971 0.019621 0.025277
v 0.013353 0.019593 0.023328
v 0.012344 0.019955 0.025400
v 0.012662 0.019813 0.025345
v 0.012380 0.020352 0.023495
v 0.012321 0.020515 0.022900
v 0.012877 0.020451 0.021577
v 0.013147 0.020588 0.019768
v 0.012620 0.021088 0.019795
v 0.012119 0.021352 0.019882
v 0.011608 0.021503 0.019939
v 0.011605 0.021541 0.019802
v 0.013262 0.019268 0.025867
v 0.013749 0.018527 0.027046
v 0.013318 0.019011 0.027191
v 0.012894 0.019552 0.025960
v 0.012778 0.019373 0.027317
v 0.012162 0.019597 0.027419
v 0.013195 0.020275 0.020883
v 0.011021 -0.013780 0.059334
v 0.011021 -0.014340 0.059142
v 0.011022 -0.014845 0.058835
v 0.011022 -0.015269 0.058424
v 0.011021 -0.015595 0.057929
v 0.011020 -0.015806 0.057376
v -0.014289 0.013192 0.056510
v -0.014295 0.013192 0.056605
v -0.014297 0.013192 0.056701
v -0.014229 0.013192 0.057303
v -0.014030 0.013192 0.057872
v -0.013708 0.013192 0.058385
v -0.013280 0.013192 0.058812
v -0.012769 0.013192 0.059133
v -0.012197 0.013192 0.059334
v -0.011947 0.016348 0.046380
v -0.012006 0.016229 0.047585
v -0.011738 0.016336 0.047607
v -0.011923 0.016411 0.045777
v -0.012904 0.015655 0.045636
v -0.012533 0.015913 0.047530
v -0.012273 0.016091 0.047559
v -0.013548 0.014398 0.048741
v -0.013655 0.013927 0.049097
v -0.013606 0.014226 0.049122
v -0.013407 0.014797 0.049182
v -0.013434 0.014648 0.047343
v -0.013465 0.014634 0.048568
v -0.013298 0.014979 0.047587
v -0.013402 0.014787 0.048581
v -0.012874 0.015579 0.048082
v -0.013087 0.015308 0.049242
v -0.013615 0.014348 0.050163
v -0.013544 0.014551 0.050184
v -0.012671 0.015706 0.049930
v -0.013560 0.014559 0.050700
v -0.013491 0.014712 0.050715
v -0.013828 0.014077 0.052595
v -0.012080 0.015972 0.051848
v -0.011893 0.016107 0.050322
v -0.012182 0.015872 0.053980
v -0.013004 0.015404 0.052341
v -0.013859 0.014337 0.054353
v -0.013938 0.014372 0.055578
v -0.013660 0.014733 0.054495
v -0.014079 0.014081 0.055857
v -0.014217 0.013794 0.056442
v -0.014018 0.014366 0.056482
v -0.014266 0.013495 0.056426
v -0.013862 0.014524 0.055589
v -0.014003 0.014284 0.055871
v -0.013700 0.014878 0.056536
v -0.013779 0.014665 0.055605
v -0.013275 0.015305 0.056595
v -0.013061 0.015403 0.054791
v -0.013964 0.018500 0.024600
v -0.013294 0.019498 0.024864
v -0.013605 0.019526 0.023797
v -0.013420 0.019066 0.025703
v -0.014136 0.018490 0.023592
v -0.014192 0.018203 0.023526
v -0.013927 0.019036 0.023707
v -0.013798 0.018060 0.026431
v -0.013858 0.017318 0.027199
v -0.013802 0.017606 0.027258
v -0.013599 0.018157 0.027367
v -0.013129 0.019064 0.026693
v -0.013172 0.017913 0.030295
v -0.013502 0.017577 0.029464
v -0.013525 0.016879 0.031104
v -0.012373 0.018671 0.030287
v -0.012691 0.018687 0.029350
v -0.013295 0.017986 0.029437
v -0.013110 0.017877 0.030725
v -0.012983 0.017946 0.031067
v -0.014350 0.020026 0.019981
v -0.012705 0.018066 0.031739
v -0.012639 0.017872 0.032809
v -0.013239 0.016999 0.033114
v -0.011800 0.018464 0.032441
v -0.014028 0.020512 0.020076
v -0.012495 0.017911 0.033180
v -0.012445 0.017737 0.034181
v -0.012193 0.017966 0.033917
v -0.011928 0.018104 0.033933
v -0.013606 0.020920 0.020133
v -0.011661 0.018211 0.033943
v -0.012752 0.015620 0.050946
v -0.012163 0.016001 0.050298
v -0.012429 0.015862 0.050270
v -0.013106 0.021235 0.020158
v -0.012908 0.015487 0.051283
v -0.012551 0.021437 0.020143
v -0.012938 0.015459 0.051634
v -0.013301 0.015114 0.052948
v -0.012717 0.015627 0.053922
v -0.013437 0.014958 0.053251
v -0.013511 0.014882 0.053667
v -0.013182 0.019939 0.023855
v -0.012678 0.020254 0.023883
v -0.012119 0.020455 0.023876
v -0.011376 0.018130 0.034804
v -0.011304 0.017019 0.042102
v -0.011576 0.016251 0.049409
v -0.012245 0.020067 0.025160
v -0.012455 0.019763 0.025952
v -0.012080 0.019637 0.026994
v -0.012851 0.019068 0.027513
v -0.012346 0.019384 0.027546
v -0.011782 0.019584 0.027545
v -0.012359 0.018906 0.029373
v -0.012110 0.018810 0.030300
v -0.011842 0.018916 0.030307
v -0.012879 0.017193 0.034690
v -0.012452 0.017614 0.034751
v -0.012111 0.017956 0.034209
v -0.011942 0.017931 0.034788
v -0.012692 0.017106 0.036185
v -0.012385 0.017383 0.036224
v -0.012050 0.017601 0.036251
v -0.012368 0.017261 0.036961
v -0.012109 0.017438 0.036985
v -0.011843 0.017578 0.037001
v -0.011574 0.017683 0.037013
v -0.012657 0.016372 0.041037
v -0.012815 0.016078 0.041961
v -0.012387 0.016502 0.042022
v -0.012349 0.016649 0.041076
v -0.012084 0.016892 0.040628
v -0.012344 0.016715 0.040603
v -0.012014 0.016870 0.041108
v -0.011818 0.017031 0.040649
v -0.011875 0.016821 0.042068
v -0.011547 0.017137 0.040664
v -0.012691 0.016090 0.043228
v -0.012383 0.016368 0.043270
v -0.012047 0.016589 0.043302
v -0.012396 0.016295 0.043891
v -0.012134 0.016474 0.043918
v -0.011869 0.016611 0.043940
v -0.011599 0.016717 0.043960
v -0.012660 0.015735 0.049301
v -0.012566 0.015858 0.048122
v -0.012230 0.016078 0.048158
v -0.012148 0.016054 0.049360
v -0.012336 0.015927 0.049966
v -0.012450 0.015766 0.053952
v -0.012728 0.015624 0.054835
v -0.012196 0.015825 0.056727
v -0.012765 0.015627 0.056659
v -0.013277 0.018652 0.027452
v -0.013680 0.017723 0.027922
v -0.013600 0.017919 0.027959
v -0.013543 0.017925 0.028279
v -0.013466 0.018071 0.028306
v -0.013382 0.018209 0.028330
v -0.013310 0.016850 0.033089
v -0.013383 0.016511 0.033549
v -0.013457 0.015837 0.034468
v -0.013402 0.016130 0.034519
v -0.013201 0.016690 0.034610
v -0.013309 0.016711 0.033582
v -0.013352 0.016179 0.035033
v -0.013208 0.016503 0.035339
v -0.013272 0.016352 0.035314
v -0.013278 0.016053 0.036507
v -0.013133 0.016425 0.036404
v -0.012794 0.016562 0.038583
v -0.013247 0.015494 0.040158
v -0.013387 0.014707 0.041778
v -0.011732 0.017412 0.038309
v -0.011813 0.017276 0.038958
v -0.011813 0.017193 0.039522
v -0.013157 0.015574 0.041410
v -0.013335 0.015004 0.041817
v -0.013135 0.015570 0.041894
v -0.013306 0.015088 0.042250
v -0.013174 0.015432 0.042506
v -0.013238 0.015279 0.042487
v -0.013297 0.015035 0.043693
v -0.013147 0.015408 0.043541
v -0.011902 0.016476 0.045166
v 0.012794 0.017650 0.037631
v 0.013915 0.017736 0.032065
v 0.013915 0.017093 0.037490
v 0.013494 0.018124 0.032166
v 0.013388 0.017436 0.037570
v 0.012997 0.018413 0.032254
v 0.012448 0.018590 0.032323
v 0.012607 -0.014711 0.058270
v 0.012607 -0.015115 0.057736
v 0.013206 -0.014458 0.057658
v 0.011855 -0.015611 0.057561
v 0.012607 -0.015339 0.057106
v 0.012607 -0.014164 0.058655
v 0.013207 -0.014108 0.057995
v 0.013206 -0.013674 0.058212
v 0.011856 -0.015238 0.058250
v 0.012607 -0.013527 0.058857
v 0.012705 -0.013192 0.058808
v 0.012192 -0.013192 0.059132
v 0.013131 -0.013192 0.058380
v 0.011855 -0.014673 0.058796
v 0.011856 -0.013969 0.059146
v 0.011622 -0.013192 0.059331
v 0.013688 -0.013578 0.056870
v 0.013588 -0.013772 0.057299
v 0.013588 -0.013927 0.057095
v 0.013588 -0.014012 0.056856
v 0.013688 -0.013351 0.057089
v 0.013653 -0.013193 0.057300
v 0.013587 -0.013564 0.057444
v 0.013590 -0.013321 0.057522
v 0.013205 -0.014688 0.057231
v 0.013453 -0.013193 0.057869
v -0.013781 0.013468 0.058264
v -0.013184 0.013940 0.058754
v -0.011597 0.013779 0.059337
v -0.013184 0.015084 0.057794
v -0.013184 0.014597 0.058375
v -0.012432 0.015160 0.058352
v -0.012431 0.015606 0.057580
v -0.013781 0.013986 0.058074
v -0.013184 0.015344 0.057080
v -0.013780 0.014408 0.057721
v -0.014164 0.013478 0.057484
v -0.013782 0.014683 0.057244
v -0.014165 0.013729 0.057340
v -0.013783 0.014780 0.056702
v -0.011597 0.015806 0.057379
v -0.014165 0.013915 0.057119
v -0.014166 0.014014 0.056846
v -0.014164 0.014014 0.056555
v -0.014263 0.013337 0.057098
v -0.014264 0.013403 0.057066
v -0.014264 0.013464 0.057025
v -0.014276 0.013468 0.056883
v -0.014289 0.013378 0.056783
v -0.012431 0.013638 0.059230
v -0.011598 0.014340 0.059145
v -0.012431 0.014476 0.058924
v -0.011596 0.014845 0.058836
v -0.011597 0.015268 0.058426
v -0.011597 0.015595 0.057932
v 0.013899 0.015546 0.044851
v 0.013481 0.016057 0.044800
v 0.012358 0.016706 0.044588
v 0.013995 0.016221 0.042446
v 0.013587 0.016568 0.042449
v 0.013121 0.016828 0.042435
v 0.012957 0.016451 0.044712
v 0.012611 0.016993 0.042403
v 0.014012 0.016677 0.039950
v 0.013619 0.016970 0.039986
v 0.013178 0.017186 0.040010
v 0.012707 0.017321 0.040020
v 0.011622 0.013192 0.059331
v 0.012192 0.013191 0.059131
v 0.012705 0.013192 0.058809
v 0.013131 0.013192 0.058380
v 0.013453 0.013192 0.057870
v 0.013653 0.013192 0.057300
v 0.011020 0.015806 0.057376
v 0.011021 0.015595 0.057929
v 0.011022 0.015268 0.058424
v 0.011022 0.014845 0.058836
v 0.011021 0.014340 0.059143
v 0.011021 0.013779 0.059335
v 0.013652 0.014269 0.048741
v 0.011621 0.016294 0.048911
v 0.013719 0.014784 0.046896
v 0.013481 0.015274 0.046903
v 0.013454 0.014837 0.048787
v 0.013151 0.015706 0.046891
v 0.013131 0.015347 0.048831
v 0.012704 0.015773 0.048867
v 0.012653 0.016127 0.046849
v 0.012193 0.016095 0.048895
v 0.011962 0.016452 0.046766
v 0.012607 0.014710 0.058270
v 0.012607 0.014164 0.058655
v 0.013207 0.014107 0.057995
v 0.011856 0.013969 0.059147
v 0.012607 0.013527 0.058857
v 0.012607 0.015115 0.057736
v 0.013206 0.014457 0.057658
v 0.013205 0.014688 0.057231
v 0.011855 0.014673 0.058796
v 0.012607 0.015339 0.057106
v 0.012705 0.015303 0.056772
v 0.012192 0.015624 0.056785
v 0.013132 0.014875 0.056757
v 0.011856 0.015237 0.058251
v 0.011855 0.015611 0.057560
v 0.011621 0.015822 0.056790
v 0.013688 0.013350 0.057089
v 0.013588 0.013771 0.057300
v 0.013587 0.013564 0.057444
v 0.013590 0.013320 0.057523
v 0.013688 0.013578 0.056870
v 0.013654 0.013793 0.056718
v 0.013588 0.014011 0.056855
v 0.013588 0.013927 0.057095
v 0.013206 0.013673 0.058211
v 0.013454 0.014363 0.056739
v 0.013341 0.014932 0.050208
v 0.013478 0.014673 0.050185
v 0.012355 0.015836 0.051102
v 0.012376 0.015817 0.051235
v 0.012913 0.015429 0.050916
v 0.012913 0.015436 0.050813
v 0.012924 0.015429 0.050711
v 0.012361 0.015829 0.051169
v 0.013224 0.015110 0.050261
v 0.013131 0.015229 0.050333
v 0.012065 0.015963 0.051340
v 0.012064 0.015889 0.052454
v 0.012384 0.015759 0.052010
v 0.013073 0.015295 0.050392
v 0.012049 0.015972 0.051291
v 0.013466 0.014587 0.051750
v 0.013318 0.014786 0.052940
v 0.013499 0.014445 0.052907
v 0.013000 0.015369 0.050500
v 0.012951 0.015411 0.050611
v 0.013689 0.013691 0.054600
v 0.012042 0.015979 0.051243
v 0.013587 0.014274 0.051820
v 0.012042 0.015983 0.051191
v 0.013333 0.014845 0.051660
v 0.013220 0.014931 0.052987
v 0.013595 0.014095 0.054543
v 0.012094 0.016017 0.050425
v 0.013660 0.014120 0.050218
v 0.013479 0.014404 0.054478
v 0.013222 0.015021 0.051564
v 0.013113 0.015070 0.053073
v 0.012113 0.015736 0.054945
v 0.013139 0.014977 0.054194
v 0.013067 0.015068 0.054095
v 0.013003 0.015144 0.053982
v 0.012382 0.015646 0.053945
v 0.012931 0.015232 0.053774
v 0.012914 0.015252 0.053676
v 0.013347 0.014661 0.054390
v 0.012957 0.015200 0.053867
v 0.013122 0.015160 0.051451
v 0.013056 0.015133 0.053139
v 0.013659 0.013942 0.052941
v 0.013237 0.014836 0.054299
v 0.012360 0.015671 0.053739
v 0.012910 0.015262 0.053570
v 0.012921 0.015259 0.053456
v 0.013688 0.013856 0.051880
v 0.012357 0.015668 0.053813
v 0.012365 0.015660 0.053879
v 0.012072 0.015798 0.054027
v 0.012056 0.015808 0.053979
v 0.012044 0.015814 0.053931
v 0.012042 0.015817 0.053878
v 0.012048 0.015818 0.053822
v 0.012375 0.015716 0.052789
v 0.012986 0.015204 0.053253
v 0.012947 0.015238 0.053347
v 0.012991 0.015327 0.051229
v 0.012947 0.015380 0.051113
v 0.013052 0.015249 0.051349
v 0.011715 0.015972 0.053063
v 0.012048 0.015894 0.052507
v 0.012923 0.015410 0.051016
v 0.011168 0.000652 0.059399
v 0.011168 -0.000652 0.059400
v -0.005952 0.002147 0.059400
v -0.005273 0.003441 0.059399
v -0.005273 -0.003442 0.059400
v -0.004303 -0.004533 0.059400
v -0.001738 -0.005881 0.059401
v -0.005952 -0.002147 0.059401
v -0.006300 -0.000730 0.059400
v -0.004303 0.004533 0.059400
v -0.003102 -0.005364 0.059400
v -0.006300 0.000730 0.059400
v -0.003102 0.005363 0.059400
v -0.001738 0.005881 0.059401
v 0.012912 0.000000 0.051846
v 0.012954 0.006664 0.051449
v 0.012912 0.006676 0.051654
v 0.013073 0.006650 0.051220
v 0.013332 -0.006874 0.052405
v 0.013122 0.000000 0.052441
v 0.013332 -0.000000 0.052607
v 0.013072 0.000000 0.051410
v 0.012953 -0.000000 0.051640
v 0.013122 -0.006863 0.052238
v 0.012991 -0.000001 0.052245
v 0.012990 -0.006852 0.052044
v 0.013223 0.000000 0.051257
v 0.013224 0.006642 0.051064
v 0.013477 -0.006785 0.050925
v 0.013224 -0.006793 0.051055
v 0.013478 0.006634 0.050934
v 0.013659 -0.006783 0.050888
v 0.013477 0.000000 0.051123
v 0.013659 0.006632 0.050898
v 0.013658 -0.000000 0.051089
v 0.012925 -0.006840 0.051841
v 0.012924 0.000000 0.052043
v 0.012913 -0.006828 0.051645
v 0.012951 -0.006817 0.051440
v 0.013466 0.006723 0.052472
v 0.013466 -0.006876 0.052462
v 0.013466 -0.000000 0.052666
v 0.013331 0.006719 0.052413
v 0.013073 -0.006802 0.051210
v 0.013122 0.006709 0.052248
v 0.012990 0.006699 0.052053
v 0.012925 0.006687 0.051852
v 0.012915 -0.000000 0.054683
v 0.012957 -0.006620 0.054676
v 0.012914 -0.006608 0.054495
v 0.013319 0.006699 0.053697
v 0.013112 0.000000 0.054060
v 0.013319 -0.000000 0.053894
v 0.013067 -0.006630 0.054885
v 0.013066 -0.000000 0.055076
v 0.012957 0.000000 0.054867
v 0.013237 0.006777 0.055050
v 0.013067 0.006768 0.054877
v 0.013112 0.006708 0.053868
v 0.012986 0.000000 0.054256
v 0.012986 0.006720 0.054061
v 0.013237 -0.000001 0.055246
v 0.013237 -0.006640 0.055057
v 0.013479 0.006785 0.055173
v 0.013479 -0.000000 0.055370
v 0.013479 -0.006648 0.055181
v 0.012922 0.006732 0.054270
v 0.012922 -0.000000 0.054466
v 0.013688 -0.006649 0.055217
v 0.013690 -0.000000 0.055405
v 0.013689 0.006787 0.055209
v 0.012916 0.006745 0.054487
v 0.013498 0.000000 0.053818
v 0.013497 -0.006558 0.053631
v 0.012957 0.006755 0.054667
v 0.013319 -0.006563 0.053705
v 0.013497 0.006694 0.053623
v 0.013112 -0.006573 0.053875
v 0.012985 -0.006584 0.054070
v 0.012921 -0.006595 0.054278
v 0.025486 0.000950 -0.031088
v 0.025355 0.001400 -0.031071
v 0.025486 0.000943 -0.031070
v 0.025533 0.000710 -0.031071
v 0.025484 0.000918 -0.031311
v 0.025168 0.001825 -0.031328
v 0.025172 0.001840 -0.031071
v 0.025169 0.001711 -0.031751
v 0.025485 0.000833 -0.031518
v 0.024665 0.002646 -0.031133
v 0.023997 0.003314 -0.031071
v 0.024668 0.002643 -0.031071
v 0.025170 0.001501 -0.032134
v 0.025484 0.000703 -0.031702
v 0.024665 0.002555 -0.031752
v 0.025485 0.000331 -0.031953
v 0.025484 0.000532 -0.031850
v 0.025586 0.000238 -0.031072
v 0.025170 0.001206 -0.032458
v 0.024664 0.002321 -0.032337
v 0.023993 0.003281 -0.031542
v 0.025169 0.000844 -0.032701
v 0.024665 0.001956 -0.032845
v 0.023992 0.003076 -0.032301
v 0.023191 0.003819 -0.031164
v 0.022296 0.004133 -0.031070
v 0.023193 0.003820 -0.031071
v 0.025169 0.000434 -0.032853
v 0.025485 0.000112 -0.032006
v 0.024664 0.001481 -0.033257
v 0.023993 0.002698 -0.032989
v 0.023190 0.003687 -0.032061
v 0.025170 -0.000000 -0.032906
v 0.025485 -0.000113 -0.032006
v 0.024665 0.000923 -0.033542
v 0.023993 0.002167 -0.033572
v 0.023190 0.003349 -0.032899
v 0.022296 0.004090 -0.031662
v 0.021353 0.004239 -0.031071
v 0.021354 0.004131 -0.032011
v 0.025484 -0.000532 -0.031850
v 0.025485 -0.000332 -0.031953
v 0.025586 -0.000238 -0.031071
v 0.025169 -0.000434 -0.032854
v 0.024665 0.000314 -0.033690
v 0.023993 0.001517 -0.034011
v 0.023190 0.002822 -0.033635
v 0.022297 0.003833 -0.032607
v 0.021353 0.003816 -0.032907
v 0.025169 -0.000844 -0.032702
v 0.024665 -0.000314 -0.033690
v 0.023994 0.000780 -0.034286
v 0.023191 0.002136 -0.034228
v 0.022295 0.003362 -0.033465
v 0.021353 0.003311 -0.033708
v 0.025170 -0.001206 -0.032458
v 0.025484 -0.000703 -0.031703
v 0.024665 -0.000923 -0.033542
v 0.023992 0.000000 -0.034380
v 0.023190 0.001333 -0.034641
v 0.022295 0.002703 -0.034189
v 0.021353 0.002640 -0.034376
v 0.025170 -0.001501 -0.032134
v 0.025485 -0.000833 -0.031518
v 0.024664 -0.001481 -0.033256
v 0.023994 -0.000780 -0.034285
v 0.023190 0.000453 -0.034855
v 0.022296 0.001891 -0.034738
v 0.021353 0.001837 -0.034881
v 0.025486 -0.000950 -0.031087
v 0.025355 -0.001400 -0.031071
v 0.025484 -0.000918 -0.031310
v 0.025533 -0.000710 -0.031071
v 0.025486 -0.000943 -0.031071
v 0.025169 -0.001711 -0.031750
v 0.024665 -0.001956 -0.032845
v 0.023993 -0.001517 -0.034010
v 0.023190 -0.000453 -0.034856
v 0.022295 0.000973 -0.035079
v 0.021354 0.000942 -0.035195
v 0.025168 -0.001825 -0.031329
v 0.025172 -0.001840 -0.031071
v 0.024664 -0.002321 -0.032337
v 0.023993 -0.002168 -0.033572
v 0.023190 -0.001333 -0.034641
v 0.022296 0.000000 -0.035194
v 0.021354 -0.000942 -0.035195
v 0.021353 0.000000 -0.035302
v 0.024665 -0.002555 -0.031753
v 0.023993 -0.002698 -0.032989
v 0.023191 -0.002138 -0.034228
v 0.022295 -0.000973 -0.035079
v 0.021353 -0.001837 -0.034881
v 0.024665 -0.002646 -0.031132
v 0.024668 -0.002643 -0.031072
v 0.023997 -0.003314 -0.031071
v 0.023992 -0.003076 -0.032301
v 0.023190 -0.002822 -0.033635
v 0.022296 -0.001891 -0.034738
v 0.021353 -0.002640 -0.034377
v 0.023993 -0.003282 -0.031542
v 0.023190 -0.003349 -0.032900
v 0.022295 -0.002703 -0.034189
v 0.021353 -0.003311 -0.033708
v 0.023190 -0.003687 -0.032061
v 0.022295 -0.003362 -0.033465
v 0.021353 -0.003816 -0.032907
v 0.023191 -0.003819 -0.031164
v 0.023193 -0.003820 -0.031070
v 0.022296 -0.004133 -0.031070
v 0.022297 -0.003833 -0.032607
v 0.021354 -0.004131 -0.032011
v 0.022296 -0.004090 -0.031661
v 0.021353 -0.004239 -0.031071
v 0.025536 0.000688 -0.031148
v 0.025566 0.000474 -0.031071
v 0.025548 0.000541 -0.031356
v 0.025557 0.000390 -0.031448
v 0.025565 0.000085 -0.031537
v 0.025592 0.000000 -0.031071
v 0.025565 -0.000086 -0.031537
v 0.025557 -0.000390 -0.031448
v 0.025548 -0.000541 -0.031355
v 0.025566 -0.000474 -0.031071
v 0.025536 -0.000689 -0.031148
v 0.025569 0.000393 -0.031275
v 0.025579 0.000240 -0.031311
v 0.025579 -0.000240 -0.031311
v 0.025569 -0.000393 -0.031275
v 0.025578 0.000319 -0.031234
v 0.025578 0.000356 -0.031071
v 0.025586 0.000167 -0.031239
v 0.025586 -0.000167 -0.031238
v 0.025578 -0.000356 -0.031071
v 0.025578 -0.000319 -0.031234
v 0.019513 -0.003820 -0.031071
v 0.020409 -0.004133 -0.031070
v 0.020409 0.004133 -0.031070
v 0.019513 0.003820 -0.031071
v 0.018709 0.003314 -0.031070
v 0.018039 0.002643 -0.031070
v 0.017534 0.001840 -0.031070
v 0.017352 0.001400 -0.031070
v 0.017174 0.000710 -0.031070
v 0.017141 0.000474 -0.031071
v 0.017222 0.000943 -0.031070
v 0.017130 -0.000356 -0.031071
v 0.017141 -0.000474 -0.031070
v 0.017121 -0.000238 -0.031070
v 0.017115 0.000000 -0.031070
v 0.017121 0.000238 -0.031070
v 0.017130 0.000356 -0.031071
v 0.017222 -0.000943 -0.031070
v 0.017352 -0.001400 -0.031070
v 0.017174 -0.000710 -0.031071
v 0.017534 -0.001840 -0.031070
v 0.018039 -0.002643 -0.031069
v 0.018709 -0.003314 -0.031070
v 0.020412 0.004132 -0.031172
v 0.020411 0.003990 -0.032143
v 0.020411 0.003623 -0.033050
v 0.019517 0.003780 -0.031614
v 0.020411 0.003054 -0.033847
v 0.019516 0.003543 -0.032489
v 0.018714 0.003316 -0.031150
v 0.020411 0.002313 -0.034486
v 0.019517 0.003108 -0.033281
v 0.018714 0.003201 -0.031929
v 0.020410 0.001442 -0.034934
v 0.019516 0.002497 -0.033952
v 0.018714 0.002908 -0.032658
v 0.018042 0.002619 -0.031445
v 0.020411 0.000490 -0.035165
v 0.019517 0.001748 -0.034459
v 0.018714 0.002451 -0.033295
v 0.018043 0.002455 -0.032050
v 0.017537 0.001844 -0.031109
v 0.020411 -0.000490 -0.035165
v 0.019517 0.000899 -0.034774
v 0.018715 0.001856 -0.033811
v 0.018042 0.002154 -0.032600
v 0.017538 0.001781 -0.031543
v 0.020410 -0.001442 -0.034934
v 0.019517 0.000000 -0.034882
v 0.018713 0.001156 -0.034168
v 0.018042 0.001731 -0.033064
v 0.017537 0.001617 -0.031949
v 0.017223 0.000940 -0.031198
v 0.020411 -0.002313 -0.034486
v 0.019517 -0.000899 -0.034775
v 0.018714 0.000393 -0.034354
v 0.018043 0.001210 -0.033415
v 0.017537 0.001363 -0.032303
v 0.017223 0.000882 -0.031417
v 0.020411 -0.003054 -0.033847
v 0.019517 -0.001748 -0.034458
v 0.018714 -0.000393 -0.034355
v 0.018043 0.000623 -0.033634
v 0.017538 0.001032 -0.032590
v 0.017224 0.000774 -0.031612
v 0.020411 -0.003623 -0.033050
v 0.019516 -0.002498 -0.033952
v 0.018713 -0.001157 -0.034169
v 0.018043 0.000000 -0.033707
v 0.017538 0.000643 -0.032790
v 0.017222 0.000622 -0.031780
v 0.020411 -0.003990 -0.032142
v 0.019517 -0.003108 -0.033282
v 0.018715 -0.001856 -0.033810
v 0.018043 -0.000623 -0.033634
v 0.017538 0.000219 -0.032893
v 0.017222 0.000435 -0.031907
v 0.020412 -0.004132 -0.031172
v 0.019516 -0.003543 -0.032490
v 0.018714 -0.002451 -0.033296
v 0.018043 -0.001211 -0.033415
v 0.017538 -0.000219 -0.032893
v 0.017222 0.000224 -0.031985
v 0.019517 -0.003780 -0.031615
v 0.018714 -0.002908 -0.032657
v 0.018042 -0.001731 -0.033064
v 0.017538 -0.000644 -0.032790
v 0.017222 0.000000 -0.032011
v 0.018714 -0.003201 -0.031929
v 0.018042 -0.002154 -0.032600
v 0.017538 -0.001032 -0.032589
v 0.017222 -0.000224 -0.031986
v 0.018714 -0.003316 -0.031150
v 0.018043 -0.002455 -0.032050
v 0.017537 -0.001364 -0.032303
v 0.017222 -0.000435 -0.031906
v 0.018042 -0.002619 -0.031445
v 0.017537 -0.001617 -0.031949
v 0.017222 -0.000622 -0.031780
v 0.017538 -0.001781 -0.031543
v 0.017224 -0.000773 -0.031612
v 0.017537 -0.001844 -0.031110
v 0.017223 -0.000882 -0.031417
v 0.017223 -0.000941 -0.031198
v 0.017160 0.000558 -0.031323
v 0.017159 0.000523 -0.031386
v 0.017150 0.000412 -0.031423
v 0.017149 0.000366 -0.031470
v 0.017143 0.000112 -0.031532
v 0.017142 0.000058 -0.031542
v 0.017142 -0.000058 -0.031542
v 0.017143 -0.000113 -0.031531
v 0.017149 -0.000366 -0.031470
v 0.017150 -0.000412 -0.031424
v 0.017159 -0.000523 -0.031386
v 0.017160 -0.000558 -0.031323
v 0.017136 0.000400 -0.031263
v 0.017138 0.000387 -0.031285
v 0.017129 0.000247 -0.031302
v 0.017129 0.000233 -0.031317
v 0.017129 -0.000233 -0.031318
v 0.017129 -0.000248 -0.031303
v 0.017138 -0.000387 -0.031286
v 0.017136 -0.000400 -0.031263
v 0.017130 0.000321 -0.031229
v 0.017130 0.000316 -0.031239
v 0.017122 0.000170 -0.031236
v 0.017122 0.000165 -0.031240
v 0.017122 -0.000165 -0.031240
v 0.017122 -0.000170 -0.031235
v 0.017130 -0.000316 -0.031239
v 0.017130 -0.000321 -0.031228
v -0.002703 -0.012498 -0.022587
v -0.002213 -0.012465 -0.023127
v -0.002618 -0.012465 -0.022541
v -0.002791 -0.012510 -0.022633
v -0.002359 -0.012510 -0.023258
v -0.002287 -0.012498 -0.023190
v -0.002789 -0.012412 -0.021855
v -0.002481 -0.012341 -0.022468
v -0.002720 -0.012341 -0.021838
v -0.002800 -0.012341 -0.021168
v -0.002871 -0.012412 -0.021168
v -0.002543 -0.012412 -0.022502
v -0.002872 -0.012465 -0.021874
v -0.002957 -0.012464 -0.021169
v -0.002963 -0.012498 -0.021898
v -0.003053 -0.012498 -0.021168
v -0.003061 -0.012510 -0.021922
v -0.002714 -0.012160 -0.021169
v -0.002635 -0.012059 -0.021769
v -0.002703 -0.012060 -0.021168
v -0.003152 -0.012510 -0.021169
v 0.002641 -0.012160 -0.021772
v 0.002709 -0.012160 -0.021168
v 0.002698 -0.012060 -0.021169
v 0.002630 -0.012059 -0.021769
v 0.002673 -0.012255 -0.021780
v 0.002742 -0.012255 -0.021169
v 0.002440 -0.012160 -0.022343
v 0.002430 -0.012060 -0.022340
v 0.002725 -0.012341 -0.021793
v 0.002795 -0.012341 -0.021170
v 0.002470 -0.012255 -0.022360
v 0.002794 -0.012412 -0.021807
v 0.002866 -0.012412 -0.021168
v 0.002118 -0.012160 -0.022860
v 0.002107 -0.012060 -0.022851
v 0.002519 -0.012341 -0.022383
v 0.002877 -0.012464 -0.021826
v 0.002952 -0.012465 -0.021169
v 0.002144 -0.012255 -0.022880
v 0.002584 -0.012412 -0.022413
v 0.002970 -0.012498 -0.021847
v 0.003055 -0.012510 -0.021923
v 0.003147 -0.012510 -0.021168
v 0.003047 -0.012498 -0.021169
v 0.001687 -0.012160 -0.023289
v 0.001680 -0.012060 -0.023280
v 0.002184 -0.012341 -0.022914
v 0.002661 -0.012465 -0.022451
v 0.001537 -0.012160 -0.023399
v 0.001169 -0.012060 -0.023601
v 0.001708 -0.012255 -0.023315
v 0.002242 -0.012412 -0.022957
v 0.002745 -0.012498 -0.022492
v 0.002787 -0.012510 -0.022632
v 0.001556 -0.012255 -0.023428
v 0.001174 -0.012160 -0.023611
v 0.001741 -0.012341 -0.023356
v 0.002308 -0.012465 -0.023010
v 0.001587 -0.012341 -0.023472
v 0.000958 -0.012160 -0.023704
v 0.000600 -0.012060 -0.023800
v 0.001188 -0.012255 -0.023641
v 0.001787 -0.012412 -0.023414
v 0.002382 -0.012498 -0.023072
v 0.002355 -0.012510 -0.023258
v 0.001627 -0.012412 -0.023530
v 0.000971 -0.012254 -0.023735
v 0.000601 -0.012160 -0.023812
v 0.001212 -0.012341 -0.023688
v 0.001840 -0.012465 -0.023480
v 0.001675 -0.012465 -0.023602
v 0.000989 -0.012341 -0.023784
v 0.000324 -0.012160 -0.023861
v -0.000002 -0.012060 -0.023868
v 0.000608 -0.012255 -0.023844
v 0.001242 -0.012411 -0.023754
v 0.001899 -0.012498 -0.023553
v 0.001787 -0.012510 -0.023762
v 0.001730 -0.012498 -0.023679
v 0.001015 -0.012412 -0.023851
v 0.000329 -0.012255 -0.023892
v -0.000003 -0.012160 -0.023881
v 0.000621 -0.012341 -0.023897
v 0.001280 -0.012465 -0.023831
v 0.001045 -0.012465 -0.023930
v 0.000336 -0.012341 -0.023946
v -0.000003 -0.012255 -0.023913
v -0.000329 -0.012160 -0.023860
v -0.000604 -0.012060 -0.023801
v 0.000635 -0.012412 -0.023965
v 0.001321 -0.012498 -0.023915
v 0.001113 -0.012510 -0.024113
v -0.000607 -0.012160 -0.023812
v 0.001080 -0.012498 -0.024021
v 0.000343 -0.012411 -0.024016
v -0.000001 -0.012341 -0.023967
v -0.000334 -0.012255 -0.023894
v 0.000656 -0.012465 -0.024050
v -0.000613 -0.012255 -0.023844
v 0.000355 -0.012465 -0.024101
v -0.000001 -0.012412 -0.024036
v -0.000340 -0.012341 -0.023945
v -0.000964 -0.012160 -0.023704
v -0.001175 -0.012060 -0.023601
v 0.000676 -0.012498 -0.024142
v 0.000377 -0.012510 -0.024296
v -0.001179 -0.012160 -0.023611
v -0.000625 -0.012341 -0.023896
v 0.000364 -0.012498 -0.024196
v -0.000002 -0.012465 -0.024123
v -0.000348 -0.012411 -0.024017
v -0.000976 -0.012255 -0.023735
v -0.001192 -0.012255 -0.023641
v -0.000641 -0.012412 -0.023965
v -0.000002 -0.012498 -0.024218
v -0.000382 -0.012510 -0.024295
v -0.000359 -0.012465 -0.024101
v -0.000995 -0.012341 -0.023785
v -0.001542 -0.012160 -0.023399
v -0.001685 -0.012060 -0.023278
v -0.001693 -0.012160 -0.023289
v -0.001217 -0.012341 -0.023688
v -0.000661 -0.012465 -0.024050
v -0.000370 -0.012498 -0.024197
v -0.001020 -0.012412 -0.023851
v -0.001561 -0.012255 -0.023427
v -0.001714 -0.012255 -0.023314
v -0.001247 -0.012411 -0.023754
v -0.000681 -0.012498 -0.024142
v -0.001119 -0.012510 -0.024113
v -0.001050 -0.012465 -0.023932
v -0.001592 -0.012341 -0.023472
v -0.002032 -0.012160 -0.022967
v -0.002112 -0.012060 -0.022851
v -0.001747 -0.012341 -0.023356
v -0.001284 -0.012465 -0.023832
v -0.001085 -0.012498 -0.024020
v -0.001631 -0.012412 -0.023530
v -0.002058 -0.012255 -0.022987
v -0.001792 -0.012412 -0.023413
v -0.001328 -0.012498 -0.023916
v -0.001791 -0.012510 -0.023759
v -0.001680 -0.012465 -0.023600
v -0.002096 -0.012341 -0.023024
v -0.002404 -0.012160 -0.022428
v -0.002436 -0.012060 -0.022339
v -0.001845 -0.012465 -0.023479
v -0.001736 -0.012498 -0.023679
v -0.002150 -0.012412 -0.023069
v -0.002433 -0.012254 -0.022443
v -0.001904 -0.012498 -0.023553
v -0.002635 -0.012160 -0.021817
v -0.002667 -0.012255 -0.021826
v -0.002747 -0.012255 -0.021168
v 0.002698 -0.009966 -0.022586
v 0.002208 -0.009999 -0.023127
v 0.002614 -0.009999 -0.022542
v 0.002787 -0.009954 -0.022632
v 0.002355 -0.009954 -0.023258
v 0.002280 -0.009966 -0.023190
v 0.002784 -0.010052 -0.021855
v 0.002475 -0.010123 -0.022469
v 0.002715 -0.010123 -0.021838
v 0.002795 -0.010123 -0.021169
v 0.002866 -0.010052 -0.021167
v 0.002538 -0.010052 -0.022503
v 0.002867 -0.009999 -0.021877
v 0.002952 -0.009999 -0.021169
v 0.002959 -0.009966 -0.021898
v 0.003047 -0.009966 -0.021169
v 0.003055 -0.009954 -0.021924
v 0.002709 -0.010304 -0.021168
v 0.002630 -0.010404 -0.021770
v 0.002698 -0.010404 -0.021168
v 0.003147 -0.009954 -0.021168
v -0.002644 -0.010304 -0.021771
v -0.002714 -0.010304 -0.021168
v -0.002703 -0.010404 -0.021169
v -0.002635 -0.010404 -0.021768
v -0.002679 -0.010209 -0.021778
v -0.002747 -0.010209 -0.021168
v -0.002445 -0.010304 -0.022345
v -0.002436 -0.010404 -0.022340
v -0.002731 -0.010123 -0.021790
v -0.002800 -0.010123 -0.021169
v -0.002476 -0.010209 -0.022358
v -0.002800 -0.010052 -0.021807
v -0.002871 -0.010052 -0.021168
v -0.002122 -0.010304 -0.022858
v -0.002112 -0.010404 -0.022852
v -0.002523 -0.010122 -0.022383
v -0.002884 -0.009999 -0.021826
v -0.002957 -0.009999 -0.021168
v -0.002147 -0.010209 -0.022880
v -0.002588 -0.010052 -0.022412
v -0.002976 -0.009966 -0.021847
v -0.003061 -0.009954 -0.021922
v -0.003152 -0.009954 -0.021169
v -0.003053 -0.009966 -0.021169
v -0.001693 -0.010304 -0.023289
v -0.001685 -0.010404 -0.023278
v -0.002191 -0.010123 -0.022912
v -0.002666 -0.009999 -0.022449
v -0.001542 -0.010304 -0.023399
v -0.001175 -0.010404 -0.023600
v -0.001714 -0.010209 -0.023313
v -0.002246 -0.010052 -0.022957
v -0.002750 -0.009966 -0.022491
v -0.002791 -0.009954 -0.022633
v -0.001561 -0.010209 -0.023427
v -0.001179 -0.010304 -0.023611
v -0.001747 -0.010123 -0.023355
v -0.002313 -0.009999 -0.023010
v -0.001592 -0.010123 -0.023472
v -0.000964 -0.010304 -0.023704
v -0.000604 -0.010404 -0.023801
v -0.001192 -0.010209 -0.023641
v -0.001792 -0.010052 -0.023412
v -0.002386 -0.009966 -0.023069
v -0.002359 -0.009954 -0.023258
v -0.001631 -0.010052 -0.023529
v -0.000976 -0.010209 -0.023735
v -0.000607 -0.010304 -0.023812
v -0.001217 -0.010123 -0.023688
v -0.001845 -0.009999 -0.023480
v -0.001680 -0.009999 -0.023601
v -0.000995 -0.010123 -0.023786
v -0.000329 -0.010304 -0.023860
v -0.000002 -0.010404 -0.023868
v -0.000613 -0.010209 -0.023845
v -0.001247 -0.010052 -0.023755
v -0.001904 -0.009966 -0.023552
v -0.001791 -0.009954 -0.023760
v -0.001736 -0.009966 -0.023680
v -0.001020 -0.010052 -0.023851
v -0.000334 -0.010209 -0.023894
v -0.000003 -0.010304 -0.023880
v -0.000625 -0.010123 -0.023897
v -0.001284 -0.009998 -0.023831
v -0.001050 -0.009999 -0.023931
v -0.000340 -0.010123 -0.023945
v -0.000003 -0.010208 -0.023914
v 0.000324 -0.010304 -0.023860
v 0.000600 -0.010403 -0.023800
v -0.000641 -0.010052 -0.023966
v -0.001328 -0.009966 -0.023917
v -0.001119 -0.009954 -0.024114
v 0.000601 -0.010304 -0.023812
v -0.001085 -0.009966 -0.024020
v -0.000348 -0.010052 -0.024017
v -0.000001 -0.010123 -0.023967
v 0.000329 -0.010209 -0.023893
v -0.000661 -0.009998 -0.024050
v 0.000608 -0.010209 -0.023844
v -0.000359 -0.009999 -0.024102
v -0.000001 -0.010052 -0.024037
v 0.000336 -0.010123 -0.023946
v 0.000958 -0.010304 -0.023703
v 0.001169 -0.010404 -0.023601
v -0.000681 -0.009966 -0.024142
v -0.000382 -0.009954 -0.024296
v 0.001174 -0.010304 -0.023610
v 0.000621 -0.010123 -0.023897
v -0.000370 -0.009966 -0.024196
v -0.000002 -0.009999 -0.024124
v 0.000343 -0.010052 -0.024017
v 0.000971 -0.010209 -0.023736
v 0.001188 -0.010209 -0.023641
v 0.000635 -0.010052 -0.023965
v -0.000002 -0.009966 -0.024218
v 0.000377 -0.009954 -0.024296
v 0.000355 -0.009999 -0.024102
v 0.000989 -0.010122 -0.023785
v 0.001537 -0.010304 -0.023399
v 0.001680 -0.010404 -0.023279
v 0.001687 -0.010304 -0.023288
v 0.001212 -0.010123 -0.023689
v 0.000656 -0.009998 -0.024050
v 0.000364 -0.009966 -0.024196
v 0.001015 -0.010052 -0.023851
v 0.001556 -0.010209 -0.023428
v 0.001708 -0.010209 -0.023315
v 0.001242 -0.010052 -0.023754
v 0.000676 -0.009966 -0.024142
v 0.001113 -0.009954 -0.024113
v 0.001045 -0.009999 -0.023931
v 0.001587 -0.010123 -0.023472
v 0.002028 -0.010304 -0.022968
v 0.002107 -0.010404 -0.022852
v 0.001741 -0.010123 -0.023356
v 0.001280 -0.009998 -0.023831
v 0.001080 -0.009966 -0.024020
v 0.001627 -0.010052 -0.023530
v 0.002052 -0.010209 -0.022988
v 0.001787 -0.010051 -0.023414
v 0.001321 -0.009966 -0.023916
v 0.001787 -0.009954 -0.023761
v 0.001675 -0.009999 -0.023602
v 0.002092 -0.010123 -0.023023
v 0.002399 -0.010304 -0.022429
v 0.002430 -0.010404 -0.022340
v 0.001840 -0.009999 -0.023479
v 0.001730 -0.009965 -0.023679
v 0.002144 -0.010052 -0.023070
v 0.002428 -0.010209 -0.022444
v 0.001899 -0.009966 -0.023553
v 0.002629 -0.010304 -0.021818
v 0.002663 -0.010209 -0.021825
v 0.002742 -0.010209 -0.021169
v -0.000002 -0.010404 -0.018468
v 0.000599 -0.010404 -0.018536
v -0.000002 -0.012060 -0.018468
v 0.000599 -0.012060 -0.018537
v 0.001169 -0.010404 -0.018735
v 0.001169 -0.012060 -0.018735
v 0.001680 -0.010404 -0.019058
v 0.001680 -0.012060 -0.019057
v 0.002108 -0.010403 -0.019486
v 0.002108 -0.012060 -0.019486
v 0.002431 -0.010404 -0.019997
v 0.002431 -0.012060 -0.019997
v 0.002630 -0.010404 -0.020567
v 0.002630 -0.012060 -0.020566
v 0.005630 -0.012510 -0.027469
v 0.003056 -0.012510 -0.020414
v 0.005549 -0.012510 -0.028227
v 0.005312 -0.012510 -0.028952
v -0.002360 -0.012510 -0.019079
v -0.001792 -0.012510 -0.018575
v 0.004927 -0.012510 -0.029607
v -0.002792 -0.012510 -0.019704
v 0.004411 -0.012510 -0.030168
v -0.004418 -0.012509 -0.030168
v -0.005638 -0.012510 -0.027466
v -0.003061 -0.012510 -0.020413
v -0.001120 -0.012510 -0.018223
v -0.000382 -0.012510 -0.018043
v 0.000376 -0.012510 -0.018043
v 0.001114 -0.012510 -0.018223
v 0.001787 -0.012510 -0.018576
v 0.002356 -0.012510 -0.019079
v 0.002786 -0.012510 -0.019705
v -0.005556 -0.012510 -0.028225
v -0.005319 -0.012510 -0.028950
v -0.004933 -0.012510 -0.029607
v -0.005638 -0.009954 -0.027467
v 0.004411 -0.009954 -0.030168
v 0.004927 -0.009954 -0.029608
v -0.003061 -0.009954 -0.020414
v 0.002356 -0.009954 -0.019079
v 0.001787 -0.009954 -0.018576
v -0.005556 -0.009954 -0.028224
v -0.005319 -0.009954 -0.028949
v 0.002786 -0.009954 -0.019705
v -0.004933 -0.009954 -0.029607
v 0.001114 -0.009954 -0.018223
v -0.004418 -0.009954 -0.030169
v 0.003056 -0.009954 -0.020414
v 0.005630 -0.009954 -0.027470
v 0.000376 -0.009954 -0.018042
v -0.000382 -0.009954 -0.018042
v -0.001120 -0.009954 -0.018222
v -0.001792 -0.009953 -0.018576
v -0.002360 -0.009953 -0.019079
v -0.002792 -0.009954 -0.019705
v 0.005549 -0.009954 -0.028226
v 0.005312 -0.009954 -0.028951
v -0.002038 -0.011755 -0.031068
v -0.002038 -0.010709 -0.031068
v 0.002030 -0.010709 -0.031069
v 0.002030 -0.011755 -0.031069
v -0.003787 -0.012136 -0.030614
v -0.003137 -0.011899 -0.030897
v -0.002589 -0.011791 -0.031025
v 0.003358 -0.011967 -0.030815
v 0.002701 -0.011808 -0.031005
v 0.003917 -0.012203 -0.030535
v 0.003779 -0.010327 -0.030614
v 0.003130 -0.010565 -0.030896
v 0.002583 -0.010673 -0.031026
v -0.003365 -0.010497 -0.030814
v -0.002707 -0.010656 -0.031006
v -0.003924 -0.010261 -0.030535
v -0.002635 -0.010404 -0.020566
v -0.002635 -0.012060 -0.020566
v -0.002435 -0.010404 -0.019997
v -0.002435 -0.012060 -0.019996
v -0.002113 -0.010404 -0.019484
v -0.002113 -0.012060 -0.019484
v -0.001686 -0.010404 -0.019057
v -0.001686 -0.012060 -0.019057
v -0.001174 -0.010404 -0.018735
v -0.001174 -0.012060 -0.018735
v -0.000603 -0.010404 -0.018536
v -0.000603 -0.012060 -0.018536
v -0.002719 -0.010122 -0.020499
v -0.002433 -0.010209 -0.019894
v -0.002667 -0.010209 -0.020512
v -0.002702 -0.009966 -0.019750
v -0.002214 -0.009999 -0.019208
v -0.002618 -0.009999 -0.019795
v -0.002287 -0.009966 -0.019147
v -0.002789 -0.010052 -0.020480
v -0.002544 -0.010052 -0.019834
v -0.002481 -0.010123 -0.019866
v -0.002871 -0.009999 -0.020460
v -0.002963 -0.009966 -0.020439
v 0.002642 -0.010304 -0.020565
v 0.002673 -0.010209 -0.020558
v 0.002441 -0.010303 -0.019992
v 0.002725 -0.010123 -0.020546
v 0.002471 -0.010209 -0.019978
v 0.002795 -0.010052 -0.020531
v 0.002116 -0.010304 -0.019478
v 0.002518 -0.010123 -0.019953
v 0.002879 -0.009999 -0.020511
v 0.002144 -0.010209 -0.019456
v 0.002584 -0.010052 -0.019924
v 0.002971 -0.009966 -0.020491
v 0.001687 -0.010304 -0.019049
v 0.002186 -0.010123 -0.019424
v 0.002659 -0.009999 -0.019887
v 0.001535 -0.010304 -0.018938
v 0.001709 -0.010209 -0.019023
v 0.002242 -0.010052 -0.019379
v 0.002746 -0.009965 -0.019846
v 0.001557 -0.010209 -0.018910
v 0.001175 -0.010304 -0.018726
v 0.001741 -0.010123 -0.018980
v 0.002307 -0.009999 -0.019326
v 0.001586 -0.010123 -0.018865
v 0.000958 -0.010303 -0.018633
v 0.001188 -0.010209 -0.018695
v 0.001786 -0.010052 -0.018925
v 0.002381 -0.009966 -0.019266
v 0.001628 -0.010052 -0.018807
v 0.000970 -0.010209 -0.018602
v 0.000600 -0.010304 -0.018526
v 0.001212 -0.010123 -0.018648
v 0.001839 -0.009999 -0.018859
v 0.001675 -0.009999 -0.018736
v 0.000989 -0.010123 -0.018552
v 0.000325 -0.010304 -0.018476
v 0.000609 -0.010209 -0.018493
v 0.001242 -0.010052 -0.018582
v 0.001898 -0.009966 -0.018785
v 0.001730 -0.009966 -0.018659
v 0.001015 -0.010052 -0.018485
v 0.000328 -0.010209 -0.018443
v -0.000003 -0.010304 -0.018456
v 0.000621 -0.010123 -0.018439
v 0.001279 -0.009999 -0.018506
v 0.001045 -0.009999 -0.018405
v 0.000336 -0.010123 -0.018391
v -0.000003 -0.010209 -0.018424
v -0.000329 -0.010304 -0.018477
v 0.000636 -0.010052 -0.018371
v 0.001321 -0.009966 -0.018421
v -0.000607 -0.010304 -0.018526
v 0.001079 -0.009966 -0.018316
v 0.000342 -0.010052 -0.018319
v -0.000003 -0.010123 -0.018371
v -0.000335 -0.010209 -0.018445
v 0.000655 -0.009999 -0.018288
v -0.000614 -0.010209 -0.018492
v 0.000354 -0.009999 -0.018238
v -0.000003 -0.010052 -0.018298
v -0.000339 -0.010123 -0.018390
v -0.000964 -0.010304 -0.018635
v 0.000676 -0.009966 -0.018195
v -0.001178 -0.010304 -0.018725
v -0.000626 -0.010123 -0.018439
v 0.000364 -0.009966 -0.018140
v -0.000003 -0.009999 -0.018213
v -0.000348 -0.010052 -0.018319
v -0.000976 -0.010209 -0.018603
v -0.001194 -0.010209 -0.018695
v -0.000641 -0.010052 -0.018371
v -0.000002 -0.009966 -0.018118
v -0.000358 -0.009999 -0.018236
v -0.000994 -0.010123 -0.018552
v -0.001543 -0.010304 -0.018938
v -0.001694 -0.010303 -0.019049
v -0.001216 -0.010123 -0.018648
v -0.000660 -0.009999 -0.018286
v -0.000371 -0.009966 -0.018142
v -0.001020 -0.010052 -0.018486
v -0.001562 -0.010209 -0.018908
v -0.001713 -0.010209 -0.019023
v -0.001249 -0.010052 -0.018582
v -0.000681 -0.009966 -0.018196
v -0.001050 -0.009999 -0.018405
v -0.001592 -0.010123 -0.018865
v -0.002031 -0.010304 -0.019369
v -0.001747 -0.010123 -0.018980
v -0.001284 -0.009999 -0.018506
v -0.001085 -0.009966 -0.018316
v -0.001632 -0.010052 -0.018807
v -0.002057 -0.010209 -0.019348
v -0.001792 -0.010051 -0.018924
v -0.001324 -0.009966 -0.018421
v -0.001682 -0.009999 -0.018737
v -0.002096 -0.010123 -0.019313
v -0.002403 -0.010304 -0.019907
v -0.001846 -0.009998 -0.018859
v -0.001735 -0.009966 -0.018658
v -0.002149 -0.010052 -0.019266
v -0.001903 -0.009966 -0.018784
v -0.002636 -0.010304 -0.020519
v 0.002699 -0.012498 -0.019751
v 0.002280 -0.012498 -0.019148
v 0.002208 -0.012465 -0.019210
v 0.002785 -0.012412 -0.020481
v 0.002538 -0.012412 -0.019835
v 0.002475 -0.012341 -0.019869
v 0.002715 -0.012341 -0.020500
v 0.002867 -0.012465 -0.020460
v 0.002614 -0.012465 -0.019796
v 0.002959 -0.012498 -0.020440
v -0.002646 -0.012160 -0.020565
v -0.002678 -0.012255 -0.020558
v -0.002445 -0.012160 -0.019991
v -0.002730 -0.012341 -0.020545
v -0.002476 -0.012255 -0.019978
v -0.002800 -0.012412 -0.020530
v -0.002121 -0.012160 -0.019477
v -0.002523 -0.012341 -0.019953
v -0.002883 -0.012465 -0.020512
v -0.002148 -0.012255 -0.019459
v -0.002587 -0.012412 -0.019925
v -0.002976 -0.012498 -0.020491
v -0.001694 -0.012160 -0.019050
v -0.002190 -0.012341 -0.019425
v -0.002666 -0.012465 -0.019886
v -0.001543 -0.012160 -0.018938
v -0.001713 -0.012255 -0.019022
v -0.002247 -0.012412 -0.019379
v -0.002751 -0.012498 -0.019846
v -0.001562 -0.012255 -0.018909
v -0.001178 -0.012160 -0.018725
v -0.001747 -0.012341 -0.018980
v -0.002313 -0.012465 -0.019327
v -0.001592 -0.012341 -0.018865
v -0.000964 -0.012160 -0.018635
v -0.001194 -0.012255 -0.018696
v -0.001792 -0.012412 -0.018924
v -0.002387 -0.012498 -0.019266
v -0.001632 -0.012412 -0.018807
v -0.000976 -0.012255 -0.018603
v -0.000607 -0.012159 -0.018525
v -0.001216 -0.012341 -0.018648
v -0.001846 -0.012465 -0.018859
v -0.001682 -0.012464 -0.018737
v -0.000994 -0.012341 -0.018552
v -0.000329 -0.012160 -0.018477
v -0.000614 -0.012255 -0.018492
v -0.001249 -0.012412 -0.018583
v -0.001903 -0.012498 -0.018784
v -0.001735 -0.012498 -0.018658
v -0.001020 -0.012412 -0.018486
v -0.000335 -0.012255 -0.018445
v -0.000003 -0.012160 -0.018456
v -0.000626 -0.012341 -0.018440
v -0.001284 -0.012465 -0.018506
v -0.001050 -0.012465 -0.018405
v -0.000339 -0.012341 -0.018391
v -0.000003 -0.012255 -0.018424
v 0.000325 -0.012160 -0.018476
v -0.000641 -0.012412 -0.018371
v -0.001325 -0.012498 -0.018421
v 0.000600 -0.012159 -0.018525
v -0.001085 -0.012498 -0.018315
v -0.000348 -0.012412 -0.018319
v -0.000003 -0.012341 -0.018372
v 0.000328 -0.012255 -0.018444
v -0.000660 -0.012465 -0.018286
v 0.000609 -0.012255 -0.018494
v -0.000358 -0.012465 -0.018236
v -0.000003 -0.012412 -0.018298
v 0.000336 -0.012341 -0.018391
v 0.000958 -0.012160 -0.018633
v -0.000681 -0.012498 -0.018195
v 0.001175 -0.012160 -0.018726
v 0.000621 -0.012341 -0.018439
v -0.000371 -0.012498 -0.018141
v -0.000003 -0.012465 -0.018214
v 0.000342 -0.012412 -0.018319
v 0.000970 -0.012255 -0.018603
v 0.001188 -0.012255 -0.018696
v 0.000636 -0.012412 -0.018372
v -0.000002 -0.012498 -0.018118
v 0.000354 -0.012465 -0.018237
v 0.000989 -0.012341 -0.018552
v 0.001535 -0.012160 -0.018938
v 0.001687 -0.012160 -0.019049
v 0.001212 -0.012341 -0.018648
v 0.000655 -0.012465 -0.018288
v 0.000364 -0.012498 -0.018140
v 0.001015 -0.012412 -0.018486
v 0.001557 -0.012255 -0.018910
v 0.001709 -0.012255 -0.019023
v 0.001242 -0.012412 -0.018582
v 0.000676 -0.012498 -0.018195
v 0.001045 -0.012465 -0.018404
v 0.001586 -0.012341 -0.018864
v 0.002028 -0.012160 -0.019369
v 0.001741 -0.012341 -0.018979
v 0.001279 -0.012465 -0.018505
v 0.001079 -0.012498 -0.018316
v 0.001628 -0.012412 -0.018807
v 0.002051 -0.012255 -0.019349
v 0.001786 -0.012412 -0.018924
v 0.001321 -0.012498 -0.018421
v 0.001675 -0.012465 -0.018737
v 0.002092 -0.012341 -0.019313
v 0.002399 -0.012160 -0.019910
v 0.001839 -0.012465 -0.018859
v 0.001730 -0.012498 -0.018658
v 0.002144 -0.012412 -0.019266
v 0.002427 -0.012255 -0.019894
v 0.001898 -0.012498 -0.018785
v 0.002629 -0.012160 -0.020519
v 0.002663 -0.012255 -0.020512
v -0.002703 0.009966 -0.022586
v -0.002287 0.009966 -0.023190
v -0.002213 0.010000 -0.023127
v -0.002359 0.009955 -0.023258
v -0.002789 0.010052 -0.021855
v -0.002481 0.010123 -0.022468
v -0.002720 0.010124 -0.021838
v -0.002800 0.010123 -0.021169
v -0.002871 0.010052 -0.021168
v 0.002630 0.010404 -0.021769
v 0.002709 0.010304 -0.021168
v 0.002698 0.010404 -0.021168
v -0.002543 0.010052 -0.022501
v -0.002872 0.009999 -0.021874
v -0.002618 0.009999 -0.022541
v -0.002957 0.009999 -0.021168
v -0.002963 0.009966 -0.021898
v -0.002791 0.009954 -0.022633
v -0.003053 0.009966 -0.021168
v -0.003061 0.009954 -0.021922
v -0.002714 0.010304 -0.021168
v -0.002635 0.010404 -0.021768
v -0.002703 0.010404 -0.021169
v -0.003152 0.009954 -0.021169
v 0.002641 0.010304 -0.021771
v 0.002430 0.010404 -0.022340
v 0.002673 0.010209 -0.021780
v 0.002742 0.010209 -0.021169
v 0.002440 0.010304 -0.022343
v 0.002725 0.010123 -0.021792
v 0.002795 0.010123 -0.021170
v 0.002470 0.010209 -0.022360
v 0.002794 0.010052 -0.021807
v 0.002866 0.010052 -0.021167
v 0.002118 0.010304 -0.022859
v 0.002107 0.010405 -0.022852
v 0.002519 0.010123 -0.022383
v 0.002877 0.009999 -0.021826
v 0.002952 0.009999 -0.021169
v 0.002144 0.010209 -0.022880
v 0.002584 0.010052 -0.022413
v 0.002970 0.009966 -0.021847
v 0.003055 0.009954 -0.021924
v 0.003147 0.009954 -0.021168
v 0.003047 0.009966 -0.021169
v 0.001687 0.010305 -0.023288
v 0.001680 0.010404 -0.023279
v 0.002184 0.010123 -0.022913
v 0.002661 0.009999 -0.022451
v 0.001537 0.010304 -0.023399
v 0.001169 0.010404 -0.023601
v 0.001708 0.010209 -0.023315
v 0.002242 0.010052 -0.022958
v 0.002745 0.009966 -0.022492
v 0.002787 0.009954 -0.022632
v 0.001556 0.010209 -0.023429
v 0.001174 0.010304 -0.023610
v 0.001741 0.010123 -0.023356
v 0.002308 0.009999 -0.023011
v 0.001587 0.010123 -0.023473
v 0.000958 0.010305 -0.023703
v 0.000600 0.010404 -0.023800
v 0.001188 0.010209 -0.023641
v 0.001787 0.010053 -0.023414
v 0.002382 0.009966 -0.023071
v 0.002355 0.009955 -0.023258
v 0.001627 0.010052 -0.023530
v 0.000971 0.010209 -0.023735
v 0.000601 0.010304 -0.023812
v 0.001212 0.010123 -0.023688
v 0.001840 0.009999 -0.023479
v 0.001675 0.009999 -0.023602
v 0.000989 0.010123 -0.023784
v 0.000324 0.010304 -0.023860
v -0.000002 0.010404 -0.023868
v 0.000608 0.010209 -0.023844
v 0.001242 0.010052 -0.023754
v 0.001899 0.009966 -0.023553
v 0.001787 0.009955 -0.023761
v 0.001730 0.009966 -0.023679
v 0.001015 0.010053 -0.023851
v 0.000329 0.010209 -0.023892
v -0.000003 0.010304 -0.023880
v 0.000621 0.010124 -0.023896
v 0.001280 0.009999 -0.023832
v 0.001045 0.009999 -0.023931
v 0.000336 0.010123 -0.023945
v -0.000003 0.010209 -0.023913
v -0.000329 0.010304 -0.023860
v -0.000604 0.010404 -0.023801
v 0.000635 0.010052 -0.023965
v 0.001321 0.009966 -0.023916
v 0.001113 0.009954 -0.024113
v -0.000607 0.010304 -0.023812
v 0.001080 0.009966 -0.024020
v 0.000343 0.010052 -0.024017
v -0.000001 0.010123 -0.023966
v -0.000334 0.010209 -0.023894
v 0.000656 0.009999 -0.024050
v -0.000613 0.010209 -0.023844
v 0.000355 0.009999 -0.024102
v -0.000001 0.010052 -0.024037
v -0.000340 0.010123 -0.023945
v -0.000964 0.010304 -0.023704
v -0.001175 0.010404 -0.023601
v 0.000676 0.009966 -0.024142
v 0.000377 0.009954 -0.024296
v -0.001179 0.010304 -0.023611
v -0.000625 0.010123 -0.023897
v 0.000364 0.009966 -0.024195
v -0.000002 0.009999 -0.024124
v -0.000348 0.010052 -0.024017
v -0.000976 0.010209 -0.023735
v -0.001192 0.010209 -0.023641
v -0.000641 0.010052 -0.023966
v -0.000002 0.009966 -0.024218
v -0.000382 0.009954 -0.024296
v -0.000359 0.009999 -0.024101
v -0.000995 0.010123 -0.023785
v -0.001542 0.010304 -0.023399
v -0.001685 0.010404 -0.023278
v -0.001693 0.010304 -0.023289
v -0.001217 0.010123 -0.023688
v -0.000661 0.009999 -0.024050
v -0.000370 0.009966 -0.024196
v -0.001020 0.010053 -0.023851
v -0.001561 0.010209 -0.023427
v -0.001714 0.010209 -0.023313
v -0.001247 0.010052 -0.023755
v -0.000681 0.009966 -0.024142
v -0.001119 0.009954 -0.024114
v -0.001050 0.009999 -0.023931
v -0.001592 0.010123 -0.023472
v -0.002032 0.010304 -0.022966
v -0.002112 0.010405 -0.022851
v -0.001747 0.010123 -0.023355
v -0.001284 0.009999 -0.023831
v -0.001085 0.009966 -0.024020
v -0.001631 0.010052 -0.023529
v -0.002058 0.010209 -0.022987
v -0.001792 0.010052 -0.023412
v -0.001328 0.009966 -0.023917
v -0.001791 0.009954 -0.023760
v -0.001680 0.009999 -0.023601
v -0.002096 0.010123 -0.023024
v -0.002404 0.010304 -0.022428
v -0.002436 0.010404 -0.022340
v -0.001845 0.009999 -0.023480
v -0.001736 0.009966 -0.023680
v -0.002150 0.010052 -0.023070
v -0.002433 0.010209 -0.022443
v -0.001904 0.009966 -0.023552
v -0.002635 0.010304 -0.021817
v -0.002667 0.010209 -0.021826
v -0.002747 0.010209 -0.021168
v 0.002698 0.012498 -0.022586
v 0.002208 0.012465 -0.023126
v 0.002614 0.012465 -0.022543
v 0.002787 0.012510 -0.022632
v 0.002355 0.012510 -0.023259
v 0.002280 0.012498 -0.023190
v 0.002784 0.012412 -0.021855
v 0.002475 0.012341 -0.022470
v 0.002715 0.012341 -0.021838
v 0.002795 0.012341 -0.021170
v 0.002866 0.012413 -0.021167
v 0.002538 0.012412 -0.022502
v 0.002867 0.012465 -0.021877
v 0.002952 0.012466 -0.021168
v 0.002959 0.012498 -0.021899
v 0.003047 0.012499 -0.021169
v 0.003055 0.012510 -0.021923
v 0.002709 0.012160 -0.021168
v 0.002630 0.012060 -0.021770
v 0.002698 0.012060 -0.021169
v 0.003147 0.012510 -0.021169
v -0.002644 0.012160 -0.021771
v -0.002714 0.012160 -0.021168
v -0.002703 0.012060 -0.021168
v -0.002635 0.012060 -0.021769
v -0.002679 0.012255 -0.021779
v -0.002747 0.012255 -0.021168
v -0.002445 0.012160 -0.022345
v -0.002436 0.012060 -0.022340
v -0.002731 0.012341 -0.021790
v -0.002800 0.012341 -0.021168
v -0.002476 0.012255 -0.022358
v -0.002800 0.012412 -0.021806
v -0.002871 0.012413 -0.021168
v -0.002122 0.012160 -0.022859
v -0.002112 0.012060 -0.022851
v -0.002523 0.012341 -0.022383
v -0.002884 0.012466 -0.021826
v -0.002957 0.012466 -0.021168
v -0.002147 0.012255 -0.022879
v -0.002588 0.012412 -0.022412
v -0.002976 0.012498 -0.021846
v -0.003061 0.012510 -0.021922
v -0.003152 0.012511 -0.021169
v -0.003053 0.012498 -0.021168
v -0.001693 0.012160 -0.023288
v -0.001685 0.012060 -0.023278
v -0.002191 0.012341 -0.022912
v -0.002666 0.012465 -0.022448
v -0.001542 0.012160 -0.023398
v -0.001175 0.012060 -0.023600
v -0.001714 0.012255 -0.023314
v -0.002246 0.012412 -0.022957
v -0.002750 0.012498 -0.022491
v -0.002791 0.012510 -0.022633
v -0.001561 0.012255 -0.023427
v -0.001179 0.012160 -0.023611
v -0.001747 0.012342 -0.023356
v -0.002313 0.012465 -0.023010
v -0.001592 0.012341 -0.023472
v -0.000964 0.012160 -0.023704
v -0.000604 0.012060 -0.023801
v -0.001192 0.012255 -0.023641
v -0.001792 0.012412 -0.023412
v -0.002386 0.012498 -0.023068
v -0.002359 0.012510 -0.023258
v -0.001631 0.012412 -0.023530
v -0.000976 0.012255 -0.023735
v -0.000607 0.012161 -0.023812
v -0.001217 0.012341 -0.023688
v -0.001845 0.012465 -0.023479
v -0.001680 0.012465 -0.023601
v -0.000995 0.012341 -0.023785
v -0.000329 0.012160 -0.023860
v -0.000002 0.012060 -0.023868
v -0.000613 0.012255 -0.023844
v -0.001247 0.012412 -0.023754
v -0.001904 0.012498 -0.023553
v -0.001791 0.012510 -0.023760
v -0.001736 0.012498 -0.023679
v -0.001020 0.012412 -0.023850
v -0.000334 0.012255 -0.023894
v -0.000003 0.012160 -0.023880
v -0.000625 0.012341 -0.023896
v -0.001284 0.012465 -0.023832
v -0.001050 0.012465 -0.023931
v -0.000340 0.012341 -0.023945
v -0.000003 0.012255 -0.023913
v 0.000324 0.012160 -0.023861
v 0.000600 0.012060 -0.023800
v -0.000641 0.012412 -0.023966
v -0.001328 0.012498 -0.023916
v -0.001119 0.012510 -0.024113
v 0.000601 0.012161 -0.023812
v -0.001085 0.012498 -0.024021
v -0.000348 0.012412 -0.024017
v -0.000001 0.012341 -0.023966
v 0.000329 0.012255 -0.023892
v -0.000661 0.012465 -0.024050
v 0.000608 0.012255 -0.023844
v -0.000359 0.012465 -0.024101
v -0.000001 0.012413 -0.024037
v 0.000336 0.012341 -0.023945
v 0.000958 0.012160 -0.023704
v 0.001169 0.012060 -0.023601
v -0.000681 0.012498 -0.024142
v -0.000382 0.012510 -0.024295
v 0.001174 0.012160 -0.023610
v 0.000621 0.012341 -0.023896
v -0.000370 0.012498 -0.024197
v -0.000002 0.012465 -0.024123
v 0.000343 0.012412 -0.024017
v 0.000971 0.012255 -0.023735
v 0.001188 0.012255 -0.023640
v 0.000635 0.012412 -0.023966
v -0.000002 0.012498 -0.024218
v 0.000377 0.012510 -0.024296
v 0.000355 0.012465 -0.024101
v 0.000989 0.012341 -0.023784
v 0.001537 0.012160 -0.023399
v 0.001680 0.012060 -0.023279
v 0.001687 0.012160 -0.023288
v 0.001212 0.012341 -0.023688
v 0.000656 0.012465 -0.024050
v 0.000364 0.012498 -0.024196
v 0.001015 0.012412 -0.023851
v 0.001556 0.012255 -0.023428
v 0.001708 0.012255 -0.023315
v 0.001242 0.012412 -0.023754
v 0.000676 0.012498 -0.024142
v 0.001113 0.012510 -0.024113
v 0.001045 0.012465 -0.023930
v 0.001587 0.012341 -0.023472
v 0.002028 0.012160 -0.022967
v 0.002107 0.012060 -0.022852
v 0.001741 0.012342 -0.023356
v 0.001280 0.012465 -0.023831
v 0.001080 0.012498 -0.024021
v 0.001627 0.012412 -0.023529
v 0.002052 0.012255 -0.022988
v 0.001787 0.012412 -0.023414
v 0.001321 0.012498 -0.023916
v 0.001787 0.012510 -0.023762
v 0.001675 0.012465 -0.023602
v 0.002092 0.012341 -0.023024
v 0.002399 0.012160 -0.022429
v 0.002430 0.012060 -0.022340
v 0.001840 0.012465 -0.023479
v 0.001730 0.012498 -0.023679
v 0.002144 0.012412 -0.023070
v 0.002428 0.012255 -0.022443
v 0.001899 0.012498 -0.023553
v 0.002629 0.012160 -0.021818
v 0.002663 0.012255 -0.021826
v 0.002742 0.012255 -0.021169
v -0.000002 0.012060 -0.018468
v 0.000599 0.012060 -0.018536
v -0.000002 0.010404 -0.018468
v 0.000599 0.010404 -0.018536
v 0.001169 0.012060 -0.018734
v 0.001169 0.010404 -0.018735
v 0.001680 0.012060 -0.019058
v 0.001680 0.010404 -0.019058
v 0.002108 0.012060 -0.019486
v 0.002108 0.010404 -0.019486
v 0.002431 0.012060 -0.019998
v 0.002431 0.010404 -0.019997
v 0.002630 0.012060 -0.020566
v 0.002630 0.010404 -0.020567
v 0.005631 0.009954 -0.027470
v 0.003056 0.009954 -0.020414
v 0.005549 0.009954 -0.028226
v 0.005312 0.009954 -0.028951
v -0.002360 0.009954 -0.019079
v -0.001792 0.009954 -0.018576
v 0.004927 0.009954 -0.029608
v 0.004411 0.009954 -0.030168
v -0.002792 0.009954 -0.019705
v -0.004418 0.009954 -0.030169
v -0.005637 0.009954 -0.027467
v -0.003061 0.009954 -0.020413
v -0.001120 0.009954 -0.018222
v -0.000382 0.009954 -0.018042
v 0.000376 0.009954 -0.018042
v 0.001114 0.009954 -0.018223
v 0.001787 0.009954 -0.018576
v 0.002356 0.009954 -0.019079
v 0.002786 0.009954 -0.019705
v -0.005556 0.009954 -0.028224
v -0.005319 0.009954 -0.028949
v -0.004933 0.009954 -0.029607
v -0.005637 0.012510 -0.027466
v 0.004411 0.012510 -0.030168
v 0.004927 0.012510 -0.029608
v -0.003061 0.012510 -0.020413
v 0.002356 0.012510 -0.019078
v 0.001787 0.012510 -0.018577
v -0.005556 0.012510 -0.028225
v -0.005319 0.012510 -0.028949
v 0.002786 0.012510 -0.019705
v -0.004933 0.012510 -0.029607
v 0.001114 0.012510 -0.018223
v -0.004418 0.012510 -0.030168
v 0.003056 0.012510 -0.020414
v 0.005631 0.012510 -0.027469
v 0.000376 0.012510 -0.018042
v -0.000382 0.012510 -0.018043
v -0.001120 0.012510 -0.018222
v -0.001792 0.012510 -0.018575
v -0.002360 0.012510 -0.019079
v -0.002792 0.012510 -0.019704
v 0.005549 0.012510 -0.028226
v 0.005312 0.012510 -0.028951
v -0.002038 0.010709 -0.031068
v -0.002038 0.011755 -0.031068
v 0.002030 0.011755 -0.031068
v 0.002030 0.010709 -0.031069
v 0.003779 0.012136 -0.030614
v 0.003130 0.011899 -0.030896
v 0.002583 0.011791 -0.031026
v -0.003365 0.011967 -0.030814
v -0.002707 0.011808 -0.031005
v -0.003924 0.012203 -0.030535
v -0.003787 0.010328 -0.030614
v -0.003137 0.010565 -0.030896
v -0.002589 0.010673 -0.031024
v 0.003358 0.010497 -0.030815
v 0.002701 0.010657 -0.031005
v 0.003917 0.010261 -0.030535
v -0.002635 0.012060 -0.020566
v -0.002635 0.010404 -0.020566
v -0.002435 0.012060 -0.019996
v -0.002435 0.010404 -0.019997
v -0.002113 0.012060 -0.019485
v -0.002113 0.010404 -0.019484
v -0.001686 0.012060 -0.019057
v -0.001686 0.010404 -0.019057
v -0.001174 0.012060 -0.018735
v -0.001174 0.010404 -0.018735
v -0.000603 0.012060 -0.018536
v -0.000603 0.010404 -0.018535
v -0.002719 0.012341 -0.020499
v -0.002667 0.012255 -0.020512
v -0.002433 0.012255 -0.019894
v -0.002702 0.012498 -0.019750
v -0.002214 0.012465 -0.019209
v -0.002618 0.012465 -0.019795
v -0.002287 0.012498 -0.019146
v -0.002789 0.012412 -0.020480
v -0.002544 0.012412 -0.019834
v -0.002481 0.012341 -0.019867
v -0.002871 0.012465 -0.020459
v -0.002963 0.012498 -0.020439
v 0.002642 0.012160 -0.020566
v 0.002673 0.012255 -0.020558
v 0.002441 0.012160 -0.019992
v 0.002725 0.012341 -0.020545
v 0.002471 0.012255 -0.019979
v 0.002795 0.012412 -0.020531
v 0.002116 0.012160 -0.019478
v 0.002518 0.012341 -0.019952
v 0.002879 0.012466 -0.020512
v 0.002144 0.012255 -0.019456
v 0.002584 0.012412 -0.019924
v 0.002971 0.012499 -0.020490
v 0.001687 0.012160 -0.019049
v 0.002186 0.012341 -0.019425
v 0.002659 0.012465 -0.019888
v 0.001535 0.012160 -0.018938
v 0.001709 0.012255 -0.019023
v 0.002242 0.012412 -0.019380
v 0.002746 0.012498 -0.019846
v 0.001557 0.012255 -0.018909
v 0.001175 0.012160 -0.018726
v 0.001741 0.012341 -0.018979
v 0.002307 0.012465 -0.019325
v 0.001586 0.012341 -0.018864
v 0.000958 0.012160 -0.018634
v 0.001188 0.012255 -0.018696
v 0.001786 0.012412 -0.018925
v 0.002381 0.012498 -0.019266
v 0.001628 0.012412 -0.018807
v 0.000970 0.012255 -0.018602
v 0.000600 0.012160 -0.018526
v 0.001212 0.012341 -0.018648
v 0.001839 0.012465 -0.018859
v 0.001675 0.012465 -0.018737
v 0.000989 0.012341 -0.018552
v 0.000325 0.012160 -0.018476
v 0.000609 0.012255 -0.018494
v 0.001242 0.012412 -0.018582
v 0.001898 0.012498 -0.018784
v 0.001730 0.012498 -0.018658
v 0.001015 0.012412 -0.018485
v 0.000328 0.012255 -0.018444
v -0.000003 0.012160 -0.018455
v 0.000621 0.012341 -0.018439
v 0.001279 0.012465 -0.018506
v 0.001045 0.012465 -0.018404
v 0.000336 0.012341 -0.018391
v -0.000003 0.012255 -0.018424
v -0.000329 0.012160 -0.018476
v 0.000636 0.012412 -0.018372
v 0.001321 0.012498 -0.018421
v -0.000607 0.012160 -0.018525
v 0.001079 0.012498 -0.018316
v 0.000342 0.012413 -0.018320
v -0.000003 0.012341 -0.018372
v -0.000335 0.012255 -0.018445
v 0.000655 0.012465 -0.018287
v -0.000614 0.012256 -0.018492
v 0.000354 0.012465 -0.018237
v -0.000003 0.012412 -0.018299
v -0.000339 0.012341 -0.018391
v -0.000964 0.012160 -0.018635
v 0.000676 0.012498 -0.018195
v -0.001178 0.012160 -0.018725
v -0.000626 0.012341 -0.018440
v 0.000364 0.012498 -0.018140
v -0.000003 0.012465 -0.018214
v -0.000348 0.012413 -0.018320
v -0.000976 0.012255 -0.018603
v -0.001194 0.012255 -0.018696
v -0.000641 0.012412 -0.018371
v -0.000002 0.012498 -0.018118
v -0.000358 0.012465 -0.018236
v -0.000994 0.012341 -0.018552
v -0.001543 0.012160 -0.018938
v -0.001694 0.012160 -0.019050
v -0.001216 0.012341 -0.018648
v -0.000660 0.012465 -0.018286
v -0.000371 0.012498 -0.018141
v -0.001020 0.012412 -0.018486
v -0.001562 0.012255 -0.018909
v -0.001713 0.012255 -0.019022
v -0.001249 0.012413 -0.018583
v -0.000681 0.012498 -0.018196
v -0.001050 0.012465 -0.018405
v -0.001592 0.012341 -0.018865
v -0.002031 0.012160 -0.019368
v -0.001747 0.012341 -0.018980
v -0.001284 0.012465 -0.018505
v -0.001085 0.012498 -0.018316
v -0.001632 0.012412 -0.018807
v -0.002057 0.012255 -0.019349
v -0.001792 0.012412 -0.018923
v -0.001324 0.012498 -0.018421
v -0.001682 0.012466 -0.018737
v -0.002096 0.012341 -0.019312
v -0.002403 0.012160 -0.019907
v -0.001846 0.012465 -0.018860
v -0.001735 0.012498 -0.018658
v -0.002149 0.012412 -0.019266
v -0.001903 0.012498 -0.018784
v -0.002636 0.012160 -0.020518
v 0.002715 0.010123 -0.020500
v 0.002663 0.010209 -0.020512
v 0.002427 0.010209 -0.019894
v 0.002699 0.009966 -0.019751
v 0.002208 0.009999 -0.019210
v 0.002614 0.009999 -0.019795
v 0.002280 0.009966 -0.019148
v 0.002785 0.010052 -0.020481
v 0.002538 0.010052 -0.019835
v 0.002475 0.010123 -0.019869
v 0.002867 0.009999 -0.020460
v 0.002959 0.009966 -0.020440
v -0.002646 0.010304 -0.020566
v -0.002678 0.010209 -0.020558
v -0.002445 0.010304 -0.019992
v -0.002730 0.010124 -0.020545
v -0.002476 0.010210 -0.019978
v -0.002800 0.010052 -0.020530
v -0.002121 0.010304 -0.019478
v -0.002523 0.010123 -0.019953
v -0.002883 0.009999 -0.020512
v -0.002148 0.010209 -0.019458
v -0.002587 0.010052 -0.019924
v -0.002976 0.009966 -0.020490
v -0.001694 0.010304 -0.019049
v -0.002190 0.010123 -0.019424
v -0.002666 0.009999 -0.019886
v -0.001543 0.010304 -0.018938
v -0.001713 0.010209 -0.019023
v -0.002247 0.010052 -0.019380
v -0.002751 0.009966 -0.019845
v -0.001562 0.010209 -0.018909
v -0.001178 0.010304 -0.018725
v -0.001747 0.010123 -0.018980
v -0.002313 0.009999 -0.019326
v -0.001592 0.010123 -0.018865
v -0.000964 0.010304 -0.018635
v -0.001194 0.010209 -0.018695
v -0.001792 0.010052 -0.018924
v -0.002387 0.009966 -0.019266
v -0.001632 0.010052 -0.018806
v -0.000976 0.010209 -0.018602
v -0.000607 0.010304 -0.018526
v -0.001216 0.010123 -0.018648
v -0.001846 0.009999 -0.018859
v -0.001682 0.009999 -0.018737
v -0.000994 0.010123 -0.018551
v -0.000329 0.010304 -0.018477
v -0.000614 0.010209 -0.018492
v -0.001249 0.010052 -0.018582
v -0.001903 0.009966 -0.018784
v -0.001735 0.009967 -0.018658
v -0.001020 0.010052 -0.018486
v -0.000335 0.010209 -0.018445
v -0.000003 0.010304 -0.018456
v -0.000626 0.010123 -0.018439
v -0.001284 0.010000 -0.018506
v -0.001050 0.009999 -0.018405
v -0.000339 0.010123 -0.018390
v -0.000003 0.010209 -0.018424
v 0.000325 0.010304 -0.018476
v -0.000641 0.010052 -0.018371
v -0.001324 0.009966 -0.018421
v 0.000600 0.010304 -0.018526
v -0.001085 0.009966 -0.018316
v -0.000348 0.010052 -0.018320
v -0.000003 0.010123 -0.018371
v 0.000328 0.010209 -0.018443
v -0.000660 0.010000 -0.018287
v 0.000609 0.010209 -0.018493
v -0.000358 0.009999 -0.018236
v -0.000003 0.010052 -0.018298
v 0.000336 0.010123 -0.018391
v 0.000958 0.010304 -0.018633
v -0.000681 0.009966 -0.018196
v 0.001175 0.010304 -0.018726
v 0.000621 0.010123 -0.018439
v -0.000371 0.009966 -0.018142
v -0.000003 0.009999 -0.018214
v 0.000342 0.010052 -0.018319
v 0.000970 0.010209 -0.018603
v 0.001188 0.010209 -0.018696
v 0.000636 0.010052 -0.018372
v -0.000002 0.009966 -0.018118
v 0.000354 0.009999 -0.018237
v 0.000989 0.010124 -0.018553
v 0.001535 0.010304 -0.018938
v 0.001687 0.010304 -0.019048
v 0.001212 0.010123 -0.018648
v 0.000655 0.009999 -0.018288
v 0.000364 0.009966 -0.018140
v 0.001015 0.010053 -0.018485
v 0.001557 0.010209 -0.018910
v 0.001709 0.010209 -0.019023
v 0.001242 0.010052 -0.018581
v 0.000676 0.009966 -0.018195
v 0.001045 0.009999 -0.018405
v 0.001586 0.010123 -0.018865
v 0.002028 0.010304 -0.019370
v 0.001741 0.010123 -0.018980
v 0.001279 0.010000 -0.018506
v 0.001079 0.009966 -0.018316
v 0.001628 0.010052 -0.018807
v 0.002051 0.010209 -0.019348
v 0.001786 0.010052 -0.018925
v 0.001321 0.009966 -0.018421
v 0.001675 0.009999 -0.018736
v 0.002092 0.010123 -0.019313
v 0.002399 0.010304 -0.019909
v 0.001839 0.009999 -0.018859
v 0.001730 0.009967 -0.018659
v 0.002144 0.010052 -0.019266
v 0.001898 0.009966 -0.018785
v 0.002629 0.010304 -0.020519
v -0.005165 -0.003586 0.104400
v -0.005718 -0.002684 0.059399
v -0.005169 -0.003586 0.059399
v -0.005712 -0.002684 0.104401
v -0.004469 -0.004379 0.104399
v -0.004472 -0.004380 0.059400
v -0.003645 -0.005040 0.104400
v -0.003649 -0.005039 0.059399
v -0.002718 -0.005547 0.104399
v -0.002722 -0.005547 0.059399
v -0.001718 -0.005886 0.104400
v -0.001722 -0.005885 0.059401
v -0.000674 -0.006044 0.104399
v -0.000677 -0.006044 0.059399
v 0.000378 -0.006020 0.059400
v 0.000380 -0.006020 0.104400
v 0.001413 -0.005813 0.059399
v 0.001417 -0.005814 0.104399
v 0.002396 -0.005430 0.059399
v 0.002400 -0.005430 0.104400
v 0.003297 -0.004882 0.059399
v 0.003302 -0.004883 0.104399
v 0.004092 -0.004184 0.059400
v 0.004096 -0.004184 0.104400
v 0.004755 -0.003361 0.104400
v 0.004751 -0.003362 0.059399
v 0.005258 -0.002436 0.059400
v 0.005263 -0.002435 0.104398
v 0.005603 -0.001435 0.104398
v 0.005597 -0.001435 0.059400
v 0.005756 -0.000391 0.059400
v 0.005762 -0.000391 0.104399
v 0.005738 0.000665 0.104399
v 0.005733 0.000665 0.059399
v 0.005525 0.001700 0.059400
v 0.005531 0.001699 0.104399
v 0.005147 0.002683 0.104400
v 0.005141 0.002684 0.059400
v 0.004599 0.003586 0.104399
v 0.004592 0.003586 0.059400
v 0.003901 0.004379 0.104401
v 0.003896 0.004379 0.059399
v 0.003076 0.005039 0.104399
v 0.003072 0.005039 0.059399
v 0.002151 0.005546 0.104399
v 0.002146 0.005547 0.059400
v 0.001150 0.005885 0.104399
v 0.001147 0.005885 0.059399
v 0.000109 0.006044 0.104399
v 0.000103 0.006044 0.059400
v -0.000952 0.006020 0.059400
v -0.000948 0.006020 0.104399
v -0.001990 0.005813 0.059399
v -0.001983 0.005813 0.104401
v -0.002970 0.005430 0.059400
v -0.002968 0.005430 0.104399
v -0.003869 0.004882 0.104401
v -0.003875 0.004882 0.059400
v -0.004668 0.004183 0.059400
v -0.004662 0.004184 0.104400
v -0.005326 0.003360 0.059399
v -0.005323 0.003361 0.104400
v -0.005830 0.002434 0.104400
v -0.005835 0.002434 0.059400
v -0.006172 0.001434 0.059400
v -0.006167 0.001435 0.104400
v -0.006328 0.000391 0.104401
v -0.006333 0.000390 0.059401
v -0.006307 -0.000665 0.059400
v -0.006304 -0.000665 0.104399
v -0.006097 -0.001700 0.104400
v -0.006101 -0.001700 0.059399
vn -0.1120 0.9937 -0.0000
vn -0.1117 0.9937 0.0001
vn -0.5327 0.8463 0.0000
vn -0.5320 0.8468 0.0001
vn -0.5322 0.8466 -0.0000
vn -0.3301 0.9440 0.0000
vn -0.3297 0.9441 0.0000
vn -0.5325 0.8465 0.0002
vn -0.7069 0.7073 0.0001
vn -0.7070 0.7072 0.0001
vn -0.8465 0.5324 0.0001
vn -0.8465 0.5325 0.0001
vn -0.9438 0.3304 0.0000
vn -0.9441 0.3297 0.0000
vn -0.9936 0.1127 0.0000
vn -0.9937 0.1120 0.0001
vn -0.9937 -0.1123 0.0000
vn -0.9938 -0.1115 -0.0000
vn -0.9438 -0.3304 0.0001
vn -0.9438 -0.3305 0.0001
vn -0.8465 -0.5324 0.0000
vn -0.8465 -0.5325 0.0001
vn -0.7070 -0.7073 0.0000
vn -0.7073 -0.7069 0.0002
vn -0.5323 -0.8466 -0.0000
vn -0.5325 -0.8464 0.0002
vn -0.3298 -0.9440 0.0000
vn -0.3295 -0.9442 0.0000
vn -0.1119 -0.9937 -0.0000
vn 0.0000 1.0000 -0.0000
vn -1.0000 0.0000 0.0001
vn -0.0000 -1.0000 0.0000
vn 0.3659 -0.9307 -0.0000
vn 0.3659 -0.9306 -0.0000
vn 0.3659 -0.9306 -0.0001
vn 0.3658 -0.9307 -0.0000
vn 0.4437 0.8962 -0.0000
vn 0.4437 0.8962 -0.0001
vn 0.5900 0.8074 -0.0000
vn 0.5895 0.8077 -0.0001
vn 0.5899 0.8075 -0.0000
vn 0.5895 0.8078 -0.0000
vn 0.7186 0.6955 -0.0000
vn 0.7188 0.6953 -0.0001
vn 0.7188 0.6952 -0.0001
vn 0.8264 0.5630 -0.0000
vn 0.8259 0.5638 -0.0002
vn 0.8262 0.5634 -0.0001
vn 0.9103 0.4139 -0.0001
vn 0.9104 0.4137 0.0000
vn 0.9104 0.4138 -0.0001
vn 0.9675 0.2530 -0.0000
vn 0.9673 0.2537 -0.0001
vn 0.9673 0.2535 -0.0001
vn 0.9677 0.2523 -0.0000
vn 0.9963 0.0861 -0.0000
vn 0.9963 0.0864 -0.0001
vn 0.9963 0.0859 -0.0002
vn 0.9963 0.0856 -0.0002
vn 0.9963 -0.0857 0.0001
vn 0.9963 -0.0859 0.0001
vn 0.9963 -0.0863 -0.0001
vn 0.9963 -0.0859 -0.0002
vn 0.9675 -0.2528 -0.0001
vn 0.9675 -0.2530 -0.0001
vn 0.9673 -0.2536 -0.0001
vn 0.9101 -0.4145 -0.0001
vn 0.9103 -0.4139 -0.0001
vn 0.9103 -0.4140 -0.0001
vn 0.9104 -0.4138 0.0000
vn 0.8264 -0.5632 -0.0001
vn 0.8259 -0.5638 -0.0001
vn 0.8259 -0.5639 -0.0001
vn 0.8266 -0.5627 -0.0002
vn 0.7188 -0.6953 -0.0001
vn 0.7188 -0.6952 -0.0001
vn 0.5901 -0.8074 -0.0001
vn 0.5896 -0.8077 -0.0000
vn 0.5898 -0.8075 -0.0001
vn 0.5901 -0.8073 -0.0001
vn 0.4445 -0.8958 -0.0000
vn 0.4447 -0.8957 -0.0001
vn 0.3659 0.9306 -0.0000
vn 0.3660 0.9306 -0.0000
vn -0.0002 0.0000 1.0000
vn -0.0001 0.0001 1.0000
vn -0.0007 -0.0000 1.0000
vn 0.0003 0.0001 1.0000
vn -0.0004 -0.0004 1.0000
vn 0.0004 0.0005 1.0000
vn -0.0003 -0.0004 1.0000
vn -0.0003 0.0001 1.0000
vn -0.0002 0.0004 1.0000
vn -0.0005 0.0002 1.0000
vn 0.0002 0.0001 1.0000
vn 0.0000 -0.0002 1.0000
vn -0.0002 0.0005 1.0000
vn -0.0003 -0.0002 1.0000
vn 0.0007 0.0004 1.0000
vn 0.0002 -0.0003 1.0000
vn -0.0001 0.0003 1.0000
vn 0.0004 -0.0003 1.0000
vn -0.0001 -0.0003 1.0000
vn -0.0001 0.0000 1.0000
vn 0.0001 0.0000 1.0000
vn 0.0000 0.0004 1.0000
vn -0.0000 -0.0001 1.0000
vn 0.0003 0.0002 1.0000
vn -0.0004 0.0000 1.0000
vn 0.0002 0.0002 1.0000
vn -0.0002 0.0003 1.0000
vn 0.0005 -0.0003 1.0000
vn 0.0002 -0.0002 1.0000
vn 0.0008 -0.0001 1.0000
vn 0.0000 -0.0003 1.0000
vn 0.0001 -0.0004 1.0000
vn 0.0001 0.0001 1.0000
vn 0.0002 0.0000 1.0000
vn 0.0010 0.0002 1.0000
vn 0.0003 0.0004 1.0000
vn 0.0003 -0.0003 1.0000
vn -0.0002 -0.0001 1.0000
vn -0.0003 0.0000 1.0000
vn 0.0001 0.0004 1.0000
vn 0.0003 -0.0004 1.0000
vn -0.0005 0.0006 1.0000
vn -0.0000 0.0002 1.0000
vn -0.0000 0.0001 1.0000
vn 0.0001 0.0003 1.0000
vn 0.0001 -0.0002 1.0000
vn 0.0005 -0.0001 1.0000
vn 0.0007 -0.0001 1.0000
vn -0.0002 -0.0006 1.0000
vn 0.0003 -0.0001 1.0000
vn -0.0001 -0.0008 1.0000
vn 0.0005 0.0003 1.0000
vn -0.0004 -0.0001 1.0000
vn 0.0005 0.0001 1.0000
vn -0.0002 0.0002 1.0000
vn -0.0000 -0.0006 1.0000
vn -0.0002 -0.0002 1.0000
vn -0.0005 0.0003 1.0000
vn 0.0006 0.0001 1.0000
vn -0.0001 -0.0001 1.0000
vn -0.0001 0.0001 -1.0000
vn 0.0000 0.0003 -1.0000
vn -0.0005 0.0006 -1.0000
vn -0.0004 0.0000 -1.0000
vn -0.0001 0.0003 -1.0000
vn 0.0001 0.0003 -1.0000
vn 0.0003 0.0006 -1.0000
vn -0.0002 0.0006 -1.0000
vn -0.0002 0.0000 -1.0000
vn 0.0005 -0.0001 -1.0000
vn 0.0007 -0.0006 -1.0000
vn 0.0002 -0.0002 -1.0000
vn -0.0006 0.0004 -1.0000
vn -0.0003 -0.0002 -1.0000
vn -0.0000 0.0001 -1.0000
vn -0.0002 0.0001 -1.0000
vn -0.0005 -0.0002 -1.0000
vn -0.0002 -0.0002 -1.0000
vn 0.0001 0.0001 -1.0000
vn -0.0004 -0.0001 -1.0000
vn -0.0004 0.0001 -1.0000
vn 0.0002 -0.0000 -1.0000
vn -0.0003 0.0001 -1.0000
vn 0.0000 -0.0001 -1.0000
vn -0.0001 -0.0003 -1.0000
vn 0.0002 -0.0006 -1.0000
vn 0.0000 0.0000 -1.0000
vn -0.0001 -0.0000 -1.0000
vn -0.0002 -0.0001 -1.0000
vn -0.0003 -0.0004 -1.0000
vn -0.0002 0.0003 -1.0000
vn -0.0009 -0.0001 -1.0000
vn -0.0001 0.0011 -1.0000
vn -0.0008 0.0001 -1.0000
vn -0.0001 -0.0001 -1.0000
vn -0.0004 -0.0002 -1.0000
vn -0.0004 0.0004 -1.0000
vn 0.0000 -0.0003 -1.0000
vn -0.0003 -0.0001 -1.0000
vn -0.0003 -0.0003 -1.0000
vn 0.0003 0.0000 -1.0000
vn -0.0006 -0.0003 -1.0000
vn 0.0001 -0.0002 -1.0000
vn -0.0003 0.0004 -1.0000
vn -0.0011 -0.0001 -1.0000
vn 0.0002 0.0003 -1.0000
vn -0.0005 0.0000 -1.0000
vn -0.0003 0.0005 -1.0000
vn -0.0005 -0.0004 -1.0000
vn 0.0006 -0.0003 -1.0000
vn 0.0001 -0.0003 -1.0000
vn -0.0005 0.0004 -1.0000
vn -0.0002 0.0002 -1.0000
vn 0.0005 0.0004 -1.0000
vn -0.0005 -0.0001 -1.0000
vn -0.0006 0.0001 -1.0000
vn 0.6614 -0.7500 -0.0000
vn 0.6612 -0.7502 -0.0001
vn 0.6613 -0.7501 -0.0000
vn 0.4932 -0.8699 -0.0001
vn 0.4934 -0.8698 -0.0001
vn 0.4934 -0.8698 -0.0000
vn 0.3045 -0.9525 -0.0002
vn 0.3052 -0.9523 -0.0000
vn 0.3049 -0.9524 -0.0000
vn 0.3048 -0.9524 -0.0001
vn 0.1020 -0.9948 -0.0000
vn 0.1026 -0.9947 0.0000
vn 0.1021 -0.9948 -0.0000
vn 0.1024 0.9947 -0.0000
vn 0.1023 0.9947 -0.0000
vn 0.3052 0.9523 -0.0000
vn 0.3051 0.9523 -0.0000
vn 0.3053 0.9522 -0.0000
vn 0.4935 0.8698 -0.0001
vn 0.4932 0.8699 0.0000
vn 0.4934 0.8698 -0.0001
vn 0.4929 0.8701 -0.0001
vn 0.6613 0.7501 -0.0001
vn 0.6612 0.7502 -0.0000
vn 0.6614 0.7500 -0.0000
vn -0.1117 -0.9937 0.0000
vn -0.1119 -0.9937 -0.0001
vn -0.1109 -0.9938 0.0001
vn -0.3300 -0.9440 -0.0001
vn -0.3298 -0.9441 -0.0000
vn -0.3301 -0.9439 -0.0001
vn -0.5320 -0.8468 0.0000
vn -0.5317 -0.8469 0.0000
vn -0.5316 -0.8470 0.0000
vn -0.7067 -0.7075 0.0001
vn -0.7070 -0.7072 0.0001
vn -0.7069 -0.7073 0.0001
vn -0.7078 -0.7064 0.0000
vn -0.8465 -0.5323 0.0001
vn -0.8469 -0.5317 -0.0000
vn -0.8466 -0.5322 0.0001
vn -0.9938 -0.1112 0.0001
vn -0.9441 -0.3297 0.0001
vn -0.9440 -0.3299 -0.0000
vn -0.9440 -0.3300 -0.0001
vn -0.9937 -0.1117 0.0001
vn -0.9441 0.3297 0.0001
vn -0.9937 0.1117 0.0001
vn -0.9938 0.1113 0.0001
vn -0.8468 0.5319 0.0001
vn -0.9440 0.3299 0.0001
vn -0.8467 0.5321 0.0001
vn -0.5313 0.8472 0.0001
vn -0.7078 0.7064 0.0000
vn -0.3300 0.9440 0.0000
vn -0.5314 0.8471 0.0001
vn -0.3302 0.9439 -0.0001
vn -0.1118 0.9937 -0.0000
vn -0.1116 0.9937 -0.0000
vn -0.1116 0.9938 -0.0000
vn 0.6958 -0.7183 -0.0000
vn 0.6955 -0.7185 -0.0000
vn 0.6951 -0.7189 -0.0001
vn 0.6950 -0.7190 -0.0001
vn 0.6103 -0.7922 -0.0001
vn 0.6099 -0.7925 -0.0001
vn 0.6098 -0.7925 -0.0001
vn 0.5176 -0.8556 -0.0001
vn 0.5180 -0.8554 -0.0001
vn 0.5170 -0.8560 -0.0001
vn 0.4181 -0.9084 -0.0001
vn 0.4184 -0.9083 -0.0001
vn 0.4182 -0.9084 -0.0001
vn 0.4179 -0.9085 -0.0001
vn 0.4181 0.9084 -0.0001
vn 0.5176 0.8556 -0.0000
vn 0.5179 0.8554 0.0000
vn 0.4183 0.9083 -0.0000
vn 0.6103 0.7922 -0.0000
vn 0.6098 0.7925 -0.0001
vn 0.5170 0.8560 -0.0000
vn 0.6950 0.7190 -0.0001
vn 0.6098 0.7926 -0.0001
vn 0.6958 0.7182 -0.0000
vn -1.0000 0.0000 0.0000
vn 1.0000 -0.0000 -0.0001
vn 0.1117 -0.9937 -0.0000
vn 0.5322 -0.8466 -0.0000
vn 0.5329 -0.8461 -0.0001
vn 0.5323 -0.8466 -0.0000
vn 0.3298 -0.9440 -0.0000
vn 0.3301 -0.9440 -0.0000
vn 0.5330 -0.8461 -0.0001
vn 0.7080 -0.7062 -0.0000
vn 0.7070 -0.7073 -0.0001
vn 0.8467 -0.5321 -0.0001
vn 0.8466 -0.5322 -0.0001
vn 0.9441 -0.3296 -0.0000
vn 0.9438 -0.3304 -0.0001
vn 0.9938 -0.1111 -0.0002
vn 0.9938 -0.1111 -0.0001
vn 0.9937 0.1117 -0.0001
vn 0.9938 0.1113 -0.0001
vn 0.9442 0.3295 -0.0001
vn 0.9438 0.3304 -0.0001
vn 0.8468 0.5320 -0.0001
vn 0.7074 0.7068 -0.0000
vn 0.7069 0.7073 -0.0000
vn 0.5323 0.8465 -0.0001
vn 0.5324 0.8465 -0.0001
vn 0.3301 0.9439 -0.0001
vn 0.3305 0.9438 -0.0000
vn 0.1118 0.9937 -0.0000
vn -0.8857 -0.4643 -0.0055
vn -0.7683 0.6401 0.0003
vn -0.7685 0.6399 0.0003
vn -0.7696 -0.6385 -0.0000
vn -0.7698 -0.6383 -0.0001
vn -0.7695 -0.6386 -0.0000
vn -0.7699 -0.6382 -0.0002
vn -0.1212 -0.9926 -0.0002
vn -0.1208 -0.9927 0.0000
vn -0.1206 -0.9927 0.0000
vn -0.8859 0.4638 0.0060
vn -0.8764 0.4816 0.0006
vn -0.3543 -0.9351 -0.0090
vn -0.9276 -0.3735 0.0001
vn -0.3126 -0.9499 0.0001
vn -0.3135 -0.9496 -0.0000
vn -0.3122 -0.9500 0.0001
vn -0.8775 -0.4795 -0.0000
vn -0.8779 -0.4788 -0.0000
vn -0.8777 -0.4792 0.0002
vn -0.8781 -0.4784 -0.0003
vn -0.3127 -0.9498 -0.0000
vn -0.7679 0.6406 -0.0001
vn -0.7683 0.6401 0.0001
vn -0.3132 -0.9497 0.0000
vn -0.7684 0.6400 0.0003
vn -0.7700 -0.6380 -0.0013
vn -0.7483 -0.6633 0.0071
vn -0.3131 -0.9497 0.0000
vn -0.5686 0.8226 -0.0095
vn -0.3129 -0.9498 -0.0000
vn -0.9659 -0.2591 0.0001
vn -0.9658 -0.2591 0.0001
vn -0.9659 -0.2589 0.0001
vn -0.9658 -0.2592 0.0001
vn -0.9708 -0.2397 0.0043
vn -0.7685 0.6399 -0.0007
vn -0.8778 -0.4790 0.0000
vn -0.8778 -0.4791 0.0000
vn -0.8779 -0.4788 -0.0001
vn -0.5682 -0.8229 -0.0096
vn -0.6312 0.7756 0.0000
vn -0.6313 0.7755 0.0001
vn -0.6311 0.7757 -0.0000
vn -0.8778 -0.4791 0.0008
vn -0.3135 -0.9496 0.0001
vn -0.6312 0.7756 -0.0001
vn -0.9276 -0.3736 0.0001
vn -0.8855 -0.4645 0.0054
vn -0.8860 -0.4637 0.0054
vn -0.4721 -0.8815 0.0000
vn -0.4724 -0.8814 0.0002
vn -0.4721 -0.8815 0.0002
vn -0.9659 -0.2590 0.0001
vn -0.9707 -0.2401 -0.0041
vn -0.7484 0.6632 0.0069
vn -0.6315 0.7754 0.0001
vn -0.6313 0.7755 0.0000
vn -0.9708 0.2397 0.0046
vn -0.4724 -0.8814 0.0001
vn -0.9271 0.3749 0.0001
vn -0.4721 0.8816 0.0001
vn -0.4723 0.8814 -0.0000
vn -0.4723 0.8815 0.0000
vn -0.3544 -0.9351 0.0090
vn -0.9654 0.2606 0.0001
vn -0.9654 0.2609 0.0001
vn -0.9655 0.2605 0.0001
vn -0.8855 0.4647 -0.0057
vn -0.3135 0.9496 -0.0000
vn -0.3123 0.9500 0.0001
vn -0.3126 0.9499 0.0001
vn -0.3545 0.9350 -0.0090
vn -0.9652 0.2615 0.0000
vn -0.6333 -0.7739 -0.0000
vn -0.6325 -0.7746 0.0002
vn -0.6332 -0.7740 -0.0000
vn -0.6324 -0.7747 0.0003
vn -0.3127 0.9498 0.0000
vn -0.4719 0.8817 0.0001
vn -0.8762 0.4819 -0.0004
vn -0.7480 -0.6637 -0.0067
vn -0.4722 0.8815 0.0000
vn -0.4717 0.8817 0.0002
vn -0.9655 0.2606 0.0001
vn -0.8759 0.4825 0.0003
vn -0.8761 0.4821 0.0002
vn -0.8762 0.4820 0.0001
vn -0.5684 0.8227 0.0095
vn -0.7699 -0.6381 0.0012
vn -0.9707 0.2404 -0.0044
vn -0.9270 0.3750 0.0002
vn -0.6331 -0.7741 -0.0001
vn -0.6325 -0.7745 0.0001
vn -0.6326 -0.7745 0.0001
vn -0.6324 -0.7746 0.0001
vn -0.8763 0.4818 0.0002
vn -0.3139 0.9495 0.0001
vn -0.3127 0.9499 0.0000
vn -0.3124 0.9499 -0.0000
vn -0.3124 0.9500 -0.0001
vn -0.3546 0.9350 0.0091
vn -0.1208 0.9927 0.0000
vn -0.8763 0.4818 -0.0000
vn -0.8762 0.4819 0.0001
vn -0.8762 0.4820 -0.0000
vn -0.1205 0.9927 -0.0000
vn -0.5682 -0.8229 0.0095
vn -0.4727 -0.8812 0.0060
vn -0.6325 -0.7745 0.0048
vn -0.6319 0.7750 0.0049
vn -0.4721 0.8815 0.0059
vn -0.7703 -0.6377 -0.0003
vn -0.7697 -0.6384 -0.0000
vn -0.7697 -0.6384 -0.0002
vn -0.6314 0.7754 -0.0048
vn -0.7681 0.6403 0.0006
vn -0.4725 0.8813 -0.0060
vn -0.4721 -0.8815 -0.0061
vn -0.7698 -0.6383 -0.0003
vn -0.6327 -0.7743 -0.0049
vn -0.7481 0.6636 -0.0067
vn -0.8761 0.4821 0.0001
vn -0.8774 -0.4797 -0.0008
vn -0.1001 -0.9950 -0.0036
vn -0.1063 -0.9943 -0.0004
vn -0.0979 -0.9952 -0.0048
vn -0.1064 -0.9943 -0.0001
vn -0.1069 -0.9943 0.0000
vn -0.1068 -0.9943 0.0000
vn -0.1062 -0.9943 0.0003
vn -0.2904 -0.9569 0.0039
vn -0.1071 -0.9942 -0.0001
vn -0.3045 -0.9525 -0.0027
vn -0.1017 -0.9948 0.0028
vn -0.3049 -0.9524 0.0000
vn -0.3048 -0.9524 0.0001
vn -0.3050 -0.9523 -0.0000
vn -0.1000 -0.9950 0.0036
vn -0.3047 -0.9525 0.0002
vn -0.3046 -0.9525 0.0001
vn -0.4784 -0.8781 -0.0008
vn -0.4729 -0.8811 0.0021
vn -0.4716 -0.8818 0.0028
vn -0.3047 -0.9525 0.0001
vn -0.4800 -0.8773 -0.0015
vn -0.4801 -0.8772 0.0002
vn -0.4802 -0.8772 0.0002
vn -0.3031 -0.9530 0.0004
vn -0.2971 -0.9548 -0.0026
vn -0.3044 -0.9525 0.0012
vn -0.2952 -0.9554 -0.0033
vn -0.4800 -0.8773 0.0002
vn -0.4796 -0.8775 0.0001
vn -0.4799 -0.8773 -0.0001
vn -0.4795 -0.8776 0.0001
vn -0.6373 -0.7706 0.0002
vn -0.6351 -0.7724 0.0017
vn -0.6344 -0.7730 0.0018
vn -0.4800 -0.8773 -0.0002
vn -0.6379 -0.7701 -0.0003
vn -0.6376 -0.7704 0.0002
vn -0.6379 -0.7701 -0.0000
vn -0.6374 -0.7705 0.0003
vn -0.4798 -0.8774 -0.0011
vn -0.4800 -0.8773 -0.0009
vn -0.4802 -0.8772 -0.0008
vn -0.4796 -0.8775 -0.0012
vn -0.6381 -0.7699 -0.0002
vn -0.6376 -0.7704 -0.0001
vn -0.6375 -0.7705 -0.0000
vn -0.6377 -0.7703 -0.0002
vn -0.6374 -0.7705 0.0000
vn -0.7724 -0.6351 0.0006
vn -0.7725 -0.6351 0.0006
vn -0.7732 -0.6342 0.0008
vn -0.6431 -0.7658 -0.0023
vn -0.6390 -0.7692 0.0002
vn -0.6375 -0.7704 0.0015
vn -0.6442 -0.7648 -0.0029
vn -0.7723 -0.6352 -0.0001
vn -0.7724 -0.6351 -0.0000
vn -0.7730 -0.6344 0.0003
vn -0.7725 -0.6350 -0.0000
vn -0.7732 -0.6341 -0.0001
vn -0.7730 -0.6344 -0.0003
vn -0.7729 -0.6345 -0.0003
vn -0.7733 -0.6340 -0.0000
vn -0.8814 -0.4724 0.0018
vn -0.8791 -0.4767 -0.0010
vn -0.8796 -0.4757 0.0001
vn -0.8823 -0.4707 0.0022
vn -0.7727 -0.6348 0.0030
vn -0.7835 -0.6213 -0.0047
vn -0.8790 -0.4767 0.0000
vn -0.8791 -0.4767 0.0000
vn -0.8788 -0.4772 -0.0002
vn -0.8788 -0.4771 -0.0004
vn -0.8791 -0.4766 -0.0001
vn -0.8789 -0.4771 -0.0003
vn -0.9564 -0.2921 0.0026
vn -0.9535 -0.3014 -0.0019
vn -0.9542 -0.2993 -0.0008
vn -0.9570 -0.2902 0.0034
vn -0.8792 -0.4764 0.0043
vn -0.9535 -0.3014 -0.0003
vn -0.9536 -0.3011 0.0001
vn -0.8914 -0.4533 -0.0060
vn -0.9941 -0.1087 0.0009
vn -0.9950 -0.0997 -0.0028
vn -0.9952 -0.0979 -0.0035
vn -0.9942 -0.1078 0.0006
vn -0.9945 -0.1050 0.0001
vn -0.9535 -0.3014 -0.0001
vn -0.9537 -0.3008 -0.0001
vn -0.9539 -0.3002 0.0005
vn -0.9819 -0.1896 0.0001
vn -0.9636 -0.2671 -0.0080
vn -0.9933 -0.1152 0.0020
vn -0.9911 -0.1333 -0.0000
vn -0.9910 -0.1336 -0.0001
vn -0.9936 -0.1128 0.0044
vn -0.9911 -0.1328 0.0002
vn -0.9950 0.0996 -0.0021
vn -0.9947 0.1025 0.0001
vn -0.9952 0.0983 -0.0031
vn -0.9946 0.1034 -0.0001
vn -0.9943 0.1069 0.0007
vn -1.0000 0.0000 -0.0006
vn -0.9934 0.1145 0.0020
vn -0.9911 0.1334 0.0000
vn -0.9912 0.1324 0.0001
vn -0.9912 0.1325 0.0001
vn -0.9546 0.2979 -0.0004
vn -0.9565 0.2918 0.0025
vn -0.9570 0.2902 0.0029
vn -0.9912 0.1323 0.0002
vn -0.9544 0.2986 -0.0012
vn -0.9821 0.1883 0.0001
vn -0.9936 0.1128 0.0042
vn -0.9543 0.2989 0.0000
vn -0.9542 0.2993 0.0002
vn -0.9542 0.2992 0.0002
vn -0.9541 0.2996 0.0000
vn -0.8801 0.4747 0.0002
vn -0.8815 0.4722 0.0016
vn -0.8823 0.4707 0.0022
vn -0.9541 0.2995 0.0003
vn -0.9543 0.2987 -0.0001
vn -0.9544 0.2986 -0.0001
vn -0.8795 0.4759 -0.0007
vn -0.9636 0.2671 -0.0076
vn -0.8798 0.4754 0.0001
vn -0.8794 0.4762 0.0003
vn -0.8797 0.4756 0.0001
vn -0.8796 0.4758 0.0002
vn -0.8796 0.4757 -0.0000
vn -0.8797 0.4756 -0.0001
vn -0.8796 0.4758 0.0000
vn -0.8797 0.4755 -0.0001
vn -0.7731 0.6343 0.0005
vn -0.7734 0.6339 0.0002
vn -0.7727 0.6348 0.0008
vn -0.7724 0.6351 0.0010
vn -0.8794 0.4761 0.0046
vn -0.8913 0.4535 -0.0064
vn -0.7731 0.6342 0.0002
vn -0.7734 0.6339 -0.0001
vn -0.7731 0.6343 0.0002
vn -0.7733 0.6341 -0.0000
vn -0.7732 0.6341 0.0001
vn -0.7730 0.6343 0.0002
vn -0.7729 0.6345 0.0003
vn -0.7733 0.6340 -0.0000
vn -0.6352 0.7724 0.0013
vn -0.6378 0.7702 -0.0003
vn -0.6347 0.7728 0.0016
vn -0.6380 0.7700 -0.0004
vn -0.7736 0.6337 0.0029
vn -0.7837 0.6211 -0.0043
vn -0.6387 0.7695 -0.0000
vn -0.6384 0.7697 0.0001
vn -0.6385 0.7696 0.0001
vn -0.6389 0.7693 -0.0001
vn -0.6386 0.7695 -0.0000
vn -0.6387 0.7694 -0.0000
vn -0.6384 0.7697 -0.0000
vn -0.4730 0.8810 0.0022
vn -0.4788 0.8779 -0.0008
vn -0.4717 0.8818 0.0026
vn -0.4805 0.8770 -0.0020
vn -0.6395 0.7688 0.0001
vn -0.6442 0.7648 -0.0026
vn -0.6433 0.7656 -0.0023
vn -0.6382 0.7698 0.0011
vn -0.4801 0.8772 0.0000
vn -0.4804 0.8771 -0.0001
vn -0.4800 0.8773 0.0001
vn -0.4803 0.8771 -0.0001
vn -0.4802 0.8772 -0.0001
vn -0.4801 0.8772 -0.0001
vn -0.4803 0.8771 -0.0002
vn -0.3053 0.9522 -0.0031
vn -0.2900 0.9570 0.0041
vn -0.4800 0.8773 -0.0006
vn -0.4798 0.8774 -0.0007
vn -0.4801 0.8772 -0.0005
vn -0.4796 0.8775 -0.0008
vn -0.3051 0.9523 0.0001
vn -0.3053 0.9523 0.0000
vn -0.3050 0.9523 0.0001
vn -0.3051 0.9523 -0.0000
vn -0.3050 0.9524 -0.0001
vn -0.3049 0.9524 -0.0000
vn -0.1063 0.9943 -0.0004
vn -0.1068 0.9943 -0.0000
vn -0.1065 0.9943 -0.0000
vn -0.1001 0.9950 -0.0034
vn -0.0983 0.9952 -0.0045
vn -0.1072 0.9942 0.0001
vn -0.2972 0.9548 -0.0026
vn -0.3033 0.9529 0.0004
vn -0.3046 0.9525 0.0012
vn -0.2952 0.9554 -0.0033
vn -0.1062 0.9943 0.0003
vn -0.1018 0.9948 0.0029
vn -0.1072 0.9942 -0.0001
vn -0.1000 0.9950 0.0036
vn -0.9542 0.2991 0.0059
vn -0.9536 -0.3010 0.0063
vn 0.4343 -0.8477 0.3047
vn 0.7078 -0.2065 0.6755
vn 0.4897 -0.3304 0.8069
vn 0.5060 -0.4170 0.7551
vn 0.6957 -0.2061 0.6881
vn 0.9957 -0.0818 0.0428
vn 0.9932 -0.0531 0.1039
vn 0.5015 -0.7726 0.3893
vn 0.9749 -0.1954 0.1069
vn 0.4910 -0.7430 0.4547
vn 0.8922 -0.2804 0.3542
vn 0.5969 -0.8013 0.0399
vn 0.8799 -0.2799 0.3839
vn 0.5689 -0.8090 0.1479
vn 0.9504 -0.0385 0.3087
vn 0.9597 -0.1766 0.2186
vn 0.5462 -0.6232 0.5597
vn 0.9557 -0.1803 0.2325
vn 0.5299 -0.5952 0.6042
vn 0.9723 -0.0668 0.2240
vn 0.5065 -0.1120 0.8549
vn 0.5015 -0.1093 0.8582
vn 0.5050 -0.1106 0.8560
vn 0.5203 -0.1398 0.8425
vn 0.5197 -0.1399 0.8428
vn 0.5262 -0.1320 0.8401
vn 0.8211 -0.2208 0.5264
vn 0.8342 -0.2203 0.5055
vn 0.5894 -0.7550 0.2874
vn 0.5720 -0.0709 0.8172
vn 0.5722 -0.0706 0.8170
vn 0.5719 -0.0711 0.8172
vn 0.5725 -0.0709 0.8169
vn 0.8658 -0.0323 0.4993
vn 0.5994 -0.7726 0.2094
vn 0.9291 -0.0562 0.3655
vn 0.9188 -0.1514 0.3644
vn 0.9157 -0.1533 0.3715
vn 0.9151 -0.1530 0.3731
vn 0.9198 -0.1505 0.3623
vn 0.5446 -0.3844 0.7454
vn 0.5607 -0.4037 0.7229
vn 0.5832 -0.0499 0.8108
vn 0.5816 -0.0474 0.8121
vn 0.5828 -0.0503 0.8111
vn 0.7310 -0.1413 0.6676
vn 0.6331 -0.6777 0.3740
vn 0.7206 -0.1420 0.6786
vn 0.6188 -0.6551 0.4334
vn 0.8584 -0.0392 0.5114
vn 0.8514 -0.1183 0.5110
vn 0.8521 -0.1179 0.5100
vn 0.8479 -0.1204 0.5164
vn 0.8470 -0.1210 0.5177
vn 0.7080 -0.6988 0.1018
vn 0.7009 -0.7024 0.1238
vn 0.5871 -0.0257 0.8091
vn 0.5869 -0.0270 0.8092
vn 0.5870 -0.0265 0.8092
vn 0.5807 -0.0457 0.8129
vn 0.7433 -0.0248 0.6685
vn 0.7439 -0.0249 0.6678
vn 0.7428 -0.0243 0.6691
vn 0.5857 -0.0267 0.8101
vn 0.7443 -0.0262 0.6673
vn 0.7403 -0.0759 0.6680
vn 0.7409 -0.0756 0.6673
vn 0.7372 -0.0777 0.6712
vn 0.6449 -0.5429 0.5380
vn 0.7368 -0.0779 0.6716
vn 0.5880 -0.0088 0.8088
vn 0.5879 -0.0086 0.8089
vn 0.5878 -0.0082 0.8090
vn 0.6254 -0.5208 0.5810
vn 0.1356 -0.9810 0.1388
vn 0.1803 -0.9833 0.0237
vn 0.1890 -0.9434 0.2726
vn 0.3301 -0.8446 0.4216
vn 0.3536 -0.8329 0.4258
vn 0.3165 -0.8098 0.4939
vn 0.2138 -0.9667 0.1408
vn 0.3295 -0.9002 0.2846
vn 0.7232 -0.6575 0.2114
vn 0.7101 -0.6506 0.2694
vn 0.5042 -0.0069 0.8635
vn 0.4977 -0.0036 0.8673
vn 0.5001 0.0001 0.8659
vn 0.5010 0.0004 0.8654
vn 0.5290 -0.1366 0.8376
vn 0.5236 -0.1313 0.8418
vn 0.8373 -0.5437 0.0574
vn 0.7665 -0.6346 0.0989
vn 0.7770 -0.6264 0.0622
vn 0.7176 -0.5599 0.4142
vn 0.7333 -0.5710 0.3691
vn 0.7950 -0.5642 0.2227
vn 0.7829 -0.5685 0.2528
vn 0.5448 -0.1202 0.8299
vn 0.5455 -0.1121 0.8306
vn 0.5455 -0.1135 0.8304
vn 0.5449 -0.1217 0.8297
vn 0.6026 -0.3360 0.7238
vn 0.6196 -0.3498 0.7027
vn 0.7769 -0.4880 0.3977
vn 0.7897 -0.4865 0.3737
vn 0.7187 -0.4530 0.5275
vn 0.7004 -0.4436 0.5592
vn 0.9135 -0.4027 0.0575
vn 0.8497 -0.5175 0.1013
vn 0.8547 -0.4746 0.2103
vn 0.8429 -0.4748 0.2531
vn 0.7446 -0.3868 0.5440
vn 0.7579 -0.3845 0.5270
vn 0.2764 -0.9602 0.0412
vn 0.6482 -0.2860 0.7057
vn 0.6636 -0.2911 0.6892
vn 0.5592 -0.1005 0.8229
vn 0.5597 -0.0908 0.8237
vn 0.5594 -0.0921 0.8238
vn 0.5594 -0.1016 0.8226
vn 0.8381 -0.4088 0.3611
vn 0.8243 -0.4061 0.3944
vn 0.6746 -0.2482 0.6952
vn 0.5672 -0.0863 0.8190
vn 0.4032 -0.7063 0.5819
vn 0.6861 -0.2461 0.6846
vn 0.9681 -0.2498 0.0188
vn 0.9251 -0.3480 0.1519
vn 0.4431 -0.8958 0.0348
vn 0.3964 -0.9053 0.1528
vn 0.7792 -0.3209 0.5384
vn 0.7944 -0.3229 0.5145
vn 0.4570 -0.5316 0.7132
vn 0.4446 -0.6473 0.6192
vn 0.9128 -0.3285 0.2426
vn 0.9224 -0.3268 0.2059
vn 0.9224 -0.3268 0.2058
vn 0.4404 -0.8709 0.2182
vn 1.0000 0.0001 -0.0012
vn 1.0000 -0.0002 -0.0001
vn 1.0000 -0.0001 -0.0002
vn 1.0000 -0.0000 -0.0002
vn 1.0000 0.0001 -0.0002
vn 1.0000 -0.0001 -0.0012
vn 1.0000 0.0001 -0.0001
vn 1.0000 0.0000 -0.0009
vn 1.0000 0.0000 -0.0000
vn 1.0000 0.0000 0.0001
vn 1.0000 0.0001 0.0004
vn 1.0000 0.0001 -0.0005
vn 1.0000 -0.0000 0.0007
vn 1.0000 0.0000 0.0005
vn 1.0000 0.0002 0.0012
vn 1.0000 -0.0001 -0.0007
vn 1.0000 -0.0001 -0.0006
vn 0.6064 -0.7937 0.0472
vn 0.9938 -0.1114 0.0041
vn 0.9937 -0.1117 0.0040
vn 0.9938 -0.1111 0.0044
vn 0.9902 -0.1398 -0.0076
vn 0.9937 -0.1120 0.0079
vn 0.9937 -0.1114 0.0089
vn 0.9942 -0.1073 0.0091
vn 0.9513 -0.3066 0.0305
vn 0.4969 -0.8666 0.0462
vn 0.4938 -0.8683 0.0467
vn 0.4975 -0.8662 0.0465
vn 0.6153 -0.7853 0.0690
vn 0.9307 -0.3652 0.0192
vn 0.6181 -0.7810 0.0895
vn 0.6191 -0.7758 0.1217
vn 0.5006 -0.8644 0.0460
vn 0.9944 -0.1056 0.0072
vn 0.9943 -0.1060 0.0079
vn 0.9943 -0.1062 0.0074
vn 0.8875 -0.4605 0.0182
vn 0.9338 -0.3573 0.0166
vn 0.6032 -0.7971 0.0269
vn 0.9438 -0.3298 0.0209
vn 0.1372 -0.9888 0.0587
vn 0.2437 -0.9698 0.0078
vn 0.2433 -0.9699 0.0084
vn 0.2437 -0.9698 0.0082
vn 0.9440 -0.3292 0.0223
vn 0.4014 -0.9092 0.1107
vn 0.8830 -0.4683 0.0309
vn 0.8855 -0.4635 0.0320
vn 0.8867 -0.4612 0.0325
vn 0.4409 -0.8963 0.0471
vn 0.4394 -0.8969 0.0498
vn 0.4398 -0.8969 0.0468
vn 0.8057 -0.5918 0.0254
vn 0.9490 -0.3140 0.0272
vn 0.3728 -0.9275 0.0259
vn 0.8430 -0.5372 0.0280
vn 0.8414 -0.5397 0.0277
vn 0.8452 -0.5336 0.0285
vn 0.8465 -0.5317 0.0287
vn 0.8818 -0.4707 0.0302
vn 0.4389 -0.8975 0.0421
vn 0.3366 -0.9406 0.0442
vn 0.7071 -0.7064 0.0299
vn 0.9971 -0.0759 0.0034
vn 0.8463 -0.5317 0.0316
vn 0.2060 -0.9732 0.1023
vn 0.3780 -0.9245 0.0489
vn 0.3765 -0.9251 0.0492
vn 0.3793 -0.9240 0.0489
vn 0.1957 -0.9787 0.0626
vn 0.8862 -0.4616 0.0388
vn 0.8360 -0.5476 0.0339
vn 0.8348 -0.5495 0.0340
vn 0.8334 -0.5517 0.0336
vn 0.9969 -0.0780 0.0049
vn 0.2023 -0.9749 0.0934
vn 0.8370 -0.5461 0.0340
vn 0.3822 -0.9228 0.0487
vn 0.2061 -0.9708 0.1228
vn 0.9655 -0.2391 0.1028
vn 0.4385 -0.8978 0.0403
vn 0.4512 -0.8906 0.0565
vn 0.4528 -0.8896 0.0601
vn 0.4505 -0.8904 0.0645
vn 0.5618 -0.8222 0.0911
vn 0.4477 -0.8925 0.0549
vn 0.2079 -0.9753 0.0747
vn 0.1120 -0.9831 0.1448
vn 0.3850 -0.9216 0.0485
vn 0.3297 -0.9415 0.0693
vn 0.7985 -0.6008 0.0380
vn 0.7964 -0.6036 0.0377
vn 0.7961 -0.6039 0.0379
vn 0.8381 -0.5442 0.0362
vn 0.6211 -0.7776 0.0982
vn 0.5323 -0.8431 0.0768
vn 0.7998 -0.5983 0.0478
vn 0.4465 -0.8939 0.0412
vn 0.5776 -0.8163 -0.0062
vn 0.5778 -0.8162 -0.0068
vn 0.5780 -0.8160 -0.0070
vn 0.6498 -0.7463 0.1441
vn 0.6689 -0.7197 0.1862
vn 0.7989 -0.6002 0.0381
vn 0.1119 -0.9936 -0.0176
vn 0.3302 -0.9430 0.0428
vn 0.5326 -0.8459 0.0281
vn 0.2105 -0.9767 0.0420
vn 0.1994 -0.9783 0.0571
vn 0.5777 -0.8162 -0.0070
vn 0.5939 -0.8045 -0.0015
vn 0.5953 -0.8028 0.0328
vn 0.7657 -0.6419 0.0402
vn 0.6028 -0.7958 0.0577
vn 0.7726 -0.6329 0.0508
vn 0.7726 -0.6329 0.0504
vn 0.7068 -0.7056 0.0504
vn 0.7363 -0.6758 0.0337
vn 0.4995 -0.8642 0.0601
vn 0.6125 -0.7868 0.0760
vn 0.6165 -0.7816 0.0951
vn 0.5991 -0.7999 0.0361
vn 0.4385 -0.8961 0.0685
vn 0.4386 -0.8961 0.0686
vn 0.4386 -0.8961 0.0683
vn 0.7157 -0.6971 0.0432
vn 0.7156 -0.6972 0.0433
vn 0.4389 -0.8958 0.0693
vn 0.1922 -0.9790 0.0674
vn 0.1921 -0.9792 0.0652
vn 0.1885 -0.9805 0.0563
vn 0.1932 -0.9788 0.0683
vn 0.9942 -0.1069 0.0065
vn 0.9942 -0.1070 0.0064
vn 0.9943 -0.1068 0.0066
vn 0.9942 -0.1071 0.0062
vn 0.2013 -0.9746 0.0984
vn 0.9724 -0.2332 0.0072
vn 0.3810 -0.9223 0.0644
vn 0.3783 -0.9235 0.0644
vn 0.3806 -0.9224 0.0650
vn 0.9956 -0.0912 0.0197
vn 0.2070 -0.9700 0.1275
vn 0.4379 -0.8975 0.0523
vn 0.3838 -0.9212 0.0640
vn 0.4486 -0.8905 0.0763
vn 0.6127 -0.7887 0.0513
vn 0.6575 -0.7472 0.0968
vn 0.6737 -0.7293 0.1194
vn 0.6903 -0.7070 0.1536
vn 0.6470 -0.7616 0.0376
vn 0.4448 -0.8936 0.0606
vn 0.4478 -0.8921 0.0596
vn 0.4448 -0.8935 0.0610
vn 0.6653 -0.7446 -0.0540
vn 0.6488 -0.7609 -0.0146
vn 0.6356 -0.7720 0.0084
vn 0.6343 -0.7714 0.0506
vn 0.4486 -0.8919 0.0568
vn 0.4448 -0.8940 0.0549
vn 0.1969 -0.9783 0.0642
vn 0.4289 -0.9004 0.0728
vn 0.4289 -0.9004 0.0727
vn 0.2432 -0.9699 0.0090
vn 0.6001 -0.7995 0.0267
vn 0.6040 -0.7953 0.0510
vn 1.0000 0.0003 -0.0005
vn 1.0000 0.0005 -0.0003
vn 1.0000 -0.0000 0.0011
vn 1.0000 0.0001 -0.0004
vn 1.0000 -0.0000 -0.0003
vn 1.0000 -0.0000 -0.0011
vn 1.0000 -0.0001 -0.0005
vn 1.0000 0.0000 0.0009
vn 1.0000 -0.0003 -0.0005
vn 1.0000 -0.0006 -0.0006
vn 1.0000 -0.0008 0.0010
vn 1.0000 0.0000 0.0004
vn -0.0000 -1.0000 0.0001
vn 1.0000 -0.0000 -0.0004
vn 0.0000 1.0000 -0.0001
vn 1.0000 0.0000 0.0002
vn -1.0000 0.0000 -0.0002
vn -1.0000 0.0000 0.0003
vn -0.0000 0.0006 1.0000
vn -0.0001 0.0002 1.0000
vn 0.0002 0.0003 1.0000
vn -0.0001 -0.0002 1.0000
vn 0.0000 0.0000 1.0000
vn -0.0003 -0.0003 1.0000
vn 0.0005 0.0005 1.0000
vn -0.0000 0.0003 1.0000
vn 0.0005 -0.0000 1.0000
vn -0.0002 -0.0003 1.0000
vn 0.0012 0.0002 1.0000
vn 0.0011 0.0000 1.0000
vn 0.0010 -0.0000 1.0000
vn 0.0004 -0.0000 1.0000
vn 0.0002 -0.0001 1.0000
vn 0.0001 -0.0001 1.0000
vn 0.0003 -0.0007 1.0000
vn 0.0001 -0.0003 1.0000
vn 0.0001 0.0002 -1.0000
vn 0.0003 0.0001 -1.0000
vn 0.0001 0.0004 -1.0000
vn 0.0002 -0.0001 -1.0000
vn -0.0005 -0.0003 -1.0000
vn 0.0003 0.0003 -1.0000
vn -0.0006 0.0005 1.0000
vn 0.0002 0.0004 1.0000
vn -0.0003 -0.0001 1.0000
vn 0.0002 0.0005 1.0000
vn 0.0006 0.0007 1.0000
vn 0.0001 0.0000 -1.0000
vn 0.0006 -0.0002 -1.0000
vn 0.0004 0.0000 -1.0000
vn 0.0001 0.0002 1.0000
vn 0.0003 -0.0000 1.0000
vn -0.0004 0.0002 1.0000
vn -0.0001 -0.0002 -1.0000
vn 0.0004 0.0004 -1.0000
vn -0.0000 0.0002 -1.0000
vn -0.0001 0.0002 -1.0000
vn 0.0006 0.0002 1.0000
vn 0.0004 0.0003 1.0000
vn -0.0006 0.0001 1.0000
vn 0.0001 -0.0005 1.0000
vn 0.0002 0.0006 1.0000
vn -0.0001 -0.0004 1.0000
vn -0.0004 0.0003 -1.0000
vn 0.0001 -0.0001 -1.0000
vn 0.0003 -0.0008 -1.0000
vn -0.0003 0.0003 -1.0000
vn -0.0004 -0.0003 -1.0000
vn 0.0002 0.0001 -1.0000
vn -0.0008 0.0000 -1.0000
vn -0.0001 -0.0006 -1.0000
vn -0.0004 -0.0004 -1.0000
vn -0.0001 0.0005 -1.0000
vn 0.0003 -0.0002 1.0000
vn 0.0004 0.0004 1.0000
vn -0.0000 -0.0004 1.0000
vn 0.0004 -0.0006 1.0000
vn 0.0007 -0.0004 1.0000
vn 0.0003 0.0003 1.0000
vn -0.0006 0.0003 1.0000
vn 0.0006 0.0006 1.0000
vn -0.0001 0.0004 1.0000
vn 0.0007 -0.0008 1.0000
vn 0.0001 0.0005 1.0000
vn 0.0000 -0.0002 -1.0000
vn 0.0011 -0.0005 -1.0000
vn 0.0006 -0.0001 -1.0000
vn 0.0000 0.0004 -1.0000
vn 0.0003 -0.0001 -1.0000
vn 0.0003 -0.0005 -1.0000
vn -0.0002 0.0005 -1.0000
vn -0.0001 0.0004 -1.0000
vn 0.0002 0.0002 -1.0000
vn 0.0004 -0.0002 -1.0000
vn -0.0008 0.0004 -1.0000
vn 0.0012 0.0008 -1.0000
vn 0.0004 -0.0003 -1.0000
vn 0.0006 0.0000 -1.0000
vn 0.0004 0.0002 -1.0000
vn -0.0007 -0.0009 -1.0000
vn 0.0003 0.0002 -1.0000
vn -0.0002 0.0001 1.0000
vn 0.0007 -0.0003 1.0000
vn 0.0001 0.0006 1.0000
vn 0.0008 0.0003 1.0000
vn 0.0001 -0.0006 1.0000
vn 0.0002 -0.0004 1.0000
vn 0.0006 0.0000 1.0000
vn -0.0001 0.0005 1.0000
vn 0.0008 -0.0000 1.0000
vn -1.0000 -0.0001 0.0001
vn -1.0000 0.0005 0.0001
vn -1.0000 0.0011 0.0001
vn -0.0002 -1.0000 -0.0000
vn -0.0001 -1.0000 -0.0000
vn -0.0004 -1.0000 -0.0000
vn -0.0006 -1.0000 0.0001
vn 0.0002 -1.0000 -0.0000
vn 0.6930 -0.7209 -0.0006
vn 0.5881 -0.8088 0.0007
vn 0.0860 0.9963 0.0000
vn 0.0858 0.9963 0.0000
vn 0.0859 0.9963 -0.0000
vn 0.5737 -0.8190 -0.0005
vn 0.4305 -0.9026 0.0002
vn 0.4333 -0.9012 0.0005
vn 0.4256 -0.9049 -0.0002
vn 0.2588 0.9659 0.0001
vn 0.2590 0.9659 0.0001
vn 0.0873 0.9962 -0.0001
vn 0.4227 -0.9063 -0.0003
vn 0.4224 0.9064 -0.0001
vn 0.4233 0.9060 -0.0002
vn 0.4232 0.9060 -0.0002
vn 0.5697 0.8218 -0.0002
vn 0.5684 0.8227 0.0001
vn 0.5721 0.8202 -0.0003
vn 0.2617 -0.9652 0.0000
vn 0.2584 -0.9660 0.0004
vn 0.2600 -0.9656 0.0002
vn 0.2633 -0.9647 -0.0000
vn 0.6954 0.7187 0.0003
vn 0.0874 -0.9962 -0.0001
vn 0.0868 -0.9962 -0.0000
vn 0.5737 0.8190 -0.0004
vn 0.8090 0.5878 0.0006
vn 0.7075 0.7067 -0.0008
vn 0.9021 0.4315 0.0002
vn 0.9004 0.4351 0.0005
vn 0.9047 0.4261 -0.0001
vn 0.8191 0.5737 -0.0006
vn 0.9638 0.2667 0.0000
vn 0.9630 0.2694 0.0003
vn 0.9651 0.2618 -0.0002
vn 0.9062 0.4228 -0.0006
vn 0.9905 0.1377 0.0001
vn 0.9658 0.2592 -0.0005
vn 0.9989 0.0458 -0.0001
vn 0.9965 -0.0841 -0.0003
vn 0.9965 -0.0832 -0.0001
vn 0.9962 0.0876 -0.0019
vn 0.9674 -0.2534 0.0001
vn 0.9680 -0.2510 0.0003
vn 0.9665 -0.2567 -0.0003
vn 0.9962 -0.0873 -0.0004
vn 0.9101 -0.4144 0.0000
vn 0.9115 -0.4114 0.0001
vn 0.9078 -0.4194 -0.0003
vn 0.9658 -0.2592 -0.0004
vn 0.8324 -0.5542 0.0005
vn 0.9062 -0.4228 -0.0007
vn 0.7546 -0.6562 0.0004
vn 0.8192 -0.5735 -0.0011
vn 0.7073 -0.7069 -0.0016
vn 0.0004 1.0000 -0.0000
vn 0.0000 1.0000 0.0001
vn 0.0001 1.0000 0.0001
vn 0.0002 1.0000 0.0000
vn 0.0001 1.0000 0.0000
vn -0.0007 -0.0008 -1.0000
vn -0.0008 -0.0007 -1.0000
vn 0.0004 0.0003 -1.0000
vn -0.0002 0.0007 -1.0000
vn -0.0002 -0.0003 -1.0000
vn -0.0003 0.0000 -1.0000
vn 0.0004 -0.0001 -1.0000
vn 0.0005 -0.0007 -1.0000
vn 0.0000 -0.0006 -1.0000
vn 0.0006 0.0006 -1.0000
vn -0.0003 -0.0005 -1.0000
vn -0.0001 -0.0005 -1.0000
vn 0.0002 -0.0005 -1.0000
vn 0.0003 0.0005 -1.0000
vn -0.0006 0.0002 -1.0000
vn 0.0006 0.0002 -1.0000
vn -0.0004 0.0002 -1.0000
vn -0.0008 0.0002 -1.0000
vn 0.0007 -0.0002 -1.0000
vn -0.0006 -0.0001 -1.0000
vn 0.0005 -0.0009 -1.0000
vn -0.0007 0.0006 -1.0000
vn -0.0008 0.0010 -1.0000
vn 0.0001 -0.0004 -1.0000
vn -0.0006 0.0006 -1.0000
vn -0.0000 0.0006 -1.0000
vn -0.4742 -0.8804 0.0000
vn -0.4746 -0.8802 0.0000
vn -0.6693 -0.7430 0.0001
vn -0.6698 -0.7425 0.0000
vn -0.6692 -0.7431 0.0001
vn -0.8263 -0.5633 -0.0000
vn -0.8267 -0.5627 0.0003
vn -0.8264 -0.5630 -0.0000
vn -0.8261 -0.5636 0.0001
vn -0.9365 -0.3508 0.0000
vn -0.9366 -0.3503 0.0000
vn -0.9363 -0.3511 0.0001
vn -0.9365 -0.3507 0.0000
vn -0.9928 -0.1199 0.0000
vn -0.9929 -0.1191 0.0001
vn -0.9927 -0.1202 0.0001
vn -0.9928 0.1198 0.0001
vn -0.9928 0.1199 0.0000
vn -0.9366 0.3505 0.0000
vn -0.9364 0.3509 -0.0000
vn -0.9363 0.3512 0.0001
vn -0.8264 0.5631 0.0002
vn -0.8260 0.5637 0.0000
vn -0.8264 0.5631 0.0001
vn -0.8260 0.5636 0.0000
vn -0.6695 0.7428 0.0000
vn -0.6698 0.7425 0.0001
vn -0.4746 0.8802 0.0000
vn -0.4351 -0.9004 0.0001
vn -0.4353 -0.9003 0.0001
vn -0.4352 -0.9003 0.0001
vn -0.5647 -0.8253 0.0001
vn -0.5643 -0.8256 0.0000
vn -0.5646 -0.8254 0.0000
vn -0.6819 -0.7315 0.0000
vn -0.6820 -0.7313 0.0000
vn 0.7070 0.7072 -0.0001
vn 0.7076 0.7066 -0.0000
vn 0.7070 0.7073 -0.0001
vn 0.7078 0.7064 -0.0000
vn -0.6821 0.7313 0.0000
vn -0.6819 0.7315 0.0001
vn -0.5647 0.8253 0.0000
vn -0.5643 0.8256 0.0001
vn -0.4353 0.9003 0.0001
vn -0.4351 0.9004 0.0001
vn -0.0001 -0.0004 -1.0000
vn 0.0002 -0.0003 -1.0000
vn -0.0004 0.0005 -1.0000
vn 0.0004 0.0001 -1.0000
vn 0.0005 0.0002 -1.0000
vn 0.0002 0.0004 -1.0000
vn 0.0006 -0.0009 -1.0000
vn 0.0000 -0.0004 -1.0000
vn 0.0001 -0.0008 -1.0000
vn -0.0002 -0.0004 -1.0000
vn -0.0009 -0.0006 -1.0000
vn 0.5001 0.0000 0.8660
vn 0.5004 -0.0000 0.8658
vn 0.5003 0.0000 0.8659
vn 0.5000 -0.0001 0.8660
vn 0.4997 -0.0001 0.8662
vn 0.5013 0.0000 0.8653
vn 0.5003 -0.0001 0.8659
vn 0.5003 0.0001 0.8659
vn 0.4994 0.0000 0.8664
vn 0.5002 -0.0001 0.8659
vn 0.0000 0.9991 0.0430
vn 0.0044 0.9984 0.0564
vn 0.0004 0.9990 0.0452
vn 0.0004 0.9983 0.0574
vn 0.0001 0.9982 0.0594
vn 0.0003 0.9969 0.0790
vn 0.0008 0.9965 0.0842
vn 0.0011 0.9963 0.0863
vn -0.0000 0.9971 0.0763
vn 0.0003 0.9958 0.0916
vn 0.0000 0.9957 0.0923
vn -0.0012 0.9944 0.1054
vn -0.0002 0.9944 0.1054
vn 0.0010 0.9927 0.1208
vn 0.0022 0.9926 0.1211
vn 0.0006 0.9914 0.1309
vn 0.0007 0.9929 0.1189
vn 0.0003 0.9910 0.1335
vn 0.0010 0.9863 0.1650
vn 0.0007 0.9861 0.1664
vn -0.0001 0.9855 0.1700
vn -0.0002 0.9890 0.1479
vn -0.0004 0.9851 0.1718
vn -0.0004 0.9689 0.2475
vn -0.0004 0.9675 0.2528
vn -0.0016 0.9689 0.2476
vn 0.0007 0.9789 0.2043
vn 0.0006 0.9790 0.2041
vn 0.0009 0.9787 0.2055
vn 0.0005 0.9790 0.2038
vn 0.0013 0.9684 0.2494
vn -0.0004 0.9727 0.2321
vn 0.0000 0.9665 0.2566
vn 0.0000 0.9990 0.0455
vn 0.0000 0.9990 0.0453
vn -0.0000 0.9990 0.0454
vn 0.0007 0.9990 0.0455
vn -0.0092 0.9989 0.0453
vn 0.0005 -0.9990 0.0454
vn -0.0000 -0.9990 0.0454
vn 0.0009 -0.9990 0.0454
vn -0.0092 -0.9989 0.0454
vn -0.0005 -0.9666 0.2561
vn 0.0001 -0.9667 0.2559
vn -0.0008 -0.9667 0.2560
vn 0.0001 -0.9665 0.2565
vn -0.0000 -0.9727 0.2320
vn -0.0000 -0.9727 0.2321
vn 0.0000 -0.9728 0.2315
vn 0.0001 -0.9665 0.2566
vn 0.0005 -0.9794 0.2021
vn 0.0012 -0.9802 0.1981
vn 0.0017 -0.9805 0.1964
vn -0.0000 -0.9790 0.2039
vn 0.0018 -0.9886 0.1504
vn 0.0016 -0.9888 0.1494
vn 0.0010 -0.9891 0.1471
vn -0.0009 -0.9851 0.1718
vn 0.0009 -0.9893 0.1457
vn -0.0001 -0.9914 0.1305
vn -0.0004 -0.9929 0.1191
vn -0.0014 -0.9915 0.1301
vn 0.0002 -0.9929 0.1187
vn 0.0017 -0.9945 0.1050
vn 0.0039 -0.9944 0.1054
vn 0.0006 -0.9955 0.0948
vn 0.0015 -0.9944 0.1060
vn 0.0002 -0.9958 0.0913
vn -0.0002 -0.9970 0.0768
vn 0.0018 -0.9983 0.0581
vn 0.0016 -0.9983 0.0591
vn 0.0018 -0.9983 0.0580
vn 0.0015 -0.9982 0.0593
vn 0.0000 -0.9991 0.0426
vn -0.9961 -0.0000 -0.0884
vn -0.9961 -0.0006 -0.0884
vn -0.9964 -0.0010 -0.0845
vn -0.9984 0.0008 -0.0558
vn -0.9966 -0.0013 -0.0829
vn -0.9998 0.0012 -0.0183
vn -0.9993 -0.0015 -0.0367
vn -0.9999 -0.0008 0.0126
vn -0.9998 0.0002 0.0189
vn -0.9998 0.0007 0.0219
vn -1.0000 -0.0013 0.0095
vn -0.9984 -0.0005 0.0574
vn -0.9982 0.0001 0.0606
vn -0.9981 0.0004 0.0620
vn -0.9984 -0.0008 0.0557
vn -0.9955 0.0001 0.0943
vn -0.9940 0.0028 0.1096
vn -0.9938 0.0003 0.1110
vn -0.9959 -0.0000 0.0900
vn -0.9935 0.0000 0.1137
vn 0.4996 0.0447 0.8651
vn 0.5003 0.1119 0.8586
vn 0.5009 0.1119 0.8583
vn 0.5010 0.1116 0.8582
vn 0.4973 0.1337 0.8572
vn 0.4755 0.3308 0.8152
vn 0.4764 0.3326 0.8139
vn 0.4806 0.3311 0.8121
vn 0.4805 0.2652 0.8359
vn 0.4274 0.5318 0.7311
vn 0.4273 0.5318 0.7312
vn 0.4469 0.4383 0.7798
vn 0.3577 0.7074 0.6096
vn 0.3882 0.6196 0.6823
vn 0.2689 0.8469 0.4588
vn 0.3235 0.7594 0.5645
vn 0.1661 0.9438 0.2858
vn 0.1837 0.9153 0.3583
vn 0.0562 0.9936 0.0975
vn 0.0562 0.9936 0.0985
vn 0.0557 0.9938 0.0965
vn 0.0561 0.9935 0.0989
vn 0.9112 0.1994 0.3604
vn 0.5809 0.6916 0.4292
vn 0.9070 0.1900 0.3757
vn 0.8173 0.5662 0.1069
vn 0.5594 0.7271 0.3980
vn 0.1354 0.9807 0.1411
vn 0.1400 0.9890 0.0473
vn 0.9082 0.4149 0.0540
vn 0.7433 0.0328 0.6682
vn 0.7427 0.0326 0.6689
vn 0.7444 0.0339 0.6669
vn 0.9936 0.0436 0.1042
vn 0.3062 0.9510 0.0424
vn 0.5878 0.0123 0.8089
vn 0.5875 0.0121 0.8091
vn 0.5880 0.0121 0.8088
vn 0.5874 0.0121 0.8092
vn 0.6311 0.3105 0.7108
vn 0.5465 0.1148 0.8296
vn 0.5430 0.1148 0.8318
vn 0.5425 0.1151 0.8321
vn 0.6259 0.3336 0.7049
vn 0.7443 0.0343 0.6670
vn 0.5505 0.1141 0.8270
vn 0.8424 0.1499 0.5175
vn 0.8413 0.1491 0.5197
vn 0.8453 0.1556 0.5111
vn 0.8458 0.1577 0.5096
vn 0.6012 0.5506 0.5791
vn 0.5850 0.5844 0.5624
vn 0.8999 0.3615 0.2439
vn 0.2425 0.9401 0.2396
vn 0.8995 0.3809 0.2139
vn 0.2367 0.9183 0.3172
vn 0.4100 0.8644 0.2911
vn 0.3684 0.8974 0.2429
vn 0.8735 0.3264 0.3611
vn 0.3330 0.8439 0.4205
vn 0.8700 0.3087 0.3844
vn 0.3903 0.7068 0.5901
vn 0.4402 0.7975 0.4126
vn 0.5849 0.0338 0.8104
vn 0.5820 0.0364 0.8123
vn 0.5825 0.0356 0.8121
vn 0.4718 0.7596 0.4478
vn 0.3253 0.8157 0.4783
vn 0.7341 0.0955 0.6723
vn 0.7365 0.1000 0.6690
vn 0.7368 0.1014 0.6684
vn 0.7333 0.0948 0.6733
vn 0.5858 0.0346 0.8097
vn 0.5275 0.1287 0.8398
vn 0.5273 0.1299 0.8397
vn 0.5357 0.1290 0.8345
vn 0.5354 0.1301 0.8345
vn 0.5905 0.3543 0.7251
vn 0.5811 0.3787 0.7204
vn 0.4453 0.5312 0.7208
vn 0.8248 0.5635 0.0471
vn 0.4955 0.6454 0.5814
vn 0.4331 0.6558 0.6183
vn 0.8188 0.2580 0.5128
vn 0.5197 0.6086 0.5996
vn 0.8141 0.2420 0.5279
vn 0.4812 0.3308 0.8118
vn 0.5149 0.1375 0.8462
vn 0.5140 0.1354 0.8471
vn 0.5176 0.1401 0.8441
vn 0.8274 0.5189 0.2148
vn 0.5413 0.3929 0.7434
vn 0.5042 0.4215 0.7537
vn 0.5271 0.4177 0.7401
vn 0.5185 0.1435 0.8429
vn 0.8329 0.4923 0.2526
vn 0.5225 0.1357 0.8418
vn 0.8164 0.4477 0.3647
vn 0.8167 0.4218 0.3939
vn 0.5931 0.7960 0.1207
vn 0.7052 0.7067 0.0569
vn 0.7279 0.6777 0.1044
vn 0.5807 0.0573 0.8121
vn 0.5748 0.0592 0.8161
vn 0.5759 0.0589 0.8154
vn 0.7211 0.1659 0.6726
vn 0.7171 0.1537 0.6798
vn 0.5816 0.0571 0.8115
vn 0.7359 0.6400 0.2212
vn 0.7497 0.6089 0.2593
vn 0.7750 0.3305 0.5386
vn 0.7771 0.3546 0.5200
vn 0.7431 0.5546 0.3746
vn 0.7498 0.5239 0.4041
vn 0.4573 0.8801 0.1279
vn 0.6008 0.7981 0.0457
vn 0.6964 0.2280 0.6804
vn 0.5728 0.0782 0.8159
vn 0.5671 0.0807 0.8197
vn 0.5673 0.0796 0.8196
vn 0.5732 0.0800 0.8155
vn 0.6938 0.2108 0.6886
vn 0.6308 0.7422 0.2261
vn 0.6539 0.7072 0.2688
vn 0.7257 0.4135 0.5499
vn 0.7227 0.4412 0.5319
vn 0.5020 0.1120 0.8576
vn 0.6721 0.6125 0.4161
vn 0.9615 0.2604 0.0874
vn 0.9883 0.1334 0.0742
vn 0.9858 0.0799 0.1478
vn 0.9492 0.0600 0.3088
vn 0.6581 0.6469 0.3851
vn 0.3022 0.9433 0.1371
vn 0.9718 0.0844 0.2202
vn 0.8642 0.0487 0.5008
vn 0.8605 0.0511 0.5068
vn 0.8653 0.0476 0.4990
vn 0.4643 0.8846 0.0432
vn 0.9296 0.0704 0.3618
vn 0.6649 0.2639 0.6988
vn 0.6636 0.2840 0.6921
vn 0.5610 0.0948 0.8224
vn 0.5555 0.0986 0.8256
vn 0.5567 0.0961 0.8251
vn 0.9028 0.4192 0.0963
vn 0.5628 0.0976 0.8208
vn 0.6691 0.4849 0.5632
vn 0.9650 0.2550 0.0607
vn 0.6593 0.5171 0.5458
vn 0.8589 0.0515 0.5095
vn 0.9480 0.2336 0.2162
vn 0.5100 0.8278 0.2337
vn 0.9460 0.2233 0.2351
vn 0.5420 0.7934 0.2768
vn 0.4985 -0.0814 0.8631
vn 0.4832 -0.2432 0.8411
vn 0.4997 -0.1117 0.8590
vn 0.4569 -0.3995 0.7948
vn 0.4253 -0.5339 0.7308
vn 0.4251 -0.5350 0.7302
vn 0.4254 -0.5329 0.7315
vn 0.4754 -0.3311 0.8151
vn 0.3777 -0.6525 0.6570
vn 0.4255 -0.5321 0.7320
vn 0.2951 -0.7974 0.5264
vn 0.3578 -0.7074 0.6095
vn 0.1818 -0.9271 0.3277
vn 0.2704 -0.8469 0.4578
vn 0.0934 -0.9816 0.1665
vn 0.1689 -0.9438 0.2840
vn 0.0311 -0.9981 0.0540
vn 0.0642 -0.9936 0.0925
vn 0.9937 0.1124 0.0017
vn 0.9438 0.3306 0.0012
vn 0.9763 0.2166 -0.0018
vn 0.8463 0.5327 0.0010
vn 0.8911 0.4538 -0.0016
vn 0.7066 0.7076 0.0009
vn 0.7544 0.6564 -0.0014
vn 0.5320 0.8467 0.0007
vn 0.5737 0.8191 -0.0011
vn 0.3306 0.9438 0.0004
vn 0.3545 0.9350 0.0075
vn 0.3536 0.9354 0.0050
vn 0.3586 0.9335 -0.0009
vn 0.1189 0.9929 -0.0002
vn 0.1159 0.9933 0.0002
vn 0.1117 0.9937 -0.0000
vn 0.1228 0.9924 0.0014
vn 0.7332 0.6770 0.0642
vn 0.1218 0.9926 0.0023
vn 0.8789 0.4760 0.0299
vn 0.8905 0.4543 0.0256
vn 0.5544 0.8308 0.0490
vn 0.7542 0.6562 0.0232
vn 0.8136 0.5814 0.0046
vn 0.8133 0.5818 0.0051
vn 0.8134 0.5817 0.0083
vn 0.8145 0.5797 0.0224
vn 0.8133 0.5819 0.0038
vn 0.5740 0.8187 0.0177
vn 0.6349 0.7726 0.0032
vn 0.6343 0.7728 0.0207
vn 0.1369 0.9906 -0.0004
vn 0.1367 0.9906 0.0066
vn 0.1353 0.9908 0.0073
vn 0.1171 0.9931 0.0109
vn 0.3468 0.9378 0.0148
vn 0.3591 0.9332 0.0105
vn 0.3989 0.9166 0.0282
vn 0.3994 0.9168 0.0009
vn 0.1356 0.9908 -0.0011
vn 0.1095 0.9870 0.1181
vn 0.4446 0.6995 0.5595
vn 0.2975 0.8793 0.3718
vn 0.1481 0.9833 0.1057
vn 0.3387 0.9333 0.1196
vn 0.3839 0.9123 0.1424
vn 0.5478 0.8279 0.1203
vn 0.5298 0.8403 0.1148
vn 0.6118 0.6133 0.4997
vn 0.3624 0.8639 0.3498
vn 0.3825 0.7710 0.5092
vn 0.7642 0.6387 0.0893
vn 0.7637 0.6394 0.0894
vn 0.7640 0.6391 0.0894
vn 0.7677 0.6221 0.1537
vn 0.7295 0.6760 0.1046
vn 0.6660 0.7339 0.1336
vn 0.6627 0.7428 0.0955
vn 0.3933 0.8697 0.2982
vn 0.5323 0.7687 0.3546
vn 0.5420 0.7158 0.4402
vn 0.7512 0.5582 0.3523
vn 0.8690 0.3676 0.3313
vn 0.7949 0.5511 0.2538
vn 0.6877 0.5822 0.4336
vn 0.8005 0.5503 0.2376
vn 0.6756 0.6733 0.3004
vn 0.5390 0.8042 0.2504
vn 0.6987 0.0460 0.7140
vn 0.6886 0.1905 0.6997
vn 0.6997 0.1731 0.6932
vn 0.9938 0.0689 0.0871
vn 0.9547 0.1577 0.2525
vn 0.9526 0.1666 0.2547
vn 0.9547 0.1566 0.2531
vn 0.9780 0.1093 0.1776
vn 0.9778 0.1128 0.1768
vn 0.9781 0.1094 0.1773
vn 0.9520 0.1672 0.2566
vn 0.8901 0.1914 0.4137
vn 0.8958 0.1771 0.4077
vn 0.8640 0.0692 0.4986
vn 0.8104 0.0325 0.5850
vn 0.8050 0.1540 0.5729
vn 0.8115 0.1421 0.5668
vn 0.9942 0.0442 0.0980
vn 0.9939 0.0435 0.1011
vn 0.9942 0.0441 0.0979
vn 0.9939 0.0426 0.1015
vn 0.9546 0.1240 0.2709
vn 0.9549 0.1237 0.2701
vn 0.9567 0.1173 0.2664
vn 0.9568 0.1164 0.2663
vn 0.9500 0.0446 0.3091
vn 0.8984 0.0246 0.4384
vn 0.8984 0.0245 0.4384
vn 0.8955 0.1151 0.4299
vn 0.8959 0.1151 0.4291
vn 0.8988 0.1082 0.4248
vn 0.8992 0.1069 0.4244
vn 0.8684 0.4021 0.2903
vn 0.9945 0.0047 0.1048
vn 0.9945 0.0085 0.1044
vn 0.9945 0.0086 0.1044
vn 0.9944 0.0089 0.1049
vn 0.9944 0.0269 0.1017
vn 0.9943 0.0257 0.1034
vn 0.9944 0.0259 0.1021
vn 0.9942 0.0262 0.1040
vn 0.9583 0.0250 0.2846
vn 0.9570 0.0748 0.2804
vn 0.9570 0.0739 0.2804
vn 0.9581 0.0707 0.2776
vn 0.9584 0.0704 0.2766
vn 0.5873 0.0390 0.8084
vn 0.5107 0.5486 0.6620
vn 0.4445 0.6278 0.6390
vn 0.6086 0.5269 0.5933
vn 0.6515 0.5225 0.5500
vn 0.5483 0.3870 0.7414
vn 0.5036 0.4829 0.7164
vn 0.7542 0.4546 0.4739
vn 0.7824 0.4073 0.4711
vn 0.9035 0.2779 0.3264
vn 0.6548 0.4198 0.6285
vn 0.6732 0.3826 0.6328
vn 0.5675 0.2345 0.7893
vn 0.5308 0.3635 0.7656
vn 0.8838 0.2522 0.3941
vn 0.8826 0.2570 0.3937
vn 0.8826 0.2548 0.3950
vn 0.7827 0.3436 0.5190
vn 0.7943 0.3164 0.5186
vn 0.6896 0.2845 0.6660
vn 0.6730 0.3143 0.6695
vn 0.5714 0.1200 0.8119
vn 0.5642 0.0988 0.8197
vn 0.5551 0.2196 0.8023
vn 0.9777 0.1081 0.1802
vn 0.9515 0.2091 0.2256
vn 0.8900 0.2386 0.3886
vn 0.8837 0.2570 0.3912
vn 0.7939 0.2568 0.5512
vn 0.8051 0.2342 0.5449
vn 0.7409 0.0859 0.6661
vn 0.9944 -0.0088 0.1052
vn 0.9945 -0.0002 0.1044
vn 0.9512 -0.0000 0.3087
vn 0.9510 0.0000 0.3091
vn 0.8662 0.0000 0.4997
vn 0.8661 0.0000 0.4998
vn 0.7434 -0.0000 0.6689
vn 0.7437 0.0000 0.6685
vn 0.7433 -0.0000 0.6690
vn 0.5880 0.0000 0.8088
vn 0.5877 -0.0000 0.8091
vn 0.5879 0.0000 0.8089
vn 0.7889 -0.2682 0.5529
vn 0.6114 -0.5713 0.5475
vn 0.6649 -0.4515 0.5950
vn 0.6416 -0.5204 0.5635
vn 0.6407 -0.4424 0.6275
vn 0.9940 -0.0460 0.0991
vn 0.9941 -0.0463 0.0979
vn 0.9941 -0.0446 0.0987
vn 0.9944 -0.0271 0.1024
vn 0.9945 -0.0278 0.1008
vn 0.9944 -0.0272 0.1023
vn 0.9568 -0.0782 0.2800
vn 0.9579 -0.0796 0.2759
vn 0.9564 -0.0787 0.2812
vn 0.9582 -0.0806 0.2745
vn 0.8941 -0.2046 0.3983
vn 0.8867 -0.2020 0.4158
vn 0.7551 -0.4707 0.4563
vn 0.8679 -0.3428 0.3595
vn 0.7741 -0.4323 0.4625
vn 0.7732 -0.3662 0.5178
vn 0.7893 -0.3698 0.4900
vn 0.9924 -0.0828 0.0915
vn 0.9539 -0.1519 0.2587
vn 0.9943 -0.0453 0.0968
vn 0.9564 -0.1328 0.2601
vn 0.9560 -0.1326 0.2618
vn 0.9538 -0.1322 0.2696
vn 0.9535 -0.1329 0.2705
vn 0.9446 -0.2426 0.2211
vn 0.9430 -0.2464 0.2238
vn 0.9436 -0.2457 0.2221
vn 0.9393 -0.2388 0.2464
vn 0.9585 -0.1633 0.2337
vn 0.8786 -0.3410 0.3343
vn 0.8869 -0.2771 0.3696
vn 0.8786 -0.2763 0.3895
vn 0.9945 -0.0090 0.1039
vn 0.4437 -0.6162 0.6507
vn 0.5850 -0.0968 0.8053
vn 0.5649 -0.0741 0.8218
vn 0.7405 -0.0892 0.6661
vn 0.6976 -0.0526 0.7146
vn 0.5482 -0.2225 0.8062
vn 0.5486 -0.3558 0.7566
vn 0.5644 -0.2366 0.7909
vn 0.8640 -0.0709 0.4984
vn 0.8099 -0.0383 0.5854
vn 0.6862 -0.1936 0.7011
vn 0.6981 -0.2029 0.6866
vn 0.5199 -0.4818 0.7054
vn 0.5193 -0.3989 0.7558
vn 0.9502 -0.0453 0.3085
vn 0.8980 -0.0292 0.4389
vn 0.8103 -0.1660 0.5620
vn 0.8023 -0.1597 0.5751
vn 0.6650 -0.3251 0.6724
vn 0.6857 -0.3352 0.6461
vn 0.9944 -0.0274 0.1023
vn 0.9582 -0.0277 0.2846
vn 0.9945 -0.0092 0.1041
vn 0.4846 -0.6280 0.6089
vn 0.4854 -0.5363 0.6905
vn 0.8986 -0.1238 0.4209
vn 0.8981 -0.1243 0.4220
vn 0.8946 -0.1209 0.4301
vn 0.8943 -0.1200 0.4311
vn 0.8021 -0.2736 0.5308
vn 0.1132 -0.9898 0.0861
vn 0.1133 -0.9898 0.0859
vn 0.1118 -0.9901 0.0852
vn 0.3410 -0.7787 0.5267
vn 0.3225 -0.8809 0.3464
vn 0.4401 -0.7624 0.4745
vn 0.6056 -0.6836 0.4074
vn 0.7544 -0.5273 0.3909
vn 0.4967 -0.7273 0.4736
vn 0.6321 -0.7002 0.3320
vn 0.2112 -0.9563 0.2020
vn 0.2075 -0.9377 0.2787
vn 0.1130 -0.9900 0.0849
vn 0.8531 -0.4658 0.2350
vn 0.8065 -0.5744 0.1405
vn 0.8630 -0.4480 0.2333
vn 0.7580 -0.5656 0.3248
vn 0.3396 -0.9344 0.1078
vn 0.4723 -0.8430 0.2575
vn 0.3724 -0.8789 0.2982
vn 0.3662 -0.9223 0.1235
vn 0.5483 -0.8288 0.1121
vn 0.5143 -0.8518 0.0991
vn 0.5204 -0.8134 0.2598
vn 0.6161 -0.7578 0.2150
vn 0.7300 -0.6762 0.0993
vn 0.7571 -0.6477 0.0852
vn 0.7408 -0.6509 0.1661
vn 0.7604 -0.6283 0.1645
vn 0.6506 -0.7546 0.0857
vn 0.6549 -0.7247 0.2144
vn 0.1121 -0.9937 0.0001
vn 0.1129 -0.9936 0.0014
vn 0.1189 -0.9929 -0.0003
vn 0.3307 -0.9437 0.0004
vn 0.1246 -0.9922 0.0026
vn 0.5319 -0.8468 0.0007
vn 0.3571 -0.9341 0.0011
vn 0.3570 -0.9341 0.0017
vn 0.3588 -0.9334 -0.0008
vn 0.7067 -0.7076 0.0009
vn 0.5738 -0.8190 -0.0012
vn 0.8465 -0.5323 0.0011
vn 0.7549 -0.6559 -0.0012
vn 0.7546 -0.6562 -0.0012
vn 0.7541 -0.6567 -0.0014
vn 0.9440 -0.3301 0.0011
vn 0.8920 -0.4521 -0.0031
vn 0.8917 -0.4526 -0.0053
vn 0.8911 -0.4538 -0.0016
vn 0.9937 -0.1118 0.0016
vn 0.9943 -0.1069 0.0016
vn 0.9937 -0.1118 0.0023
vn 0.9763 -0.2166 -0.0018
vn 0.7329 -0.6773 0.0642
vn 0.1108 -0.9938 0.0054
vn 0.1175 -0.9931 0.0047
vn 0.1090 -0.9940 0.0040
vn 0.3591 -0.9333 0.0032
vn 0.1179 -0.9930 0.0044
vn 0.3476 -0.9375 0.0147
vn 0.3194 -0.9474 0.0187
vn 0.3178 -0.9480 0.0176
vn 0.3189 -0.9477 0.0153
vn 0.3194 -0.9475 0.0146
vn 0.7543 -0.6565 -0.0006
vn 0.5734 -0.8190 0.0195
vn 0.5556 -0.8311 0.0240
vn 0.5132 -0.8583 0.0054
vn 0.5121 -0.8584 0.0301
vn 0.8912 -0.4536 -0.0063
vn 0.8257 -0.5624 0.0437
vn 0.8230 -0.5678 0.0175
vn 0.6819 -0.7304 0.0402
vn 0.6822 -0.7301 0.0401
vn 0.6822 -0.7302 0.0365
vn 0.6822 -0.7303 0.0355
vn 0.1049 -0.9935 0.0449
vn 0.3130 -0.9489 0.0411
vn 0.3130 -0.9489 0.0412
vn 0.0751 -0.9961 0.0460
vn 0.5042 -0.8629 0.0351
vn 0.2212 -0.9741 0.0461
vn 0.6748 -0.7375 0.0288
vn 0.3934 -0.9183 0.0437
vn 0.8144 -0.5800 0.0214
vn 0.5771 -0.8158 0.0385
vn 0.9155 -0.4020 0.0131
vn 0.7367 -0.6755 0.0315
vn 0.9779 -0.2091 0.0045
vn 0.8628 -0.5050 0.0232
vn 0.9499 -0.3122 0.0139
vn 0.9944 -0.1055 0.0015
vn 0.4638 -0.8580 0.2208
vn 0.5404 -0.8155 0.2072
vn 0.6876 -0.7077 0.1622
vn 0.6874 -0.7079 0.1622
vn 0.6873 -0.7079 0.1626
vn 0.5879 -0.7850 0.1954
vn 0.5390 -0.8232 0.1786
vn 0.9539 -0.1860 0.2356
vn 0.8559 -0.5044 0.1139
vn 0.9066 -0.4190 0.0505
vn 0.6881 -0.7075 0.1609
vn 0.6998 -0.6980 0.1520
vn 0.6870 -0.7123 0.1437
vn 0.6870 -0.7124 0.1436
vn 0.2196 -0.9539 0.2047
vn 0.2212 -0.9542 0.2015
vn 0.2214 -0.9537 0.2037
vn 0.4275 -0.8838 0.1903
vn 0.5427 -0.8276 0.1434
vn 0.5423 -0.8276 0.1450
vn 0.5423 -0.8275 0.1452
vn 0.5900 -0.8006 0.1043
vn 0.2184 -0.9541 0.2049
vn 0.6230 -0.7625 0.1745
vn 0.6229 -0.7681 0.1488
vn 0.2361 -0.9335 0.2698
vn 0.3452 -0.9116 0.2234
vn 0.5912 -0.7782 0.2117
vn 0.5888 -0.7804 0.2104
vn 0.5977 -0.7724 0.2150
vn 0.4623 -0.8642 0.1986
vn 0.5988 -0.7715 0.2152
vn 0.2182 -0.9466 0.2372
vn 0.0035 -0.8876 0.4605
vn 0.0033 -0.8877 0.4605
vn 0.1099 -0.9590 0.2613
vn 0.1097 -0.9590 0.2611
vn 0.1092 -0.9579 0.2654
vn 0.1095 -0.9582 0.2641
vn 0.1094 -0.9572 0.2679
vn 0.3158 -0.9162 0.2466
vn 0.3161 -0.9144 0.2528
vn 0.3166 -0.9147 0.2513
vn 0.5075 -0.8343 0.2152
vn 0.5082 -0.8329 0.2190
vn 0.5091 -0.8336 0.2145
vn 0.3152 -0.9168 0.2452
vn 0.3155 -0.9165 0.2460
vn 0.3138 -0.9175 0.2444
vn 0.3144 -0.9179 0.2421
vn 0.6769 -0.7133 0.1819
vn 0.6770 -0.7129 0.1828
vn 0.6769 -0.7132 0.1819
vn 0.5077 -0.8346 0.2135
vn 0.5073 -0.8358 0.2099
vn 0.5067 -0.8352 0.2137
vn 0.6770 -0.7133 0.1811
vn 0.8167 -0.5705 0.0865
vn 0.6882 -0.6899 0.2246
vn 0.9082 -0.4122 -0.0729
vn 0.9083 -0.4120 -0.0731
vn 0.9142 -0.1339 0.3826
vn 0.8404 -0.4297 0.3302
vn 0.3575 -0.9217 0.1508
vn 0.5774 -0.8018 0.1538
vn 0.1200 -0.9756 0.1838
vn 0.1242 -0.9736 0.1913
vn 0.1224 -0.9751 0.1849
vn 0.2021 -0.9558 0.2136
vn 0.4429 -0.8752 0.1947
vn 0.4289 -0.8783 0.2114
vn 0.7571 -0.6463 0.0949
vn 0.7562 -0.6475 0.0940
vn 0.7556 -0.6483 0.0936
vn 0.8799 -0.4706 -0.0659
vn 0.6233 -0.7720 0.1247
vn 0.5430 -0.8269 0.1463
vn 0.6250 -0.7661 0.1497
vn 0.8838 -0.4658 0.0434
vn 0.8187 -0.5652 0.1016
vn 0.6588 -0.7429 0.1187
vn 0.1655 -0.9550 0.2462
vn 0.1016 -0.9562 0.2745
vn 0.5050 -0.8395 0.2006
vn 0.3141 -0.9141 0.2564
vn 0.3679 -0.9048 0.2146
vn 0.3439 -0.9180 0.1976
vn 0.8917 -0.4519 0.0264
vn 0.1211 -0.9735 0.1939
vn 0.8253 -0.5615 0.0603
vn 0.8235 -0.5650 0.0512
vn 0.8239 -0.5645 0.0498
vn 0.7338 -0.6746 0.0801
vn 0.7320 -0.6759 0.0850
vn 0.7322 -0.6756 0.0860
vn 0.8258 -0.5606 0.0608
vn 0.7568 -0.6476 0.0884
vn 0.5558 -0.8232 0.1155
vn 0.5569 -0.8229 0.1127
vn 0.5569 -0.8228 0.1132
vn 0.6823 -0.7256 0.0891
vn 0.6838 -0.7240 0.0911
vn 0.6824 -0.7256 0.0888
vn 0.6834 -0.7249 0.0861
vn 0.5751 -0.8075 0.1314
vn 0.3466 -0.9268 0.1445
vn 0.5134 -0.8478 0.1326
vn 0.5120 -0.8508 0.1181
vn 0.3598 -0.9179 0.1673
vn 0.1151 -0.9795 0.1653
vn 0.1184 -0.9791 0.1653
vn 0.1104 -0.9801 0.1649
vn 0.1072 -0.9805 0.1648
vn 0.1095 -0.9749 0.1937
vn 0.3171 -0.9373 0.1448
vn 0.3189 -0.9329 0.1670
vn -0.0127 -0.9989 0.0455
vn -0.2750 -0.9604 0.0439
vn -0.1101 -0.9929 0.0447
vn -0.1100 -0.9929 0.0447
vn -0.1117 -0.9927 0.0448
vn -0.4471 -0.8935 0.0413
vn -0.3334 -0.9418 0.0419
vn -0.6171 -0.7860 0.0364
vn -0.5496 -0.8346 0.0370
vn -0.8768 -0.4804 0.0217
vn -0.8752 -0.4833 0.0219
vn -0.8790 -0.4764 0.0213
vn -0.7612 -0.6478 0.0297
vn -0.7378 -0.6744 0.0300
vn -0.9546 -0.2977 0.0140
vn -0.8800 -0.4745 0.0212
vn -0.9952 -0.0982 0.0049
vn -0.9948 -0.1012 0.0048
vn -0.9956 -0.0932 0.0043
vn -0.9618 -0.2733 0.0123
vn -0.9958 -0.0909 0.0042
vn 0.7351 -0.6722 0.0883
vn 0.7564 -0.6357 0.1537
vn 0.5557 -0.8238 0.1118
vn 0.5961 -0.7957 -0.1071
vn 0.6720 -0.7314 0.1161
vn 0.3459 -0.9295 0.1283
vn 0.4487 -0.8841 0.1307
vn 0.1171 -0.9832 0.1402
vn 0.0972 -0.9853 0.1405
vn 0.0971 -0.9852 0.1409
vn 0.0940 -0.9851 0.1443
vn 0.0949 -0.9860 0.1369
vn 0.2773 -0.9504 0.1407
vn 0.2743 -0.9418 0.1943
vn 0.7839 -0.5611 0.2658
vn 0.8873 -0.4287 0.1698
vn 0.8046 -0.5804 0.1259
vn 0.7521 -0.6332 0.1825
vn 0.6626 -0.7327 0.1551
vn 0.6490 -0.7199 0.2458
vn 0.6029 -0.7843 0.1466
vn 0.3521 -0.9177 0.1840
vn 0.3483 -0.9207 0.1760
vn 0.3483 -0.9199 0.1801
vn 0.5712 -0.8005 0.1814
vn 0.2030 -0.9673 0.1521
vn 0.4481 -0.8817 0.1475
vn 0.4954 -0.8544 0.1568
vn 0.4870 -0.8458 0.2177
vn 0.1186 -0.9824 0.1440
vn 0.1168 -0.9828 0.1429
vn 0.1158 -0.9835 0.1391
vn 0.1036 -0.9853 0.1356
vn 0.3060 -0.9381 0.1623
vn 0.3314 -0.9311 -0.1522
vn -0.2603 -0.9459 0.1939
vn -0.6949 -0.6733 0.2526
vn -0.6949 -0.6733 0.2527
vn -0.5271 -0.8246 0.2054
vn -0.6580 -0.7234 0.2092
vn -0.6682 -0.7173 0.1972
vn -0.4644 -0.8574 0.2219
vn -0.4628 -0.8581 0.2223
vn -0.4692 -0.8555 0.2192
vn -0.4739 -0.8535 0.2169
vn -0.4767 -0.8629 0.1679
vn -0.3286 -0.9215 0.2069
vn -0.4287 -0.8706 0.2415
vn -0.1027 -0.9416 0.3207
vn -0.1771 -0.9568 0.2305
vn -0.3978 -0.8913 0.2178
vn -0.6966 -0.6786 0.2329
vn -0.5298 -0.8320 0.1646
vn -0.5297 -0.8321 0.1646
vn -0.5297 -0.8320 0.1651
vn -0.8280 -0.5082 0.2371
vn -0.8662 -0.4948 0.0693
vn -0.8410 -0.5257 0.1277
vn -0.7871 -0.5969 0.1554
vn -0.8554 -0.4990 0.1387
vn -0.7616 -0.5910 0.2661
vn -0.8270 -0.5052 0.2466
vn -0.6964 -0.6816 0.2245
vn -0.6911 -0.6700 0.2711
vn -0.5285 -0.8304 0.1762
vn -0.8422 -0.5022 0.1961
vn -0.8863 -0.2959 0.3562
vn -0.8864 -0.2959 0.3561
vn -0.8863 -0.2958 0.3563
vn -0.7226 -0.6453 0.2480
vn -0.8228 -0.5458 0.1584
vn -0.3106 -0.8767 0.3672
vn -0.8309 -0.4906 0.2623
vn -0.8032 -0.5100 0.3080
vn -0.6931 -0.6775 0.2462
vn -0.5074 -0.7816 0.3628
vn -0.5083 -0.7848 0.3546
vn -0.5061 -0.7831 0.3615
vn -0.7821 -0.5881 0.2061
vn -0.5848 -0.7694 0.2572
vn -0.7074 -0.6537 0.2687
vn -0.8184 -0.4847 0.3088
vn -0.7976 -0.6032 0.0018
vn -0.7991 -0.6011 0.0066
vn -0.7978 -0.6029 0.0024
vn -0.7998 -0.6000 -0.0176
vn -0.5073 -0.8618 0.0010
vn -0.5071 -0.8619 0.0012
vn -0.5085 -0.8611 -0.0015
vn -0.8034 -0.5954 0.0050
vn -0.5072 -0.8618 0.0019
vn -0.8110 -0.5844 0.0276
vn -0.5318 -0.8454 0.0506
vn -0.5157 -0.8508 -0.1011
vn -0.7951 -0.6011 0.0807
vn -0.8274 -0.5586 0.0576
vn -0.7453 -0.6666 -0.0078
vn -0.7406 -0.6719 0.0017
vn -0.7442 -0.6679 -0.0028
vn -0.8559 -0.5057 0.1083
vn -0.8816 -0.4690 0.0532
vn -0.4983 -0.8567 0.1333
vn -0.7396 -0.6407 0.2064
vn -0.7871 -0.6143 0.0556
vn -0.7154 -0.6804 0.1588
vn -0.5022 -0.8344 0.2272
vn -0.5306 -0.8333 0.1554
vn -0.7229 -0.6689 0.1734
vn -0.5516 -0.8264 0.1133
vn -0.8329 -0.5498 0.0628
vn -0.8462 -0.5121 0.1475
vn -0.8464 -0.5117 0.1477
vn -0.8464 -0.5108 0.1507
vn -0.5491 -0.8243 0.1376
vn -0.5250 -0.8337 0.1711
vn -0.8464 -0.5117 0.1474
vn -0.5643 -0.8087 0.1661
vn -0.4643 -0.8225 0.3286
vn -0.7350 -0.6640 0.1378
vn -0.7156 -0.6898 0.1103
vn -0.4641 -0.8376 0.2883
vn -0.7240 -0.6511 0.2280
vn -0.6659 -0.7259 0.1720
vn -0.4432 -0.8670 0.2276
vn -0.4481 -0.8628 0.2341
vn -0.4431 -0.8671 0.2276
vn -0.4621 -0.8583 0.2229
vn -0.7281 -0.6689 0.1501
vn -0.4425 -0.8677 0.2265
vn -0.5325 -0.8294 0.1687
vn -0.3253 -0.9113 0.2525
vn -0.1141 -0.9762 0.1844
vn -0.5115 -0.8098 0.2875
vn -0.3261 -0.9134 0.2436
vn -0.1707 -0.9549 0.2430
vn -0.1726 -0.9544 0.2437
vn -0.1721 -0.9545 0.2435
vn -0.5159 -0.8010 0.3038
vn -0.5177 -0.8003 0.3025
vn -0.5165 -0.8000 0.3053
vn -0.4763 -0.8447 0.2444
vn -0.1063 -0.9516 0.2885
vn -0.5308 -0.8256 0.1915
vn -0.5101 -0.8065 0.2989
vn -0.1698 -0.9551 0.2426
vn -0.3220 -0.9035 0.2830
vn -0.1778 -0.9459 0.2715
vn -0.5451 -0.8123 0.2076
vn -0.1045 -0.9523 0.2866
vn -0.5605 -0.8138 0.1536
vn -0.1152 -0.9730 0.2003
vn -0.5404 -0.7721 0.3345
vn -0.4821 -0.8382 0.2550
vn -0.9083 -0.2655 0.3232
vn -0.8687 -0.4721 0.1500
vn -0.7503 -0.6306 0.1986
vn -0.8157 -0.4802 0.3225
vn -0.8158 -0.4802 0.3224
vn -0.6016 -0.7662 0.2259
vn -0.6792 -0.6490 0.3427
vn -0.4291 -0.8708 0.2400
vn -0.5091 -0.7851 0.3527
vn -0.2535 -0.9320 0.2592
vn -0.0768 -0.9406 0.3308
vn -0.3129 -0.8830 0.3499
vn -0.9667 -0.0604 -0.2488
vn -0.9691 -0.1702 -0.1783
vn -0.9388 -0.3311 -0.0954
vn -0.8451 -0.5317 -0.0562
vn -0.8306 -0.5536 -0.0599
vn -0.9787 -0.1900 -0.0777
vn -0.9456 -0.3245 -0.0221
vn -0.9286 -0.3669 -0.0552
vn -0.9288 -0.3678 -0.0449
vn -0.9292 -0.3666 -0.0460
vn -0.7057 -0.7076 -0.0341
vn -0.7418 -0.6694 -0.0407
vn -0.7372 -0.6739 -0.0486
vn -0.7418 -0.6692 -0.0435
vn -0.8321 -0.5529 -0.0443
vn -0.8802 -0.4709 -0.0583
vn -0.8812 -0.4686 -0.0626
vn -0.8804 -0.4705 -0.0592
vn -0.8228 -0.5662 -0.0489
vn -0.7387 -0.6731 -0.0357
vn -0.9100 -0.4145 -0.0105
vn -0.9237 -0.3720 -0.0921
vn -0.8842 -0.4669 -0.0122
vn -0.8454 -0.5333 -0.0300
vn -0.8323 -0.5537 -0.0269
vn -0.8335 -0.5525 -0.0125
vn -0.8247 -0.5654 -0.0111
vn -0.5344 -0.8410 0.0850
vn -0.7063 -0.7078 -0.0118
vn -0.7427 -0.6696 0.0059
vn -0.7409 -0.6715 0.0105
vn -0.8479 -0.5301 0.0104
vn -0.9831 -0.1784 -0.0412
vn -0.9820 -0.1850 -0.0384
vn -0.9816 -0.1869 -0.0385
vn -0.9186 -0.3948 -0.0201
vn -0.9836 -0.1751 -0.0425
vn -0.9075 -0.4194 -0.0229
vn -0.9310 -0.3644 0.0225
vn -0.8326 -0.5537 0.0142
vn -0.8339 -0.5519 0.0026
vn -0.8318 -0.5550 0.0054
vn -0.8819 -0.4714 -0.0022
vn -0.8839 -0.4675 -0.0094
vn -0.8822 -0.4708 -0.0048
vn -0.8348 -0.5503 0.0159
vn -0.7088 -0.7046 0.0346
vn -0.7430 -0.6691 0.0187
vn -0.7406 -0.6718 0.0131
vn -0.7431 -0.6690 0.0168
vn -0.7411 -0.6710 0.0224
vn -0.8254 -0.5645 0.0087
vn -0.9818 -0.1897 0.0077
vn -0.9803 -0.1976 0.0069
vn -0.9805 -0.1965 0.0075
vn -0.9292 -0.3695 -0.0092
vn -0.8847 -0.4647 0.0382
vn -0.8822 -0.4699 0.0310
vn -0.8825 -0.4690 0.0346
vn -0.8256 -0.5624 0.0457
vn -0.8356 -0.5480 0.0389
vn -0.8337 -0.5509 0.0370
vn -0.8371 -0.5451 0.0465
vn -0.8341 -0.5492 0.0513
vn -0.7422 -0.6673 0.0621
vn -0.7408 -0.6690 0.0607
vn -0.7436 -0.6656 0.0632
vn -0.7410 -0.6677 0.0717
vn -0.7075 -0.7038 0.0637
vn -0.9824 -0.1867 0.0077
vn -0.9092 -0.4146 0.0386
vn -0.9101 -0.4127 0.0385
vn -0.9089 -0.4152 0.0379
vn -0.8236 -0.5641 0.0591
vn -0.9106 -0.4115 0.0383
vn -0.9290 -0.3590 0.0897
vn -0.8347 -0.5452 0.0781
vn -0.8339 -0.5480 0.0661
vn -0.8353 -0.5457 0.0676
vn -0.8840 -0.4649 0.0488
vn -0.8840 -0.4649 0.0491
vn -0.8337 -0.5463 0.0803
vn -0.7394 -0.6681 0.0835
vn -0.7407 -0.6675 0.0765
vn -0.7383 -0.6695 0.0816
vn -0.7077 -0.6990 0.1030
vn -0.5331 -0.8435 0.0653
vn -0.5339 -0.8432 0.0633
vn -0.5325 -0.8439 0.0649
vn -0.8250 -0.5607 0.0707
vn -0.7407 -0.6664 0.0851
vn -0.9792 -0.1953 0.0544
vn -0.9646 -0.2586 0.0508
vn -0.9034 -0.4168 0.1007
vn -0.8446 -0.5251 0.1046
vn -0.9289 -0.3664 0.0530
vn -0.9273 -0.3687 0.0644
vn -0.9272 -0.3701 0.0572
vn -0.8827 -0.4599 0.0970
vn -0.8815 -0.4628 0.0939
vn -0.8818 -0.4620 0.0950
vn -0.8337 -0.5428 0.1020
vn -0.8352 -0.5394 0.1073
vn -0.8317 -0.5434 0.1139
vn -0.8318 -0.5460 0.1000
vn -0.8234 -0.5572 0.1073
vn -0.7053 -0.6971 0.1286
vn -0.7030 -0.6989 0.1317
vn -0.7039 -0.6971 0.1366
vn -0.7360 -0.6650 0.1265
vn -0.7357 -0.6642 0.1326
vn -0.7387 -0.6604 0.1348
vn -0.7390 -0.6624 0.1231
vn -0.9784 0.0020 0.2066
vn -0.8426 -0.5170 0.1508
vn -0.9082 -0.4101 0.0839
vn -0.9205 -0.3442 0.1848
vn -0.8815 -0.4614 0.1001
vn -0.8306 -0.5413 0.1309
vn -0.7049 -0.6956 0.1385
vn -0.8296 -0.5380 0.1493
vn -0.9736 -0.2036 0.1036
vn -0.9886 -0.1074 0.1057
vn -0.9131 -0.3348 0.2326
vn -0.8744 -0.4456 0.1920
vn -0.8778 -0.4538 0.1536
vn -0.8778 -0.4538 0.1535
vn -0.9360 -0.3186 0.1493
vn -0.9111 -0.3892 0.1359
vn -0.9254 -0.3617 0.1134
vn -0.9254 -0.3617 0.1133
vn -0.8392 -0.5173 0.1676
vn -0.8392 -0.5174 0.1675
vn -0.8274 -0.5384 0.1598
vn -0.8263 -0.5352 0.1755
vn -0.9319 -0.3093 0.1896
vn -0.9789 -0.1948 0.0619
vn -0.9798 -0.1856 0.0751
vn -0.9537 -0.2320 0.1912
vn -0.9806 -0.0967 0.1703
vn -0.9716 -0.1847 0.1482
vn -0.9723 -0.1818 0.1467
vn -0.9701 -0.1901 0.1507
vn -0.8591 -0.4675 0.2082
vn -0.9698 -0.1916 0.1512
vn -0.9824 -0.0015 0.1870
vn -0.9330 -0.3089 0.1848
vn -0.9332 -0.3082 0.1846
vn -0.9344 -0.3044 0.1850
vn -0.9335 -0.3074 0.1847
vn -0.3324 -0.9427 0.0275
vn -0.1045 -0.9937 -0.0412
vn -0.5258 -0.8482 -0.0640
vn -0.0739 -0.9944 -0.0760
vn -0.3538 -0.9353 0.0099
vn -0.5083 -0.8603 -0.0385
vn -0.5664 -0.8237 0.0273
vn -0.5831 -0.8053 -0.1070
vn -0.9694 -0.2294 -0.0875
vn -0.9694 -0.2292 -0.0878
vn -0.9696 -0.2288 -0.0872
vn -0.9279 -0.3686 -0.0557
vn -0.8820 -0.4681 -0.0543
vn -0.8201 -0.5672 -0.0761
vn -0.7968 -0.5974 -0.0911
vn -0.2021 -0.9787 0.0367
vn -0.2090 -0.9771 0.0390
vn -0.2001 -0.9791 0.0360
vn -0.4205 -0.8469 -0.3256
vn -0.2000 -0.9791 0.0359
vn -0.3866 -0.9223 -0.0014
vn -0.6030 -0.7958 0.0554
vn -0.7995 -0.6007 0.0070
vn -0.9695 -0.2289 -0.0871
vn -0.9751 -0.2139 -0.0592
vn -0.9287 -0.3688 -0.0384
vn -0.8834 -0.4678 -0.0278
vn -0.9778 -0.2092 -0.0085
vn -0.1134 -0.9888 0.0966
vn -0.4931 -0.8699 0.0117
vn -0.1941 -0.9800 0.0429
vn -0.3298 -0.9432 0.0395
vn -0.5453 -0.8355 0.0678
vn -0.1045 -0.9934 -0.0483
vn -0.5274 -0.8492 -0.0270
vn -0.3324 -0.9390 0.0886
vn -0.5120 -0.8590 0.0075
vn -0.8055 -0.5921 -0.0259
vn -0.8242 -0.5662 -0.0133
vn -0.9708 -0.2327 -0.0577
vn -0.8845 -0.4665 0.0039
vn -0.9301 -0.3673 -0.0074
vn -0.6184 -0.7818 -0.0802
vn -0.6400 -0.7640 0.0814
vn -0.5546 -0.8271 0.0913
vn -0.9773 -0.2112 -0.0152
vn -0.9771 -0.2121 -0.0174
vn -0.9773 -0.2113 -0.0148
vn -0.7887 -0.6139 0.0348
vn -0.7889 -0.6137 0.0313
vn -0.7905 -0.6118 0.0294
vn -0.3908 -0.9188 0.0564
vn -0.1953 -0.9765 0.0907
vn -0.2048 -0.9743 0.0942
vn -0.1928 -0.9771 0.0895
vn -0.4045 -0.9141 0.0275
vn -0.8261 -0.5598 0.0652
vn -0.9300 -0.3672 0.0124
vn -0.8845 -0.4659 0.0253
vn -0.8039 -0.5883 0.0876
vn -0.7902 -0.6118 0.0363
vn -0.9771 -0.2125 -0.0142
vn -0.9720 -0.2334 0.0277
vn -0.6439 -0.7646 0.0293
vn -0.6135 -0.7684 0.1821
vn -0.1978 -0.9754 0.0977
vn -0.2046 -0.9744 0.0932
vn -0.4945 -0.8662 0.0718
vn -0.4028 -0.9058 0.1314
vn -0.5148 -0.8480 0.1259
vn -0.5564 -0.8299 0.0410
vn -0.1938 -0.9759 0.1007
vn -0.3902 -0.9146 0.1062
vn -0.5324 -0.8331 0.1498
vn -0.1129 -0.9716 0.2081
vn -0.3299 -0.9408 0.0780
vn -0.0851 -0.9620 0.2596
vn -0.3548 -0.9299 0.0972
vn -0.8842 -0.4629 0.0634
vn -0.9299 -0.3646 0.0495
vn -0.8116 -0.5831 0.0362
vn -0.8248 -0.5636 0.0455
vn -0.9746 -0.2238 -0.0105
vn -0.7898 -0.6065 0.0908
vn -0.9769 -0.2110 0.0344
vn -0.9289 -0.3642 0.0667
vn -0.8829 -0.4610 0.0893
vn -0.8226 -0.5518 0.1374
vn -0.8055 -0.5720 0.1548
vn -0.9744 -0.2153 0.0650
vn -0.9742 -0.2158 0.0657
vn -0.9743 -0.2155 0.0655
vn -0.7947 -0.6038 0.0627
vn -0.9742 -0.2157 0.0657
vn -0.6042 -0.7941 -0.0660
vn -0.5659 -0.8055 0.1757
vn -0.5384 -0.8397 0.0712
vn -0.1121 -0.9882 0.1044
vn -0.3311 -0.9342 0.1325
vn -0.5962 -0.7676 0.2354
vn -0.1986 -0.9684 0.1509
vn -0.2071 -0.9668 0.1497
vn -0.2068 -0.9669 0.1492
vn -0.2000 -0.9686 0.1478
vn -0.5919 -0.8028 0.0712
vn -0.4683 -0.7455 0.4742
vn -0.4935 -0.8594 0.1337
vn -0.1957 -0.9684 0.1547
vn -0.5107 -0.8400 0.1833
vn -0.5607 -0.8213 0.1047
vn -0.5283 -0.8241 0.2041
vn -0.3877 -0.9067 0.1659
vn -0.0806 -0.9550 0.2856
vn -0.1091 -0.9634 0.2451
vn -0.3301 -0.9332 0.1421
vn -0.3533 -0.9221 0.1579
vn -0.9789 -0.1819 0.0930
vn -0.9268 -0.3599 0.1074
vn -0.9844 -0.1649 0.0618
vn -0.8517 -0.5054 0.1383
vn -0.1130 -0.9856 0.1256
vn -0.3287 -0.9242 0.1945
vn -0.0747 -0.9933 0.0884
vn -0.2364 -0.9485 0.2109
vn -0.2005 -0.9583 0.2035
vn 0.1040 0.9936 0.0447
vn 0.1051 0.9935 0.0448
vn 0.1017 0.9938 0.0449
vn 0.0991 0.9941 0.0450
vn 0.3127 0.9489 0.0420
vn 0.2962 0.9542 0.0428
vn 0.5048 0.8624 0.0375
vn 0.4850 0.8737 0.0388
vn 0.6758 0.7364 0.0315
vn 0.6583 0.7521 0.0328
vn 0.8170 0.5761 0.0238
vn 0.8029 0.5956 0.0252
vn 0.9187 0.3945 0.0153
vn 0.9101 0.4140 0.0168
vn 0.9754 0.2201 0.0079
vn 0.9747 0.2233 0.0081
vn 0.9764 0.2158 0.0077
vn 0.9972 0.0751 0.0005
vn 0.9768 0.2138 0.0075
vn 0.8597 -0.4174 0.2944
vn 0.9898 -0.1037 0.0979
vn 0.1123 -0.9885 0.1009
vn 0.9449 -0.2408 0.2217
vn 0.9760 -0.1981 0.0903
vn 0.7412 -0.6293 0.2339
vn 0.9420 -0.3237 0.0888
vn 0.9081 -0.3492 0.2313
vn 0.8898 -0.4294 0.1547
vn 0.8889 -0.4305 0.1566
vn 0.8899 -0.4293 0.1546
vn 0.8897 -0.4304 0.1521
vn 0.5612 -0.7973 0.2224
vn 0.7045 -0.6965 0.1361
vn 0.8448 -0.5245 0.1058
vn 0.7838 -0.6023 0.1513
vn 0.7726 -0.5950 0.2215
vn 0.5311 -0.8368 0.1331
vn 0.5312 -0.8367 0.1331
vn 0.6347 -0.7637 0.1180
vn 0.6221 -0.7562 0.2030
vn 0.1205 -0.9833 0.1365
vn 0.3554 -0.9188 0.1716
vn 0.3295 -0.9363 0.1213
vn 0.1355 -0.9816 0.1346
vn 0.4128 -0.9046 0.1068
vn 0.3990 -0.8965 0.1927
vn 0.1421 -0.9853 0.0953
vn -0.4162 -0.5843 0.6967
vn -0.7209 -0.6825 0.1205
vn -0.6864 -0.6833 0.2491
vn -0.1233 -0.9820 0.1431
vn -0.9152 -0.3322 -0.2282
vn -0.5273 -0.1336 0.8391
vn -0.4758 -0.1740 0.8622
vn -0.4162 -0.3109 0.8544
vn -0.4842 -0.4377 0.7576
vn -0.7211 -0.6000 0.3465
vn -0.6868 -0.5568 0.4671
vn -0.8823 -0.4630 0.0844
vn -0.8834 -0.4599 0.0904
vn -0.8832 -0.4605 0.0889
vn -0.9238 -0.3830 0.0001
vn -0.8849 -0.4588 0.0810
vn -0.6869 -0.3637 0.6292
vn -0.7210 -0.4456 0.5306
vn -0.8848 -0.4035 0.2332
vn -0.8940 -0.4210 0.1531
vn -0.8940 -0.4211 0.1531
vn -0.8466 -0.0071 0.5321
vn -0.8474 -0.0050 0.5310
vn -0.8475 -0.0036 0.5308
vn -0.7019 -0.1199 0.7021
vn -0.6930 -0.1435 0.7065
vn -0.7209 -0.2370 0.6513
vn -0.8849 -0.2994 0.3569
vn -0.8940 -0.3430 0.2883
vn -0.9438 -0.0012 0.3304
vn -0.9440 -0.0009 0.3299
vn -0.9439 -0.0003 0.3302
vn -0.8825 -0.1750 0.4366
vn -0.8848 -0.1594 0.4378
vn -0.8940 -0.2241 0.3880
vn -0.9864 -0.1640 -0.0112
vn -0.9971 -0.0613 -0.0452
vn -0.9775 -0.2065 0.0424
vn -0.9814 -0.1922 0.0004
vn -0.9945 -0.0556 -0.0883
vn -0.9803 -0.1857 0.0675
vn -0.9964 -0.0656 -0.0529
vn -0.9961 -0.0863 -0.0177
vn -0.9302 -0.3240 -0.1723
vn -0.9890 0.0234 0.1463
vn -0.9890 0.0233 0.1462
vn -0.9763 -0.1944 0.0946
vn -0.9957 -0.0128 0.0915
vn -0.9957 -0.0130 0.0915
vn -0.9716 -0.1812 0.1525
vn -0.9706 -0.1204 0.2083
vn -0.9973 -0.0410 0.0616
vn -0.9972 -0.0416 0.0619
vn -0.9969 -0.0449 0.0645
vn -0.1110 -0.1086 0.9879
vn -0.9721 -0.1343 0.1921
vn -0.9906 0.0786 0.1117
vn -0.9969 -0.0334 0.0716
vn -0.9723 -0.0784 0.2200
vn -0.9721 -0.0989 0.2125
vn -0.3422 -0.9283 0.1454
vn -0.1377 -0.9256 0.3527
vn -0.1837 -0.9629 0.1977
vn -0.1532 -0.6867 0.7107
vn -0.1570 -0.8242 0.5441
vn -0.1971 -0.8490 0.4903
vn -0.5356 -0.8438 0.0337
vn -0.4254 -0.8880 0.1743
vn -0.1386 -0.5167 0.8449
vn -0.1987 -0.6302 0.7506
vn -0.4848 -0.8220 0.2990
vn -0.4162 -0.7874 0.4547
vn -0.8402 -0.5336 -0.0966
vn -0.7113 -0.6989 0.0751
vn -0.7120 -0.6992 0.0650
vn -0.7124 -0.6985 0.0678
vn -0.7100 -0.6999 0.0773
vn -0.3297 -0.0462 0.9429
vn -0.1729 -0.3184 0.9320
vn -0.1889 -0.3360 0.9227
vn -0.1492 -0.1473 0.9778
vn -0.4846 -0.6698 0.5626
vn -0.0898 0.9949 0.0450
vn -0.0128 0.9989 0.0453
vn -0.2725 0.9612 0.0432
vn -0.1313 0.9903 0.0456
vn -0.4752 0.8790 0.0391
vn -0.3352 0.9411 0.0435
vn -0.6742 0.7378 0.0330
vn -0.5257 0.8498 0.0391
vn -0.6930 0.7202 0.0329
vn -0.6929 0.7203 0.0329
vn -0.8334 0.5521 0.0249
vn -0.8306 0.5563 0.0251
vn -0.8348 0.5499 0.0247
vn -0.8287 0.5591 0.0254
vn -0.9427 0.3332 0.0146
vn -0.9276 0.3732 0.0174
vn -0.9938 0.1112 0.0043
vn -0.9785 0.2061 0.0098
vn -0.9785 0.2062 0.0098
vn -0.9975 0.0704 0.0033
vn 0.2981 0.9175 0.2633
vn 0.4850 0.8508 0.2023
vn 0.5489 0.8085 0.2124
vn 0.5458 0.8207 0.1688
vn 0.4822 0.8472 0.2232
vn 0.3595 0.9080 0.2153
vn 0.3391 0.9190 0.2010
vn 0.5903 0.8004 0.1045
vn 0.2197 0.9538 0.2048
vn 0.2217 0.9538 0.2026
vn 0.2213 0.9542 0.2015
vn 0.5427 0.8276 0.1434
vn 0.5424 0.8275 0.1451
vn 0.5423 0.8276 0.1450
vn 0.4279 0.8836 0.1900
vn 0.6232 0.7622 0.1754
vn 0.2186 0.9539 0.2054
vn 0.2358 0.9332 0.2711
vn 0.2185 0.9463 0.2381
vn 0.6001 0.7702 0.2161
vn 0.5987 0.7715 0.2154
vn 0.5989 0.7712 0.2160
vn 0.6229 0.7682 0.1480
vn 0.6011 0.7694 0.2162
vn 0.4794 0.8558 0.1943
vn 0.3404 0.9132 0.2242
vn 0.8048 0.5893 0.0704
vn 0.6795 0.6871 0.2573
vn 0.6611 0.7268 0.1864
vn 0.6611 0.7268 0.1860
vn 0.6610 0.7267 0.1868
vn 0.6609 0.7271 0.1857
vn 0.4867 0.8459 0.2181
vn 0.4877 0.8447 0.2206
vn 0.4880 0.8439 0.2228
vn 0.4884 0.8451 0.2174
vn 0.4869 0.8462 0.2163
vn 0.4858 0.8454 0.2218
vn 0.0030 0.8981 0.4398
vn 0.0030 0.8981 0.4397
vn 0.2980 0.9223 0.2461
vn 0.2974 0.9221 0.2474
vn 0.2978 0.9223 0.2462
vn 0.1039 0.9595 0.2619
vn 0.1036 0.9594 0.2624
vn 0.1041 0.9596 0.2614
vn 0.2985 0.9222 0.2460
vn 0.2989 0.9215 0.2478
vn 0.2998 0.9216 0.2465
vn 0.2995 0.9204 0.2514
vn 0.1037 0.9591 0.2633
vn 0.1038 0.9588 0.2645
vn 0.8797 0.4709 -0.0664
vn 0.7574 0.6461 0.0941
vn 0.7555 0.6485 0.0932
vn 0.7560 0.6478 0.0939
vn 0.5774 0.8018 0.1538
vn 0.3577 0.9216 0.1509
vn 0.6233 0.7720 0.1247
vn 0.6252 0.7661 0.1492
vn 0.5430 0.8269 0.1465
vn 0.2023 0.9557 0.2137
vn 0.1202 0.9756 0.1839
vn 0.1144 0.9746 0.1927
vn 0.1244 0.9739 0.1897
vn 0.4426 0.8753 0.1950
vn 0.4291 0.8782 0.2112
vn 0.8839 0.4656 0.0434
vn 0.8183 0.5657 0.1017
vn 0.6589 0.7428 0.1187
vn 0.9578 0.1725 0.2297
vn 0.9093 0.3933 0.1359
vn 0.8178 0.5621 0.1233
vn 0.9143 0.4016 0.0527
vn 0.7066 0.6923 0.1466
vn 0.7065 0.6922 0.1470
vn 0.7064 0.6924 0.1469
vn 0.6790 0.7179 0.1537
vn 0.7069 0.6881 0.1637
vn 0.7064 0.6925 0.1469
vn 0.6025 0.7763 0.1855
vn 0.1598 0.9558 0.2467
vn 0.0956 0.9569 0.2744
vn 0.0001 -0.1096 0.9940
vn 0.0001 -0.1095 0.9940
vn 0.0001 -0.1088 0.9941
vn 0.0001 -0.1101 0.9939
vn 0.0002 -0.3234 0.9463
vn 0.0001 -0.3224 0.9466
vn 0.0001 -0.3236 0.9462
vn 0.0001 -0.3228 0.9465
vn 0.0001 -0.5214 0.8533
vn 0.0001 -0.5215 0.8532
vn 0.0002 -0.5214 0.8533
vn 0.0001 -0.6948 0.7192
vn 0.0001 -0.6951 0.7189
vn 0.0001 -0.6951 0.7190
vn 0.0001 -0.6949 0.7191
vn 0.0000 -0.8350 0.5502
vn 0.0001 -0.8348 0.5505
vn 0.0001 -0.8346 0.5509
vn 0.0001 -0.8348 0.5506
vn 0.0000 -0.9343 0.3566
vn -0.0002 -0.9344 0.3561
vn 0.0000 -0.9344 0.3563
vn 0.0000 -0.9896 0.1441
vn 0.0000 -0.9896 0.1440
vn 0.0000 -0.9895 0.1443
vn -0.9986 -0.0000 -0.0530
vn -0.9986 -0.0001 -0.0532
vn -0.9986 -0.0000 -0.0532
vn -0.9998 -0.0000 -0.0177
vn -0.9998 -0.0000 -0.0176
vn -0.9937 0.0000 0.1124
vn -0.9937 -0.0000 0.1117
vn -0.9937 0.0000 0.1119
vn -0.9439 0.0003 0.3302
vn -0.9439 0.0002 0.3302
vn -0.8476 0.0029 0.5307
vn -0.8471 0.0049 0.5314
vn -0.7072 -0.0000 0.7070
vn -0.7073 -0.0000 0.7069
vn -0.5315 -0.0000 0.8470
vn -0.5315 -0.0000 0.8471
vn -0.1117 -0.0000 0.9937
vn -0.1116 -0.0000 0.9938
vn -0.1112 -0.0000 0.9938
vn -0.3302 -0.0000 0.9439
vn -0.3303 -0.0000 0.9439
vn -0.3301 -0.0000 0.9439
vn -0.1119 -0.0000 0.9937
vn -0.1115 -0.0000 0.9938
vn -0.1110 0.0000 0.9938
vn -0.3692 0.9265 0.0732
vn -0.2129 0.9727 0.0928
vn -0.2139 0.9724 0.0933
vn -0.2138 0.9724 0.0932
vn -0.5900 0.8074 0.0056
vn -0.5649 0.8248 0.0250
vn -0.6146 0.7868 0.0559
vn -0.6130 0.7880 0.0574
vn -0.6133 0.7878 0.0571
vn -0.4682 0.8813 0.0636
vn -0.4725 0.8795 0.0567
vn -0.4716 0.8801 0.0549
vn -0.2315 0.9716 0.0497
vn -0.9761 0.0676 -0.2067
vn -0.9436 0.3311 -0.0015
vn -0.9447 0.3280 0.0027
vn -0.9436 0.3311 -0.0009
vn -0.9895 0.1333 -0.0565
vn -0.9827 0.1697 -0.0737
vn -0.9225 0.3856 -0.0187
vn -0.9226 0.3852 -0.0197
vn -0.9204 0.3905 -0.0183
vn -0.9473 0.3196 -0.0194
vn -0.9433 0.3318 -0.0011
vn -0.8248 0.5649 0.0240
vn -0.9236 0.3828 -0.0191
vn -0.9235 0.3833 -0.0169
vn -0.8462 0.5326 -0.0180
vn -0.8400 0.5418 -0.0278
vn -0.9986 0.0499 0.0166
vn -0.9399 0.3387 -0.0432
vn -0.9411 0.3348 -0.0469
vn -0.9419 0.3326 -0.0477
vn -0.9856 0.1662 -0.0297
vn -0.9399 0.3390 -0.0402
vn -0.8481 0.5297 0.0136
vn -0.7799 0.6151 0.1158
vn -0.9416 0.3351 -0.0347
vn -0.9062 0.4219 -0.0286
vn -0.9073 0.4191 -0.0350
vn -0.9062 0.4218 -0.0284
vn -0.8040 0.5866 -0.0969
vn -0.9771 0.2013 -0.0695
vn -0.9346 0.3531 -0.0425
vn -0.9082 0.4180 -0.0218
vn -0.9823 0.1753 -0.0664
vn -0.1688 0.9834 0.0663
vn -0.1839 0.9822 0.0373
vn -0.1862 0.9818 0.0361
vn -0.1904 0.9811 0.0343
vn -0.5167 0.8559 0.0213
vn -0.5154 0.8568 0.0181
vn -0.5177 0.8554 0.0153
vn -0.9649 0.2566 -0.0551
vn -0.8804 0.4690 -0.0701
vn -0.8800 0.4696 -0.0711
vn -0.8799 0.4697 -0.0712
vn -0.9423 0.3296 -0.0587
vn -0.9749 0.1692 -0.1446
vn -0.9656 0.0607 -0.2528
vn -0.9818 0.1487 -0.1183
vn -0.9220 0.3808 -0.0701
vn -0.8883 0.4527 -0.0776
vn -0.8407 0.5333 -0.0936
vn -0.8406 0.5332 -0.0959
vn -0.8405 0.5334 -0.0947
vn -0.9309 0.3580 -0.0723
vn -0.9283 0.3593 -0.0958
vn -0.8901 0.4519 -0.0597
vn -0.6980 0.7088 -0.1021
vn -0.8732 0.4861 -0.0358
vn -0.7437 0.6665 -0.0515
vn -0.8598 0.5068 -0.0618
vn -0.7369 0.6749 -0.0385
vn -0.8641 0.5033 -0.0029
vn -0.9781 0.1646 0.1274
vn -0.9775 0.1666 0.1291
vn -0.9776 0.1672 0.1282
vn -0.8280 0.4954 0.2627
vn -0.8323 0.4914 0.2564
vn -0.8274 0.4963 0.2627
vn -0.8386 0.5253 0.1445
vn -0.9743 0.1547 0.1640
vn -0.9342 0.3213 0.1554
vn -0.8273 0.4956 0.2643
vn -0.9795 0.0328 0.1988
vn -0.9819 0.1684 0.0865
vn -0.8401 0.5278 0.1248
vn -0.8412 0.5263 0.1240
vn -0.8411 0.5266 0.1236
vn -0.9971 0.0755 -0.0047
vn -0.8650 0.4648 0.1891
vn -0.8348 0.4933 0.2445
vn -0.9783 0.1636 0.1272
vn -0.9345 0.3144 0.1669
vn -0.8861 0.4326 0.1663
vn -0.8825 0.4371 0.1738
vn -0.8862 0.4325 0.1662
vn -0.6672 0.7055 0.2390
vn -0.7377 0.6554 0.1622
vn -0.8761 0.4528 0.1655
vn -0.8766 0.4523 0.1644
vn -0.8767 0.4522 0.1642
vn -0.6790 0.7170 0.1577
vn -0.8866 0.4323 0.1646
vn -0.6960 0.7087 0.1153
vn -0.8636 0.4481 0.2308
vn -0.9206 0.3625 0.1454
vn -0.8534 0.4446 0.2721
vn -0.8163 0.1462 0.5589
vn -0.6729 0.7248 0.1479
vn -0.7881 0.5954 0.1561
vn -0.5121 0.8392 0.1831
vn -0.5147 0.8373 0.1844
vn -0.5140 0.8379 0.1837
vn -0.8146 0.5394 0.2134
vn -0.8194 0.4860 0.3040
vn -0.5616 0.8098 0.1696
vn -0.4669 0.8753 0.1261
vn -0.7619 0.6047 0.2321
vn -0.5366 0.8352 0.1202
vn -0.6734 0.6946 0.2530
vn -0.6736 0.6945 0.2529
vn -0.3683 0.9289 0.0382
vn -0.7713 0.6192 0.1473
vn -0.4804 0.8564 0.1892
vn -0.4706 0.8779 0.0886
vn -0.6850 0.6599 0.3089
vn -0.3741 0.9071 0.1930
vn -0.5644 0.8252 0.0243
vn -0.7748 0.6321 -0.0086
vn -0.5033 0.8189 0.2757
vn -0.4829 0.8755 0.0186
vn -0.5151 0.7980 0.3127
vn -0.7606 0.6420 -0.0959
vn -0.5441 0.8352 0.0799
vn -0.1040 0.9525 0.2862
vn -0.3114 0.9068 0.2841
vn -0.8522 0.5218 -0.0378
vn -0.7917 0.6106 -0.0206
vn -0.3194 0.8968 0.3060
vn -0.5170 0.8557 0.0225
vn -0.5166 0.8559 0.0232
vn -0.8266 0.5613 0.0414
vn -0.9931 0.0008 0.1176
vn -0.8508 0.4938 -0.1797
vn -0.9906 0.0510 0.1269
vn -0.6783 0.7345 0.0195
vn -0.7033 0.7092 0.0483
vn -0.8631 0.4857 -0.1381
vn -0.9883 0.0675 0.1369
vn -0.6692 0.7394 -0.0745
vn -0.6852 0.7283 0.0093
vn -0.9442 0.2789 0.1750
vn -0.8883 0.4526 -0.0787
vn -0.8887 0.4520 -0.0770
vn -0.8882 0.4526 -0.0787
vn -0.8845 0.4590 -0.0834
vn -0.8798 0.4698 -0.0726
vn -0.7432 0.6690 -0.0125
vn -0.9765 0.1592 0.1456
vn -0.9308 0.3131 0.1889
vn -0.8310 0.5070 0.2288
vn -0.8318 0.5058 0.2286
vn -0.8321 0.5053 0.2288
vn -0.8305 0.5079 0.2288
vn -0.6927 0.6738 0.2573
vn -0.6920 0.6746 0.2569
vn -0.6928 0.6739 0.2568
vn -0.6928 0.6737 0.2574
vn -0.5208 0.8090 0.2727
vn -0.5205 0.8092 0.2727
vn -0.5203 0.8093 0.2728
vn -0.5206 0.8091 0.2727
vn -0.1750 0.9492 0.2615
vn -0.3228 0.9055 0.2756
vn -0.3233 0.9053 0.2756
vn -0.3225 0.9056 0.2756
vn -0.1181 0.9569 0.2653
vn -0.3231 0.9053 0.2756
vn -0.1584 0.9732 0.1668
vn -0.1776 0.9768 0.1196
vn -0.1529 0.9852 0.0769
vn -0.1942 0.9440 0.2668
vn -0.3266 0.9130 0.2444
vn -0.2321 0.9270 0.2946
vn -0.5305 0.8377 0.1299
vn -0.3238 0.9091 0.2620
vn -0.1958 0.9623 0.1889
vn -0.1897 0.9623 0.1947
vn -0.1914 0.9622 0.1939
vn -0.1953 0.9627 0.1871
vn -0.5271 0.8231 0.2115
vn -0.3255 0.9154 0.2369
vn -0.5469 0.8090 0.2154
vn -0.5476 0.8125 0.2002
vn -0.4635 0.8600 0.2135
vn -0.1085 0.9668 0.2315
vn -0.2073 0.9545 0.2142
vn -0.3941 0.8953 0.2078
vn -0.3656 0.9107 0.1926
vn -0.4605 0.8517 0.2500
vn -0.3571 0.8818 0.3082
vn -0.7048 0.6954 0.1408
vn -0.7036 0.6970 0.1386
vn -0.7018 0.6999 0.1329
vn -0.5498 0.8146 0.1850
vn -0.4662 0.8695 0.1629
vn -0.5501 0.8177 0.1695
vn -0.5289 0.8273 0.1892
vn -0.4132 0.8966 0.1595
vn -0.3635 0.8985 0.2461
vn -0.1922 0.9690 0.1554
vn -0.3284 0.9239 0.1963
vn -0.3257 0.9253 0.1944
vn -0.3246 0.9271 0.1874
vn -0.7056 0.6969 0.1286
vn -0.6669 0.7320 0.1392
vn -0.6710 0.7272 0.1449
vn -0.6687 0.7310 0.1359
vn -0.5300 0.8349 0.1489
vn -0.5301 0.8348 0.1486
vn -0.3287 0.9263 0.1842
vn -0.5513 0.8200 0.1540
vn -0.6709 0.7293 0.1339
vn -0.5643 0.8127 0.1452
vn -0.5515 0.8223 0.1398
vn -0.4649 0.8720 0.1535
vn -0.4670 0.8702 0.1569
vn -0.4651 0.8720 0.1528
vn -0.3924 0.9077 0.1484
vn -0.2189 0.9601 0.1740
vn -0.2193 0.9600 0.1743
vn -0.2192 0.9600 0.1740
vn -0.3679 0.9205 0.1316
vn -0.7075 0.6993 0.1018
vn -0.6750 0.7321 0.0913
vn -0.6744 0.7325 0.0930
vn -0.6722 0.7352 0.0873
vn -0.5656 0.8175 0.1085
vn -0.6726 0.7338 0.0955
vn -0.4679 0.8770 0.1096
vn -0.4711 0.8749 0.1123
vn -0.4729 0.8734 0.1163
vn -0.5515 0.8273 0.1069
vn -0.5526 0.8251 0.1180
vn -0.5533 0.8262 0.1061
vn -0.5528 0.8247 0.1195
vn -0.5322 0.8383 0.1187
vn -0.3307 0.9389 0.0955
vn -0.2010 0.9729 0.1138
vn -0.3681 0.9151 0.1647
vn -0.3878 0.9110 0.1403
vn -0.7070 0.7045 0.0621
vn -0.6761 0.7331 0.0741
vn -0.6729 0.7352 0.0817
vn -0.6743 0.7349 0.0728
vn -0.5546 0.8273 0.0899
vn -0.5535 0.8278 0.0911
vn -0.5540 0.8288 0.0783
vn -0.5329 0.8420 0.0840
vn -0.3314 0.9346 0.1295
vn -0.6727 0.7364 0.0722
vn -0.5662 0.8200 0.0837
vn -0.5530 0.8296 0.0770
vn -0.4717 0.8767 0.0945
vn -0.4685 0.8780 0.0983
vn -0.4728 0.8763 0.0924
vn -0.2112 0.9696 0.1238
vn -0.3908 0.9164 0.0865
vn -0.3681 0.9272 0.0689
vn -0.7087 0.7047 0.0337
vn -0.6707 0.7411 0.0308
vn -0.6731 0.7388 0.0325
vn -0.6717 0.7401 0.0314
vn -0.5659 0.8232 0.0464
vn -0.6724 0.7399 0.0229
vn -0.2066 0.9763 0.0641
vn -0.3701 0.9236 0.0996
vn -0.3916 0.9169 0.0776
vn -0.5335 0.8441 0.0534
vn -0.3293 0.9433 0.0414
vn -0.4679 0.8823 0.0510
vn -0.5573 0.8290 0.0466
vn -0.5571 0.8288 0.0517
vn -0.5531 0.8320 0.0424
vn -0.5538 0.8308 0.0560
vn -0.7078 0.7061 0.0192
vn -0.5529 0.8328 0.0276
vn -0.5301 0.8478 0.0132
vn -0.3322 0.9386 0.0930
vn -0.5518 0.8339 0.0117
vn -0.4688 0.8820 0.0479
vn -0.3848 0.9229 0.0127
vn -0.3637 0.9314 -0.0176
vn -0.1946 0.9770 0.0872
vn -0.4625 0.8857 -0.0405
vn -0.1922 0.9808 0.0337
vn -0.3569 0.9301 -0.0867
vn -0.1003 0.9920 -0.0770
vn -0.1004 0.9920 -0.0771
vn -0.3285 0.9445 -0.0082
vn -0.5317 0.8468 -0.0118
vn -0.5524 0.8336 -0.0041
vn -0.4663 0.8846 -0.0031
vn -0.4663 0.8846 -0.0030
vn -0.3695 0.9286 0.0343
vn -0.3309 0.9416 0.0625
vn -0.5511 0.8342 -0.0201
vn -0.5089 0.8401 0.1878
vn -0.5184 0.8031 0.2936
vn -0.5186 0.8031 0.2935
vn -0.5184 0.8032 0.2936
vn -0.5179 0.8032 0.2943
vn -0.6963 0.6827 0.2215
vn -0.6094 0.7379 0.2900
vn -0.8412 0.5267 0.1222
vn -0.6066 0.7747 0.1783
vn -0.5095 0.8439 0.1680
vn -0.5212 0.8047 0.2844
vn -0.6969 0.6785 0.2321
vn -0.9760 0.1527 0.1556
vn -0.9735 0.0232 0.2275
vn -0.9381 0.3257 0.1180
vn -0.8361 0.5094 0.2034
vn -0.9272 0.3483 0.1378
vn -0.9254 0.3441 0.1589
vn -0.8854 0.4399 0.1500
vn -0.8681 0.4773 0.1367
vn -0.8575 0.5021 0.1121
vn -0.7384 0.6446 0.1982
vn -0.6942 0.6724 0.2568
vn -0.9821 0.1400 0.1263
vn -0.9181 0.3704 0.1408
vn -0.8843 0.4364 0.1661
vn -0.8552 0.4911 0.1656
vn -0.7324 0.6540 0.1892
vn -0.8766 0.4525 0.1638
vn -0.9760 0.1960 0.0946
vn -0.9618 0.2565 0.0957
vn -0.8407 0.5343 0.0879
vn -0.9070 0.4064 0.1103
vn -0.9053 0.4119 0.1041
vn -0.9070 0.4065 0.1098
vn -0.9849 0.1672 0.0455
vn -0.9416 0.3215 0.1004
vn -0.9411 0.3208 0.1068
vn -0.9396 0.3255 0.1055
vn -0.9973 0.0675 -0.0287
vn -0.9829 0.1648 0.0821
vn -0.9329 0.3443 0.1060
vn -0.9407 0.3247 0.0984
vn -0.8448 0.5257 0.0995
vn -0.8054 0.5510 0.2186
vn -0.9049 0.4094 0.1165
vn -0.9396 0.3292 0.0938
vn -0.7704 0.6372 0.0221
vn -0.5139 0.8371 0.1875
vn -0.1671 0.9695 0.1792
vn -0.1851 0.9606 0.2072
vn -0.9835 0.1610 0.0824
vn -0.9424 0.3286 0.0625
vn -0.9865 0.0340 0.1600
vn -0.8434 0.5215 0.1292
vn -0.8390 0.5270 0.1355
vn -0.8440 0.5197 0.1329
vn -0.8441 0.5212 0.1262
vn -0.9363 0.3420 0.0803
vn -0.9214 0.3878 0.0252
vn -0.9794 0.1982 0.0390
vn -0.9778 0.2053 0.0412
vn -0.9780 0.2043 0.0412
vn -0.9897 0.1296 0.0608
vn -0.9452 0.3179 0.0749
vn -0.7608 0.6443 0.0777
vn -0.8204 0.5633 0.0987
vn -0.7873 0.5786 0.2129
vn -0.9142 0.3879 0.1174
vn -0.9212 0.3783 0.0913
vn -0.9217 0.3768 0.0915
vn -0.9205 0.3800 0.0913
vn -0.9199 0.3815 0.0908
vn -0.8200 0.5549 0.1406
vn -0.7867 0.6118 -0.0830
vn -0.9966 0.0621 -0.0551
vn -0.9801 0.1949 0.0380
vn -0.8688 0.4883 0.0821
vn -0.5635 0.8073 0.1757
vn -0.5839 0.7900 0.1869
vn -0.4668 0.8717 0.1495
vn -0.2195 0.9600 0.1739
vn -0.3674 0.9184 0.1471
vn -0.6080 0.7890 0.0887
vn -0.2125 0.9666 0.1433
vn -0.5855 0.8077 0.0694
vn -0.4680 0.8751 0.1230
vn -0.5652 0.8205 0.0855
vn -0.6130 0.7816 0.1158
vn -0.2232 0.9697 0.0996
vn -0.3686 0.9204 0.1306
vn -0.9603 0.2743 0.0511
vn -0.8411 0.5402 0.0268
vn -0.8409 0.5404 0.0283
vn -0.8416 0.5395 0.0260
vn -0.9442 0.3264 0.0451
vn -0.8409 0.5405 0.0285
vn -0.8470 0.5299 0.0423
vn -0.9690 0.1858 -0.1629
vn -0.9434 0.3315 -0.0013
vn -0.9900 0.0368 0.1365
vn -0.9860 0.1629 0.0342
vn -0.9196 0.3899 -0.0482
vn -0.9380 0.3460 0.0203
vn -0.8468 0.5275 0.0683
vn -0.8473 0.5268 0.0678
vn -0.8473 0.5269 0.0666
vn -0.8424 0.5333 0.0771
vn -0.9792 0.2023 -0.0148
vn -0.9785 0.2058 -0.0139
vn -0.9787 0.2047 -0.0143
vn -0.9912 0.1316 0.0106
vn -0.9474 0.3196 0.0170
vn -0.8236 0.5662 0.0346
vn -0.9161 0.3966 0.0596
vn -0.9232 0.3830 0.0324
vn -0.9222 0.3855 0.0313
vn -0.9215 0.3870 0.0318
vn -0.9240 0.3811 0.0327
vn -0.7656 0.6432 0.0131
vn -0.7838 0.5990 0.1639
vn -0.5957 0.7944 0.1184
vn -0.5665 0.8175 0.1038
vn -0.2355 0.9626 0.1338
vn -0.4681 0.8796 0.0853
vn -0.3688 0.9249 0.0929
vn -0.9795 0.2009 -0.0154
vn -0.8705 0.4918 0.0199
vn -0.2129 0.9724 0.0958
vn -0.6149 0.7861 0.0628
vn -0.9128 0.4060 -0.0440
vn -0.7697 0.6352 0.0641
vn -0.7726 0.6275 -0.0964
vn 0.1142 0.9797 0.1649
vn 0.1183 0.9793 0.1640
vn 0.1083 0.9801 0.1661
vn 0.8918 0.4516 0.0263
vn 0.7343 0.6741 0.0800
vn 0.7331 0.6750 0.0827
vn 0.7331 0.6751 0.0825
vn 0.8231 0.5650 0.0573
vn 0.8258 0.5618 0.0496
vn 0.8230 0.5652 0.0565
vn 0.8265 0.5597 0.0605
vn 0.7570 0.6474 0.0886
vn 0.5554 0.8235 0.1156
vn 0.5592 0.8216 0.1110
vn 0.5581 0.8227 0.1081
vn 0.6841 0.7238 0.0901
vn 0.6837 0.7244 0.0879
vn 0.6857 0.7222 0.0908
vn 0.6855 0.7230 0.0858
vn 0.5756 0.8071 0.1316
vn 0.3466 0.9268 0.1446
vn 0.5139 0.8497 0.1182
vn 0.5148 0.8470 0.1327
vn 0.3597 0.9179 0.1676
vn 0.1187 0.9739 0.1934
vn 0.1124 0.9744 0.1946
vn 0.1042 0.9804 0.1669
vn 0.3190 0.9366 0.1451
vn 0.3214 0.9321 0.1672
vn 0.6911 -0.5759 0.4368
vn 0.1383 -0.9255 0.3527
vn 0.3276 -0.9317 0.1566
vn 0.4409 -0.8737 0.2054
vn 0.4776 -0.8278 0.2943
vn 0.1777 -0.9614 0.2102
vn 0.7177 -0.3096 0.6237
vn 0.6911 -0.4163 0.5907
vn 0.1442 -0.8259 0.5451
vn 0.1899 -0.8638 0.4667
vn 0.4776 -0.7002 0.5307
vn 0.4251 -0.7966 0.4299
vn 0.5319 -0.0330 0.8462
vn 0.7036 -0.1026 0.7031
vn 0.7119 -0.1362 0.6890
vn 0.6913 -0.2183 0.6889
vn 0.1444 -0.5162 0.8442
vn 0.1728 -0.6843 0.7085
vn 0.1729 -0.6843 0.7084
vn 0.1728 -0.6841 0.7086
vn 0.1731 -0.6838 0.7088
vn 0.4775 -0.5061 0.7182
vn 0.4253 -0.6289 0.6508
vn 0.1384 -0.3200 0.9373
vn 0.3279 -0.1240 0.9365
vn 0.4406 -0.1742 0.8806
vn 0.1776 -0.1766 0.9681
vn 0.1903 -0.4373 0.8789
vn 0.4779 -0.2657 0.8373
vn 0.4250 -0.4033 0.8104
vn 0.9914 -0.1141 -0.0645
vn 0.9725 -0.1854 0.1409
vn 0.9712 -0.2246 0.0799
vn 0.9712 -0.2245 0.0799
vn 0.9695 -0.2246 0.0980
vn 0.9914 0.0686 0.1115
vn 0.9964 -0.0586 0.0608
vn 0.9725 -0.1342 0.1902
vn 0.9695 -0.0901 0.2278
vn 0.9712 -0.0720 0.2272
vn 0.9759 -0.1517 0.1571
vn 0.1117 -0.9834 0.1431
vn 0.1111 -0.1088 0.9878
vn 0.9390 -0.3320 -0.0903
vn 0.8450 -0.5290 0.0782
vn 0.8935 -0.4230 0.1506
vn 0.8954 -0.4051 0.1847
vn 0.8936 -0.3578 0.2712
vn 0.8864 -0.4072 0.2202
vn 0.5316 -0.8447 0.0620
vn 0.7037 -0.6991 0.1266
vn 0.7118 -0.6840 0.1596
vn 0.7118 -0.6840 0.1595
vn 0.9390 0.1016 0.3285
vn 0.8864 -0.3217 0.3327
vn 0.8935 -0.2590 0.3667
vn 0.7178 -0.6125 0.3312
vn 0.6905 -0.6816 0.2421
vn 0.8452 -0.0595 0.5311
vn 0.8863 -0.2060 0.4148
vn 0.8953 -0.1703 0.4116
vn 0.8935 -0.1358 0.4279
vn 0.7182 -0.4838 0.5001
vn -0.8467 0.0070 0.5321
vn -0.7019 0.1200 0.7021
vn -0.6924 0.1446 0.7069
vn -0.1110 0.1088 0.9879
vn -0.4844 0.6704 0.5621
vn -0.4164 0.7874 0.4545
vn -0.7209 0.2371 0.6512
vn -0.6868 0.3637 0.6292
vn -0.5358 0.8437 0.0337
vn -0.4253 0.8881 0.1744
vn -0.4845 0.8220 0.2992
vn -0.7210 0.4457 0.5306
vn -0.6868 0.5568 0.4672
vn -0.6868 0.5569 0.4672
vn -0.9439 0.0012 0.3304
vn -0.8824 0.1748 0.4367
vn -0.8849 0.1596 0.4376
vn -0.7210 0.6000 0.3466
vn -0.6868 0.6829 0.2489
vn -0.8849 0.2994 0.3569
vn -0.8940 0.2241 0.3880
vn -0.7113 0.6989 0.0750
vn -0.7124 0.6985 0.0679
vn -0.7119 0.6993 0.0649
vn -0.8402 0.5336 -0.0967
vn -0.7101 0.6999 0.0773
vn -0.1234 0.9820 0.1429
vn -0.7210 0.6824 0.1206
vn -0.8848 0.4035 0.2332
vn -0.8940 0.3432 0.2882
vn -0.8939 0.4212 0.1532
vn -0.8823 0.4631 0.0844
vn -0.8832 0.4604 0.0889
vn -0.8834 0.4599 0.0905
vn -0.8849 0.4588 0.0809
vn -0.9152 0.3323 -0.2280
vn -0.9236 0.3833 0.0004
vn -0.9906 -0.0787 0.1117
vn -0.9723 0.0785 0.2200
vn -0.9721 0.0989 0.2125
vn -0.9706 0.1204 0.2082
vn -0.9973 0.0410 0.0617
vn -0.9972 0.0416 0.0619
vn -0.9969 0.0335 0.0716
vn -0.9721 0.1342 0.1921
vn -0.9969 0.0452 0.0646
vn -0.9716 0.1811 0.1527
vn -0.9763 0.1944 0.0947
vn -0.9957 0.0130 0.0915
vn -0.9775 0.2065 0.0425
vn -0.9814 0.1922 0.0004
vn -0.9864 0.1638 -0.0113
vn -0.9890 -0.0232 0.1460
vn -0.9803 0.1857 0.0676
vn -0.9302 0.3239 -0.1727
vn -0.9971 0.0615 -0.0454
vn -0.9945 0.0556 -0.0882
vn -0.9964 0.0656 -0.0531
vn -0.9961 0.0863 -0.0177
vn -0.3298 0.0462 0.9429
vn -0.1730 0.3184 0.9320
vn -0.1492 0.1474 0.9778
vn -0.1386 0.5167 0.8449
vn -0.1888 0.3360 0.9227
vn -0.1570 0.8243 0.5440
vn -0.1537 0.6865 0.7107
vn -0.1985 0.6300 0.7508
vn -0.5274 0.1336 0.8391
vn -0.4162 0.3110 0.8544
vn -0.4758 0.1739 0.8622
vn -0.3421 0.9284 0.1452
vn -0.1377 0.9256 0.3526
vn -0.1968 0.8491 0.4903
vn -0.1836 0.9629 0.1978
vn -0.4840 0.4378 0.7576
vn -0.4161 0.5844 0.6967
vn 0.8791 0.4259 0.2141
vn 0.7487 0.6318 0.2006
vn 0.1202 0.9831 0.1379
vn 0.1195 0.9833 0.1373
vn 0.1200 0.9833 0.1371
vn 0.7946 0.5892 0.1466
vn 0.6440 0.7573 0.1084
vn 0.7167 0.6741 0.1786
vn 0.5812 0.6807 0.4460
vn 0.5724 0.8013 0.1739
vn 0.4714 0.8572 0.2075
vn 0.3575 0.9197 0.1622
vn 0.3525 0.9205 0.1685
vn 0.3532 0.9210 0.1644
vn 0.2933 0.9396 0.1766
vn 0.0990 0.9852 0.1402
vn 0.0955 0.9858 0.1385
vn 0.0987 0.9851 0.1408
vn 0.7342 0.6736 0.0849
vn 0.7638 0.6393 0.0896
vn 0.5549 0.8250 0.1068
vn 0.6714 0.7300 0.1275
vn 0.5918 0.7689 0.2419
vn 0.5983 0.7936 0.1105
vn 0.3457 0.9299 0.1255
vn 0.4438 0.8867 0.1293
vn 0.4792 0.8666 0.1394
vn 0.4433 0.8838 0.1499
vn 0.1174 0.9832 0.1395
vn 0.0978 0.9852 0.1407
vn 0.0957 0.9853 0.1417
vn 0.0924 0.9850 0.1457
vn 0.2719 0.9513 0.1452
vn 0.2716 0.9516 0.1437
vn 0.2742 0.9513 0.1412
vn 0.2750 0.9502 0.1468
vn 0.2963 0.9445 0.1421
vn 0.1121 -0.0000 0.9937
vn 0.1122 0.0000 0.9937
vn 0.1119 -0.0000 0.9937
vn 0.3300 0.0000 0.9440
vn 0.3310 -0.0000 0.9436
vn 0.1116 -0.0000 0.9938
vn 0.1117 -0.0000 0.9937
vn 0.5321 0.0000 0.8467
vn 0.5326 -0.0000 0.8463
vn 0.5317 -0.0000 0.8469
vn 0.7072 -0.0000 0.7070
vn 0.7073 -0.0000 0.7069
vn 0.7074 -0.0000 0.7069
vn 0.8469 -0.0000 0.5318
vn 0.8468 -0.0000 0.5320
vn 0.8468 -0.0000 0.5319
vn 0.8467 -0.0000 0.5320
vn 0.9440 -0.0000 0.3300
vn 0.9439 -0.0000 0.3303
vn 0.9439 -0.0000 0.3304
vn 0.9937 0.0000 0.1119
vn 0.9937 -0.0000 0.1122
vn 0.9937 -0.0000 0.1117
vn 0.0000 0.9896 0.1441
vn 0.0000 0.9896 0.1438
vn 0.0000 0.9896 0.1436
vn 0.0001 0.9344 0.3563
vn 0.0000 0.9342 0.3568
vn 0.0001 0.8349 0.5503
vn 0.0001 0.8346 0.5509
vn 0.0001 0.8348 0.5505
vn 0.0001 0.8349 0.5504
vn -0.0000 0.6949 0.7191
vn 0.0000 0.6952 0.7188
vn 0.0000 0.6952 0.7189
vn 0.0001 0.6951 0.7189
vn -0.0000 0.5216 0.8532
vn 0.0001 0.5224 0.8527
vn 0.0001 0.5216 0.8532
vn 0.0001 0.5213 0.8534
vn 0.0001 0.3232 0.9463
vn 0.0002 0.3225 0.9466
vn 0.0001 0.3236 0.9462
vn -0.0000 0.1092 0.9940
vn -0.0000 0.1090 0.9940
vn 0.0001 0.1094 0.9940
vn 0.9898 0.1039 0.0978
vn 0.8598 0.4175 0.2941
vn 0.1117 0.9886 0.1008
vn 0.9449 0.2411 0.2213
vn 0.9760 0.1981 0.0904
vn 0.7412 0.6291 0.2341
vn 0.9421 0.3234 0.0889
vn 0.8896 0.4297 0.1548
vn 0.8898 0.4293 0.1546
vn 0.8889 0.4305 0.1567
vn 0.9080 0.3492 0.2315
vn 0.8897 0.4304 0.1521
vn 0.5615 0.7971 0.2224
vn 0.8448 0.5245 0.1060
vn 0.7046 0.6964 0.1363
vn 0.7839 0.6022 0.1513
vn 0.7726 0.5950 0.2216
vn 0.5311 0.8368 0.1331
vn 0.6349 0.7635 0.1183
vn 0.6219 0.7563 0.2030
vn 0.3555 0.9187 0.1719
vn 0.1203 0.9833 0.1366
vn 0.1353 0.9816 0.1347
vn 0.3291 0.9365 0.1215
vn 0.3989 0.8965 0.1925
vn 0.4126 0.9046 0.1071
vn 0.1419 0.9853 0.0953
vn 0.6911 0.4167 0.5906
vn 0.1381 0.3205 0.9371
vn 0.3280 0.1240 0.9365
vn 0.4407 0.1742 0.8806
vn 0.4779 0.2656 0.8373
vn 0.1773 0.1769 0.9681
vn 0.7177 0.6124 0.3314
vn 0.6914 0.5755 0.4367
vn 0.1443 0.5162 0.8442
vn 0.1904 0.4367 0.8792
vn 0.4771 0.5066 0.7182
vn 0.4250 0.4028 0.8107
vn 0.5316 0.8447 0.0621
vn 0.7036 0.6992 0.1267
vn 0.7116 0.6843 0.1597
vn 0.6911 0.6810 0.2422
vn 0.1443 0.8258 0.5451
vn 0.1731 0.6843 0.7083
vn 0.1729 0.6845 0.7082
vn 0.1725 0.6845 0.7083
vn 0.1727 0.6842 0.7086
vn 0.4778 0.6998 0.5310
vn 0.4250 0.6284 0.6515
vn 0.1382 0.9255 0.3527
vn 0.3274 0.9318 0.1566
vn 0.4403 0.8740 0.2055
vn 0.1781 0.9613 0.2104
vn 0.1898 0.8639 0.4665
vn 0.4775 0.8277 0.2949
vn 0.4252 0.7963 0.4303
vn 0.9914 -0.0684 0.1115
vn 0.9725 0.1343 0.1903
vn 0.9712 0.0719 0.2272
vn 0.9695 0.0901 0.2277
vn 0.9914 0.1140 -0.0644
vn 0.9964 0.0586 0.0609
vn 0.9695 0.2246 0.0980
vn 0.9725 0.1853 0.1409
vn 0.9712 0.2247 0.0798
vn 0.9712 0.2246 0.0799
vn 0.9758 0.1518 0.1572
vn 0.1111 0.1085 0.9879
vn 0.1121 0.9833 0.1432
vn 0.9390 -0.1016 0.3286
vn 0.8452 0.0595 0.5311
vn 0.8935 0.1358 0.4280
vn 0.8953 0.1702 0.4116
vn 0.8936 0.2590 0.3667
vn 0.8863 0.2058 0.4148
vn 0.5318 0.0328 0.8463
vn 0.7036 0.1025 0.7032
vn 0.7118 0.1362 0.6890
vn 0.9390 0.3319 -0.0903
vn 0.8865 0.3218 0.3325
vn 0.8864 0.3218 0.3326
vn 0.8936 0.3577 0.2713
vn 0.6914 0.2186 0.6887
vn 0.7180 0.3096 0.6235
vn 0.8453 0.5286 0.0778
vn 0.8864 0.4072 0.2202
vn 0.8954 0.4051 0.1847
vn 0.8935 0.4230 0.1506
vn 0.7180 0.4838 0.5005
vn 0.8862 0.4617 0.0388
vn 0.5990 0.7999 0.0364
vn 0.5952 0.8029 0.0328
vn 0.6028 0.7958 0.0577
vn 0.6028 0.7958 0.0579
vn 0.9938 0.1113 0.0041
vn 0.9938 0.1115 0.0040
vn 0.9938 0.1112 0.0038
vn 0.9440 0.3291 0.0224
vn 0.4994 0.8642 0.0604
vn 0.8379 0.5446 0.0367
vn 0.7998 0.5984 0.0477
vn 0.9938 0.1112 0.0042
vn 0.4479 0.8921 0.0596
vn 0.4486 0.8919 0.0569
vn 0.4448 0.8936 0.0607
vn 0.7724 0.6331 0.0506
vn 0.1970 0.9783 0.0643
vn 0.4485 0.8905 0.0762
vn 0.4449 0.8935 0.0611
vn 0.8466 0.5313 0.0315
vn 0.2077 0.9699 0.1273
vn 0.8855 0.4635 0.0320
vn 0.8830 0.4683 0.0310
vn 0.8866 0.4613 0.0324
vn 0.7360 0.6761 0.0342
vn 0.7158 0.6970 0.0433
vn 0.9970 0.0769 0.0034
vn 0.2014 0.9745 0.0987
vn 0.7068 0.7056 0.0504
vn 0.9307 0.3652 0.0192
vn 0.1920 0.9791 0.0672
vn 0.1921 0.9792 0.0651
vn 0.1930 0.9789 0.0678
vn 0.3808 0.9224 0.0650
vn 0.3775 0.9238 0.0646
vn 0.3811 0.9223 0.0643
vn 0.4386 0.8961 0.0686
vn 0.4384 0.8962 0.0681
vn 0.4386 0.8961 0.0685
vn 0.8347 0.5496 0.0337
vn 0.8361 0.5475 0.0339
vn 0.8334 0.5516 0.0339
vn 0.9438 0.3298 0.0209
vn 0.4384 0.8973 0.0525
vn 0.9901 0.1401 -0.0075
vn 0.3839 0.9212 0.0640
vn 0.9656 0.2387 0.1031
vn 0.9656 0.2388 0.1030
vn 0.1894 0.9803 0.0565
vn 0.8818 0.4707 0.0303
vn 0.5778 0.8161 -0.0063
vn 0.5778 0.8161 -0.0065
vn 0.5779 0.8161 -0.0065
vn 0.5323 0.8431 0.0768
vn 0.3294 0.9416 0.0694
vn 0.1119 0.9831 0.1448
vn 0.2075 0.9754 0.0746
vn 0.4388 0.8959 0.0695
vn 0.5618 0.8222 0.0909
vn 0.5779 0.8161 -0.0062
vn 0.9944 0.1055 0.0073
vn 0.9943 0.1064 0.0069
vn 0.9943 0.1058 0.0083
vn 0.9942 0.1071 0.0091
vn 0.9339 0.3571 0.0168
vn 0.7964 0.6036 0.0377
vn 0.7985 0.6008 0.0380
vn 0.7963 0.6037 0.0378
vn 0.5939 0.8045 -0.0018
vn 0.6498 0.7463 0.1439
vn 0.6688 0.7197 0.1862
vn 0.6688 0.7198 0.1862
vn 0.2107 0.9767 0.0420
vn 0.1119 0.9936 -0.0176
vn 0.8369 0.5462 0.0341
vn 0.3301 0.9430 0.0428
vn 0.5326 0.8459 0.0281
vn 0.6154 0.7852 0.0688
vn 0.8452 0.5337 0.0284
vn 0.8430 0.5372 0.0279
vn 0.8467 0.5313 0.0290
vn 0.6183 0.7808 0.0894
vn 0.7656 0.6421 0.0401
vn 0.6191 0.7759 0.1217
vn 0.8875 0.4604 0.0180
vn 0.6214 0.7773 0.0985
vn 0.7988 0.6004 0.0383
vn 0.9942 0.1069 0.0067
vn 0.9942 0.1070 0.0064
vn 0.9942 0.1070 0.0063
vn 0.9943 0.1068 0.0066
vn 0.8416 0.5394 0.0277
vn 0.8057 0.5918 0.0253
vn 0.7071 0.7064 0.0298
vn 0.5999 0.7996 0.0266
vn 0.6043 0.7952 0.0510
vn 0.6031 0.7972 0.0271
vn 0.9969 0.0780 0.0050
vn 0.9957 0.0910 0.0198
vn 0.4974 0.8663 0.0463
vn 0.4937 0.8684 0.0465
vn 0.4968 0.8666 0.0464
vn 0.5004 0.8646 0.0461
vn 0.4466 0.8938 0.0412
vn 0.1991 0.9783 0.0573
vn 0.4512 0.8906 0.0565
vn 0.4529 0.8896 0.0601
vn 0.4475 0.8926 0.0547
vn 0.4508 0.8903 0.0645
vn 0.2062 0.9708 0.1229
vn 0.9490 0.3140 0.0272
vn 0.9937 0.1117 0.0078
vn 0.9937 0.1114 0.0090
vn 0.2024 0.9749 0.0933
vn 0.1956 0.9787 0.0628
vn 0.4409 0.8963 0.0471
vn 0.4387 0.8977 0.0401
vn 0.4389 0.8976 0.0420
vn 0.3797 0.9238 0.0488
vn 0.3823 0.9227 0.0487
vn 0.3851 0.9216 0.0486
vn 0.3768 0.9250 0.0490
vn 0.3783 0.9244 0.0488
vn 0.4397 0.8969 0.0467
vn 0.6652 0.7447 -0.0540
vn 0.6488 0.7608 -0.0146
vn 0.6354 0.7721 0.0086
vn 0.9513 0.3067 0.0304
vn 0.4395 0.8969 0.0498
vn 0.9725 0.2329 0.0070
vn 0.6066 0.7936 0.0469
vn 0.6576 0.7471 0.0968
vn 0.6739 0.7291 0.1195
vn 0.6904 0.7069 0.1534
vn 0.6468 0.7618 0.0374
vn 0.6342 0.7715 0.0502
vn 0.2058 0.9732 0.1026
vn 0.3372 0.9404 0.0441
vn 0.1383 0.9886 0.0588
vn 0.3730 0.9275 0.0256
vn 0.4016 0.9091 0.1108
vn 0.2436 0.9698 0.0083
vn 0.2434 0.9699 0.0085
vn 0.2436 0.9699 0.0081
vn 0.4448 0.8939 0.0549
vn 0.4289 0.9004 0.0727
vn 0.2431 0.9700 0.0091
vn 0.6128 0.7886 0.0512
vn 0.6126 0.7867 0.0761
vn 0.6167 0.7815 0.0951
vn -0.0006 0.0000 -1.0000
vn 0.0989 0.9951 -0.0017
vn 0.1019 0.9948 -0.0001
vn 0.0983 0.9952 -0.0018
vn 0.1022 0.9948 0.0001
vn 0.1026 0.9947 -0.0000
vn 0.1019 0.9948 -0.0000
vn 0.1020 0.9948 0.0002
vn 0.2956 0.9553 -0.0007
vn 0.2914 0.9566 0.0012
vn 0.2903 0.9569 0.0022
vn 0.2977 0.9547 -0.0014
vn 0.1007 0.9949 0.0009
vn 0.1001 0.9950 0.0009
vn 0.2974 0.9548 -0.0000
vn 0.2976 0.9547 0.0001
vn 0.2971 0.9549 -0.0002
vn 0.2969 0.9549 -0.0003
vn 0.4736 0.8807 -0.0001
vn 0.4719 0.8817 0.0008
vn 0.4713 0.8820 0.0009
vn 0.2971 0.9548 -0.0000
vn 0.2970 0.9549 -0.0001
vn 0.2973 0.9548 0.0001
vn 0.2974 0.9547 0.0001
vn 0.4738 0.8806 -0.0005
vn 0.2962 0.9551 -0.0009
vn 0.2964 0.9551 -0.0008
vn 0.2972 0.9548 -0.0004
vn 0.2952 0.9554 -0.0015
vn 0.4742 0.8804 -0.0002
vn 0.4740 0.8805 -0.0004
vn 0.4742 0.8804 0.0003
vn 0.4744 0.8803 0.0001
vn 0.4741 0.8805 -0.0000
vn 0.4737 0.8807 -0.0002
vn 0.4738 0.8807 -0.0003
vn 0.6345 0.7729 0.0003
vn 0.6347 0.7727 0.0005
vn 0.6346 0.7729 0.0005
vn 0.6343 0.7731 0.0002
vn 0.4786 0.8781 -0.0018
vn 0.4751 0.8799 0.0001
vn 0.4740 0.8805 0.0009
vn 0.4796 0.8775 -0.0021
vn 0.6341 0.7732 0.0001
vn 0.6342 0.7732 0.0001
vn 0.6342 0.7732 0.0002
vn 0.6341 0.7732 -0.0003
vn 0.6339 0.7734 -0.0004
vn 0.6345 0.7729 -0.0000
vn 0.6345 0.7729 -0.0001
vn 0.7725 0.6350 0.0009
vn 0.7711 0.6368 0.0000
vn 0.7728 0.6346 0.0009
vn 0.7710 0.6368 -0.0003
vn 0.6428 0.7661 -0.0025
vn 0.6363 0.7714 0.0014
vn 0.6343 0.7731 0.0023
vn 0.6444 0.7647 -0.0037
vn 0.7709 0.6369 0.0001
vn 0.7707 0.6372 -0.0001
vn 0.7710 0.6368 0.0001
vn 0.7711 0.6368 0.0002
vn 0.7709 0.6370 0.0000
vn 0.7710 0.6368 0.0002
vn 0.7706 0.6373 -0.0002
vn 0.7704 0.6375 -0.0003
vn 0.8813 0.4726 0.0016
vn 0.8792 0.4764 -0.0005
vn 0.8821 0.4710 0.0017
vn 0.8786 0.4776 -0.0016
vn 0.7709 0.6370 0.0038
vn 0.7837 0.6211 -0.0052
vn 0.8785 0.4777 -0.0002
vn 0.8785 0.4778 -0.0001
vn 0.8785 0.4777 -0.0000
vn 0.8783 0.4781 -0.0002
vn 0.8788 0.4773 -0.0003
vn 0.8788 0.4771 -0.0002
vn 0.8785 0.4777 -0.0001
vn 0.8787 0.4773 -0.0003
vn 0.9564 0.2920 0.0017
vn 0.9536 0.3011 -0.0023
vn 0.9544 0.2985 -0.0014
vn 0.9569 0.2903 0.0028
vn 0.9540 0.2999 -0.0001
vn 0.9538 0.3006 -0.0000
vn 0.8913 0.4534 -0.0068
vn 0.9942 0.1076 0.0007
vn 0.9950 0.0995 -0.0024
vn 0.9952 0.0980 -0.0031
vn 0.9943 0.1069 0.0004
vn 0.9946 0.1042 -0.0001
vn 0.9539 0.3002 -0.0001
vn 0.9537 0.3008 -0.0001
vn 0.9539 0.3003 -0.0004
vn 0.9537 0.3007 -0.0001
vn 0.9821 0.1884 -0.0001
vn 0.9636 0.2671 -0.0078
vn 0.9913 0.1319 -0.0001
vn 0.9912 0.1320 -0.0001
vn 0.9913 0.1316 -0.0001
vn 0.9935 0.1136 0.0038
vn 0.9934 0.1145 0.0018
vn 0.9912 0.1321 -0.0001
vn 0.9950 -0.0996 -0.0030
vn 0.9946 -0.1034 0.0002
vn 0.9952 -0.0982 -0.0036
vn 0.9945 -0.1046 -0.0002
vn 0.9942 -0.1078 0.0005
vn 1.0000 -0.0000 -0.0007
vn 0.9933 -0.1152 0.0019
vn 0.9911 -0.1328 -0.0001
vn 0.9911 -0.1329 -0.0001
vn 0.9540 -0.2999 -0.0015
vn 0.9563 -0.2924 0.0020
vn 0.9572 -0.2894 0.0034
vn 0.9532 -0.3022 -0.0027
vn 0.9935 -0.1136 0.0040
vn 0.9819 -0.1893 -0.0001
vn 0.9533 -0.3019 -0.0003
vn 0.9535 -0.3014 -0.0001
vn 0.9533 -0.3022 -0.0001
vn 0.9534 -0.3018 -0.0003
vn 0.8786 -0.4775 -0.0008
vn 0.8812 -0.4728 0.0017
vn 0.8821 -0.4711 0.0020
vn 0.9535 -0.3015 -0.0001
vn 0.9531 -0.3026 0.0001
vn 0.9533 -0.3020 -0.0002
vn 0.9532 -0.3022 -0.0002
vn 0.8782 -0.4783 -0.0018
vn 0.9636 -0.2671 -0.0084
vn 0.8779 -0.4789 -0.0002
vn 0.8779 -0.4788 -0.0003
vn 0.8780 -0.4787 -0.0003
vn 0.8781 -0.4784 -0.0000
vn 0.7706 -0.6373 -0.0003
vn 0.7725 -0.6350 0.0014
vn 0.7726 -0.6349 0.0013
vn 0.8781 -0.4784 -0.0001
vn 0.8780 -0.4787 -0.0000
vn 0.7701 -0.6379 -0.0005
vn 0.8913 -0.4533 -0.0070
vn 0.7700 -0.6380 -0.0003
vn 0.7699 -0.6381 -0.0002
vn 0.7697 -0.6384 0.0001
vn 0.7701 -0.6379 -0.0003
vn 0.6341 -0.7732 0.0004
vn 0.6339 -0.7734 0.0003
vn 0.6344 -0.7730 0.0007
vn 0.7703 -0.6377 -0.0001
vn 0.7702 -0.6378 -0.0000
vn 0.7701 -0.6379 0.0000
vn 0.7703 -0.6376 -0.0001
vn 0.6338 -0.7735 0.0003
vn 0.7836 -0.6213 -0.0059
vn 0.7699 -0.6382 0.0036
vn 0.6339 -0.7734 -0.0000
vn 0.6340 -0.7733 -0.0001
vn 0.6336 -0.7736 0.0001
vn 0.6338 -0.7735 -0.0002
vn 0.6338 -0.7735 -0.0000
vn 0.6339 -0.7734 -0.0001
vn 0.6337 -0.7736 0.0001
vn 0.4722 -0.8815 0.0006
vn 0.4733 -0.8809 -0.0000
vn 0.4713 -0.8820 0.0013
vn 0.4737 -0.8807 0.0000
vn 0.6336 -0.7737 0.0023
vn 0.6444 -0.7647 -0.0042
vn 0.4737 -0.8807 0.0001
vn 0.4738 -0.8806 0.0001
vn 0.4739 -0.8806 0.0001
vn 0.4737 -0.8807 0.0002
vn 0.4739 -0.8806 -0.0001
vn 0.4735 -0.8808 0.0001
vn 0.2913 -0.9566 0.0013
vn 0.2952 -0.9554 -0.0007
vn 0.2909 -0.9568 0.0017
vn 0.2966 -0.9550 -0.0009
vn 0.4749 -0.8800 0.0003
vn 0.4788 -0.8779 -0.0018
vn 0.4741 -0.8805 0.0005
vn 0.4796 -0.8775 -0.0025
vn 0.2967 -0.9550 0.0000
vn 0.2966 -0.9550 0.0001
vn 0.2966 -0.9550 -0.0000
vn 0.2970 -0.9549 -0.0001
vn 0.1018 -0.9948 -0.0003
vn 0.1018 -0.9948 -0.0000
vn 0.0990 -0.9951 -0.0017
vn 0.0984 -0.9951 -0.0022
vn 0.1019 -0.9948 -0.0000
vn 0.2965 -0.9550 0.0002
vn 0.2968 -0.9550 0.0000
vn 0.2964 -0.9551 -0.0009
vn 0.2956 -0.9553 -0.0013
vn 0.2967 -0.9550 -0.0006
vn 0.2952 -0.9554 -0.0014
vn 0.1020 -0.9948 0.0002
vn 0.1015 -0.9948 0.0001
vn 0.1017 -0.9948 0.0000
vn 0.0998 -0.9950 0.0013
vn 0.1007 -0.9949 0.0009
vn 0.8778 -0.4790 0.0052
vn 0.9532 -0.3022 0.0062
vn 0.9540 0.2999 0.0061
vn 0.8783 0.4781 0.0050
vn 0.0007 0.0000 -1.0000
vn 0.7737 -0.6336 -0.0002
vn 0.7740 -0.6331 -0.0003
vn 0.7736 -0.6337 -0.0002
vn 0.7725 0.6351 0.0003
vn 0.7728 0.6347 0.0002
vn 0.7728 0.6346 0.0001
vn 0.7727 0.6348 0.0001
vn 0.7733 -0.6340 -0.0003
vn 0.8772 0.4801 -0.0000
vn 0.8769 0.4807 -0.0002
vn 0.1207 0.9927 -0.0000
vn 0.1200 0.9928 -0.0000
vn 0.1203 0.9927 -0.0000
vn 0.9270 0.3751 -0.0001
vn 0.3544 0.9351 -0.0079
vn 0.8854 -0.4648 0.0055
vn 0.8807 -0.4737 0.0024
vn 0.8842 -0.4672 0.0045
vn 0.8791 -0.4766 0.0018
vn 0.3216 0.9469 -0.0001
vn 0.3223 0.9466 -0.0001
vn 0.3224 0.9466 -0.0001
vn 0.8770 0.4805 -0.0002
vn 0.7738 -0.6335 -0.0001
vn 0.7725 0.6351 -0.0015
vn 0.3210 0.9471 -0.0000
vn 0.7483 0.6633 0.0076
vn 0.3217 0.9468 -0.0000
vn 0.8772 0.4802 0.0001
vn 0.8769 0.4806 -0.0000
vn 0.8772 0.4802 0.0002
vn 0.3220 0.9467 -0.0000
vn 0.1206 0.9927 -0.0000
vn 0.5687 -0.8225 -0.0098
vn 0.9710 0.2389 0.0046
vn 0.9656 0.2600 -0.0001
vn 0.9655 0.2602 -0.0002
vn 0.7738 -0.6335 -0.0014
vn 0.3215 0.9469 -0.0001
vn 0.8772 0.4801 0.0001
vn 0.6417 -0.7670 -0.0000
vn 0.6414 -0.7672 -0.0002
vn 0.6418 -0.7669 -0.0000
vn 0.8774 0.4798 0.0012
vn 0.5685 0.8226 -0.0095
vn 0.6419 -0.7668 0.0000
vn 0.9270 0.3750 -0.0001
vn 0.8855 0.4645 0.0058
vn 0.3222 0.9467 -0.0000
vn 0.4864 0.8738 -0.0001
vn 0.4871 0.8733 -0.0001
vn 0.4868 0.8735 -0.0000
vn 0.9655 0.2602 -0.0000
vn 0.9655 0.2603 -0.0001
vn 0.9653 0.2613 0.0001
vn 0.4870 0.8734 -0.0000
vn 0.7483 -0.6633 0.0074
vn 0.9709 0.2393 -0.0046
vn 0.6415 -0.7672 -0.0001
vn 0.9712 -0.2384 0.0042
vn 0.9277 -0.3734 -0.0001
vn 0.3552 0.9348 0.0079
vn 0.4868 -0.8735 -0.0001
vn 0.4871 -0.8733 -0.0000
vn 0.4867 0.8736 -0.0001
vn 0.4868 0.8735 -0.0001
vn 0.4865 0.8737 -0.0000
vn 0.9662 -0.2579 -0.0001
vn 0.9660 -0.2584 -0.0001
vn 0.9661 -0.2580 -0.0002
vn 0.9659 -0.2591 -0.0003
vn 0.4863 0.8738 -0.0000
vn 0.3547 -0.9350 -0.0080
vn 0.8841 -0.4672 -0.0047
vn 0.8806 -0.4738 -0.0026
vn 0.8851 -0.4654 -0.0055
vn 0.3221 -0.9467 -0.0001
vn 0.3216 -0.9469 0.0000
vn 0.3211 -0.9470 0.0001
vn 0.9660 -0.2587 0.0000
vn 0.4867 -0.8736 -0.0001
vn 0.3219 -0.9468 -0.0000
vn 0.6402 0.7682 -0.0000
vn 0.6406 0.7679 -0.0001
vn 0.6405 0.7679 -0.0001
vn 0.4864 -0.8737 -0.0001
vn 0.4871 -0.8733 -0.0001
vn 0.4867 -0.8735 -0.0001
vn 0.8787 -0.4774 -0.0019
vn 0.7480 0.6637 -0.0078
vn 0.9662 -0.2578 -0.0001
vn 0.4865 -0.8737 0.0000
vn 0.5684 -0.8227 0.0098
vn 0.7725 0.6350 0.0011
vn 0.9709 -0.2395 -0.0043
vn 0.9275 -0.3738 0.0001
vn 0.6411 0.7675 -0.0001
vn 0.6409 0.7677 -0.0001
vn 0.6399 0.7684 0.0002
vn 0.1207 -0.9927 -0.0000
vn 0.1205 -0.9927 -0.0000
vn 0.3225 -0.9466 0.0001
vn 0.3220 -0.9467 -0.0001
vn 0.3214 -0.9469 -0.0001
vn 0.3223 -0.9466 -0.0000
vn 0.8792 -0.4765 -0.0001
vn 0.8793 -0.4763 -0.0002
vn 0.8790 -0.4767 -0.0003
vn 0.6408 0.7677 -0.0001
vn 0.8790 -0.4768 -0.0003
vn 0.3548 -0.9349 0.0078
vn 0.6414 -0.7672 -0.0050
vn 0.4869 -0.8735 -0.0054
vn 0.5684 0.8227 0.0097
vn 0.4863 0.8737 -0.0054
vn 0.6406 0.7678 -0.0050
vn 0.4870 0.8734 0.0055
vn 0.6401 0.7683 0.0050
vn 0.6418 -0.7668 0.0050
vn 0.4861 -0.8739 0.0055
vn 0.7742 -0.6329 0.0013
vn 0.7724 0.6351 0.0002
vn 0.7724 0.6351 -0.0002
vn 0.7480 -0.6637 -0.0081
vn 0.8790 -0.4768 -0.0001
vn 0.8856 0.4645 -0.0059
vn 0.8773 0.4799 -0.0013
vn -0.0002 -0.0007 1.0000
vn 0.0004 0.0001 1.0000
vn -0.0005 0.0001 1.0000
vn 0.0004 -0.0001 1.0000
vn 0.9813 0.0043 0.1923
vn 0.9813 0.0062 0.1923
vn 0.9806 0.0127 0.1954
vn 0.6558 0.0733 0.7514
vn 0.6186 0.0231 -0.7854
vn 0.6182 0.0230 -0.7857
vn 0.6181 0.0230 -0.7858
vn 0.7551 0.0624 0.6526
vn 0.2766 0.1033 0.9554
vn 0.8858 0.0441 0.4619
vn 0.1669 0.1036 -0.9805
vn 0.8860 0.0136 0.4634
vn 0.8857 0.0134 0.4641
vn 0.8860 0.0137 0.4636
vn 0.8297 0.0164 -0.5579
vn 0.8298 0.0164 -0.5579
vn 0.8297 0.0165 -0.5580
vn 0.8858 0.0135 0.4639
vn 0.8296 0.0166 -0.5581
vn 0.7127 0.0203 0.7012
vn 0.7123 0.0211 0.7016
vn 0.7128 0.0203 0.7011
vn 0.4641 -0.0665 0.8833
vn 0.7114 0.0243 0.7023
vn 0.3591 0.0668 -0.9309
vn 0.7135 0.0276 0.7001
vn 0.1335 0.0875 0.9872
vn 0.0376 -0.0882 0.9954
vn 0.0376 -0.0883 0.9954
vn 0.4640 0.0254 0.8855
vn 0.4641 0.0255 0.8854
vn 0.4640 0.0255 0.8855
vn 0.1887 -0.0854 0.9783
vn 0.5490 0.0106 -0.8358
vn 0.4641 0.0254 0.8854
vn 0.4641 0.0662 0.8833
vn 0.1096 0.0293 0.9935
vn 0.1886 -0.0038 0.9820
vn 0.0377 0.0288 0.9989
vn 0.1886 0.0282 0.9816
vn 0.1889 0.0283 0.9816
vn 0.1882 0.0282 0.9817
vn 0.9510 0.0091 -0.3090
vn 0.9511 0.0091 -0.3088
vn 0.1888 0.0282 0.9816
vn 0.9511 0.0091 -0.3086
vn 0.9981 0.0038 -0.0621
vn 0.9981 0.0009 -0.0612
vn 0.9981 0.0033 -0.0613
vn 0.9981 -0.0007 -0.0613
vn 0.9813 -0.0064 0.1922
vn 0.9813 -0.0043 0.1923
vn 0.9806 -0.0128 0.1955
vn 0.1594 -0.0285 -0.9868
vn 0.1593 -0.0285 -0.9868
vn 0.1586 -0.0285 -0.9869
vn 0.1592 -0.0853 -0.9835
vn 0.1592 -0.0853 -0.9836
vn 0.4985 0.1836 0.8472
vn 0.6589 0.2203 0.7193
vn 0.2348 0.1374 0.9623
vn 0.1429 0.0854 -0.9860
vn 0.3984 -0.0263 -0.9168
vn 0.3985 -0.0264 -0.9168
vn 0.3992 -0.0265 -0.9165
vn 0.3973 0.0894 -0.9133
vn 0.3984 -0.0886 -0.9129
vn 0.8858 -0.0137 0.4638
vn 0.8858 -0.0138 0.4638
vn 0.8859 -0.0138 0.4637
vn 0.8857 -0.0137 0.4640
vn 0.3710 -0.0766 -0.9255
vn 0.7018 0.0674 -0.7091
vn 0.5843 0.0741 -0.8082
vn 0.3696 0.0770 -0.9260
vn 0.6181 0.0928 -0.7806
vn 0.7022 -0.0669 -0.7088
vn 0.6170 -0.0918 -0.7816
vn 0.5849 -0.0736 -0.8077
vn 0.6180 -0.0227 -0.7859
vn 0.6180 -0.0227 -0.7858
vn 0.6181 -0.0227 -0.7857
vn 0.2348 -0.1374 0.9623
vn 0.4986 -0.1836 0.8472
vn 0.6589 -0.2202 0.7193
vn 0.8732 0.0465 -0.4852
vn 0.7114 -0.0239 0.7024
vn 0.7132 -0.0207 0.7006
vn 0.7121 -0.0217 0.7018
vn 0.7971 0.0555 -0.6013
vn 0.7978 0.0542 -0.6005
vn 0.7132 -0.0207 0.7007
vn 0.8297 0.0528 -0.5557
vn 0.8297 0.0529 -0.5557
vn 0.9509 0.0296 -0.3080
vn 0.8297 -0.0161 -0.5580
vn 0.8295 -0.0163 -0.5582
vn 0.8297 -0.0159 -0.5579
vn 0.8735 -0.0462 -0.4847
vn 0.9718 0.0226 -0.2345
vn 0.7976 -0.0552 -0.6006
vn 0.9347 0.0327 -0.3540
vn 0.8299 -0.0524 -0.5555
vn 0.8294 -0.0160 -0.5584
vn 0.9982 0.0057 -0.0603
vn 0.4641 -0.0261 0.8854
vn 0.4640 -0.0261 0.8854
vn 0.4638 -0.0261 0.8855
vn 0.9924 -0.0119 0.1228
vn 1.0000 -0.0001 0.0014
vn 0.9927 0.0102 -0.1205
vn 0.9817 -0.0191 0.1895
vn 0.9719 -0.0224 -0.2344
vn 0.8444 -0.0537 0.5331
vn 0.9347 -0.0325 -0.3541
vn 0.9207 -0.0375 0.3884
vn 0.9679 -0.0241 0.2500
vn 0.1665 -0.1037 -0.9806
vn 0.9510 -0.0294 -0.3077
vn 0.1594 0.0285 -0.9868
vn 0.3588 -0.0668 -0.9310
vn 0.1755 0.0290 -0.9840
vn 0.9511 -0.0089 -0.3088
vn 0.9509 -0.0087 -0.3095
vn 0.9511 -0.0089 -0.3089
vn 0.9512 -0.0089 -0.3086
vn 0.0381 -0.0295 0.9988
vn 0.0373 -0.0295 0.9989
vn 0.0382 -0.0295 0.9988
vn 0.0375 -0.0295 0.9989
vn 0.5492 -0.0102 -0.8356
vn 0.1891 -0.0289 0.9815
vn 0.1882 -0.0288 0.9817
vn 0.1889 -0.0289 0.9816
vn 0.9924 0.0118 0.1227
vn 1.0000 0.0001 0.0012
vn 0.9927 -0.0101 -0.1205
vn 0.3986 0.0270 -0.9167
vn 0.3981 0.0270 -0.9170
vn 0.3978 0.0270 -0.9171
vn 0.9981 -0.0028 -0.0614
vn 0.6561 -0.0737 0.7511
vn 0.9981 -0.0038 -0.0613
vn 0.9982 -0.0058 -0.0605
vn 0.7555 -0.0628 0.6521
vn 0.8858 -0.0444 0.4619
vn 0.2795 -0.1038 0.9545
vn 0.8447 0.0534 0.5326
vn 0.7133 -0.0273 0.7003
vn 0.9204 0.0373 0.3891
vn 0.9679 0.0239 0.2500
vn 0.9679 0.0240 0.2500
vn 0.9817 0.0190 0.1895
vn 0.9752 0.0063 -0.2214
vn 0.9751 0.0063 -0.2216
vn 0.6322 0.0225 0.7745
vn 0.6318 0.0226 0.7748
vn 0.8847 0.0435 -0.4642
vn 0.8846 0.0133 -0.4662
vn 0.8846 0.0133 -0.4661
vn 0.8847 0.0133 -0.4661
vn 0.7094 -0.0686 -0.7015
vn 0.7094 -0.0685 -0.7015
vn 0.3409 -0.0831 -0.9364
vn 0.7784 0.0586 -0.6251
vn 0.6847 0.0662 -0.7258
vn 0.6846 0.0662 -0.7259
vn 0.5703 0.0703 -0.8184
vn 0.8384 0.0159 0.5448
vn 0.8382 0.0159 0.5452
vn 0.2204 0.1349 0.9660
vn 0.8383 0.0159 0.5449
vn 0.7096 0.0201 -0.7043
vn 0.7096 0.0202 -0.7043
vn 0.7096 0.0201 -0.7044
vn 0.5010 0.1815 0.8462
vn 0.3425 0.0826 -0.9359
vn 0.4540 -0.0884 -0.8866
vn 0.7095 0.0680 -0.7015
vn 0.7096 0.0200 -0.7044
vn 0.4536 0.0253 -0.8908
vn 0.4535 0.0253 -0.8909
vn 0.4540 0.0254 -0.8906
vn 0.9562 0.0085 0.2927
vn 0.9559 0.0085 0.2935
vn 0.9560 0.0085 0.2933
vn 0.4538 0.0876 -0.8868
vn 0.4534 0.0254 -0.8909
vn 0.9559 0.0085 0.2934
vn 0.0194 0.0283 -0.9994
vn 0.0195 0.0285 -0.9994
vn 0.0185 0.0285 -0.9994
vn 0.0191 0.0854 -0.9962
vn -0.1019 -0.0849 -0.9912
vn 0.1707 0.0281 -0.9849
vn 0.1704 0.0280 -0.9850
vn 0.1705 0.0282 -0.9850
vn 0.1656 -0.0272 -0.9858
vn 0.1703 -0.0223 -0.9851
vn 0.1701 -0.0290 -0.9850
vn 0.1702 0.0280 -0.9850
vn 0.1704 -0.0854 -0.9817
vn 0.1706 0.0848 -0.9817
vn 0.9996 0.0021 0.0269
vn 0.9996 0.0003 0.0275
vn 0.9996 0.0022 0.0275
vn 0.9996 -0.0003 0.0275
vn 0.1390 -0.0282 0.9899
vn 0.1214 -0.0865 0.9888
vn 0.1567 -0.0289 0.9872
vn 0.5294 0.0154 -0.8483
vn 0.3425 0.0693 -0.9370
vn 0.1585 0.1032 -0.9820
vn 0.9751 -0.0064 -0.2215
vn 0.9752 -0.0064 -0.2214
vn 0.9751 -0.0064 -0.2218
vn 0.3886 -0.0713 0.9186
vn 0.1387 0.0863 0.9866
vn 0.3885 -0.0263 0.9211
vn 0.3883 -0.0263 0.9212
vn 0.3888 -0.0264 0.9209
vn 0.3887 0.0717 0.9186
vn 0.3882 -0.0263 0.9212
vn 0.5317 0.0830 0.8429
vn 0.6701 0.0702 0.7390
vn 0.8846 -0.0136 -0.4661
vn 0.8848 -0.0136 -0.4658
vn 0.8847 -0.0136 -0.4660
vn 0.2091 -0.1054 0.9722
vn 0.5314 -0.0825 0.8431
vn 0.5283 -0.0865 0.8446
vn 0.6697 -0.0697 0.7393
vn 0.6325 0.0420 0.7735
vn 0.2121 0.1060 0.9715
vn 0.7807 0.0616 0.6219
vn 0.7807 0.0617 0.6219
vn 0.6322 -0.0221 0.7745
vn 0.6328 -0.0221 0.7740
vn 0.6326 -0.0222 0.7741
vn 0.8646 0.0477 0.5001
vn 0.9315 0.0345 0.3620
vn 0.6324 -0.0221 0.7744
vn 0.6328 -0.0420 0.7731
vn 0.8380 0.0515 0.5432
vn 0.5294 -0.0155 -0.8482
vn 0.7096 -0.0204 -0.7043
vn 0.7098 -0.0205 -0.7041
vn 0.7095 -0.0204 -0.7044
vn 0.3417 -0.0693 -0.9372
vn 0.7097 -0.0205 -0.7042
vn 0.1584 -0.1031 -0.9820
vn 0.1583 -0.1031 -0.9820
vn 0.9735 0.0218 0.2276
vn 0.9957 0.0088 0.0923
vn 0.7809 -0.0613 0.6216
vn 0.8645 -0.0473 0.5004
vn 0.9317 -0.0343 0.3616
vn 0.9561 0.0288 0.2915
vn 0.9992 -0.0038 -0.0403
vn 0.9864 -0.0156 -0.1635
vn 0.8379 -0.0512 0.5435
vn 0.9620 -0.0246 -0.2720
vn 0.8382 -0.0155 0.5451
vn 0.8380 -0.0154 0.5454
vn 0.8383 -0.0155 0.5450
vn 0.8383 -0.0155 0.5451
vn 0.4539 -0.0259 -0.8907
vn 0.4537 -0.0259 -0.8908
vn 0.4532 -0.0259 -0.8910
vn 0.9996 0.0033 0.0275
vn 0.1684 -0.0286 -0.9853
vn 0.4541 -0.0259 -0.8906
vn 0.9560 -0.0285 0.2920
vn 0.9735 -0.0216 0.2278
vn 0.9957 -0.0087 0.0921
vn 0.1386 0.0287 0.9899
vn 0.1389 0.0288 0.9899
vn 0.1392 0.0288 0.9898
vn 0.2204 -0.1349 0.9660
vn 0.1394 0.0288 0.9898
vn 0.9203 -0.0370 -0.3893
vn 0.5011 -0.1816 0.8461
vn 0.8572 -0.0468 -0.5129
vn 0.9559 -0.0084 0.2936
vn 0.9560 -0.0084 0.2933
vn 0.9561 -0.0084 0.2929
vn 0.9752 -0.0209 -0.2202
vn 0.0189 -0.0283 -0.9994
vn 0.0189 -0.0285 -0.9994
vn 0.1702 -0.0287 -0.9850
vn 0.9996 -0.0021 0.0271
vn 0.9996 -0.0016 0.0272
vn 0.9996 -0.0034 0.0277
vn 0.3881 0.0269 0.9212
vn 0.3884 0.0268 0.9211
vn 0.3885 0.0268 0.9211
vn 0.9992 0.0038 -0.0404
vn 0.9864 0.0156 -0.1636
vn 0.9620 0.0245 -0.2721
vn 0.3881 0.0268 0.9212
vn 0.7780 -0.0591 -0.6255
vn 0.6842 -0.0666 -0.7262
vn 0.5703 -0.0708 -0.8184
vn 0.8846 -0.0437 -0.4644
vn 0.9751 0.0211 -0.2208
vn 0.9751 0.0209 -0.2208
vn 0.9205 0.0368 -0.3891
vn 0.8572 0.0465 -0.5129
vn 0.9607 0.2769 0.0210
vn 0.9606 0.2770 0.0210
vn 0.9806 0.1951 -0.0186
vn 0.9807 0.1950 -0.0166
vn 0.9807 0.1949 -0.0185
vn 0.9596 0.2785 -0.0406
vn 0.9235 0.3825 -0.0303
vn 0.9365 0.3216 -0.1399
vn 0.9439 0.3060 -0.1240
vn 0.9417 0.3248 -0.0878
vn 0.7071 0.7072 -0.0016
vn 0.7071 0.7071 -0.0006
vn 0.7071 0.7071 -0.0008
vn 0.8466 0.5320 -0.0176
vn 0.8468 0.5306 -0.0374
vn 0.9442 0.2681 -0.1915
vn 0.9417 0.2949 -0.1617
vn 0.8497 0.5089 -0.1376
vn 0.8403 0.5364 -0.0784
vn 0.9925 0.0557 -0.1087
vn 0.9441 0.2158 -0.2493
vn 0.9419 0.2482 -0.2262
vn 0.8409 0.5019 -0.2023
vn 0.8499 0.4622 -0.2532
vn 0.7035 0.7087 -0.0537
vn 0.7156 0.6911 -0.1012
vn 0.9441 0.1511 -0.2931
vn 0.9417 0.1883 -0.2788
vn 0.9417 0.1883 -0.2789
vn 0.8500 0.3894 -0.3549
vn 0.8403 0.4411 -0.3153
vn 0.6939 0.6950 -0.1882
vn 0.7156 0.6479 -0.2611
vn 0.3303 0.9438 -0.0106
vn 0.3307 0.9437 -0.0078
vn 0.3305 0.9438 -0.0018
vn 0.5320 0.8466 -0.0154
vn 0.5349 0.8427 -0.0617
vn 0.9440 0.0775 -0.3207
vn 0.9418 0.1172 -0.3151
vn 0.8402 0.3540 -0.4108
vn 0.8499 0.2948 -0.4368
vn 0.7158 0.5680 -0.4063
vn 0.6934 0.6318 -0.3465
vn 0.5492 0.8066 -0.2187
vn 0.5110 0.8504 -0.1255
vn 0.9417 0.0402 -0.3341
vn 0.9438 -0.0004 -0.3305
vn 0.8500 0.1840 -0.4937
vn 0.8404 0.2478 -0.4819
vn 0.7162 0.4562 -0.5281
vn 0.6934 0.5324 -0.4856
vn 0.5491 0.7329 -0.4018
vn 0.5111 0.7971 -0.3216
vn 0.1115 0.9911 -0.0731
vn 0.3240 0.9435 -0.0700
vn 0.3550 0.9250 -0.1357
vn 0.0853 0.9898 -0.1137
vn 0.9925 -0.0557 -0.1087
vn 0.9441 -0.0775 -0.3205
vn 0.9417 -0.0402 -0.3339
vn 0.8403 0.1275 -0.5269
vn 0.8499 0.0628 -0.5232
vn 0.6932 0.4029 -0.5976
vn 0.7157 0.3194 -0.6211
vn 0.5487 0.6178 -0.5633
vn 0.5105 0.6994 -0.5002
vn 0.0883 0.9397 -0.3304
vn 0.3552 0.8670 -0.3496
vn 0.1387 0.9559 -0.2590
vn 0.3023 0.9201 -0.2491
vn 0.9417 -0.1174 -0.3152
vn 0.9441 -0.1511 -0.2931
vn 0.8499 -0.0627 -0.5233
vn 0.8407 0.0003 -0.5414
vn 0.7163 0.1643 -0.6782
vn 0.6937 0.2514 -0.6749
vn 0.5488 0.4678 -0.6929
vn 0.5105 0.5625 -0.6503
vn 0.0917 0.8426 -0.5307
vn 0.1358 0.8684 -0.4769
vn 0.3546 0.7607 -0.5437
vn 0.3024 0.8357 -0.4584
vn 0.9440 -0.2159 -0.2494
vn 0.9418 -0.1879 -0.2788
vn 0.8500 -0.1839 -0.4936
vn 0.8402 -0.1276 -0.5271
vn 0.6939 0.0848 -0.7151
vn 0.7159 0.0003 -0.6982
vn 0.5485 0.2920 -0.7835
vn 0.5107 0.3929 -0.7647
vn 0.0950 0.7032 -0.7046
vn 0.3548 0.6113 -0.7075
vn 0.1326 0.7328 -0.6674
vn 0.3021 0.7044 -0.6423
vn 0.9442 -0.2681 -0.1915
vn 0.9418 -0.2486 -0.2262
vn 0.8498 -0.2949 -0.4368
vn 0.8403 -0.2481 -0.4820
vn 0.7161 -0.1648 -0.6783
vn 0.6936 -0.0850 -0.7153
vn 0.5485 0.0990 -0.8303
vn 0.5103 0.2027 -0.8358
vn 0.3549 0.4275 -0.8314
vn 0.0991 0.5291 -0.8427
vn 0.1283 0.5550 -0.8219
vn 0.3018 0.5334 -0.7902
vn 0.9596 -0.2785 -0.0407
vn 0.9806 -0.1952 -0.0187
vn 0.9807 -0.1949 -0.0185
vn 0.9806 -0.1952 -0.0168
vn 0.9607 -0.2769 0.0212
vn 0.9439 -0.3060 -0.1239
vn 0.9418 -0.2952 -0.1611
vn 0.8403 -0.3547 -0.4100
vn 0.8498 -0.3894 -0.3553
vn 0.6934 -0.2521 -0.6750
vn 0.7154 -0.3197 -0.6212
vn 0.5481 -0.0990 -0.8305
vn 0.5100 0.0001 -0.8602
vn 0.5106 0.0001 -0.8598
vn 0.3023 0.3321 -0.8935
vn 0.1233 0.3461 -0.9301
vn 0.1047 0.3283 -0.9388
vn 0.3548 0.2203 -0.9086
vn 0.9365 -0.3216 -0.1400
vn 0.9235 -0.3825 -0.0303
vn 0.9417 -0.3249 -0.0877
vn 0.8499 -0.4622 -0.2531
vn 0.8402 -0.4411 -0.3154
vn 0.7163 -0.4562 -0.5281
vn 0.6932 -0.4034 -0.5973
vn 0.5103 -0.2024 -0.8358
vn 0.5485 -0.2918 -0.7836
vn 0.3547 -0.0000 -0.9350
vn 0.3021 0.1127 -0.9466
vn 0.1151 -0.1142 -0.9868
vn 0.1113 -0.1112 -0.9875
vn 0.1112 -0.1113 -0.9875
vn 0.1149 0.1144 -0.9868
vn 0.1112 0.1113 -0.9875
vn 0.1113 0.1112 -0.9875
vn 0.1176 0.1170 -0.9861
vn 0.8497 -0.5089 -0.1377
vn 0.8404 -0.5026 -0.2028
vn 0.6933 -0.5325 -0.4855
vn 0.7158 -0.5679 -0.4063
vn 0.5487 -0.4677 -0.6930
vn 0.5104 -0.3933 -0.7647
vn 0.1174 -0.1172 -0.9861
vn 0.3021 -0.1129 -0.9466
vn 0.1047 -0.3282 -0.9388
vn 0.3546 -0.2204 -0.9087
vn 0.8465 -0.5321 -0.0174
vn 0.7072 -0.7070 -0.0016
vn 0.7071 -0.7071 -0.0010
vn 0.7071 -0.7071 -0.0007
vn 0.8468 -0.5306 -0.0374
vn 0.8402 -0.5365 -0.0787
vn 0.7156 -0.6479 -0.2611
vn 0.6936 -0.6316 -0.3465
vn 0.5486 -0.6179 -0.5633
vn 0.5107 -0.5623 -0.6504
vn 0.0991 -0.5291 -0.8427
vn 0.3549 -0.4275 -0.8314
vn 0.1234 -0.3460 -0.9301
vn 0.3023 -0.3322 -0.8935
vn 0.7035 -0.7087 -0.0539
vn 0.7154 -0.6914 -0.1011
vn 0.6939 -0.6950 -0.1882
vn 0.5488 -0.7329 -0.4019
vn 0.5103 -0.6994 -0.5003
vn 0.0952 -0.7032 -0.7046
vn 0.1281 -0.5549 -0.8220
vn 0.3549 -0.6113 -0.7073
vn 0.3020 -0.5336 -0.7900
vn 0.5108 -0.7973 -0.3216
vn 0.5493 -0.8065 -0.2186
vn 0.1322 -0.7326 -0.6676
vn 0.0911 -0.8424 -0.5311
vn 0.3546 -0.7607 -0.5438
vn 0.3021 -0.7045 -0.6422
vn 0.5105 -0.8507 -0.1251
vn 0.5321 -0.8466 -0.0154
vn 0.3303 -0.9438 -0.0105
vn 0.3306 -0.9438 -0.0030
vn 0.3307 -0.9437 -0.0079
vn 0.5349 -0.8427 -0.0618
vn 0.1363 -0.8687 -0.4763
vn 0.3022 -0.8357 -0.4586
vn 0.0884 -0.9398 -0.3301
vn 0.3555 -0.8668 -0.3496
vn 0.1384 -0.9558 -0.2596
vn 0.3022 -0.9201 -0.2492
vn 0.1115 -0.9911 -0.0732
vn 0.0853 -0.9898 -0.1139
vn 0.3550 -0.9249 -0.1357
vn 0.3240 -0.9435 -0.0699
vn 0.9902 0.1398 -0.0039
vn 0.9902 0.1396 -0.0021
vn 0.9902 0.1396 -0.0023
vn 0.9727 0.0570 -0.2252
vn 0.9803 0.1958 -0.0257
vn 0.9800 0.1968 -0.0288
vn 0.9825 0.1726 -0.0702
vn 0.9825 0.1517 -0.1081
vn 0.9856 0.1674 -0.0243
vn 0.9838 0.1171 -0.1360
vn 0.9843 0.1320 -0.1175
vn 0.9852 0.0401 -0.1666
vn 0.9827 0.1586 -0.0960
vn 0.9981 0.0277 -0.0543
vn 0.9981 -0.0277 -0.0543
vn 0.9982 -0.0000 -0.0594
vn 0.9857 0.0001 -0.1684
vn 0.9857 -0.0002 -0.1685
vn 0.9856 -0.0001 -0.1693
vn 0.9852 -0.0402 -0.1665
vn 0.9826 -0.1589 -0.0961
vn 0.9856 -0.0000 -0.1689
vn 0.9838 -0.1171 -0.1360
vn 0.9825 -0.1517 -0.1082
vn 0.9825 -0.1726 -0.0703
vn 0.9856 -0.1673 -0.0242
vn 0.9842 -0.1320 -0.1176
vn 0.9902 -0.1398 -0.0041
vn 0.9902 -0.1397 -0.0025
vn 0.9902 -0.1398 -0.0023
vn 0.9803 -0.1959 -0.0256
vn 0.9800 -0.1968 -0.0288
vn 0.9726 -0.0571 -0.2253
vn 0.9916 0.1242 -0.0350
vn 0.9920 0.1041 -0.0709
vn 0.9816 -0.0321 -0.1881
vn 0.9816 0.0321 -0.1881
vn 0.9916 -0.1243 -0.0350
vn 0.9920 -0.1040 -0.0709
vn 0.9950 0.0969 -0.0250
vn 0.9950 0.0968 -0.0251
vn 0.9949 0.0980 -0.0256
vn 0.9996 0.0273 -0.0097
vn 0.9951 0.0959 -0.0236
vn 0.9948 0.0781 -0.0653
vn 0.9948 0.0781 -0.0654
vn 0.9950 0.0702 -0.0706
vn 0.9944 0.0823 -0.0667
vn 0.9972 0.0690 -0.0302
vn 0.9971 0.0691 -0.0304
vn 0.9971 0.0698 -0.0313
vn 0.9972 0.0684 -0.0294
vn 0.9573 -0.1499 -0.2472
vn -0.9849 -0.1590 0.0683
vn 0.9972 -0.0689 -0.0301
vn 0.9971 -0.0700 -0.0312
vn 0.9971 -0.0691 -0.0305
vn 0.9972 -0.0685 -0.0294
vn 0.9573 0.1498 -0.2472
vn -0.9849 0.1589 0.0683
vn 0.9950 -0.0968 -0.0251
vn 0.9949 -0.0979 -0.0256
vn 0.9951 -0.0959 -0.0237
vn 0.9996 -0.0274 -0.0096
vn 0.9996 -0.0275 -0.0097
vn 0.9948 -0.0782 -0.0653
vn 0.9944 -0.0822 -0.0667
vn 0.9950 -0.0701 -0.0706
vn -0.3297 -0.9441 0.0000
vn -0.3300 -0.9440 0.0000
vn -0.1114 -0.9938 -0.0000
vn -0.1131 -0.9936 0.0010
vn -0.1120 -0.9937 -0.0092
vn -0.1117 0.9937 0.0000
vn -0.1121 0.9937 -0.0077
vn -0.1123 0.9936 -0.0114
vn -0.5328 0.8463 0.0001
vn -0.5318 0.8469 -0.0049
vn -0.5310 0.8473 -0.0054
vn -0.3294 0.9442 0.0000
vn -0.7078 0.7064 0.0001
vn -0.8468 0.5319 0.0065
vn -0.8468 0.5319 0.0055
vn -0.7071 0.7071 0.0001
vn -0.9238 0.3829 0.0001
vn -0.8468 0.5320 0.0002
vn -0.9902 0.1398 0.0006
vn -0.9807 0.1953 0.0001
vn -0.9807 0.1953 0.0000
vn -0.9610 0.2767 0.0001
vn -0.9610 0.2767 0.0002
vn -0.9438 0.3304 0.0009
vn -0.9951 -0.0985 0.0008
vn -0.9975 -0.0704 0.0005
vn -0.9996 -0.0279 0.0001
vn -0.9996 0.0279 0.0001
vn -0.9975 0.0703 0.0005
vn -0.9948 0.1019 0.0007
vn -0.9941 0.1084 0.0008
vn -0.9951 0.0987 0.0008
vn -0.9937 0.1117 0.0009
vn -0.9610 -0.2766 0.0000
vn -0.9610 -0.2767 0.0001
vn -0.9807 -0.1953 0.0001
vn -0.9902 -0.1398 0.0006
vn -0.9902 -0.1397 0.0005
vn -0.9937 -0.1117 0.0009
vn -0.9238 -0.3829 0.0001
vn -0.9440 -0.3300 0.0009
vn -0.8468 -0.5319 0.0002
vn -0.8467 -0.5320 0.0040
vn -0.8469 -0.5317 0.0064
vn -0.7078 -0.7064 0.0001
vn -0.7071 -0.7071 0.0000
vn -0.7072 -0.7071 0.0001
vn -0.7075 -0.7067 0.0001
vn -0.5323 -0.8465 0.0001
vn -0.5299 -0.8481 -0.0019
vn -0.5317 -0.8469 -0.0049
vn 0.3298 0.9441 -0.0000
vn 0.3301 0.9439 -0.0000
vn 0.1119 0.9937 -0.0000
vn 0.1115 -0.9938 -0.0000
vn 0.1119 -0.9937 -0.0000
vn 0.3297 -0.9441 -0.0001
vn 0.5322 -0.8466 -0.0001
vn 0.7069 -0.7073 -0.0001
vn 0.5320 -0.8468 -0.0001
vn 0.5321 -0.8467 0.0000
vn 0.8465 -0.5323 -0.0001
vn 0.9237 -0.3832 -0.0000
vn 0.9902 -0.1395 0.0003
vn 0.9808 -0.1950 -0.0001
vn 0.9611 -0.2764 -0.0002
vn 0.9438 -0.3304 0.0008
vn 0.9952 0.0982 0.0004
vn 0.9975 0.0702 0.0001
vn 0.9996 0.0277 -0.0001
vn 0.9996 -0.0278 -0.0001
vn 0.9975 -0.0701 0.0001
vn 0.9975 -0.0701 0.0003
vn 0.9948 -0.1020 0.0007
vn 0.9941 -0.1081 0.0007
vn 0.9952 -0.0982 0.0005
vn 0.9937 -0.1122 0.0007
vn 0.9612 0.2759 -0.0001
vn 0.9808 0.1950 -0.0001
vn 0.9902 0.1394 0.0002
vn 0.9937 0.1118 0.0008
vn 0.9238 0.3829 -0.0001
vn 0.9438 0.3304 0.0008
vn 0.8465 0.5324 -0.0001
vn 0.8466 0.5322 -0.0001
vn 0.8469 0.5317 -0.0001
vn 0.8466 0.5323 -0.0001
vn 0.5322 0.8466 0.0000
vn 0.5321 0.8467 -0.0000
vn 0.5328 0.8463 -0.0001
vn -0.0999 0.9885 -0.1137
vn -0.3302 0.9438 -0.0152
vn -0.1120 0.9936 -0.0128
vn -0.0958 0.9390 -0.3304
vn -0.1276 0.9814 -0.1438
vn -0.0923 0.8427 -0.5304
vn -0.1319 0.9192 -0.3710
vn -0.3349 0.9397 -0.0692
vn -0.3027 0.9431 -0.1377
vn -0.1360 0.8061 -0.5760
vn -0.1359 0.8061 -0.5760
vn -0.0887 0.7036 -0.7051
vn -0.3556 0.9022 -0.2441
vn -0.3022 0.8840 -0.3566
vn -0.7070 0.7070 -0.0161
vn -0.5320 0.8467 -0.0072
vn -0.5271 0.8474 -0.0635
vn -0.0864 0.5296 -0.8438
vn -0.1384 0.6477 -0.7492
vn -0.3022 0.7759 -0.5537
vn -0.3549 0.8198 -0.4495
vn -0.5487 0.8271 -0.1219
vn -0.5105 0.8300 -0.2246
vn -0.0852 0.3286 -0.9406
vn -0.1404 0.4531 -0.8803
vn -0.3550 0.6909 -0.6298
vn -0.3022 0.6233 -0.7213
vn -0.5484 0.7760 -0.3117
vn -0.5104 0.7540 -0.4135
vn -0.7082 0.7042 -0.0509
vn -0.6936 0.7127 -0.1044
vn -0.1419 0.2331 -0.9621
vn -0.0843 0.1116 -0.9902
vn -0.3550 0.5232 -0.7748
vn -0.3022 0.4366 -0.8474
vn -0.5485 0.6802 -0.4863
vn -0.5101 0.6357 -0.5794
vn -0.6940 0.6679 -0.2689
vn -0.7157 0.6740 -0.1829
vn -0.9238 0.3826 -0.0150
vn -0.8467 0.5320 0.0094
vn -0.8451 0.5331 -0.0408
vn -0.0843 -0.1116 -0.9902
vn -0.1424 0.0000 -0.9898
vn -0.3550 0.3260 -0.8762
vn -0.3023 0.2244 -0.9264
vn -0.5488 0.5465 -0.6326
vn -0.5108 0.4814 -0.7123
vn -0.6934 0.5859 -0.4194
vn -0.7161 0.6122 -0.3353
vn -0.8404 0.5232 -0.1416
vn -0.8499 0.5213 -0.0764
vn -0.9237 0.3791 -0.0558
vn -0.0849 -0.3288 -0.9406
vn -0.1416 -0.2325 -0.9622
vn -0.3018 -0.0001 -0.9534
vn -0.3546 0.1108 -0.9284
vn -0.5113 0.2997 -0.8054
vn -0.5491 0.3817 -0.7435
vn -0.7163 0.5158 -0.4700
vn -0.6929 0.4714 -0.5456
vn -0.8499 0.4887 -0.1970
vn -0.8404 0.4753 -0.2605
vn -0.9832 0.1387 -0.1185
vn -0.9806 0.1951 -0.0167
vn -0.9607 0.2769 -0.0182
vn -0.9449 0.3023 -0.1255
vn -0.0865 -0.5298 -0.8437
vn -0.1404 -0.4534 -0.8802
vn -0.3019 -0.2242 -0.9266
vn -0.3546 -0.1107 -0.9284
vn -0.5491 0.1968 -0.8123
vn -0.5107 0.1018 -0.8537
vn -0.6938 0.3295 -0.6404
vn -0.7160 0.3905 -0.5786
vn -0.8498 0.4289 -0.3062
vn -0.8402 0.4009 -0.3652
vn -0.9862 0.1601 -0.0432
vn -0.9440 0.3186 -0.0860
vn -0.9416 0.3123 -0.1257
vn -0.0887 -0.7034 -0.7053
vn -0.1375 -0.6472 -0.7498
vn -0.3552 -0.3263 -0.8760
vn -0.3027 -0.4366 -0.8472
vn -0.5110 -0.1017 -0.8535
vn -0.5492 0.0001 -0.8357
vn -0.6934 0.1701 -0.7002
vn -0.7161 0.2436 -0.6542
vn -0.8405 0.3033 -0.4489
vn -0.8500 0.3442 -0.3988
vn -0.9417 0.2738 -0.1955
vn -0.9441 0.2890 -0.1584
vn -0.0923 -0.8424 -0.5309
vn -0.1359 -0.8062 -0.5759
vn -0.3019 -0.6231 -0.7215
vn -0.3022 -0.6233 -0.7212
vn -0.3547 -0.5232 -0.7749
vn -0.5112 -0.2998 -0.8055
vn -0.5493 -0.1970 -0.8121
vn -0.7159 0.0824 -0.6933
vn -0.6941 0.0000 -0.7198
vn -0.8404 0.1892 -0.5079
vn -0.8501 0.2407 -0.4684
vn -0.9418 0.2199 -0.2543
vn -0.9441 0.2435 -0.2221
vn -0.9442 0.2435 -0.2219
vn -0.0958 -0.9390 -0.3304
vn -0.1322 -0.9194 -0.3704
vn -0.3024 -0.7759 -0.5537
vn -0.3549 -0.6910 -0.6297
vn -0.5490 -0.3819 -0.7434
vn -0.5109 -0.4814 -0.7122
vn -0.6936 -0.1700 -0.7000
vn -0.7159 -0.0823 -0.6934
vn -0.8403 0.0642 -0.5383
vn -0.8502 0.1243 -0.5115
vn -0.9418 0.1537 -0.2991
vn -0.9441 0.1845 -0.2731
vn -0.1002 -0.9885 -0.1137
vn -0.1273 -0.9814 -0.1440
vn -0.1120 -0.9936 -0.0128
vn -0.3302 -0.9438 -0.0151
vn -0.3022 -0.8840 -0.3567
vn -0.3549 -0.8197 -0.4496
vn -0.5488 -0.5463 -0.6328
vn -0.5105 -0.6362 -0.5785
vn -0.6937 -0.3296 -0.6405
vn -0.7160 -0.2439 -0.6541
vn -0.8501 -0.0001 -0.5266
vn -0.8403 -0.0643 -0.5383
vn -0.9418 0.0793 -0.3267
vn -0.9441 0.1151 -0.3089
vn -0.3027 -0.9431 -0.1379
vn -0.3349 -0.9397 -0.0692
vn -0.3559 -0.9021 -0.2441
vn -0.5103 -0.7540 -0.4136
vn -0.5105 -0.7539 -0.4135
vn -0.5486 -0.6801 -0.4863
vn -0.7159 -0.3905 -0.5787
vn -0.6934 -0.4711 -0.5452
vn -0.8403 -0.1892 -0.5080
vn -0.8501 -0.1239 -0.5119
vn -0.9417 0.0000 -0.3365
vn -0.9441 0.0390 -0.3273
vn -0.5105 -0.8300 -0.2247
vn -0.5490 -0.7754 -0.3120
vn -0.6936 -0.5860 -0.4189
vn -0.7154 -0.5164 -0.4707
vn -0.8405 -0.3031 -0.4490
vn -0.8501 -0.2410 -0.4683
vn -0.9417 -0.0791 -0.3270
vn -0.9441 -0.0389 -0.3274
vn -0.5320 -0.8467 -0.0072
vn -0.7070 -0.7070 -0.0160
vn -0.5272 -0.8473 -0.0636
vn -0.5490 -0.8269 -0.1215
vn -0.6938 -0.6680 -0.2691
vn -0.7161 -0.6122 -0.3353
vn -0.8407 -0.4005 -0.3646
vn -0.8499 -0.3443 -0.3989
vn -0.9418 -0.1539 -0.2990
vn -0.9441 -0.1149 -0.3089
vn -0.7157 -0.6740 -0.1828
vn -0.7078 -0.7046 -0.0504
vn -0.6938 -0.7126 -0.1041
vn -0.6937 -0.7127 -0.1043
vn -0.8403 -0.4753 -0.2605
vn -0.8499 -0.4289 -0.3063
vn -0.9418 -0.2199 -0.2543
vn -0.9440 -0.1846 -0.2733
vn -0.8404 -0.5231 -0.1417
vn -0.8499 -0.4886 -0.1971
vn -0.9417 -0.2738 -0.1954
vn -0.9441 -0.2435 -0.2221
vn -0.9442 -0.2435 -0.2220
vn -0.8499 -0.5215 -0.0761
vn -0.8467 -0.5320 0.0094
vn -0.9238 -0.3827 -0.0148
vn -0.9238 -0.3826 -0.0148
vn -0.9237 -0.3791 -0.0554
vn -0.8451 -0.5330 -0.0406
vn -0.9416 -0.3123 -0.1257
vn -0.9441 -0.2890 -0.1587
vn -0.9862 -0.1601 -0.0432
vn -0.9608 -0.2768 -0.0180
vn -0.9806 -0.1951 -0.0168
vn -0.9449 -0.3023 -0.1256
vn -0.9832 -0.1388 -0.1185
vn -0.9441 -0.3184 -0.0861
vn -0.9821 0.1882 -0.0090
vn -0.9822 0.1650 -0.0900
vn -0.9822 0.1650 -0.0896
vn -0.9822 0.1650 -0.0899
vn -0.9821 0.1649 -0.0904
vn -0.9833 0.1324 -0.1250
vn -0.9831 0.1284 -0.1303
vn -0.9839 0.1283 -0.1243
vn -0.9830 0.1266 -0.1331
vn -0.9841 0.1263 -0.1252
vn -0.9841 0.0996 -0.1473
vn -0.9982 0.0279 -0.0529
vn -0.9854 0.0594 -0.1596
vn -0.9983 0.0105 -0.0573
vn -0.9983 0.0103 -0.0571
vn -0.9851 0.0227 -0.1707
vn -0.9856 0.0300 -0.1665
vn -0.9854 0.0275 -0.1682
vn -0.9852 0.0202 -0.1704
vn -0.9986 -0.0043 -0.0532
vn -0.9984 -0.0084 -0.0564
vn -0.9983 0.0000 -0.0587
vn -0.9857 -0.0002 -0.1683
vn -0.9851 -0.0227 -0.1706
vn -0.9852 -0.0203 -0.1704
vn -0.9854 -0.0274 -0.1682
vn -0.9982 -0.0279 -0.0529
vn -0.9855 -0.0301 -0.1668
vn -0.9983 -0.0103 -0.0575
vn -0.9854 -0.0594 -0.1598
vn -0.9841 -0.0994 -0.1471
vn -0.9833 -0.1323 -0.1249
vn -0.9841 -0.1260 -0.1253
vn -0.9839 -0.1283 -0.1243
vn -0.9831 -0.1284 -0.1304
vn -0.9822 -0.1650 -0.0900
vn -0.9822 -0.1649 -0.0905
vn -0.9830 -0.1267 -0.1331
vn -0.9821 -0.1882 -0.0090
vn -0.9821 -0.1881 -0.0091
vn -0.9822 -0.1651 -0.0897
vn -0.9921 0.1215 -0.0319
vn -0.9922 0.1090 -0.0601
vn -0.9921 0.1106 -0.0600
vn -0.9923 0.1075 -0.0608
vn -0.9922 0.1055 -0.0670
vn -0.9920 0.1111 -0.0597
vn -0.9948 0.0769 -0.0661
vn -0.9944 0.0761 -0.0733
vn -0.9944 0.0738 -0.0754
vn -0.9950 0.0770 -0.0629
vn -0.9851 -0.0348 -0.1684
vn -0.9871 0.1054 -0.1207
vn -0.9944 0.0731 -0.0758
vn -0.9871 -0.1054 -0.1207
vn -0.9851 0.0348 -0.1685
vn -0.9950 -0.0754 -0.0658
vn -0.9944 -0.0738 -0.0753
vn -0.9944 -0.0759 -0.0738
vn -0.9944 -0.0730 -0.0761
vn -0.9950 -0.0770 -0.0630
vn -0.9922 -0.1090 -0.0601
vn -0.9922 -0.1057 -0.0667
vn -0.9923 -0.1075 -0.0608
vn -0.9920 -0.1107 -0.0601
vn -0.9921 -0.1215 -0.0319
vn -0.9920 -0.1109 -0.0597
vn -0.9951 0.0962 -0.0238
vn -0.9949 0.0981 -0.0246
vn -0.9951 0.0958 -0.0238
vn -0.9953 0.0946 -0.0214
vn -1.0000 0.0013 -0.0043
vn -1.0000 0.0017 -0.0043
vn -0.9954 0.0841 -0.0461
vn -0.9954 0.0841 -0.0457
vn -0.9954 0.0838 -0.0460
vn -0.9995 0.0306 -0.0103
vn -0.9954 0.0753 -0.0586
vn -0.9973 0.0682 -0.0288
vn -0.9971 0.0700 -0.0306
vn -0.9972 0.0687 -0.0290
vn -0.9973 0.0675 -0.0276
vn -0.9974 0.0510 -0.0503
vn -0.9976 0.0475 -0.0498
vn -0.9976 0.0473 -0.0501
vn -1.0000 0.0023 -0.0039
vn -1.0000 0.0024 -0.0038
vn 0.9575 -0.2646 0.1148
vn -0.9970 0.0211 -0.0744
vn -0.9973 0.0521 -0.0519
vn 0.9576 0.2644 0.1148
vn -0.9970 -0.0211 -0.0743
vn -0.9972 -0.0684 -0.0288
vn -0.9972 -0.0687 -0.0290
vn -0.9971 -0.0700 -0.0305
vn -0.9973 -0.0674 -0.0275
vn -0.9974 -0.0506 -0.0505
vn -0.9976 -0.0473 -0.0503
vn -0.9976 -0.0475 -0.0500
vn -0.9974 -0.0506 -0.0506
vn -1.0000 -0.0037 -0.0033
vn -1.0000 -0.0036 -0.0033
vn -1.0000 -0.0037 -0.0034
vn -0.9954 -0.0752 -0.0586
vn -0.9995 -0.0306 -0.0103
vn -0.9954 -0.0839 -0.0459
vn -0.9955 -0.0833 -0.0457
vn -0.9954 -0.0840 -0.0457
vn -0.9951 -0.0962 -0.0238
vn -0.9951 -0.0958 -0.0238
vn -0.9949 -0.0980 -0.0247
vn -0.9953 -0.0946 -0.0214
vn -1.0000 -0.0037 -0.0048
vn -1.0000 -0.0039 -0.0047
vn -1.0000 -0.0033 -0.0045
vn -0.9954 -0.0841 -0.0459
vn -0.0005 0.0008 1.0000
vn 0.2736 -0.9431 0.1888
vn 0.2735 -0.9432 0.1886
vn 0.2737 -0.9431 0.1888
vn 0.0928 -0.9936 0.0640
vn 0.0929 -0.9936 0.0640
vn 0.0927 -0.9936 0.0641
vn 0.2735 -0.9432 0.1887
vn 0.0929 -0.9936 0.0641
vn 0.6635 -0.7046 0.2516
vn 0.6635 -0.7045 0.2519
vn 0.7044 -0.7046 0.0854
vn 0.7043 -0.7048 0.0848
vn 0.7045 -0.7045 0.0852
vn 0.6635 -0.7045 0.2518
vn 0.5003 -0.8448 0.1896
vn 0.4998 -0.8451 0.1895
vn 0.4999 -0.8451 0.1896
vn 0.5000 -0.8450 0.1896
vn 0.5308 -0.8450 0.0644
vn 0.5308 -0.8451 0.0643
vn 0.5309 -0.8450 0.0645
vn 0.5308 -0.8450 0.0643
vn 0.1055 -0.9936 0.0400
vn 0.1055 -0.9936 0.0401
vn 0.3111 -0.9430 0.1180
vn 0.3106 -0.9432 0.1177
vn 0.3109 -0.9431 0.1180
vn 0.3302 -0.9430 0.0401
vn 0.3291 -0.9435 0.0401
vn 0.3300 -0.9431 0.0399
vn 0.3302 -0.9431 0.0401
vn 0.1122 -0.9936 0.0135
vn 0.1121 -0.9936 0.0135
vn 0.1121 -0.9936 0.0136
vn 0.3105 -0.9433 0.1177
vn 0.9876 -0.1113 0.1111
vn 0.1120 -0.9936 0.0136
vn -0.9875 -0.1110 0.1115
vn -0.9876 -0.1110 0.1113
vn -0.9875 -0.1117 0.1112
vn -0.9875 -0.1111 0.1118
vn -0.9386 -0.3283 0.1060
vn -0.9386 -0.3281 0.1063
vn -0.9386 -0.3283 0.1058
vn -0.9387 -0.3280 0.1059
vn -0.9381 -0.1110 0.3281
vn -0.9379 -0.1113 0.3284
vn -0.9380 -0.1108 0.3286
vn -0.8429 -0.5296 0.0952
vn -0.8431 -0.5292 0.0955
vn -0.8430 -0.5295 0.0952
vn -0.8429 -0.5297 0.0950
vn -0.8915 -0.3284 0.3121
vn -0.8915 -0.3284 0.3122
vn -0.8915 -0.3284 0.3120
vn -0.7048 -0.7049 0.0794
vn -0.7048 -0.7049 0.0799
vn -0.7048 -0.7049 0.0795
vn -0.7045 -0.7052 0.0794
vn -0.8414 -0.1113 0.5288
vn -0.8414 -0.1112 0.5288
vn -0.8414 -0.1114 0.5288
vn -0.8414 -0.1111 0.5288
vn -0.8006 -0.5299 0.2799
vn -0.8006 -0.5293 0.2807
vn -0.8008 -0.5293 0.2803
vn -0.8006 -0.5295 0.2803
vn -0.5310 -0.8452 0.0599
vn -0.5311 -0.8452 0.0597
vn -0.5311 -0.8452 0.0598
vn -0.5311 -0.8452 0.0599
vn -0.7999 -0.3285 0.5022
vn -0.7996 -0.3284 0.5027
vn -0.7997 -0.3285 0.5026
vn -0.7997 -0.3286 0.5025
vn -0.6695 -0.7049 0.2344
vn -0.6698 -0.7047 0.2341
vn -0.6695 -0.7049 0.2343
vn -0.1147 -0.9933 0.0134
vn -0.1188 -0.9928 0.0143
vn -0.1132 -0.9935 0.0138
vn -0.3303 -0.9431 0.0370
vn -0.3295 -0.9434 0.0372
vn -0.3301 -0.9432 0.0373
vn -0.3300 -0.9432 0.0372
vn -0.1121 -0.9936 0.0127
vn -0.7026 -0.1111 0.7028
vn -0.7026 -0.1113 0.7028
vn -0.7026 -0.1112 0.7028
vn -0.7026 -0.1114 0.7028
vn -0.7182 -0.5295 0.4514
vn -0.7182 -0.5296 0.4514
vn -0.7182 -0.5295 0.4515
vn -0.7181 -0.5296 0.4514
vn -0.5043 -0.8453 0.1763
vn -0.5044 -0.8452 0.1765
vn -0.5045 -0.8452 0.1765
vn -0.5044 -0.8452 0.1766
vn -0.5151 -0.2489 0.8202
vn -0.5923 -0.1119 0.7979
vn -0.6676 -0.3282 0.6682
vn -0.6677 -0.3285 0.6680
vn -0.6677 -0.3284 0.6680
vn -0.6677 -0.3282 0.6681
vn -0.6006 -0.7049 0.3774
vn -0.6003 -0.7052 0.3772
vn -0.6004 -0.7050 0.3774
vn -0.6006 -0.7049 0.3773
vn -0.1182 -0.9920 0.0448
vn -0.3134 -0.9433 0.1097
vn -0.3136 -0.9432 0.1099
vn -0.3133 -0.9433 0.1097
vn -0.1008 -0.9943 0.0352
vn -0.5626 -0.3302 0.7579
vn -0.5627 -0.3300 0.7579
vn -0.5627 -0.3301 0.7579
vn -0.5626 -0.3303 0.7579
vn -0.4993 -0.1116 0.8592
vn -0.5998 -0.5296 0.5999
vn -0.5998 -0.5296 0.5998
vn -0.5999 -0.5296 0.5997
vn -0.6000 -0.5297 0.5995
vn -0.4525 -0.8452 0.2844
vn -0.4524 -0.8453 0.2843
vn -0.5048 -0.5318 0.6799
vn -0.5048 -0.5317 0.6800
vn -0.3186 -0.2628 0.9107
vn -0.3916 -0.1122 0.9133
vn -0.4744 -0.3296 0.8163
vn -0.4742 -0.3294 0.8165
vn -0.4742 -0.3294 0.8164
vn -0.4744 -0.3295 0.8163
vn -0.5014 -0.7049 0.5017
vn -0.5014 -0.7050 0.5015
vn -0.5015 -0.7049 0.5017
vn -0.1089 -0.9912 0.0751
vn -0.2810 -0.9433 0.1766
vn -0.2809 -0.9434 0.1763
vn -0.2813 -0.9432 0.1768
vn -0.2812 -0.9433 0.1764
vn -0.0864 -0.9948 0.0545
vn -0.4219 -0.7066 0.5681
vn -0.4215 -0.7069 0.5680
vn -0.4216 -0.7069 0.5679
vn -0.4217 -0.7070 0.5677
vn -0.3725 -0.3299 0.8674
vn -0.3724 -0.3301 0.8674
vn -0.2874 -0.1117 0.9513
vn -0.4258 -0.5308 0.7327
vn -0.4257 -0.5308 0.7329
vn -0.4257 -0.5307 0.7329
vn -0.3779 -0.8452 0.3780
vn -0.3779 -0.8452 0.3779
vn -0.3778 -0.8452 0.3780
vn -0.3174 -0.8466 0.4272
vn -0.3173 -0.8466 0.4273
vn -0.3171 -0.8465 0.4275
vn -0.3341 -0.5317 0.7782
vn -0.3340 -0.5317 0.7782
vn -0.3339 -0.5317 0.7783
vn -0.3341 -0.5317 0.7783
vn -0.1706 -0.1118 0.9790
vn -0.1077 -0.2708 0.9566
vn -0.2733 -0.3293 0.9038
vn -0.2731 -0.3297 0.9037
vn -0.2731 -0.3296 0.9038
vn -0.2728 -0.3296 0.9038
vn -0.3558 -0.7060 0.6124
vn -0.3557 -0.7060 0.6124
vn -0.0912 -0.9905 0.1031
vn -0.2349 -0.9432 0.2350
vn -0.2348 -0.9432 0.2349
vn -0.0698 -0.9951 0.0700
vn -0.0599 -0.9941 0.0909
vn -0.0601 -0.9940 0.0909
vn -0.0668 -0.9937 0.0898
vn -0.1971 -0.9438 0.2653
vn -0.1969 -0.9439 0.2653
vn -0.1968 -0.9438 0.2655
vn -0.1969 -0.9438 0.2654
vn -0.2791 -0.7069 0.6499
vn -0.2790 -0.7069 0.6499
vn -0.2792 -0.7068 0.6500
vn -0.2789 -0.7069 0.6500
vn -0.1621 -0.3300 0.9300
vn -0.1621 -0.3298 0.9300
vn -0.1621 -0.3301 0.9299
vn -0.0599 -0.1115 0.9920
vn -0.2449 -0.5309 0.8113
vn -0.2448 -0.5311 0.8111
vn -0.2450 -0.5311 0.8111
vn -0.2450 -0.5310 0.8112
vn -0.2678 -0.8460 0.4610
vn -0.2679 -0.8460 0.4609
vn -0.2678 -0.8460 0.4611
vn -0.2681 -0.8460 0.4608
vn -0.2103 -0.8464 0.4893
vn -0.2099 -0.8465 0.4892
vn -0.2101 -0.8464 0.4893
vn -0.2101 -0.8466 0.4891
vn -0.1454 -0.5314 0.8346
vn -0.1452 -0.5313 0.8347
vn -0.1454 -0.5312 0.8347
vn -0.1454 -0.5315 0.8345
vn -0.0568 -0.3297 0.9424
vn -0.0570 -0.3296 0.9424
vn -0.0569 -0.3297 0.9424
vn 0.1078 -0.2707 0.9566
vn 0.0601 -0.1119 0.9919
vn -0.2048 -0.7061 0.6779
vn -0.2047 -0.7063 0.6776
vn -0.2046 -0.7063 0.6777
vn -0.1662 -0.9436 0.2863
vn -0.1664 -0.9436 0.2864
vn -0.1662 -0.9435 0.2866
vn -0.0657 -0.9899 0.1253
vn -0.0564 -0.9937 0.0972
vn -0.1661 -0.9437 0.2860
vn 0.1708 -0.1118 0.9789
vn -0.1304 -0.9438 0.3036
vn -0.1305 -0.9438 0.3036
vn -0.1304 -0.9439 0.3034
vn -0.1304 -0.9438 0.3037
vn -0.0372 -0.9941 0.1021
vn -0.0373 -0.9941 0.1020
vn -0.0442 -0.9937 0.1028
vn -0.1215 -0.7066 0.6971
vn -0.1215 -0.7067 0.6970
vn -0.1219 -0.7067 0.6969
vn -0.1214 -0.7067 0.6970
vn -0.0510 -0.5314 0.8456
vn -0.0512 -0.5313 0.8457
vn -0.0511 -0.5313 0.8456
vn -0.0513 -0.5313 0.8457
vn 0.0572 -0.3295 0.9424
vn 0.0572 -0.3297 0.9423
vn 0.0569 -0.3298 0.9423
vn 0.0571 -0.3296 0.9424
vn -0.1541 -0.8462 0.5101
vn -0.1542 -0.8462 0.5101
vn 0.1623 -0.3299 0.9300
vn 0.1625 -0.3299 0.9299
vn 0.1622 -0.3298 0.9300
vn -0.0915 -0.8465 0.5245
vn -0.0914 -0.8464 0.5247
vn -0.0916 -0.8464 0.5246
vn -0.0427 -0.7065 0.7064
vn -0.0426 -0.7066 0.7063
vn -0.0427 -0.7064 0.7065
vn 0.0513 -0.5313 0.8456
vn 0.0512 -0.5313 0.8456
vn 0.3188 -0.2634 0.9105
vn 0.2874 -0.1119 0.9513
vn -0.0343 -0.9896 0.1398
vn -0.0323 -0.9937 0.1074
vn -0.0957 -0.9436 0.3169
vn -0.0954 -0.9438 0.3164
vn -0.0956 -0.9436 0.3170
vn -0.0956 -0.9437 0.3167
vn 0.3923 -0.1119 0.9130
vn 0.1457 -0.5312 0.8346
vn 0.1455 -0.5315 0.8345
vn 0.1455 -0.5314 0.8345
vn 0.1457 -0.5315 0.8344
vn -0.0127 -0.9941 0.1079
vn -0.0128 -0.9941 0.1081
vn -0.0193 -0.9937 0.1105
vn -0.0562 -0.9437 0.3261
vn -0.0568 -0.9435 0.3263
vn -0.0565 -0.9438 0.3257
vn -0.0567 -0.9436 0.3262
vn -0.0322 -0.8463 0.5317
vn -0.0321 -0.8464 0.5316
vn -0.0320 -0.8463 0.5317
vn -0.0323 -0.8462 0.5318
vn 0.0428 -0.7065 0.7064
vn 0.0422 -0.7065 0.7065
vn 0.0427 -0.7064 0.7065
vn 0.0428 -0.7065 0.7065
vn 0.2732 -0.3298 0.9037
vn 0.2732 -0.3296 0.9037
vn 0.2733 -0.3296 0.9037
vn 0.3725 -0.3301 0.8674
vn 0.3725 -0.3299 0.8674
vn 0.3726 -0.3300 0.8674
vn 0.3728 -0.3298 0.8673
vn 0.1211 -0.7066 0.6972
vn 0.1216 -0.7066 0.6971
vn 0.1214 -0.7067 0.6970
vn 0.0000 -0.9895 0.1448
vn -0.0067 -0.9937 0.1120
vn -0.0202 -0.9438 0.3298
vn -0.0201 -0.9437 0.3301
vn -0.0203 -0.9437 0.3301
vn -0.0200 -0.9438 0.3300
vn 0.0322 -0.8463 0.5317
vn 0.0322 -0.8463 0.5318
vn 0.0321 -0.8463 0.5318
vn 0.0323 -0.8463 0.5317
vn 0.2452 -0.5310 0.8111
vn 0.2451 -0.5311 0.8111
vn 0.2450 -0.5310 0.8112
vn 0.2452 -0.5312 0.8109
vn 0.5154 -0.2489 0.8200
vn 0.4994 -0.1116 0.8592
vn 0.5925 -0.1119 0.7978
vn 0.3343 -0.5317 0.7782
vn 0.3343 -0.5318 0.7781
vn 0.0915 -0.8464 0.5246
vn 0.0915 -0.8463 0.5248
vn 0.0916 -0.8464 0.5246
vn 0.0914 -0.8466 0.5244
vn 0.0126 -0.9941 0.1080
vn 0.0068 -0.9937 0.1121
vn 0.0203 -0.9438 0.3299
vn 0.0201 -0.9438 0.3298
vn 0.0202 -0.9438 0.3299
vn 0.0201 -0.9437 0.3303
vn 0.2049 -0.7062 0.6777
vn 0.2048 -0.7063 0.6777
vn 0.2049 -0.7063 0.6777
vn 0.4745 -0.3295 0.8163
vn 0.4745 -0.3294 0.8163
vn 0.4747 -0.3295 0.8161
vn 0.4746 -0.3294 0.8162
vn 0.5628 -0.3300 0.7579
vn 0.5628 -0.3302 0.7578
vn 0.5628 -0.3299 0.7579
vn 0.5628 -0.3301 0.7578
vn 0.2792 -0.7068 0.6500
vn 0.2792 -0.7069 0.6499
vn 0.2791 -0.7068 0.6500
vn 0.0567 -0.9437 0.3260
vn 0.0567 -0.9437 0.3259
vn 0.0568 -0.9437 0.3259
vn 0.0343 -0.9896 0.1396
vn 0.0192 -0.9937 0.1105
vn 0.1542 -0.8461 0.5103
vn 0.1544 -0.8461 0.5102
vn 0.1543 -0.8460 0.5104
vn 0.4262 -0.5308 0.7326
vn 0.4259 -0.5308 0.7327
vn 0.4260 -0.5308 0.7327
vn 0.4259 -0.5309 0.7327
vn 0.6888 -0.2268 0.6886
vn 0.6844 -0.1116 0.7205
vn 0.5050 -0.5320 0.6796
vn 0.5049 -0.5318 0.6798
vn 0.5049 -0.5318 0.6799
vn 0.5050 -0.5319 0.6797
vn 0.2101 -0.8466 0.4891
vn 0.2099 -0.8465 0.4892
vn 0.2102 -0.8465 0.4891
vn 0.0956 -0.9437 0.3166
vn 0.0957 -0.9436 0.3171
vn 0.0957 -0.9437 0.3166
vn 0.0371 -0.9941 0.1020
vn 0.0375 -0.9941 0.1021
vn 0.0325 -0.9937 0.1074
vn 0.0957 -0.9437 0.3168
vn 0.3560 -0.7058 0.6125
vn 0.3559 -0.7061 0.6122
vn 0.3555 -0.7059 0.6127
vn 0.6504 -0.3292 0.6846
vn 0.6502 -0.3291 0.6848
vn 0.6502 -0.3290 0.6848
vn 0.6503 -0.3292 0.6847
vn 0.4217 -0.7069 0.5678
vn 0.4217 -0.7068 0.5680
vn 0.4216 -0.7070 0.5678
vn 0.4218 -0.7069 0.5677
vn 0.0657 -0.9899 0.1253
vn 0.1304 -0.9438 0.3037
vn 0.1303 -0.9439 0.3035
vn 0.1305 -0.9438 0.3037
vn 0.0443 -0.9937 0.1030
vn 0.1304 -0.9439 0.3035
vn 0.2679 -0.8460 0.4610
vn 0.2679 -0.8461 0.4609
vn 0.2679 -0.8460 0.4609
vn 0.5837 -0.5304 0.6148
vn 0.5836 -0.5306 0.6147
vn 0.5837 -0.5306 0.6146
vn 0.8229 0.0204 0.5679
vn 0.8303 -0.1965 0.5215
vn 0.3174 -0.8466 0.4273
vn 0.3173 -0.8466 0.4274
vn 0.3173 -0.8466 0.4273
vn 0.0598 -0.9941 0.0908
vn 0.0601 -0.9941 0.0907
vn 0.0564 -0.9937 0.0970
vn 0.1665 -0.9436 0.2861
vn 0.1664 -0.9436 0.2861
vn 0.1664 -0.9436 0.2863
vn 0.1667 -0.9435 0.2863
vn 0.4878 -0.7060 0.5135
vn 0.4879 -0.7058 0.5136
vn 0.4878 -0.7058 0.5136
vn 0.4878 -0.7058 0.5137
vn 0.7774 -0.3280 0.5366
vn 0.7777 -0.3281 0.5362
vn 0.7773 -0.3279 0.5368
vn 0.7774 -0.3281 0.5366
vn 0.0913 -0.9905 0.1031
vn 0.0669 -0.9937 0.0901
vn 0.1971 -0.9438 0.2654
vn 0.1971 -0.9438 0.2653
vn 0.1972 -0.9438 0.2653
vn 0.3673 -0.8458 0.3869
vn 0.3672 -0.8459 0.3868
vn 0.3674 -0.8458 0.3868
vn 0.6983 -0.5293 0.4819
vn 0.6984 -0.5292 0.4819
vn 0.6986 -0.5290 0.4818
vn 0.9321 -0.1582 0.3258
vn 0.9909 -0.0595 0.1205
vn 0.9349 -0.0157 0.3546
vn 0.2282 -0.9435 0.2402
vn 0.2282 -0.9435 0.2401
vn 0.2282 -0.9435 0.2403
vn 0.0774 -0.9937 0.0814
vn 0.5841 -0.7045 0.4030
vn 0.5839 -0.7046 0.4032
vn 0.5841 -0.7045 0.4031
vn 0.5840 -0.7047 0.4030
vn 0.9377 -0.3280 0.1142
vn 0.9378 -0.3279 0.1139
vn 0.9377 -0.3281 0.1138
vn 0.9378 -0.3280 0.1139
vn 0.8833 -0.3282 0.3348
vn 0.8833 -0.3281 0.3349
vn 0.8833 -0.3281 0.3347
vn 0.8832 -0.3282 0.3349
vn 0.4401 -0.8449 0.3040
vn 0.4401 -0.8450 0.3038
vn 0.4402 -0.8449 0.3040
vn 0.4401 -0.8450 0.3037
vn 0.8424 -0.5290 0.1024
vn 0.8423 -0.5292 0.1022
vn 0.8423 -0.5292 0.1023
vn 0.8422 -0.5293 0.1025
vn 0.7933 -0.5291 0.3011
vn 0.7934 -0.5292 0.3008
vn 0.7932 -0.5295 0.3007
vn 0.7933 -0.5292 0.3009
vn -0.2734 0.9431 0.1892
vn -0.2735 0.9432 0.1887
vn -0.2735 0.9431 0.1889
vn -0.0928 0.9936 0.0640
vn -0.0927 0.9936 0.0641
vn -0.0929 0.9936 0.0640
vn -0.2736 0.9432 0.1887
vn -0.6633 0.7047 0.2516
vn -0.6632 0.7047 0.2519
vn -0.6634 0.7046 0.2517
vn -0.7044 0.7047 0.0849
vn -0.7043 0.7048 0.0851
vn -0.7044 0.7046 0.0856
vn -0.6637 0.7043 0.2518
vn -0.5000 0.8450 0.1896
vn -0.4999 0.8451 0.1896
vn -0.5000 0.8450 0.1897
vn -0.5001 0.8449 0.1897
vn -0.5308 0.8450 0.0645
vn -0.5309 0.8450 0.0646
vn -0.5308 0.8450 0.0646
vn -0.1055 0.9936 0.0401
vn -0.1056 0.9936 0.0400
vn -0.1057 0.9936 0.0400
vn -0.3109 0.9431 0.1181
vn -0.3106 0.9432 0.1181
vn -0.3110 0.9430 0.1181
vn -0.3297 0.9432 0.0396
vn -0.3298 0.9432 0.0401
vn -0.3299 0.9432 0.0401
vn -0.3297 0.9433 0.0392
vn -0.1121 0.9936 0.0136
vn -0.1120 0.9936 0.0136
vn -0.1053 0.9936 0.0400
vn -0.3114 0.9429 0.1181
vn -0.9875 0.1113 0.1114
vn 0.9875 0.1113 0.1112
vn 0.9875 0.1114 0.1112
vn 0.9875 0.1113 0.1113
vn 0.9876 0.1112 0.1112
vn 0.9386 0.3285 0.1057
vn 0.9386 0.3283 0.1058
vn 0.9386 0.3284 0.1056
vn 0.9387 0.3283 0.1055
vn 0.9381 0.1112 0.3281
vn 0.9381 0.1112 0.3280
vn 0.9380 0.1113 0.3283
vn 0.8431 0.5293 0.0948
vn 0.8429 0.5296 0.0949
vn 0.8430 0.5294 0.0952
vn 0.8915 0.3284 0.3120
vn 0.8915 0.3285 0.3119
vn 0.8915 0.3284 0.3119
vn 0.7048 0.7049 0.0796
vn 0.7050 0.7048 0.0793
vn 0.7048 0.7050 0.0793
vn 0.7048 0.7049 0.0792
vn 0.8415 0.1113 0.5287
vn 0.8415 0.1112 0.5287
vn 0.8415 0.1113 0.5286
vn 0.8416 0.1112 0.5286
vn 0.8007 0.5295 0.2800
vn 0.8006 0.5297 0.2801
vn 0.8009 0.5294 0.2800
vn 0.8007 0.5295 0.2801
vn 0.5311 0.8452 0.0596
vn 0.5309 0.8453 0.0597
vn 0.5311 0.8452 0.0595
vn 0.5310 0.8453 0.0596
vn 0.7999 0.3284 0.5024
vn 0.7998 0.3286 0.5024
vn 0.7999 0.3283 0.5025
vn 0.7997 0.3281 0.5028
vn 0.6696 0.7048 0.2343
vn 0.6692 0.7052 0.2343
vn 0.6696 0.7048 0.2342
vn 0.6694 0.7050 0.2343
vn 0.1146 0.9933 0.0134
vn 0.1189 0.9928 0.0144
vn 0.1132 0.9935 0.0137
vn 0.3303 0.9431 0.0370
vn 0.3299 0.9433 0.0371
vn 0.3310 0.9429 0.0367
vn 0.1119 0.9936 0.0126
vn 0.7029 0.1113 0.7026
vn 0.7183 0.5295 0.4514
vn 0.7184 0.5294 0.4512
vn 0.7181 0.5298 0.4512
vn 0.7182 0.5297 0.4513
vn 0.5044 0.8452 0.1765
vn 0.5044 0.8453 0.1763
vn 0.5043 0.8453 0.1763
vn 0.5045 0.8452 0.1764
vn 0.5154 0.2488 0.8201
vn 0.5154 0.2489 0.8200
vn 0.5925 0.1119 0.7978
vn 0.6680 0.3283 0.6679
vn 0.6680 0.3284 0.6678
vn 0.6681 0.3286 0.6676
vn 0.6681 0.3283 0.6678
vn 0.6005 0.7048 0.3776
vn 0.6007 0.7048 0.3773
vn 0.6009 0.7046 0.3774
vn 0.6004 0.7051 0.3773
vn 0.1182 0.9920 0.0447
vn 0.3132 0.9433 0.1100
vn 0.3136 0.9432 0.1096
vn 0.3144 0.9429 0.1098
vn 0.1007 0.9943 0.0352
vn 0.3139 0.9431 0.1100
vn 0.5628 0.3302 0.7578
vn 0.5627 0.3301 0.7579
vn 0.4994 0.1116 0.8592
vn 0.5998 0.5297 0.5998
vn 0.5998 0.5295 0.5999
vn 0.6000 0.5297 0.5996
vn 0.5999 0.5295 0.5998
vn 0.4524 0.8452 0.2844
vn 0.4524 0.8453 0.2841
vn 0.4525 0.8452 0.2842
vn 0.5050 0.5318 0.6799
vn 0.5049 0.5318 0.6799
vn 0.5051 0.5317 0.6798
vn 0.3187 0.2635 0.9105
vn 0.3923 0.1119 0.9130
vn 0.4745 0.3294 0.8163
vn 0.4747 0.3294 0.8162
vn 0.5016 0.7050 0.5015
vn 0.5018 0.7047 0.5015
vn 0.5016 0.7049 0.5015
vn 0.5017 0.7049 0.5014
vn 0.1089 0.9912 0.0752
vn 0.2811 0.9433 0.1765
vn 0.2813 0.9432 0.1768
vn 0.2812 0.9433 0.1766
vn 0.2811 0.9433 0.1766
vn 0.0865 0.9948 0.0543
vn 0.4215 0.7071 0.5677
vn 0.4217 0.7069 0.5679
vn 0.4216 0.7070 0.5678
vn 0.4217 0.7069 0.5678
vn 0.3725 0.3299 0.8674
vn 0.3728 0.3298 0.8673
vn 0.3726 0.3298 0.8674
vn 0.3725 0.3301 0.8673
vn 0.2872 0.1118 0.9513
vn 0.4260 0.5309 0.7326
vn 0.4257 0.5307 0.7329
vn 0.4260 0.5308 0.7326
vn 0.4259 0.5308 0.7327
vn 0.3778 0.8452 0.3779
vn 0.3779 0.8452 0.3778
vn 0.3779 0.8452 0.3779
vn 0.3778 0.8453 0.3778
vn 0.3174 0.8466 0.4273
vn 0.3172 0.8466 0.4273
vn 0.3173 0.8465 0.4274
vn 0.3344 0.5316 0.7782
vn 0.3342 0.5318 0.7781
vn 0.3342 0.5317 0.7782
vn 0.1709 0.1118 0.9789
vn 0.1707 0.1118 0.9790
vn 0.1080 0.2706 0.9566
vn 0.1078 0.2706 0.9566
vn 0.2730 0.3295 0.9038
vn 0.2732 0.3296 0.9037
vn 0.2732 0.3295 0.9038
vn 0.3559 0.7061 0.6122
vn 0.3560 0.7060 0.6122
vn 0.3561 0.7060 0.6122
vn 0.0913 0.9905 0.1031
vn 0.2350 0.9431 0.2351
vn 0.2348 0.9432 0.2350
vn 0.2347 0.9433 0.2347
vn 0.0701 0.9951 0.0699
vn 0.2351 0.9432 0.2349
vn 0.0599 0.9941 0.0908
vn 0.0601 0.9941 0.0906
vn 0.0668 0.9937 0.0899
vn 0.1969 0.9438 0.2654
vn 0.1969 0.9439 0.2653
vn 0.1971 0.9437 0.2656
vn 0.1971 0.9438 0.2654
vn 0.2793 0.7068 0.6500
vn 0.2793 0.7068 0.6499
vn 0.2794 0.7067 0.6500
vn 0.2792 0.7068 0.6500
vn 0.1622 0.3299 0.9300
vn 0.1622 0.3300 0.9300
vn 0.1622 0.3300 0.9299
vn 0.1623 0.3300 0.9299
vn 0.0601 0.1120 0.9919
vn 0.2452 0.5310 0.8112
vn 0.2450 0.5312 0.8111
vn 0.2451 0.5310 0.8111
vn 0.2452 0.5310 0.8111
vn 0.2680 0.8461 0.4608
vn 0.2679 0.8460 0.4609
vn 0.2680 0.8460 0.4609
vn 0.2681 0.8460 0.4609
vn 0.2101 0.8465 0.4891
vn 0.2101 0.8465 0.4892
vn 0.2102 0.8465 0.4890
vn 0.2102 0.8465 0.4891
vn 0.1456 0.5316 0.8344
vn 0.1455 0.5314 0.8345
vn 0.1457 0.5316 0.8344
vn 0.0577 0.3298 0.9423
vn 0.0572 0.3298 0.9423
vn 0.0571 0.3297 0.9424
vn 0.0575 0.3295 0.9424
vn -0.1077 0.2709 0.9566
vn -0.0600 0.1117 0.9919
vn 0.2049 0.7063 0.6776
vn 0.2048 0.7062 0.6778
vn 0.2048 0.7064 0.6775
vn 0.2048 0.7063 0.6777
vn 0.1664 0.9435 0.2865
vn 0.1663 0.9437 0.2861
vn 0.1664 0.9436 0.2862
vn 0.0657 0.9899 0.1253
vn 0.0563 0.9937 0.0970
vn 0.1664 0.9436 0.2861
vn -0.1707 0.1118 0.9790
vn 0.1304 0.9438 0.3037
vn 0.1306 0.9438 0.3036
vn 0.1304 0.9438 0.3036
vn 0.1303 0.9438 0.3037
vn 0.0372 0.9941 0.1021
vn 0.0373 0.9941 0.1021
vn 0.0442 0.9937 0.1029
vn 0.1217 0.7065 0.6972
vn 0.1218 0.7065 0.6972
vn 0.1216 0.7067 0.6970
vn 0.1215 0.7067 0.6970
vn 0.0513 0.5315 0.8455
vn 0.0512 0.5314 0.8456
vn 0.0513 0.5314 0.8456
vn -0.0569 0.3299 0.9423
vn -0.0570 0.3295 0.9424
vn -0.0571 0.3297 0.9424
vn -0.0569 0.3296 0.9424
vn 0.1543 0.8461 0.5102
vn 0.1542 0.8461 0.5103
vn -0.1621 0.3298 0.9300
vn -0.1620 0.3298 0.9300
vn -0.1621 0.3299 0.9300
vn -0.1620 0.3299 0.9300
vn 0.0916 0.8465 0.5245
vn 0.0916 0.8464 0.5246
vn 0.0915 0.8465 0.5244
vn 0.0429 0.7065 0.7064
vn 0.0429 0.7063 0.7066
vn 0.0428 0.7066 0.7063
vn 0.0427 0.7064 0.7065
vn -0.0510 0.5314 0.8456
vn -0.0509 0.5314 0.8456
vn -0.0512 0.5313 0.8456
vn -0.3185 0.2632 0.9106
vn -0.2875 0.1118 0.9512
vn 0.0343 0.9896 0.1398
vn 0.0326 0.9937 0.1073
vn 0.0959 0.9436 0.3168
vn 0.0956 0.9437 0.3167
vn 0.0957 0.9437 0.3166
vn -0.3916 0.1122 0.9133
vn -0.1450 0.5313 0.8347
vn -0.1452 0.5315 0.8345
vn -0.1453 0.5314 0.8346
vn -0.1453 0.5317 0.8343
vn 0.0126 0.9941 0.1080
vn 0.0191 0.9937 0.1104
vn 0.0570 0.9437 0.3260
vn 0.0566 0.9438 0.3257
vn 0.0568 0.9437 0.3258
vn 0.0568 0.9438 0.3256
vn 0.0322 0.8463 0.5317
vn 0.0321 0.8464 0.5316
vn 0.0322 0.8464 0.5316
vn -0.0427 0.7067 0.7062
vn -0.0425 0.7065 0.7064
vn -0.0426 0.7064 0.7065
vn -0.0427 0.7066 0.7063
vn -0.2731 0.3297 0.9037
vn -0.2730 0.3296 0.9038
vn -0.2731 0.3296 0.9038
vn -0.2731 0.3296 0.9037
vn -0.3725 0.3301 0.8673
vn -0.3723 0.3301 0.8674
vn -0.3726 0.3303 0.8672
vn -0.1211 0.7067 0.6971
vn -0.1214 0.7068 0.6970
vn -0.1214 0.7067 0.6970
vn -0.1214 0.7066 0.6971
vn -0.0001 0.9895 0.1447
vn 0.0068 0.9937 0.1121
vn 0.0200 0.9437 0.3302
vn 0.0198 0.9437 0.3303
vn 0.0205 0.9438 0.3298
vn 0.0200 0.9437 0.3301
vn -0.0323 0.8463 0.5317
vn -0.0322 0.8463 0.5318
vn -0.0321 0.8463 0.5318
vn -0.2450 0.5312 0.8110
vn -0.2450 0.5309 0.8112
vn -0.2454 0.5312 0.8109
vn -0.5151 0.2489 0.8202
vn -0.4993 0.1115 0.8592
vn -0.5924 0.1119 0.7979
vn -0.3341 0.5316 0.7783
vn -0.3340 0.5317 0.7783
vn -0.3341 0.5317 0.7783
vn -0.0914 0.8465 0.5245
vn -0.0914 0.8464 0.5246
vn -0.0913 0.8465 0.5245
vn -0.0914 0.8464 0.5247
vn -0.0126 0.9941 0.1080
vn -0.0127 0.9941 0.1079
vn -0.0067 0.9937 0.1120
vn -0.0200 0.9438 0.3299
vn -0.0199 0.9437 0.3303
vn -0.0201 0.9437 0.3303
vn -0.2047 0.7063 0.6777
vn -0.2046 0.7063 0.6777
vn -0.2046 0.7062 0.6778
vn -0.2048 0.7061 0.6778
vn -0.4744 0.3294 0.8164
vn -0.4743 0.3295 0.8164
vn -0.4744 0.3293 0.8164
vn -0.4744 0.3297 0.8162
vn -0.5625 0.3303 0.7580
vn -0.5626 0.3301 0.7579
vn -0.5626 0.3302 0.7579
vn -0.5626 0.3301 0.7580
vn -0.2792 0.7068 0.6500
vn -0.2791 0.7068 0.6500
vn -0.2792 0.7069 0.6499
vn -0.0569 0.9437 0.3259
vn -0.0564 0.9438 0.3258
vn -0.0565 0.9437 0.3260
vn -0.0343 0.9896 0.1398
vn -0.0192 0.9937 0.1104
vn -0.0568 0.9437 0.3258
vn -0.1541 0.8463 0.5100
vn -0.1544 0.8461 0.5102
vn -0.1542 0.8461 0.5102
vn -0.1539 0.8462 0.5102
vn -0.4257 0.5310 0.7326
vn -0.4257 0.5309 0.7327
vn -0.4258 0.5308 0.7327
vn -0.4257 0.5308 0.7328
vn -0.6885 0.2268 0.6888
vn -0.6842 0.1116 0.7207
vn -0.5048 0.5318 0.6800
vn -0.5050 0.5317 0.6800
vn -0.5048 0.5319 0.6799
vn -0.5049 0.5317 0.6800
vn -0.2100 0.8466 0.4891
vn -0.2101 0.8464 0.4893
vn -0.2099 0.8465 0.4892
vn -0.2101 0.8466 0.4890
vn -0.0957 0.9437 0.3166
vn -0.0956 0.9436 0.3169
vn -0.0372 0.9941 0.1021
vn -0.0373 0.9941 0.1020
vn -0.0325 0.9937 0.1074
vn -0.0956 0.9438 0.3165
vn -0.3557 0.7059 0.6125
vn -0.3557 0.7060 0.6124
vn -0.3558 0.7062 0.6121
vn -0.3556 0.7061 0.6123
vn -0.6502 0.3290 0.6848
vn -0.6498 0.3297 0.6848
vn -0.6501 0.3290 0.6850
vn -0.6501 0.3292 0.6849
vn -0.4216 0.7070 0.5679
vn -0.4214 0.7071 0.5679
vn -0.4215 0.7069 0.5680
vn -0.4216 0.7069 0.5680
vn -0.0657 0.9899 0.1253
vn -0.1303 0.9438 0.3036
vn -0.1305 0.9438 0.3036
vn -0.1304 0.9438 0.3037
vn -0.0442 0.9937 0.1030
vn -0.2679 0.8460 0.4610
vn -0.2678 0.8459 0.4612
vn -0.2677 0.8460 0.4611
vn -0.5835 0.5307 0.6146
vn -0.5834 0.5308 0.6148
vn -0.5834 0.5307 0.6148
vn -0.5835 0.5305 0.6148
vn -0.8228 -0.0206 0.5680
vn -0.8302 0.1965 0.5217
vn -0.8302 0.1965 0.5218
vn -0.3173 0.8466 0.4273
vn -0.3172 0.8466 0.4274
vn -0.3173 0.8466 0.4274
vn -0.0599 0.9941 0.0908
vn -0.0601 0.9941 0.0906
vn -0.0565 0.9937 0.0970
vn -0.1663 0.9435 0.2866
vn -0.1662 0.9436 0.2863
vn -0.1660 0.9435 0.2867
vn -0.1667 0.9436 0.2862
vn -0.4878 0.7058 0.5138
vn -0.4876 0.7058 0.5139
vn -0.4877 0.7058 0.5138
vn -0.7775 0.3280 0.5365
vn -0.7774 0.3281 0.5366
vn -0.7774 0.3280 0.5366
vn -0.7775 0.3280 0.5367
vn -0.0912 0.9905 0.1030
vn -0.0912 0.9905 0.1031
vn -0.0670 0.9937 0.0899
vn -0.1970 0.9438 0.2654
vn -0.1970 0.9439 0.2652
vn -0.1969 0.9438 0.2654
vn -0.1976 0.9438 0.2651
vn -0.3674 0.8458 0.3867
vn -0.3674 0.8458 0.3869
vn -0.3674 0.8458 0.3868
vn -0.6982 0.5291 0.4823
vn -0.6982 0.5292 0.4821
vn -0.6983 0.5291 0.4821
vn -0.6982 0.5294 0.4820
vn -0.9320 0.1581 0.3262
vn -0.9909 0.0597 0.1204
vn -0.9349 0.0157 0.3546
vn -0.2281 0.9436 0.2402
vn -0.2282 0.9435 0.2403
vn -0.0774 0.9937 0.0814
vn -0.2282 0.9434 0.2405
vn -0.5840 0.7046 0.4032
vn -0.5842 0.7043 0.4033
vn -0.5840 0.7044 0.4033
vn -0.5839 0.7045 0.4034
vn -0.9377 0.3281 0.1141
vn -0.9377 0.3281 0.1144
vn -0.9377 0.3281 0.1140
vn -0.9377 0.3282 0.1143
vn -0.8832 0.3282 0.3350
vn -0.8831 0.3281 0.3352
vn -0.8832 0.3281 0.3350
vn -0.8833 0.3282 0.3349
vn -0.4401 0.8450 0.3038
vn -0.4401 0.8450 0.3039
vn -0.4400 0.8451 0.3038
vn -0.8424 0.5290 0.1024
vn -0.8423 0.5293 0.1020
vn -0.8424 0.5291 0.1022
vn -0.8423 0.5292 0.1025
vn -0.7933 0.5294 0.3008
vn -0.7937 0.5289 0.3006
vn -0.7936 0.5290 0.3007
vn -0.7933 0.5293 0.3009
vn -0.1118 -0.0000 -0.9937
vn -0.1116 0.0000 -0.9938
vn -0.1117 0.0000 -0.9937
vn -0.1116 0.0000 -0.9937
vn -0.3303 0.0000 -0.9439
vn -0.3305 0.0000 -0.9438
vn -0.5322 0.0000 -0.8466
vn -0.5323 0.0001 -0.8466
vn -0.5324 0.0001 -0.8465
vn -0.7073 0.0001 -0.7069
vn -0.7075 0.0001 -0.7067
vn -0.7072 -0.0001 -0.7070
vn -0.7074 0.0000 -0.7068
vn -0.8468 0.0000 -0.5318
vn -0.8468 0.0000 -0.5319
vn -0.8469 0.0000 -0.5318
vn -0.9439 -0.0001 -0.3301
vn -0.9440 0.0000 -0.3299
vn -0.9439 -0.0001 -0.3303
vn -0.9441 0.0001 -0.3297
vn -0.9937 0.0000 -0.1121
vn -0.9937 -0.0000 -0.1117
vn -0.9937 0.0000 -0.1120
vn -0.9937 -0.0000 -0.1119
vn -0.9937 0.0000 0.1118
vn -0.9937 0.0000 0.1121
vn -0.9937 -0.0000 0.1116
vn -0.9938 -0.0000 0.1115
vn -0.9437 -0.0000 0.3307
vn -0.9438 -0.0000 0.3306
vn -0.8468 -0.0000 0.5319
vn -0.8465 0.0000 0.5324
vn -0.8465 0.0000 0.5325
vn -0.8466 0.0000 0.5323
vn -0.7071 -0.0000 0.7071
vn -0.7064 0.0000 0.7078
vn -0.5323 -0.0002 0.8466
vn -0.5322 -0.0002 0.8466
vn -0.5320 0.0002 0.8467
vn -0.3304 -0.0002 0.9439
vn -0.3298 0.0000 0.9440
vn -0.3304 -0.0002 0.9438
vn -0.1119 -0.0001 0.9937
vn -0.1117 -0.0001 0.9937
vn -0.1120 -0.0000 0.9937
vn -0.0003 -1.0000 -0.0002
vn 0.0002 -1.0000 0.0002
vn -0.0004 -1.0000 -0.0001
vn -0.0000 -1.0000 -0.0001
vn 0.0004 -1.0000 0.0002
vn 0.0003 -1.0000 0.0000
vn 0.0001 -1.0000 0.0001
vn 0.0003 -1.0000 0.0002
vn 0.0002 -1.0000 -0.0002
vn 0.0002 -1.0000 -0.0003
vn 0.0001 -1.0000 0.0000
vn -0.0002 -1.0000 0.0001
vn 0.0001 -1.0000 -0.0001
vn -0.0003 -1.0000 0.0001
vn 0.0002 -1.0000 0.0001
vn 0.0003 1.0000 0.0002
vn -0.0003 1.0000 0.0002
vn 0.0004 1.0000 0.0003
vn 0.0004 1.0000 -0.0002
vn -0.0003 1.0000 0.0003
vn -0.0002 1.0000 0.0001
vn -0.0004 1.0000 0.0001
vn -0.0004 1.0000 0.0002
vn -0.0003 1.0000 0.0000
vn -0.0001 1.0000 0.0000
vn 0.0005 1.0000 -0.0000
vn 0.0003 1.0000 0.0000
vn -0.0002 1.0000 0.0002
vn -0.0005 1.0000 0.0001
vn -0.0005 1.0000 -0.0004
vn -0.0002 1.0000 -0.0000
vn 0.0004 1.0000 0.0001
vn -0.0004 1.0000 -0.0002
vn -0.0001 1.0000 0.0001
vn -0.0003 1.0000 -0.0003
vn -0.0003 0.0002 -1.0000
vn 0.0001 -0.7661 -0.6427
vn 0.0001 -0.7662 -0.6426
vn 0.0003 -0.7665 -0.6422
vn -0.0002 -0.7657 -0.6432
vn 0.0000 -0.7662 -0.6426
vn -0.0002 -0.7659 -0.6429
vn -0.0002 -0.7665 -0.6422
vn -0.0001 -0.7659 -0.6429
vn -0.0001 -0.7662 -0.6426
vn -0.0004 -0.7667 -0.6420
vn 0.0000 0.7664 -0.6424
vn 0.0000 0.7663 -0.6424
vn -0.0001 0.7662 -0.6426
vn -0.0001 0.7659 -0.6430
vn -0.0000 0.7661 -0.6427
vn -0.0002 0.7659 -0.6429
vn -0.0001 0.7661 -0.6427
vn -0.0002 0.7661 -0.6427
vn 0.0003 0.7663 -0.6425
vn 0.0002 0.7664 -0.6424
vn 0.9944 -0.0000 -0.1059
vn 0.9944 -0.0000 -0.1056
vn 0.9943 0.0000 -0.1064
vn 0.9498 0.0000 -0.3128
vn 0.9499 0.0000 -0.3126
vn 0.9498 0.0000 -0.3129
vn 0.9499 0.0000 -0.3125
vn 0.7369 0.0000 -0.6760
vn 0.7372 -0.0000 -0.6757
vn 0.8626 0.0000 -0.5060
vn 0.8623 -0.0001 -0.5063
vn 0.8627 0.0000 -0.5056
vn 0.8624 -0.0000 -0.5063
vn 0.5948 -0.0000 -0.8039
vn 0.4462 -0.0050 -0.8949
vn 0.5739 0.0074 -0.8189
vn 0.2760 -0.0107 -0.9611
vn 0.3945 0.0109 -0.9188
vn 0.0926 -0.0080 -0.9957
vn 0.2289 0.0063 -0.9734
vn 0.0764 0.0002 -0.9971
vn -0.9944 -0.0000 -0.1056
vn -0.9944 -0.0000 -0.1058
vn -0.9499 0.0000 -0.3124
vn -0.9500 0.0000 -0.3122
vn -0.9499 0.0000 -0.3125
vn -0.9499 0.0000 -0.3126
vn -0.8625 0.0001 -0.5061
vn -0.8629 0.0000 -0.5054
vn -0.7371 0.0000 -0.6758
vn -0.7370 -0.0001 -0.6759
vn -0.7365 0.0001 -0.6764
vn -0.5951 0.0000 -0.8036
vn -0.7370 0.0000 -0.6759
vn -0.4463 0.0057 -0.8949
vn -0.5744 -0.0069 -0.8186
vn -0.2764 0.0111 -0.9610
vn -0.3947 -0.0104 -0.9188
vn -0.0930 0.0076 -0.9956
vn -0.2289 -0.0063 -0.9734
vn -0.0766 -0.0001 -0.9971
vn 0.1113 0.0001 0.9938
vn 0.1112 0.0000 0.9938
vn 0.1113 -0.0000 0.9938
vn 0.3306 0.0001 0.9438
vn 0.3310 -0.0002 0.9436
vn 0.3299 0.0000 0.9440
vn 0.3304 -0.0000 0.9438
vn 0.5324 -0.0001 0.8465
vn 0.5322 -0.0000 0.8466
vn 0.5323 -0.0000 0.8466
vn 0.7073 -0.0003 0.7069
vn 0.7074 -0.0000 0.7068
vn 0.9438 -0.0000 0.3306
vn 0.9438 -0.0000 0.3307
vn 0.9937 0.0000 0.1124
vn 0.9936 -0.0000 0.1126
vn 0.9937 -0.0000 -0.1122
vn 0.9437 -0.0000 -0.3308
vn 0.9438 -0.0000 -0.3305
vn 0.9439 0.0000 -0.3304
vn 0.9438 0.0000 -0.3304
vn 0.8465 -0.0000 -0.5323
vn 0.8466 -0.0001 -0.5322
vn 0.8465 -0.0000 -0.5324
vn 0.8467 -0.0002 -0.5320
vn 0.7074 0.0002 -0.7068
vn 0.7069 0.0000 -0.7073
vn 0.5324 -0.0002 -0.8465
vn 0.5318 0.0001 -0.8469
vn 0.5318 0.0000 -0.8469
vn 0.5321 0.0000 -0.8467
vn 0.3302 -0.0000 -0.9439
vn 0.3293 -0.0003 -0.9442
vn 0.3303 0.0000 -0.9439
vn 0.1121 -0.0000 -0.9937
vn 0.1117 0.0001 -0.9937
vn 0.1116 0.0000 -0.9938
vn 0.1119 -0.0000 -0.9937
vn 0.7933 0.5293 -0.3009
vn 0.7933 0.5294 -0.3009
vn 0.7932 0.5294 -0.3009
vn 0.2735 0.9431 -0.1889
vn 0.2736 0.9432 -0.1887
vn 0.2737 0.9431 -0.1888
vn 0.0928 0.9936 -0.0641
vn 0.0927 0.9936 -0.0641
vn 0.0928 0.9936 -0.0640
vn 0.0929 0.9936 -0.0641
vn 0.6636 0.7045 -0.2518
vn 0.6633 0.7047 -0.2519
vn 0.6634 0.7047 -0.2517
vn 0.7044 0.7046 -0.0855
vn 0.7045 0.7045 -0.0854
vn 0.6635 0.7046 -0.2517
vn 0.7045 0.7045 -0.0855
vn 0.5001 0.8449 -0.1897
vn 0.5000 0.8450 -0.1898
vn 0.5000 0.8450 -0.1896
vn 0.5310 0.8449 -0.0643
vn 0.5312 0.8448 -0.0645
vn 0.5308 0.8451 -0.0645
vn 0.4999 0.8451 -0.1896
vn 0.5307 0.8451 -0.0645
vn 0.3302 0.9431 -0.0402
vn 0.3297 0.9432 -0.0401
vn 0.3296 0.9433 -0.0400
vn 0.1057 0.9936 -0.0400
vn 0.1054 0.9936 -0.0399
vn 0.1052 0.9936 -0.0400
vn 0.3298 0.9432 -0.0401
vn 0.1121 0.9936 -0.0137
vn 0.1121 0.9936 -0.0136
vn 0.1120 0.9936 -0.0135
vn 0.1055 0.9936 -0.0400
vn 0.1119 0.9936 -0.0135
vn 0.3112 0.9430 -0.1178
vn 0.3106 0.9432 -0.1179
vn 0.3103 0.9433 -0.1175
vn 0.3109 0.9431 -0.1179
vn 0.9875 0.1109 -0.1116
vn -0.9876 0.1111 -0.1113
vn -0.9876 0.1110 -0.1109
vn -0.9876 0.1112 -0.1110
vn -0.9875 0.1113 -0.1112
vn -0.9386 0.3283 -0.1058
vn -0.9387 0.3282 -0.1054
vn -0.9386 0.3283 -0.1057
vn -0.9386 0.3285 -0.1057
vn -0.9381 0.1115 -0.3279
vn -0.9381 0.1111 -0.3280
vn -0.9382 0.1112 -0.3277
vn -0.8429 0.5296 -0.0950
vn -0.8429 0.5295 -0.0951
vn -0.8915 0.3283 -0.3120
vn -0.8915 0.3284 -0.3119
vn -0.8915 0.3284 -0.3120
vn -0.8915 0.3285 -0.3118
vn -0.7047 0.7050 -0.0792
vn -0.7048 0.7050 -0.0791
vn -0.7047 0.7051 -0.0792
vn -0.7048 0.7049 -0.0794
vn -0.8415 0.1113 -0.5287
vn -0.8415 0.1112 -0.5287
vn -0.8414 0.1116 -0.5287
vn -0.8415 0.1112 -0.5286
vn -0.8006 0.5296 -0.2801
vn -0.8007 0.5294 -0.2802
vn -0.8006 0.5296 -0.2802
vn -0.8005 0.5297 -0.2803
vn -0.5311 0.8452 -0.0597
vn -0.5312 0.8451 -0.0598
vn -0.5311 0.8452 -0.0598
vn -0.7999 0.3285 -0.5022
vn -0.7998 0.3284 -0.5024
vn -0.7999 0.3284 -0.5023
vn -0.7997 0.3284 -0.5026
vn -0.6695 0.7049 -0.2343
vn -0.6695 0.7049 -0.2342
vn -0.6696 0.7048 -0.2342
vn -0.6694 0.7050 -0.2342
vn -0.3302 0.9432 -0.0368
vn -0.3299 0.9433 -0.0372
vn -0.3296 0.9434 -0.0370
vn -0.1147 0.9933 -0.0135
vn -0.1132 0.9935 -0.0138
vn -0.1121 0.9936 -0.0126
vn -0.1189 0.9928 -0.0143
vn -0.3302 0.9432 -0.0371
vn -0.7030 0.1116 -0.7023
vn -0.7029 0.1113 -0.7025
vn -0.7029 0.1110 -0.7026
vn -0.7029 0.1114 -0.7026
vn -0.7181 0.5296 -0.4514
vn -0.7182 0.5296 -0.4513
vn -0.7184 0.5295 -0.4512
vn -0.7183 0.5296 -0.4512
vn -0.5045 0.8452 -0.1764
vn -0.5044 0.8452 -0.1766
vn -0.5046 0.8452 -0.1763
vn -0.5044 0.8452 -0.1765
vn -0.5153 0.2489 -0.8201
vn -0.5924 0.1119 -0.7979
vn -0.6679 0.3285 -0.6678
vn -0.6680 0.3286 -0.6677
vn -0.6006 0.7049 -0.3773
vn -0.6005 0.7050 -0.3773
vn -0.1182 0.9920 -0.0448
vn -0.3137 0.9432 -0.1097
vn -0.3135 0.9432 -0.1097
vn -0.3142 0.9430 -0.1094
vn -0.1006 0.9943 -0.0353
vn -0.3137 0.9431 -0.1100
vn -0.5628 0.3300 -0.7579
vn -0.5628 0.3302 -0.7578
vn -0.4994 0.1115 -0.8592
vn -0.5998 0.5296 -0.5999
vn -0.5999 0.5296 -0.5998
vn -0.5999 0.5296 -0.5997
vn -0.5998 0.5296 -0.5997
vn -0.4524 0.8453 -0.2843
vn -0.4527 0.8451 -0.2843
vn -0.4524 0.8453 -0.2842
vn -0.4527 0.8451 -0.2844
vn -0.5049 0.5318 -0.6798
vn -0.5051 0.5320 -0.6796
vn -0.5049 0.5318 -0.6800
vn -0.5049 0.5317 -0.6799
vn -0.3187 0.2635 -0.9105
vn -0.3921 0.1118 -0.9131
vn -0.4746 0.3294 -0.8163
vn -0.4745 0.3294 -0.8163
vn -0.4746 0.3294 -0.8162
vn -0.5016 0.7049 -0.5015
vn -0.5016 0.7049 -0.5014
vn -0.1090 0.9912 -0.0753
vn -0.2812 0.9432 -0.1766
vn -0.2811 0.9433 -0.1766
vn -0.2812 0.9433 -0.1765
vn -0.2818 0.9430 -0.1769
vn -0.0865 0.9948 -0.0543
vn -0.4218 0.7069 -0.5678
vn -0.4217 0.7069 -0.5678
vn -0.4216 0.7071 -0.5677
vn -0.4215 0.7069 -0.5679
vn -0.3726 0.3300 -0.8674
vn -0.3727 0.3299 -0.8673
vn -0.3726 0.3300 -0.8673
vn -0.2874 0.1118 -0.9513
vn -0.4261 0.5309 -0.7326
vn -0.4260 0.5308 -0.7326
vn -0.4260 0.5309 -0.7326
vn -0.4258 0.5308 -0.7327
vn -0.3779 0.8451 -0.3780
vn -0.3779 0.8452 -0.3779
vn -0.3779 0.8452 -0.3778
vn -0.3173 0.8466 -0.4273
vn -0.3174 0.8467 -0.4271
vn -0.3171 0.8467 -0.4273
vn -0.3173 0.8466 -0.4274
vn -0.3340 0.5316 -0.7784
vn -0.3344 0.5315 -0.7783
vn -0.3342 0.5316 -0.7783
vn -0.3343 0.5317 -0.7782
vn -0.1080 0.2707 -0.9566
vn -0.1707 0.1118 -0.9790
vn -0.2733 0.3295 -0.9037
vn -0.2732 0.3297 -0.9037
vn -0.2731 0.3296 -0.9038
vn -0.2729 0.3297 -0.9038
vn -0.3560 0.7060 -0.6123
vn -0.3560 0.7062 -0.6120
vn -0.3563 0.7056 -0.6125
vn -0.3559 0.7060 -0.6122
vn -0.2349 0.9432 -0.2349
vn -0.2350 0.9432 -0.2348
vn -0.2348 0.9432 -0.2350
vn -0.0912 0.9905 -0.1030
vn -0.0699 0.9951 -0.0699
vn -0.2348 0.9433 -0.2348
vn -0.1972 0.9437 -0.2655
vn -0.1970 0.9438 -0.2654
vn -0.1969 0.9438 -0.2654
vn -0.1971 0.9438 -0.2651
vn -0.0599 0.9941 -0.0908
vn -0.0601 0.9941 -0.0907
vn -0.0669 0.9937 -0.0899
vn -0.2792 0.7069 -0.6499
vn -0.2792 0.7068 -0.6499
vn -0.2793 0.7069 -0.6499
vn -0.2793 0.7067 -0.6500
vn -0.1623 0.3300 -0.9299
vn -0.1622 0.3299 -0.9300
vn -0.1622 0.3300 -0.9299
vn -0.1626 0.3300 -0.9299
vn -0.0602 0.1119 -0.9919
vn -0.2453 0.5311 -0.8110
vn -0.2455 0.5314 -0.8108
vn -0.2453 0.5312 -0.8110
vn -0.2451 0.5312 -0.8110
vn -0.2679 0.8461 -0.4608
vn -0.2680 0.8460 -0.4609
vn -0.2679 0.8461 -0.4609
vn -0.2681 0.8461 -0.4606
vn -0.2101 0.8465 -0.4891
vn -0.2102 0.8466 -0.4891
vn -0.2103 0.8465 -0.4891
vn -0.1455 0.5314 -0.8345
vn -0.1456 0.5315 -0.8344
vn -0.1456 0.5314 -0.8345
vn -0.1456 0.5315 -0.8345
vn -0.0572 0.3298 -0.9423
vn -0.0570 0.3297 -0.9424
vn -0.0572 0.3299 -0.9423
vn 0.1076 0.2707 -0.9566
vn 0.0599 0.1118 -0.9919
vn -0.2048 0.7063 -0.6776
vn -0.2050 0.7059 -0.6780
vn -0.2049 0.7063 -0.6776
vn -0.2046 0.7064 -0.6776
vn -0.1664 0.9437 -0.2860
vn -0.1664 0.9436 -0.2863
vn -0.1664 0.9436 -0.2862
vn -0.0657 0.9899 -0.1253
vn -0.0564 0.9937 -0.0972
vn -0.1664 0.9436 -0.2861
vn 0.1706 0.1119 -0.9790
vn -0.1303 0.9438 -0.3037
vn -0.1304 0.9438 -0.3037
vn -0.1305 0.9438 -0.3036
vn -0.1302 0.9438 -0.3037
vn -0.0372 0.9941 -0.1022
vn -0.0374 0.9941 -0.1020
vn -0.0442 0.9937 -0.1029
vn -0.1216 0.7066 -0.6971
vn -0.1217 0.7065 -0.6972
vn -0.1219 0.7067 -0.6969
vn -0.1215 0.7066 -0.6971
vn -0.0512 0.5314 -0.8456
vn -0.0513 0.5313 -0.8456
vn -0.0514 0.5313 -0.8457
vn 0.0568 0.3297 -0.9424
vn 0.0569 0.3297 -0.9424
vn 0.0570 0.3298 -0.9423
vn -0.1542 0.8461 -0.5101
vn -0.1542 0.8461 -0.5102
vn 0.1621 0.3298 -0.9300
vn 0.1622 0.3301 -0.9299
vn 0.1622 0.3299 -0.9300
vn 0.1618 0.3299 -0.9300
vn -0.0916 0.8464 -0.5247
vn -0.0916 0.8464 -0.5246
vn -0.0915 0.8464 -0.5245
vn -0.0915 0.8464 -0.5247
vn -0.0427 0.7065 -0.7064
vn -0.0426 0.7065 -0.7065
vn 0.0511 0.5313 -0.8456
vn 0.0510 0.5313 -0.8456
vn 0.3185 0.2636 -0.9105
vn 0.2873 0.1116 -0.9513
vn -0.0343 0.9896 -0.1397
vn -0.0325 0.9937 -0.1073
vn -0.0959 0.9437 -0.3167
vn -0.0958 0.9437 -0.3167
vn -0.0959 0.9438 -0.3162
vn 0.3919 0.1117 -0.9132
vn 0.1454 0.5316 -0.8344
vn 0.1452 0.5315 -0.8345
vn 0.1453 0.5316 -0.8344
vn -0.0128 0.9941 -0.1080
vn -0.0128 0.9941 -0.1079
vn -0.0192 0.9937 -0.1104
vn -0.0567 0.9438 -0.3256
vn -0.0567 0.9437 -0.3258
vn -0.0568 0.9438 -0.3257
vn -0.0567 0.9438 -0.3257
vn -0.0326 0.8464 -0.5315
vn -0.0323 0.8463 -0.5318
vn -0.0323 0.8463 -0.5317
vn -0.0322 0.8463 -0.5317
vn 0.0427 0.7065 -0.7064
vn 0.0422 0.7065 -0.7064
vn 0.0426 0.7066 -0.7064
vn 0.0427 0.7065 -0.7065
vn 0.2731 0.3297 -0.9037
vn 0.2730 0.3295 -0.9038
vn 0.2731 0.3294 -0.9038
vn 0.2729 0.3296 -0.9038
vn 0.3724 0.3299 -0.8674
vn 0.3725 0.3300 -0.8674
vn 0.3724 0.3300 -0.8674
vn 0.3724 0.3301 -0.8674
vn 0.1210 0.7067 -0.6971
vn 0.1216 0.7066 -0.6971
vn 0.1214 0.7066 -0.6971
vn 0.1216 0.7067 -0.6970
vn -0.0199 0.9437 -0.3302
vn -0.0202 0.9437 -0.3301
vn -0.0200 0.9438 -0.3300
vn -0.0000 0.9895 -0.1447
vn -0.0068 0.9937 -0.1121
vn 0.0322 0.8464 -0.5316
vn 0.0323 0.8462 -0.5319
vn 0.0321 0.8465 -0.5314
vn 0.0323 0.8463 -0.5317
vn 0.2452 0.5311 -0.8110
vn 0.2449 0.5312 -0.8110
vn 0.2453 0.5311 -0.8110
vn 0.2451 0.5311 -0.8111
vn 0.5152 0.2488 -0.8202
vn 0.4993 0.1115 -0.8592
vn 0.5924 0.1119 -0.7979
vn 0.3340 0.5316 -0.7783
vn 0.3341 0.5316 -0.7783
vn 0.3342 0.5315 -0.7783
vn 0.3341 0.5319 -0.7781
vn 0.0913 0.8464 -0.5246
vn 0.0913 0.8464 -0.5247
vn 0.0914 0.8464 -0.5247
vn 0.0915 0.8464 -0.5246
vn 0.0127 0.9941 -0.1079
vn 0.0069 0.9937 -0.1119
vn 0.0201 0.9437 -0.3301
vn 0.0200 0.9438 -0.3299
vn 0.0198 0.9437 -0.3302
vn 0.2048 0.7063 -0.6777
vn 0.2046 0.7062 -0.6778
vn 0.2047 0.7062 -0.6778
vn 0.2046 0.7063 -0.6777
vn 0.4742 0.3294 -0.8165
vn 0.4743 0.3294 -0.8164
vn 0.4743 0.3295 -0.8164
vn 0.4745 0.3294 -0.8163
vn 0.5625 0.3303 -0.7579
vn 0.5626 0.3301 -0.7579
vn 0.5626 0.3302 -0.7579
vn 0.5626 0.3299 -0.7580
vn 0.2792 0.7068 -0.6500
vn 0.2791 0.7067 -0.6502
vn 0.2791 0.7068 -0.6500
vn 0.2789 0.7069 -0.6500
vn 0.0567 0.9437 -0.3259
vn 0.0566 0.9438 -0.3257
vn 0.0568 0.9437 -0.3258
vn 0.0193 0.9937 -0.1104
vn 0.0343 0.9896 -0.1397
vn 0.0565 0.9438 -0.3257
vn 0.1541 0.8462 -0.5101
vn 0.1542 0.8461 -0.5103
vn 0.1541 0.8462 -0.5102
vn 0.1542 0.8462 -0.5101
vn 0.4257 0.5309 -0.7327
vn 0.4258 0.5309 -0.7327
vn 0.6841 0.1114 -0.7208
vn 0.6886 0.2271 -0.6886
vn 0.5047 0.5318 -0.6800
vn 0.5047 0.5319 -0.6800
vn 0.5048 0.5318 -0.6800
vn 0.2100 0.8466 -0.4890
vn 0.2101 0.8465 -0.4893
vn 0.2100 0.8465 -0.4891
vn 0.0957 0.9437 -0.3167
vn 0.0957 0.9436 -0.3169
vn 0.0371 0.9941 -0.1023
vn 0.0374 0.9941 -0.1020
vn 0.0323 0.9937 -0.1074
vn 0.0956 0.9436 -0.3169
vn 0.3559 0.7060 -0.6123
vn 0.3558 0.7059 -0.6125
vn 0.3556 0.7061 -0.6123
vn 0.3559 0.7061 -0.6122
vn 0.6502 0.3291 -0.6848
vn 0.6499 0.3293 -0.6850
vn 0.6502 0.3293 -0.6847
vn 0.4215 0.7069 -0.5680
vn 0.4215 0.7070 -0.5679
vn 0.4215 0.7069 -0.5679
vn 0.1310 0.9438 -0.3035
vn 0.1306 0.9438 -0.3036
vn 0.1304 0.9438 -0.3036
vn 0.0442 0.9937 -0.1030
vn 0.0657 0.9899 -0.1253
vn 0.1303 0.9438 -0.3038
vn 0.2679 0.8461 -0.4609
vn 0.2677 0.8460 -0.4611
vn 0.2678 0.8460 -0.4610
vn 0.2679 0.8460 -0.4610
vn 0.5836 0.5304 -0.6149
vn 0.5837 0.5305 -0.6147
vn 0.5836 0.5305 -0.6148
vn 0.8302 0.1966 -0.5217
vn 0.8227 -0.0205 -0.5680
vn 0.3172 0.8467 -0.4272
vn 0.3174 0.8466 -0.4273
vn 0.3172 0.8466 -0.4274
vn 0.3173 0.8465 -0.4274
vn 0.1664 0.9436 -0.2863
vn 0.1664 0.9435 -0.2867
vn 0.1662 0.9435 -0.2866
vn 0.0599 0.9941 -0.0909
vn 0.0602 0.9940 -0.0908
vn 0.0565 0.9937 -0.0969
vn 0.1663 0.9436 -0.2862
vn 0.4878 0.7058 -0.5137
vn 0.4878 0.7059 -0.5136
vn 0.4876 0.7059 -0.5138
vn 0.7774 0.3280 -0.5367
vn 0.7773 0.3281 -0.5367
vn 0.7774 0.3281 -0.5367
vn 0.0912 0.9905 -0.1032
vn 0.0668 0.9937 -0.0900
vn 0.1970 0.9438 -0.2654
vn 0.1970 0.9439 -0.2650
vn 0.1971 0.9438 -0.2655
vn 0.1976 0.9438 -0.2651
vn 0.3674 0.8457 -0.3870
vn 0.3673 0.8458 -0.3868
vn 0.3674 0.8458 -0.3868
vn 0.3673 0.8457 -0.3871
vn 0.6981 0.5293 -0.4821
vn 0.6982 0.5291 -0.4822
vn 0.6981 0.5291 -0.4823
vn 0.6982 0.5293 -0.4821
vn 0.9349 0.0156 -0.3546
vn 0.9910 0.0596 -0.1202
vn 0.9320 0.1583 -0.3262
vn 0.0772 0.9937 -0.0814
vn 0.0773 0.9937 -0.0813
vn 0.2281 0.9435 -0.2402
vn 0.2278 0.9436 -0.2404
vn 0.2282 0.9435 -0.2402
vn 0.2281 0.9435 -0.2403
vn 0.5840 0.7047 -0.4031
vn 0.5841 0.7044 -0.4033
vn 0.5840 0.7045 -0.4033
vn 0.5841 0.7045 -0.4031
vn 0.9377 0.3281 -0.1141
vn 0.9378 0.3280 -0.1141
vn 0.9377 0.3281 -0.1140
vn 0.9378 0.3279 -0.1141
vn 0.8832 0.3282 -0.3351
vn 0.8831 0.3284 -0.3349
vn 0.8833 0.3280 -0.3350
vn 0.8831 0.3282 -0.3352
vn 0.4399 0.8451 -0.3039
vn 0.4402 0.8449 -0.3038
vn 0.4402 0.8450 -0.3038
vn 0.4401 0.8450 -0.3039
vn 0.8425 0.5287 -0.1028
vn 0.8423 0.5292 -0.1023
vn -0.0929 -0.9936 -0.0641
vn -0.0928 -0.9936 -0.0640
vn -0.0927 -0.9936 -0.0642
vn -0.0928 -0.9936 -0.0642
vn -0.2736 -0.9432 -0.1887
vn -0.2734 -0.9432 -0.1887
vn -0.2734 -0.9432 -0.1886
vn -0.6636 -0.7045 -0.2515
vn -0.6632 -0.7048 -0.2518
vn -0.7044 -0.7046 -0.0853
vn -0.7045 -0.7046 -0.0851
vn -0.7046 -0.7045 -0.0851
vn -0.6636 -0.7044 -0.2517
vn -0.7044 -0.7046 -0.0854
vn -0.5000 -0.8450 -0.1897
vn -0.5000 -0.8450 -0.1896
vn -0.5000 -0.8451 -0.1895
vn -0.5308 -0.8450 -0.0643
vn -0.5308 -0.8450 -0.0644
vn -0.5309 -0.8450 -0.0643
vn -0.5002 -0.8449 -0.1898
vn -0.3300 -0.9431 -0.0404
vn -0.3303 -0.9431 -0.0396
vn -0.3292 -0.9434 -0.0397
vn -0.1054 -0.9936 -0.0401
vn -0.1055 -0.9936 -0.0401
vn -0.1055 -0.9936 -0.0400
vn -0.3298 -0.9432 -0.0400
vn -0.1121 -0.9936 -0.0136
vn -0.1121 -0.9936 -0.0135
vn -0.1119 -0.9936 -0.0135
vn -0.1053 -0.9936 -0.0400
vn -0.1121 -0.9936 -0.0137
vn -0.3108 -0.9431 -0.1182
vn -0.3107 -0.9432 -0.1178
vn -0.3107 -0.9432 -0.1177
vn -0.3110 -0.9431 -0.1180
vn -0.9875 -0.1114 -0.1115
vn 0.9875 -0.1113 -0.1115
vn 0.9875 -0.1114 -0.1113
vn 0.9380 -0.1110 -0.3283
vn 0.9380 -0.1112 -0.3282
vn 0.9380 -0.1115 -0.3282
vn 0.9875 -0.1113 -0.1114
vn 0.9386 -0.3283 -0.1060
vn 0.9386 -0.3284 -0.1060
vn 0.9386 -0.3284 -0.1057
vn 0.9380 -0.1114 -0.3283
vn 0.8430 -0.5294 -0.0951
vn 0.8429 -0.5297 -0.0951
vn 0.8430 -0.5295 -0.0951
vn 0.8431 -0.5293 -0.0952
vn 0.8915 -0.3284 -0.3120
vn 0.8914 -0.3284 -0.3122
vn 0.8915 -0.3284 -0.3121
vn 0.7048 -0.7050 -0.0794
vn 0.7049 -0.7049 -0.0790
vn 0.7049 -0.7048 -0.0796
vn 0.7049 -0.7049 -0.0795
vn 0.7026 -0.1112 -0.7028
vn 0.7027 -0.1112 -0.7027
vn 0.7027 -0.1113 -0.7027
vn 0.8415 -0.1112 -0.5288
vn 0.8413 -0.1113 -0.5290
vn 0.8007 -0.5295 -0.2802
vn 0.8008 -0.5294 -0.2803
vn 0.5311 -0.8452 -0.0598
vn 0.5310 -0.8453 -0.0599
vn 0.5309 -0.8453 -0.0598
vn 0.7998 -0.3284 -0.5025
vn 0.7996 -0.3285 -0.5027
vn 0.7998 -0.3285 -0.5024
vn 0.7996 -0.3284 -0.5027
vn 0.6695 -0.7049 -0.2344
vn 0.6697 -0.7047 -0.2345
vn 0.6695 -0.7048 -0.2344
vn 0.3301 -0.9432 -0.0371
vn 0.3298 -0.9433 -0.0370
vn 0.3298 -0.9433 -0.0372
vn 0.1147 -0.9933 -0.0134
vn 0.1133 -0.9935 -0.0138
vn 0.1121 -0.9936 -0.0127
vn 0.1190 -0.9928 -0.0143
vn 0.3304 -0.9431 -0.0369
vn 0.7026 -0.1111 -0.7028
vn 0.7180 -0.5298 -0.4515
vn 0.7182 -0.5295 -0.4514
vn 0.7182 -0.5296 -0.4514
vn 0.7182 -0.5296 -0.4513
vn 0.5045 -0.8452 -0.1764
vn 0.5044 -0.8452 -0.1765
vn 0.5153 -0.2488 -0.8201
vn 0.5923 -0.1118 -0.7979
vn 0.6678 -0.3284 -0.6680
vn 0.6677 -0.3289 -0.6679
vn 0.6679 -0.3286 -0.6677
vn 0.6678 -0.3283 -0.6680
vn 0.6005 -0.7050 -0.3774
vn 0.6005 -0.7049 -0.3775
vn 0.6004 -0.7050 -0.3773
vn 0.1182 -0.9920 -0.0449
vn 0.3136 -0.9432 -0.1093
vn 0.3134 -0.9433 -0.1096
vn 0.3136 -0.9432 -0.1098
vn 0.1007 -0.9943 -0.0353
vn 0.3136 -0.9432 -0.1092
vn 0.5625 -0.3304 -0.7579
vn 0.5626 -0.3301 -0.7580
vn 0.5626 -0.3304 -0.7579
vn 0.4992 -0.1117 -0.8592
vn 0.5998 -0.5297 -0.5997
vn 0.5997 -0.5295 -0.6000
vn 0.5998 -0.5296 -0.5998
vn 0.6001 -0.5296 -0.5995
vn 0.4525 -0.8452 -0.2845
vn 0.4525 -0.8452 -0.2844
vn 0.4524 -0.8452 -0.2844
vn 0.4527 -0.8451 -0.2844
vn 0.5050 -0.5318 -0.6799
vn 0.5048 -0.5319 -0.6799
vn 0.5047 -0.5318 -0.6801
vn 0.3188 -0.2630 -0.9106
vn 0.3919 -0.1117 -0.9132
vn 0.4743 -0.3294 -0.8164
vn 0.4741 -0.3295 -0.8165
vn 0.4742 -0.3294 -0.8165
vn 0.4744 -0.3294 -0.8164
vn 0.5014 -0.7050 -0.5016
vn 0.5014 -0.7049 -0.5017
vn 0.5015 -0.7050 -0.5016
vn 0.1091 -0.9912 -0.0752
vn 0.2811 -0.9433 -0.1767
vn 0.2810 -0.9433 -0.1767
vn 0.2807 -0.9434 -0.1765
vn 0.0865 -0.9948 -0.0544
vn 0.4217 -0.7067 -0.5680
vn 0.4215 -0.7069 -0.5680
vn 0.4219 -0.7069 -0.5678
vn 0.4215 -0.7070 -0.5680
vn 0.3724 -0.3302 -0.8674
vn 0.3723 -0.3299 -0.8675
vn 0.3723 -0.3303 -0.8674
vn 0.2876 -0.1117 -0.9512
vn 0.4258 -0.5308 -0.7328
vn 0.4256 -0.5308 -0.7329
vn 0.4258 -0.5308 -0.7327
vn 0.3779 -0.8452 -0.3780
vn 0.3780 -0.8451 -0.3781
vn 0.3779 -0.8452 -0.3779
vn 0.3778 -0.8452 -0.3779
vn 0.3173 -0.8465 -0.4274
vn 0.3173 -0.8466 -0.4273
vn 0.3172 -0.8466 -0.4273
vn 0.3172 -0.8466 -0.4274
vn 0.3339 -0.5316 -0.7784
vn 0.3340 -0.5317 -0.7783
vn 0.3342 -0.5316 -0.7783
vn 0.3341 -0.5317 -0.7783
vn 0.1078 -0.2710 -0.9565
vn 0.1706 -0.1118 -0.9790
vn 0.2729 -0.3295 -0.9038
vn 0.2730 -0.3295 -0.9038
vn 0.2729 -0.3296 -0.9038
vn 0.3559 -0.7060 -0.6122
vn 0.3558 -0.7060 -0.6124
vn 0.3557 -0.7060 -0.6124
vn 0.3559 -0.7062 -0.6120
vn 0.0912 -0.9905 -0.1030
vn 0.2349 -0.9432 -0.2350
vn 0.2348 -0.9433 -0.2347
vn 0.2348 -0.9432 -0.2349
vn 0.2347 -0.9432 -0.2351
vn 0.0699 -0.9951 -0.0700
vn 0.0599 -0.9941 -0.0908
vn 0.0602 -0.9941 -0.0907
vn 0.0668 -0.9937 -0.0900
vn 0.1972 -0.9437 -0.2655
vn 0.1972 -0.9438 -0.2652
vn 0.1969 -0.9437 -0.2658
vn 0.1969 -0.9438 -0.2655
vn 0.2790 -0.7068 -0.6500
vn 0.2791 -0.7068 -0.6500
vn 0.2790 -0.7067 -0.6501
vn 0.1621 -0.3299 -0.9300
vn 0.1621 -0.3300 -0.9299
vn 0.1621 -0.3300 -0.9300
vn 0.1622 -0.3300 -0.9299
vn 0.0600 -0.1118 -0.9919
vn 0.2451 -0.5312 -0.8110
vn 0.2451 -0.5314 -0.8109
vn 0.2451 -0.5311 -0.8111
vn 0.2452 -0.5314 -0.8109
vn 0.2678 -0.8460 -0.4611
vn 0.2678 -0.8462 -0.4608
vn 0.2679 -0.8460 -0.4610
vn 0.2101 -0.8465 -0.4892
vn 0.2100 -0.8465 -0.4892
vn 0.2100 -0.8466 -0.4891
vn 0.2100 -0.8465 -0.4891
vn 0.1453 -0.5314 -0.8346
vn 0.1452 -0.5315 -0.8345
vn 0.1453 -0.5315 -0.8345
vn 0.1454 -0.5314 -0.8346
vn 0.0571 -0.3296 -0.9424
vn 0.0568 -0.3296 -0.9424
vn 0.0568 -0.3298 -0.9423
vn -0.0601 -0.1120 -0.9919
vn -0.1079 -0.2707 -0.9566
vn 0.2047 -0.7062 -0.6778
vn 0.2047 -0.7063 -0.6777
vn 0.2046 -0.7063 -0.6777
vn 0.1662 -0.9435 -0.2866
vn 0.1662 -0.9436 -0.2865
vn 0.1664 -0.9435 -0.2865
vn 0.0658 -0.9899 -0.1253
vn 0.0564 -0.9937 -0.0971
vn 0.1661 -0.9437 -0.2859
vn -0.1707 -0.1117 -0.9790
vn 0.1304 -0.9438 -0.3036
vn 0.1302 -0.9439 -0.3034
vn 0.1304 -0.9438 -0.3037
vn 0.0372 -0.9941 -0.1021
vn 0.0374 -0.9941 -0.1020
vn 0.0441 -0.9937 -0.1030
vn 0.1214 -0.7067 -0.6970
vn 0.1213 -0.7066 -0.6971
vn 0.1213 -0.7065 -0.6972
vn 0.1215 -0.7067 -0.6970
vn 0.0512 -0.5313 -0.8456
vn 0.0514 -0.5313 -0.8456
vn 0.0510 -0.5313 -0.8456
vn 0.0511 -0.5314 -0.8456
vn -0.0570 -0.3297 -0.9424
vn -0.0571 -0.3298 -0.9423
vn -0.0572 -0.3298 -0.9423
vn -0.0570 -0.3296 -0.9424
vn 0.1540 -0.8463 -0.5100
vn 0.1541 -0.8462 -0.5101
vn 0.1542 -0.8462 -0.5101
vn 0.1541 -0.8461 -0.5102
vn -0.1622 -0.3299 -0.9300
vn -0.1624 -0.3300 -0.9299
vn 0.0916 -0.8464 -0.5246
vn 0.0916 -0.8465 -0.5245
vn 0.0913 -0.8463 -0.5248
vn 0.0914 -0.8464 -0.5246
vn 0.0426 -0.7066 -0.7064
vn 0.0427 -0.7066 -0.7064
vn 0.0426 -0.7067 -0.7062
vn 0.0425 -0.7065 -0.7064
vn -0.0512 -0.5313 -0.8456
vn -0.0512 -0.5314 -0.8456
vn -0.0513 -0.5313 -0.8456
vn -0.0515 -0.5315 -0.8455
vn -0.3190 -0.2632 -0.9105
vn -0.2875 -0.1117 -0.9512
vn 0.0344 -0.9896 -0.1396
vn 0.0324 -0.9937 -0.1074
vn 0.0956 -0.9437 -0.3168
vn 0.0958 -0.9437 -0.3167
vn 0.0957 -0.9436 -0.3171
vn 0.0955 -0.9437 -0.3166
vn -0.3922 -0.1119 -0.9130
vn -0.1458 -0.5315 -0.8344
vn -0.1456 -0.5316 -0.8344
vn -0.1456 -0.5313 -0.8346
vn -0.1457 -0.5316 -0.8343
vn 0.0127 -0.9941 -0.1080
vn 0.0128 -0.9941 -0.1081
vn 0.0193 -0.9937 -0.1106
vn 0.0567 -0.9438 -0.3255
vn 0.0567 -0.9438 -0.3257
vn 0.0564 -0.9436 -0.3261
vn 0.0567 -0.9436 -0.3262
vn 0.0323 -0.8462 -0.5319
vn 0.0323 -0.8464 -0.5316
vn 0.0322 -0.8463 -0.5317
vn -0.0426 -0.7065 -0.7065
vn -0.0425 -0.7065 -0.7065
vn -0.0427 -0.7064 -0.7065
vn -0.0425 -0.7064 -0.7065
vn -0.2731 -0.3296 -0.9038
vn -0.2732 -0.3294 -0.9038
vn -0.2733 -0.3298 -0.9036
vn -0.3727 -0.3299 -0.8673
vn -0.3725 -0.3299 -0.8674
vn -0.3726 -0.3300 -0.8674
vn -0.3726 -0.3300 -0.8673
vn -0.1213 -0.7067 -0.6971
vn -0.1218 -0.7066 -0.6970
vn -0.1215 -0.7066 -0.6971
vn -0.1216 -0.7067 -0.6970
vn -0.0001 -0.9895 -0.1447
vn -0.0000 -0.9895 -0.1447
vn 0.0068 -0.9937 -0.1121
vn 0.0201 -0.9437 -0.3301
vn 0.0202 -0.9437 -0.3302
vn 0.0200 -0.9437 -0.3302
vn -0.0325 -0.8462 -0.5319
vn -0.0322 -0.8463 -0.5317
vn -0.0324 -0.8462 -0.5318
vn -0.2455 -0.5313 -0.8109
vn -0.2452 -0.5311 -0.8111
vn -0.2453 -0.5310 -0.8111
vn -0.2455 -0.5310 -0.8110
vn -0.5154 -0.2489 -0.8200
vn -0.4994 -0.1114 -0.8592
vn -0.5923 -0.1119 -0.7979
vn -0.3343 -0.5318 -0.7781
vn -0.3346 -0.5312 -0.7784
vn -0.3343 -0.5317 -0.7782
vn -0.0916 -0.8465 -0.5245
vn -0.0915 -0.8464 -0.5246
vn -0.0916 -0.8464 -0.5246
vn -0.0126 -0.9941 -0.1080
vn -0.0068 -0.9937 -0.1120
vn -0.0201 -0.9438 -0.3300
vn -0.0200 -0.9436 -0.3304
vn -0.0200 -0.9437 -0.3301
vn -0.0201 -0.9437 -0.3302
vn -0.2049 -0.7062 -0.6777
vn -0.2049 -0.7063 -0.6776
vn -0.2050 -0.7063 -0.6776
vn -0.2049 -0.7062 -0.6778
vn -0.4745 -0.3294 -0.8163
vn -0.4744 -0.3294 -0.8164
vn -0.4745 -0.3293 -0.8164
vn -0.5627 -0.3301 -0.7579
vn -0.5627 -0.3302 -0.7578
vn -0.5628 -0.3301 -0.7578
vn -0.2793 -0.7068 -0.6499
vn -0.2792 -0.7067 -0.6501
vn -0.0567 -0.9437 -0.3259
vn -0.0566 -0.9438 -0.3256
vn -0.0567 -0.9438 -0.3257
vn -0.0192 -0.9937 -0.1103
vn -0.0343 -0.9896 -0.1397
vn -0.0567 -0.9438 -0.3255
vn -0.1543 -0.8461 -0.5102
vn -0.1542 -0.8462 -0.5101
vn -0.4259 -0.5309 -0.7326
vn -0.4259 -0.5308 -0.7327
vn -0.4261 -0.5307 -0.7327
vn -0.6843 -0.1115 -0.7206
vn -0.6888 -0.2268 -0.6886
vn -0.5049 -0.5319 -0.6798
vn -0.5048 -0.5319 -0.6799
vn -0.5051 -0.5318 -0.6798
vn -0.5051 -0.5317 -0.6799
vn -0.2101 -0.8465 -0.4891
vn -0.2099 -0.8466 -0.4891
vn -0.2102 -0.8466 -0.4891
vn -0.2102 -0.8465 -0.4891
vn -0.0958 -0.9436 -0.3171
vn -0.0958 -0.9436 -0.3168
vn -0.0957 -0.9437 -0.3166
vn -0.0372 -0.9941 -0.1020
vn -0.0325 -0.9937 -0.1075
vn -0.0957 -0.9436 -0.3168
vn -0.3560 -0.7058 -0.6125
vn -0.3559 -0.7061 -0.6122
vn -0.3559 -0.7059 -0.6124
vn -0.6501 -0.3292 -0.6848
vn -0.6501 -0.3292 -0.6849
vn -0.6502 -0.3295 -0.6846
vn -0.4216 -0.7071 -0.5678
vn -0.4217 -0.7069 -0.5679
vn -0.4219 -0.7069 -0.5678
vn -0.1305 -0.9437 -0.3039
vn -0.1304 -0.9438 -0.3036
vn -0.1303 -0.9438 -0.3038
vn -0.0442 -0.9937 -0.1028
vn -0.0657 -0.9899 -0.1254
vn -0.0658 -0.9899 -0.1254
vn -0.1304 -0.9438 -0.3038
vn -0.2679 -0.8461 -0.4609
vn -0.2679 -0.8460 -0.4609
vn -0.2681 -0.8460 -0.4610
vn -0.5834 -0.5309 -0.6146
vn -0.5835 -0.5310 -0.6145
vn -0.5838 -0.5305 -0.6147
vn -0.5838 -0.5306 -0.6145
vn -0.8302 -0.1966 -0.5216
vn -0.8229 0.0205 -0.5679
vn -0.3172 -0.8465 -0.4275
vn -0.3173 -0.8466 -0.4274
vn -0.3173 -0.8466 -0.4273
vn -0.1664 -0.9436 -0.2862
vn -0.1659 -0.9438 -0.2860
vn -0.1663 -0.9436 -0.2862
vn -0.0599 -0.9941 -0.0907
vn -0.0601 -0.9941 -0.0907
vn -0.0564 -0.9937 -0.0972
vn -0.1660 -0.9437 -0.2860
vn -0.4880 -0.7056 -0.5138
vn -0.4878 -0.7058 -0.5137
vn -0.4877 -0.7058 -0.5138
vn -0.4874 -0.7060 -0.5139
vn -0.7776 -0.3281 -0.5364
vn -0.7775 -0.3281 -0.5365
vn -0.7775 -0.3280 -0.5365
vn -0.0912 -0.9905 -0.1030
vn -0.0668 -0.9937 -0.0900
vn -0.1971 -0.9438 -0.2653
vn -0.1971 -0.9438 -0.2654
vn -0.1970 -0.9438 -0.2654
vn -0.1972 -0.9438 -0.2652
vn -0.3674 -0.8457 -0.3871
vn -0.3674 -0.8458 -0.3869
vn -0.3674 -0.8457 -0.3870
vn -0.3673 -0.8459 -0.3867
vn -0.6983 -0.5292 -0.4820
vn -0.6984 -0.5292 -0.4819
vn -0.6983 -0.5293 -0.4819
vn -0.6984 -0.5293 -0.4818
vn -0.9349 -0.0155 -0.3545
vn -0.9910 -0.0592 -0.1203
vn -0.9320 -0.1583 -0.3259
vn -0.0773 -0.9937 -0.0812
vn -0.2278 -0.9436 -0.2402
vn -0.2282 -0.9435 -0.2401
vn -0.2281 -0.9435 -0.2402
vn -0.2284 -0.9435 -0.2403
vn -0.5838 -0.7048 -0.4030
vn -0.5841 -0.7045 -0.4032
vn -0.5839 -0.7046 -0.4033
vn -0.5840 -0.7046 -0.4030
vn -0.9377 -0.3283 -0.1139
vn -0.9376 -0.3284 -0.1141
vn -0.9379 -0.3277 -0.1136
vn -0.9379 -0.3278 -0.1139
vn -0.8832 -0.3282 -0.3350
vn -0.8833 -0.3282 -0.3348
vn -0.8833 -0.3279 -0.3350
vn -0.8833 -0.3280 -0.3349
vn -0.4401 -0.8450 -0.3038
vn -0.4400 -0.8451 -0.3038
vn -0.4401 -0.8451 -0.3036
vn -0.4401 -0.8450 -0.3037
vn -0.8425 -0.5289 -0.1023
vn -0.8423 -0.5293 -0.1022
vn -0.8423 -0.5292 -0.1022
vn -0.7932 -0.5292 -0.3012
vn -0.7932 -0.5294 -0.3009
vn -0.7933 -0.5293 -0.3009
vn -0.8427 -0.5286 -0.1021
vn -0.7934 -0.5291 -0.3010
vn -0.2736 -0.9431 -0.1888
vn 0.2738 -0.9431 0.1887
vn 0.0927 -0.9936 0.0642
vn 0.6635 -0.7046 0.2517
vn 0.6636 -0.7045 0.2516
vn 0.7045 -0.7046 0.0854
vn 0.7045 -0.7046 0.0848
vn 0.7045 -0.7045 0.0854
vn -0.9876 -0.1108 0.1115
vn -0.9875 -0.1112 0.1115
vn -0.9875 -0.1114 0.1114
vn 0.6633 -0.7046 0.2521
vn 0.7044 -0.7047 0.0854
vn 0.5000 -0.8450 0.1897
vn 0.5308 -0.8451 0.0644
vn 0.5310 -0.8449 0.0644
vn 0.1054 -0.9936 0.0400
vn 0.3104 -0.9433 0.1176
vn 0.3110 -0.9431 0.1180
vn 0.3306 -0.9429 0.0401
vn 0.3295 -0.9433 0.0401
vn 0.3296 -0.9433 0.0401
vn 0.3304 -0.9430 0.0401
vn 0.1123 -0.9936 0.0136
vn 0.3106 -0.9432 0.1179
vn 0.9876 -0.1112 0.1112
vn -0.9380 -0.1114 0.3284
vn -0.9380 -0.1112 0.3284
vn -0.9875 -0.1111 0.1114
vn -0.9386 -0.3283 0.1059
vn -0.9386 -0.3284 0.1060
vn -0.9386 -0.3282 0.1061
vn -0.9386 -0.3284 0.1058
vn -0.8429 -0.5296 0.0951
vn -0.8430 -0.5294 0.0955
vn -0.8428 -0.5297 0.0952
vn -0.8915 -0.3283 0.3122
vn -0.8914 -0.3285 0.3121
vn -0.8914 -0.3285 0.3122
vn -0.8915 -0.3285 0.3121
vn -0.7046 -0.7051 0.0793
vn -0.7050 -0.7047 0.0792
vn -0.7051 -0.7047 0.0797
vn -0.7049 -0.7048 0.0795
vn -0.8006 -0.5294 0.2807
vn -0.8006 -0.5295 0.2806
vn -0.8007 -0.5294 0.2804
vn -0.8005 -0.5297 0.2805
vn -0.5309 -0.8453 0.0599
vn -0.5311 -0.8452 0.0600
vn -0.5309 -0.8453 0.0598
vn -0.7998 -0.3284 0.5024
vn -0.7998 -0.3285 0.5025
vn -0.7998 -0.3282 0.5027
vn -0.7997 -0.3284 0.5026
vn -0.6696 -0.7048 0.2344
vn -0.6697 -0.7047 0.2341
vn -0.1190 -0.9928 0.0144
vn -0.1131 -0.9935 0.0138
vn -0.3305 -0.9431 0.0370
vn -0.3302 -0.9432 0.0373
vn -0.3297 -0.9434 0.0372
vn -0.1120 -0.9936 0.0127
vn -0.3305 -0.9431 0.0371
vn -0.7027 -0.1113 0.7027
vn -0.7025 -0.1113 0.7029
vn -0.7182 -0.5297 0.4513
vn -0.7181 -0.5295 0.4515
vn -0.5043 -0.8453 0.1765
vn -0.5043 -0.8453 0.1766
vn -0.5152 -0.2490 0.8201
vn -0.5923 -0.1117 0.7979
vn -0.6678 -0.3284 0.6679
vn -0.6678 -0.3284 0.6680
vn -0.6676 -0.3286 0.6681
vn -0.6005 -0.7049 0.3775
vn -0.1183 -0.9920 0.0449
vn -0.3134 -0.9433 0.1092
vn -0.3136 -0.9432 0.1098
vn -0.5625 -0.3303 0.7580
vn -0.5625 -0.3300 0.7580
vn -0.5625 -0.3302 0.7580
vn -0.5626 -0.3300 0.7580
vn -0.4994 -0.1116 0.8592
vn -0.5997 -0.5296 0.5999
vn -0.5998 -0.5295 0.5998
vn -0.5999 -0.5295 0.5999
vn -0.4524 -0.8453 0.2844
vn -0.4525 -0.8452 0.2843
vn -0.5049 -0.5318 0.6799
vn -0.5048 -0.5319 0.6800
vn -0.5048 -0.5318 0.6800
vn -0.5049 -0.5317 0.6800
vn -0.3185 -0.2632 0.9106
vn -0.3917 -0.1123 0.9132
vn -0.4745 -0.3293 0.8163
vn -0.4743 -0.3294 0.8164
vn -0.4743 -0.3293 0.8164
vn -0.4745 -0.3294 0.8163
vn -0.5014 -0.7049 0.5016
vn -0.5015 -0.7049 0.5016
vn -0.1090 -0.9912 0.0752
vn -0.2812 -0.9432 0.1768
vn -0.2811 -0.9433 0.1766
vn -0.2811 -0.9432 0.1768
vn -0.4217 -0.7069 0.5679
vn -0.4215 -0.7069 0.5679
vn -0.3726 -0.3301 0.8673
vn -0.3723 -0.3301 0.8674
vn -0.3725 -0.3301 0.8673
vn -0.4257 -0.5309 0.7327
vn -0.4256 -0.5307 0.7330
vn -0.4256 -0.5307 0.7329
vn -0.3781 -0.8451 0.3779
vn -0.3778 -0.8453 0.3778
vn -0.3783 -0.8452 0.3776
vn -0.3172 -0.8466 0.4273
vn -0.3172 -0.8466 0.4274
vn -0.3174 -0.8466 0.4273
vn -0.3340 -0.5317 0.7783
vn -0.3341 -0.5316 0.7783
vn -0.1077 -0.2707 0.9566
vn -0.2730 -0.3296 0.9038
vn -0.2731 -0.3296 0.9037
vn -0.2731 -0.3294 0.9038
vn -0.3555 -0.7062 0.6122
vn -0.3556 -0.7060 0.6124
vn -0.3558 -0.7061 0.6123
vn -0.3556 -0.7061 0.6123
vn -0.0912 -0.9905 0.1030
vn -0.0698 -0.9951 0.0698
vn -0.2351 -0.9431 0.2351
vn -0.0599 -0.9941 0.0908
vn -0.0603 -0.9941 0.0907
vn -0.0668 -0.9937 0.0897
vn -0.2792 -0.7069 0.6499
vn -0.2791 -0.7069 0.6500
vn -0.2790 -0.7069 0.6500
vn -0.1620 -0.3300 0.9300
vn -0.1621 -0.3299 0.9300
vn -0.1623 -0.3297 0.9300
vn -0.0600 -0.1117 0.9919
vn -0.0599 -0.1117 0.9919
vn -0.2452 -0.5312 0.8110
vn -0.2451 -0.5312 0.8110
vn -0.2680 -0.8460 0.4610
vn -0.2099 -0.8466 0.4891
vn -0.2100 -0.8466 0.4891
vn -0.1456 -0.5314 0.8345
vn -0.1453 -0.5316 0.8345
vn -0.1455 -0.5314 0.8345
vn -0.1453 -0.5314 0.8346
vn -0.0571 -0.3296 0.9424
vn -0.0570 -0.3297 0.9424
vn -0.0568 -0.3298 0.9423
vn 0.1080 -0.2706 0.9566
vn -0.2048 -0.7064 0.6775
vn -0.2047 -0.7063 0.6777
vn -0.1662 -0.9436 0.2862
vn -0.1663 -0.9435 0.2865
vn -0.1666 -0.9436 0.2862
vn -0.0657 -0.9899 0.1254
vn -0.1664 -0.9436 0.2862
vn 0.1709 -0.1119 0.9789
vn -0.1303 -0.9438 0.3037
vn -0.1305 -0.9438 0.3037
vn -0.1304 -0.9439 0.3035
vn -0.1304 -0.9438 0.3038
vn -0.0372 -0.9941 0.1022
vn -0.0373 -0.9941 0.1019
vn -0.0442 -0.9937 0.1029
vn -0.1216 -0.7066 0.6971
vn -0.1216 -0.7067 0.6970
vn -0.1214 -0.7066 0.6971
vn -0.0508 -0.5313 0.8457
vn 0.0570 -0.3297 0.9424
vn 0.0570 -0.3298 0.9423
vn 0.0570 -0.3296 0.9424
vn -0.1543 -0.8461 0.5103
vn -0.1542 -0.8461 0.5103
vn 0.1622 -0.3299 0.9300
vn 0.1621 -0.3298 0.9300
vn -0.0915 -0.8465 0.5244
vn -0.0913 -0.8464 0.5246
vn -0.0428 -0.7065 0.7064
vn 0.0513 -0.5313 0.8457
vn 0.0513 -0.5311 0.8457
vn 0.0511 -0.5312 0.8457
vn 0.3187 -0.2632 0.9106
vn 0.2874 -0.1118 0.9513
vn -0.0325 -0.9937 0.1075
vn -0.0956 -0.9437 0.3166
vn 0.3922 -0.1120 0.9130
vn 0.1457 -0.5315 0.8345
vn 0.1456 -0.5314 0.8345
vn 0.1458 -0.5316 0.8344
vn -0.0126 -0.9941 0.1080
vn -0.0192 -0.9937 0.1105
vn -0.0565 -0.9437 0.3260
vn -0.0567 -0.9437 0.3259
vn -0.0567 -0.9437 0.3258
vn -0.0323 -0.8463 0.5317
vn -0.0321 -0.8463 0.5318
vn -0.0323 -0.8463 0.5318
vn 0.0428 -0.7066 0.7063
vn 0.0427 -0.7065 0.7064
vn 0.0427 -0.7063 0.7066
vn 0.2732 -0.3295 0.9038
vn 0.2733 -0.3294 0.9038
vn 0.2731 -0.3296 0.9038
vn 0.3724 -0.3302 0.8674
vn 0.3726 -0.3300 0.8673
vn 0.3727 -0.3299 0.8673
vn 0.1211 -0.7065 0.6973
vn 0.1215 -0.7067 0.6970
vn 0.1216 -0.7065 0.6972
vn 0.1216 -0.7067 0.6970
vn -0.0001 -0.9895 0.1447
vn -0.0067 -0.9937 0.1122
vn -0.0201 -0.9437 0.3302
vn -0.0202 -0.9437 0.3302
vn 0.0322 -0.8462 0.5319
vn 0.2452 -0.5313 0.8110
vn 0.2453 -0.5310 0.8111
vn 0.2452 -0.5311 0.8111
vn 0.5153 -0.2489 0.8200
vn 0.4994 -0.1117 0.8592
vn 0.5925 -0.1120 0.7978
vn 0.3342 -0.5316 0.7783
vn 0.3342 -0.5318 0.7782
vn 0.0914 -0.8465 0.5244
vn 0.0915 -0.8464 0.5247
vn 0.0126 -0.9941 0.1079
vn 0.0200 -0.9438 0.3299
vn 0.0203 -0.9437 0.3302
vn 0.2049 -0.7064 0.6775
vn 0.2049 -0.7063 0.6776
vn 0.2048 -0.7062 0.6777
vn 0.2048 -0.7064 0.6775
vn 0.4746 -0.3295 0.8162
vn 0.5629 -0.3300 0.7578
vn 0.2793 -0.7068 0.6500
vn 0.2788 -0.7068 0.6501
vn 0.0569 -0.9437 0.3260
vn 0.0568 -0.9437 0.3258
vn 0.0343 -0.9896 0.1399
vn 0.0191 -0.9937 0.1104
vn 0.0567 -0.9437 0.3258
vn 0.1542 -0.8461 0.5101
vn 0.1543 -0.8461 0.5102
vn 0.1541 -0.8460 0.5104
vn 0.4258 -0.5308 0.7328
vn 0.4259 -0.5308 0.7328
vn 0.4260 -0.5307 0.7328
vn 0.4259 -0.5309 0.7326
vn 0.6888 -0.2267 0.6886
vn 0.6843 -0.1116 0.7206
vn 0.5050 -0.5319 0.6798
vn 0.5050 -0.5318 0.6798
vn 0.5050 -0.5318 0.6799
vn 0.2101 -0.8466 0.4890
vn 0.2101 -0.8465 0.4891
vn 0.2101 -0.8465 0.4892
vn 0.0957 -0.9436 0.3169
vn 0.0957 -0.9436 0.3170
vn 0.0958 -0.9437 0.3166
vn 0.0373 -0.9941 0.1020
vn 0.0324 -0.9937 0.1072
vn 0.0957 -0.9437 0.3167
vn 0.3559 -0.7060 0.6123
vn 0.3558 -0.7060 0.6123
vn 0.3560 -0.7060 0.6123
vn 0.3560 -0.7059 0.6124
vn 0.6502 -0.3292 0.6848
vn 0.6503 -0.3291 0.6847
vn 0.4219 -0.7070 0.5676
vn 0.4218 -0.7069 0.5678
vn 0.4217 -0.7070 0.5677
vn 0.1304 -0.9438 0.3036
vn 0.1305 -0.9438 0.3035
vn 0.1302 -0.9438 0.3038
vn 0.0442 -0.9937 0.1030
vn 0.2678 -0.8460 0.4611
vn 0.5836 -0.5307 0.6147
vn 0.5837 -0.5305 0.6147
vn 0.8229 0.0205 0.5679
vn 0.8229 0.0205 0.5678
vn 0.3172 -0.8467 0.4273
vn 0.3173 -0.8465 0.4274
vn 0.0599 -0.9941 0.0908
vn 0.0601 -0.9941 0.0906
vn 0.0563 -0.9937 0.0970
vn 0.1664 -0.9436 0.2864
vn 0.1664 -0.9435 0.2865
vn 0.1664 -0.9435 0.2864
vn 0.4881 -0.7057 0.5136
vn 0.4878 -0.7058 0.5138
vn 0.7774 -0.3281 0.5367
vn 0.7775 -0.3282 0.5364
vn 0.7775 -0.3281 0.5365
vn 0.0668 -0.9937 0.0900
vn 0.1972 -0.9437 0.2656
vn 0.1973 -0.9438 0.2651
vn 0.3673 -0.8459 0.3868
vn 0.3673 -0.8459 0.3867
vn 0.3672 -0.8459 0.3867
vn 0.6985 -0.5290 0.4819
vn 0.6986 -0.5290 0.4817
vn 0.9909 -0.0597 0.1203
vn 0.9349 -0.0158 0.3545
vn 0.2281 -0.9435 0.2404
vn 0.2283 -0.9435 0.2401
vn 0.0775 -0.9937 0.0814
vn 0.2281 -0.9435 0.2403
vn 0.5839 -0.7045 0.4034
vn 0.5839 -0.7045 0.4033
vn 0.5840 -0.7045 0.4033
vn 0.5840 -0.7046 0.4031
vn 0.9378 -0.3278 0.1144
vn 0.9378 -0.3281 0.1138
vn 0.9377 -0.3282 0.1139
vn 0.9377 -0.3281 0.1144
vn 0.8833 -0.3280 0.3349
vn 0.8831 -0.3281 0.3352
vn 0.8833 -0.3279 0.3349
vn 0.8832 -0.3283 0.3349
vn 0.4400 -0.8451 0.3037
vn 0.8424 -0.5290 0.1025
vn 0.7934 -0.5289 0.3013
vn 0.7932 -0.5292 0.3012
vn 0.7931 -0.5295 0.3011
vn 0.2736 -0.9431 0.1890
vn -0.2734 0.9432 0.1889
vn -0.2736 0.9431 0.1888
vn -0.2735 0.9431 0.1891
vn -0.0928 0.9936 0.0641
vn -0.6635 0.7045 0.2518
vn -0.6634 0.7047 0.2516
vn -0.6635 0.7046 0.2518
vn -0.7045 0.7046 0.0848
vn -0.6632 0.7048 0.2519
vn -0.4999 0.8450 0.1897
vn -0.5002 0.8449 0.1897
vn -0.5309 0.8450 0.0645
vn -0.1055 0.9936 0.0400
vn -0.3112 0.9429 0.1185
vn -0.3107 0.9432 0.1177
vn -0.3112 0.9430 0.1178
vn -0.3295 0.9433 0.0396
vn -0.3294 0.9433 0.0401
vn -0.3297 0.9432 0.0401
vn -0.3300 0.9432 0.0396
vn -0.1120 0.9936 0.0135
vn -0.1054 0.9936 0.0402
vn -0.3106 0.9432 0.1176
vn -0.9875 0.1115 0.1113
vn -0.1119 0.9936 0.0136
vn 0.9876 0.1111 0.1113
vn 0.9875 0.1111 0.1115
vn 0.9386 0.3285 0.1055
vn 0.9386 0.3284 0.1057
vn 0.9386 0.3285 0.1056
vn 0.9386 0.3283 0.1057
vn 0.9381 0.1111 0.3281
vn 0.9381 0.1113 0.3280
vn 0.9380 0.1112 0.3283
vn 0.8430 0.5294 0.0951
vn 0.8428 0.5297 0.0949
vn 0.8916 0.3282 0.3120
vn 0.7048 0.7050 0.0795
vn 0.7050 0.7047 0.0793
vn 0.7047 0.7051 0.0790
vn 0.7050 0.7048 0.0792
vn 0.8415 0.1114 0.5287
vn 0.8007 0.5296 0.2799
vn 0.8006 0.5296 0.2801
vn 0.8007 0.5296 0.2802
vn 0.5311 0.8452 0.0597
vn 0.8000 0.3284 0.5023
vn 0.7998 0.3284 0.5024
vn 0.7997 0.3286 0.5024
vn 0.6697 0.7047 0.2343
vn 0.6693 0.7051 0.2343
vn 0.1148 0.9933 0.0134
vn 0.1190 0.9928 0.0144
vn 0.1131 0.9935 0.0138
vn 0.3306 0.9430 0.0371
vn 0.3298 0.9433 0.0370
vn 0.3306 0.9431 0.0370
vn 0.1120 0.9936 0.0126
vn 0.7029 0.1113 0.7025
vn 0.7028 0.1114 0.7026
vn 0.7182 0.5296 0.4513
vn 0.7184 0.5294 0.4514
vn 0.7182 0.5297 0.4512
vn 0.7184 0.5294 0.4513
vn 0.5044 0.8452 0.1764
vn 0.5044 0.8453 0.1764
vn 0.5045 0.8452 0.1762
vn 0.5925 0.1120 0.7978
vn 0.6680 0.3282 0.6679
vn 0.6681 0.3285 0.6676
vn 0.6683 0.3283 0.6675
vn 0.6681 0.3282 0.6678
vn 0.6005 0.7050 0.3774
vn 0.6005 0.7050 0.3773
vn 0.1184 0.9920 0.0448
vn 0.3140 0.9430 0.1100
vn 0.3137 0.9432 0.1098
vn 0.3137 0.9432 0.1097
vn 0.1007 0.9943 0.0353
vn 0.3133 0.9433 0.1095
vn 0.5628 0.3299 0.7579
vn 0.5628 0.3300 0.7579
vn 0.4993 0.1115 0.8592
vn 0.5997 0.5297 0.5998
vn 0.5998 0.5293 0.6000
vn 0.6000 0.5296 0.5996
vn 0.5998 0.5296 0.5998
vn 0.4528 0.8451 0.2844
vn 0.4524 0.8453 0.2843
vn 0.4527 0.8451 0.2843
vn 0.4525 0.8453 0.2842
vn 0.5050 0.5317 0.6799
vn 0.5048 0.5319 0.6799
vn 0.5050 0.5318 0.6798
vn 0.5051 0.5318 0.6798
vn 0.3188 0.2632 0.9106
vn 0.3922 0.1117 0.9131
vn 0.4745 0.3293 0.8164
vn 0.5016 0.7049 0.5016
vn 0.5018 0.7048 0.5015
vn 0.2812 0.9432 0.1767
vn 0.2810 0.9433 0.1766
vn 0.0864 0.9948 0.0544
vn 0.4218 0.7068 0.5679
vn 0.4217 0.7068 0.5680
vn 0.4212 0.7071 0.5680
vn 0.4220 0.7069 0.5677
vn 0.3726 0.3301 0.8673
vn 0.3725 0.3300 0.8674
vn 0.3726 0.3299 0.8674
vn 0.3724 0.3303 0.8673
vn 0.2873 0.1118 0.9513
vn 0.4258 0.5309 0.7327
vn 0.4259 0.5307 0.7328
vn 0.3780 0.8452 0.3779
vn 0.3782 0.8451 0.3779
vn 0.3173 0.8466 0.4273
vn 0.3343 0.5317 0.7782
vn 0.1708 0.1117 0.9790
vn 0.1080 0.2707 0.9566
vn 0.2731 0.3295 0.9038
vn 0.2732 0.3297 0.9037
vn 0.2731 0.3296 0.9038
vn 0.3559 0.7061 0.6121
vn 0.3558 0.7061 0.6123
vn 0.3557 0.7062 0.6122
vn 0.3560 0.7061 0.6121
vn 0.2349 0.9432 0.2348
vn 0.2349 0.9433 0.2346
vn 0.0700 0.9951 0.0699
vn 0.0600 0.9940 0.0910
vn 0.0601 0.9940 0.0908
vn 0.0669 0.9937 0.0900
vn 0.1970 0.9438 0.2654
vn 0.1971 0.9438 0.2652
vn 0.1970 0.9438 0.2653
vn 0.2793 0.7069 0.6499
vn 0.2794 0.7068 0.6499
vn 0.1623 0.3299 0.9300
vn 0.1624 0.3300 0.9299
vn 0.0601 0.1118 0.9919
vn 0.2453 0.5310 0.8111
vn 0.2452 0.5311 0.8111
vn 0.2450 0.5310 0.8112
vn 0.2679 0.8461 0.4607
vn 0.2681 0.8459 0.4610
vn 0.2102 0.8466 0.4890
vn 0.1456 0.5315 0.8345
vn 0.1456 0.5315 0.8344
vn 0.1457 0.5315 0.8344
vn 0.1454 0.5313 0.8346
vn 0.0572 0.3299 0.9423
vn 0.0572 0.3297 0.9424
vn 0.0572 0.3294 0.9424
vn -0.1077 0.2706 0.9566
vn -0.0599 0.1116 0.9919
vn 0.2051 0.7061 0.6777
vn 0.2049 0.7061 0.6778
vn 0.1664 0.9436 0.2863
vn 0.1664 0.9437 0.2859
vn 0.0657 0.9900 0.1252
vn 0.0564 0.9937 0.0972
vn 0.1664 0.9437 0.2860
vn -0.1706 0.1117 0.9790
vn 0.1305 0.9438 0.3036
vn 0.0375 0.9941 0.1020
vn 0.0443 0.9937 0.1029
vn 0.1216 0.7066 0.6971
vn 0.1216 0.7064 0.6972
vn 0.0512 0.5312 0.8457
vn -0.0569 0.3297 0.9424
vn -0.0570 0.3297 0.9424
vn -0.0568 0.3298 0.9423
vn 0.0915 0.8465 0.5245
vn 0.0429 0.7064 0.7065
vn 0.0427 0.7065 0.7064
vn 0.0426 0.7065 0.7065
vn -0.0510 0.5313 0.8457
vn -0.0511 0.5313 0.8457
vn -0.0508 0.5312 0.8457
vn -0.0511 0.5313 0.8456
vn -0.3186 0.2628 0.9107
vn -0.2874 0.1116 0.9513
vn 0.0344 0.9896 0.1397
vn 0.0325 0.9937 0.1075
vn 0.0960 0.9436 0.3168
vn 0.0952 0.9439 0.3162
vn 0.0958 0.9437 0.3166
vn -0.3919 0.1120 0.9132
vn -0.1454 0.5312 0.8347
vn -0.1453 0.5315 0.8345
vn -0.1454 0.5315 0.8345
vn 0.0126 0.9941 0.1079
vn 0.0192 0.9937 0.1104
vn 0.0568 0.9438 0.3257
vn 0.0570 0.9438 0.3257
vn 0.0321 0.8463 0.5318
vn 0.0322 0.8462 0.5319
vn -0.0426 0.7067 0.7063
vn -0.0427 0.7065 0.7064
vn -0.0426 0.7065 0.7065
vn -0.0430 0.7066 0.7063
vn -0.2730 0.3295 0.9038
vn -0.2732 0.3296 0.9037
vn -0.3726 0.3299 0.8673
vn -0.3723 0.3300 0.8675
vn -0.3724 0.3298 0.8675
vn -0.3723 0.3300 0.8674
vn -0.1213 0.7067 0.6971
vn 0.0000 0.9895 0.1448
vn 0.0201 0.9437 0.3301
vn 0.0200 0.9438 0.3300
vn 0.0202 0.9437 0.3302
vn 0.0201 0.9437 0.3302
vn -0.0322 0.8462 0.5319
vn -0.0323 0.8463 0.5318
vn -0.0322 0.8463 0.5317
vn -0.2450 0.5312 0.8111
vn -0.2451 0.5311 0.8111
vn -0.2449 0.5310 0.8112
vn -0.2453 0.5311 0.8110
vn -0.5152 0.2488 0.8202
vn -0.4992 0.1118 0.8592
vn -0.5923 0.1120 0.7979
vn -0.3341 0.5317 0.7782
vn -0.3342 0.5317 0.7782
vn -0.3339 0.5319 0.7782
vn -0.0915 0.8464 0.5246
vn -0.0913 0.8464 0.5247
vn -0.0913 0.8464 0.5246
vn -0.0067 0.9937 0.1121
vn -0.0200 0.9437 0.3303
vn -0.0200 0.9438 0.3301
vn -0.0202 0.9438 0.3298
vn -0.0201 0.9436 0.3306
vn -0.2048 0.7063 0.6777
vn -0.4742 0.3294 0.8165
vn -0.4742 0.3294 0.8164
vn -0.4739 0.3292 0.8167
vn -0.5626 0.3303 0.7579
vn -0.2790 0.7068 0.6500
vn -0.2790 0.7069 0.6500
vn -0.2790 0.7067 0.6501
vn -0.0564 0.9438 0.3255
vn -0.0564 0.9436 0.3261
vn -0.0193 0.9937 0.1106
vn -0.0563 0.9436 0.3262
vn -0.1543 0.8461 0.5102
vn -0.1541 0.8462 0.5101
vn -0.1541 0.8461 0.5102
vn -0.4258 0.5308 0.7328
vn -0.4257 0.5307 0.7329
vn -0.4256 0.5309 0.7328
vn -0.6886 0.2268 0.6887
vn -0.6842 0.1115 0.7207
vn -0.5047 0.5318 0.6800
vn -0.2099 0.8466 0.4891
vn -0.2101 0.8465 0.4892
vn -0.0957 0.9436 0.3168
vn -0.0953 0.9437 0.3167
vn -0.0324 0.9937 0.1074
vn -0.3558 0.7060 0.6124
vn -0.3558 0.7060 0.6123
vn -0.6501 0.3292 0.6848
vn -0.6499 0.3293 0.6850
vn -0.6500 0.3291 0.6850
vn -0.6501 0.3291 0.6848
vn -0.4214 0.7069 0.5681
vn -0.4217 0.7068 0.5679
vn -0.4214 0.7070 0.5679
vn -0.1306 0.9438 0.3037
vn -0.1304 0.9438 0.3036
vn -0.1302 0.9438 0.3037
vn -0.0443 0.9937 0.1029
vn -0.1305 0.9438 0.3037
vn -0.2678 0.8460 0.4610
vn -0.2679 0.8461 0.4609
vn -0.5837 0.5306 0.6146
vn -0.5835 0.5306 0.6148
vn -0.5836 0.5307 0.6146
vn -0.8228 -0.0205 0.5680
vn -0.8302 0.1964 0.5218
vn -0.3170 0.8466 0.4275
vn -0.3173 0.8465 0.4275
vn -0.3174 0.8466 0.4273
vn -0.0598 0.9941 0.0909
vn -0.0602 0.9941 0.0906
vn -0.0564 0.9937 0.0972
vn -0.1664 0.9436 0.2862
vn -0.1663 0.9436 0.2864
vn -0.1662 0.9435 0.2866
vn -0.1666 0.9436 0.2862
vn -0.4878 0.7057 0.5138
vn -0.4877 0.7058 0.5139
vn -0.4876 0.7058 0.5138
vn -0.7776 0.3282 0.5362
vn -0.7775 0.3278 0.5367
vn -0.0667 0.9937 0.0899
vn -0.1970 0.9438 0.2655
vn -0.1971 0.9438 0.2652
vn -0.1970 0.9438 0.2652
vn -0.3673 0.8457 0.3870
vn -0.3675 0.8458 0.3867
vn -0.3671 0.8458 0.3870
vn -0.3674 0.8457 0.3870
vn -0.6982 0.5293 0.4820
vn -0.6982 0.5291 0.4822
vn -0.6982 0.5293 0.4821
vn -0.6983 0.5290 0.4822
vn -0.9320 0.1585 0.3261
vn -0.9909 0.0596 0.1204
vn -0.9349 0.0156 0.3547
vn -0.2281 0.9435 0.2403
vn -0.0774 0.9937 0.0815
vn -0.2281 0.9435 0.2402
vn -0.5839 0.7045 0.4033
vn -0.5840 0.7045 0.4033
vn -0.5838 0.7047 0.4032
vn -0.9376 0.3284 0.1140
vn -0.9378 0.3281 0.1139
vn -0.8833 0.3277 0.3352
vn -0.8833 0.3279 0.3351
vn -0.8831 0.3282 0.3351
vn -0.8832 0.3283 0.3349
vn -0.4402 0.8450 0.3038
vn -0.4401 0.8450 0.3037
vn -0.8424 0.5290 0.1020
vn -0.8422 0.5294 0.1020
vn -0.8425 0.5290 0.1020
vn -0.8422 0.5293 0.1027
vn -0.7933 0.5293 0.3010
vn -0.7933 0.5291 0.3011
vn -0.7932 0.5294 0.3009
vn -0.1119 0.0000 -0.9937
vn -0.7076 0.0000 -0.7066
vn -0.7073 0.0000 -0.7069
vn -0.7075 0.0002 -0.7067
vn -0.9938 0.0000 -0.1116
vn -0.9937 -0.0000 -0.1122
vn -0.9937 0.0000 0.1120
vn -0.9437 0.0001 0.3309
vn -0.9440 -0.0000 0.3301
vn -0.9439 -0.0000 0.3302
vn -0.8464 0.0000 0.5325
vn -0.7074 -0.0002 0.7068
vn -0.7069 -0.0000 0.7073
vn -0.5322 -0.0000 0.8466
vn -0.5325 0.0000 0.8464
vn -0.5323 0.0003 0.8466
vn -0.5321 -0.0000 0.8467
vn -0.3303 0.0003 0.9439
vn -0.1114 0.0000 0.9938
vn -0.1123 -0.0002 0.9937
vn 0.0004 -1.0000 0.0000
vn 0.0001 -1.0000 0.0003
vn -0.0001 -1.0000 0.0001
vn -0.0003 -1.0000 -0.0001
vn -0.0002 -1.0000 -0.0001
vn 0.0002 -1.0000 -0.0001
vn -0.0001 -1.0000 -0.0001
vn 0.0004 -1.0000 -0.0001
vn -0.0000 -1.0000 -0.0002
vn -0.0001 -1.0000 0.0003
vn 0.0001 -1.0000 -0.0002
vn 0.0003 -1.0000 -0.0001
vn -0.0002 1.0000 -0.0002
vn -0.0004 1.0000 -0.0003
vn -0.0001 1.0000 -0.0001
vn 0.0003 1.0000 -0.0001
vn 0.0003 1.0000 -0.0002
vn 0.0002 1.0000 -0.0001
vn 0.0001 1.0000 -0.0001
vn 0.0003 1.0000 0.0004
vn -0.0002 1.0000 -0.0001
vn -0.0003 0.7662 -0.6426
vn -0.0002 0.7663 -0.6425
vn -0.0001 0.7659 -0.6429
vn -0.0001 0.7661 -0.6428
vn -0.0002 0.7660 -0.6429
vn 0.0001 0.7664 -0.6424
vn -0.0002 0.7660 -0.6428
vn 0.0000 0.7663 -0.6425
vn -0.0001 -0.7660 -0.6429
vn 0.0002 -0.7663 -0.6425
vn -0.0000 -0.7665 -0.6423
vn -0.0001 -0.7661 -0.6427
vn -0.0002 -0.7660 -0.6429
vn -0.0002 -0.7660 -0.6428
vn -0.0002 -0.7662 -0.6426
vn -0.0004 -0.7668 -0.6419
vn -0.9944 -0.0000 -0.1057
vn -0.9943 0.0000 -0.1064
vn -0.9500 0.0000 -0.3123
vn -0.9500 0.0000 -0.3121
vn -0.8627 0.0000 -0.5057
vn -0.8628 0.0000 -0.5055
vn -0.7371 0.0001 -0.6758
vn -0.5741 -0.0069 -0.8188
vn -0.2762 0.0114 -0.9610
vn -0.3950 -0.0104 -0.9186
vn -0.0929 0.0075 -0.9956
vn -0.2287 -0.0064 -0.9735
vn -0.0767 -0.0000 -0.9971
vn 0.9944 -0.0000 -0.1053
vn 0.9943 0.0000 -0.1065
vn 0.8626 0.0001 -0.5058
vn 0.7369 0.0000 -0.6759
vn 0.5946 -0.0000 -0.8040
vn 0.7372 -0.0001 -0.6757
vn 0.4461 -0.0052 -0.8950
vn 0.2764 -0.0109 -0.9610
vn 0.3944 0.0110 -0.9189
vn 0.0929 -0.0082 -0.9956
vn 0.2290 0.0063 -0.9734
vn 0.0766 -0.0000 -0.9971
vn 0.1112 -0.0001 0.9938
vn 0.3306 0.0000 0.9438
vn 0.3307 -0.0000 0.9437
vn 0.3298 -0.0000 0.9440
vn 0.7073 0.0002 0.7069
vn 0.7071 -0.0000 0.7071
vn 0.8467 -0.0000 0.5321
vn 0.9438 -0.0000 0.3305
vn 0.9440 -0.0000 0.3299
vn 0.9437 -0.0000 0.3307
vn 0.9938 -0.0000 0.1115
vn 0.9938 -0.0000 0.1114
vn 0.9436 -0.0000 -0.3311
vn 0.9440 0.0000 -0.3300
vn 0.9439 0.0000 -0.3303
vn 0.8466 -0.0000 -0.5322
vn 0.8467 -0.0002 -0.5321
vn 0.7071 -0.0000 -0.7071
vn 0.7072 -0.0001 -0.7070
vn 0.7069 0.0000 -0.7074
vn 0.7068 0.0001 -0.7074
vn 0.5319 0.0000 -0.8468
vn 0.5320 0.0000 -0.8468
vn 0.3297 -0.0000 -0.9441
vn 0.3297 0.0001 -0.9441
vn 0.3308 -0.0004 -0.9437
vn 0.3301 0.0001 -0.9439
vn 0.1117 0.0000 -0.9937
vn 0.1114 0.0000 -0.9938
vn 0.1119 -0.0001 -0.9937
vn 0.8425 0.5288 -0.1027
vn 0.8423 0.5292 -0.1026
vn 0.8423 0.5293 -0.1022
vn 0.7934 0.5290 -0.3012
vn 0.7932 0.5294 -0.3011
vn 0.2737 0.9431 -0.1889
vn 0.0927 0.9936 -0.0640
vn 0.0930 0.9936 -0.0642
vn 0.6633 0.7047 -0.2520
vn 0.6635 0.7045 -0.2519
vn 0.7045 0.7046 -0.0853
vn 0.6636 0.7044 -0.2519
vn 0.4997 0.8451 -0.1900
vn 0.5003 0.8448 -0.1900
vn 0.5003 0.8447 -0.1900
vn 0.5309 0.8450 -0.0643
vn 0.5312 0.8448 -0.0643
vn 0.5002 0.8448 -0.1900
vn 0.5309 0.8450 -0.0645
vn 0.3303 0.9430 -0.0400
vn 0.3300 0.9431 -0.0400
vn 0.3293 0.9434 -0.0402
vn 0.1056 0.9936 -0.0401
vn 0.1055 0.9936 -0.0399
vn 0.3298 0.9432 -0.0400
vn 0.1120 0.9936 -0.0136
vn 0.3108 0.9431 -0.1181
vn 0.3105 0.9433 -0.1178
vn 0.3101 0.9434 -0.1175
vn 0.9875 0.1113 -0.1114
vn -0.9875 0.1114 -0.1112
vn -0.9876 0.1111 -0.1111
vn -0.9876 0.1110 -0.1111
vn -0.9386 0.3285 -0.1056
vn -0.9386 0.3284 -0.1057
vn -0.9380 0.1115 -0.3282
vn -0.9381 0.1114 -0.3280
vn -0.9380 0.1112 -0.3282
vn -0.8428 0.5297 -0.0950
vn -0.8429 0.5296 -0.0951
vn -0.7051 0.7047 -0.0787
vn -0.7050 0.7047 -0.0797
vn -0.7048 0.7050 -0.0793
vn -0.7050 0.7047 -0.0793
vn -0.8414 0.1113 -0.5288
vn -0.8415 0.1113 -0.5286
vn -0.8415 0.1112 -0.5288
vn -0.8008 0.5292 -0.2803
vn -0.8007 0.5296 -0.2801
vn -0.8009 0.5293 -0.2801
vn -0.5310 0.8453 -0.0597
vn -0.5310 0.8453 -0.0598
vn -0.7997 0.3284 -0.5027
vn -0.7997 0.3285 -0.5025
vn -0.7999 0.3284 -0.5024
vn -0.7998 0.3285 -0.5025
vn -0.6696 0.7049 -0.2341
vn -0.3304 0.9431 -0.0369
vn -0.3299 0.9433 -0.0371
vn -0.3295 0.9434 -0.0370
vn -0.1149 0.9933 -0.0134
vn -0.3302 0.9432 -0.0372
vn -0.7030 0.1118 -0.7024
vn -0.7029 0.1113 -0.7026
vn -0.7028 0.1111 -0.7026
vn -0.7183 0.5295 -0.4513
vn -0.5045 0.8452 -0.1763
vn -0.5925 0.1119 -0.7978
vn -0.6680 0.3285 -0.6678
vn -0.6679 0.3284 -0.6678
vn -0.6006 0.7049 -0.3772
vn -0.6004 0.7051 -0.3773
vn -0.3137 0.9431 -0.1099
vn -0.3133 0.9434 -0.1092
vn -0.3133 0.9433 -0.1095
vn -0.1183 0.9920 -0.0448
vn -0.1008 0.9943 -0.0352
vn -0.3136 0.9432 -0.1099
vn -0.5628 0.3301 -0.7578
vn -0.5998 0.5297 -0.5997
vn -0.5997 0.5298 -0.5997
vn -0.4526 0.8451 -0.2843
vn -0.4525 0.8453 -0.2842
vn -0.5049 0.5318 -0.6799
vn -0.5050 0.5318 -0.6798
vn -0.5051 0.5319 -0.6797
vn -0.3188 0.2630 -0.9106
vn -0.3922 0.1117 -0.9131
vn -0.4746 0.3293 -0.8163
vn -0.4745 0.3293 -0.8163
vn -0.1091 0.9912 -0.0753
vn -0.2812 0.9432 -0.1767
vn -0.2811 0.9433 -0.1765
vn -0.2813 0.9432 -0.1768
vn -0.0865 0.9948 -0.0544
vn -0.4216 0.7069 -0.5678
vn -0.4216 0.7068 -0.5680
vn -0.4221 0.7067 -0.5678
vn -0.2874 0.1117 -0.9513
vn -0.4258 0.5309 -0.7327
vn -0.4256 0.5310 -0.7328
vn -0.4259 0.5309 -0.7327
vn -0.4256 0.5309 -0.7328
vn -0.3778 0.8453 -0.3778
vn -0.3779 0.8453 -0.3778
vn -0.3172 0.8466 -0.4273
vn -0.3173 0.8466 -0.4272
vn -0.3342 0.5317 -0.7782
vn -0.3343 0.5316 -0.7782
vn -0.2730 0.3294 -0.9039
vn -0.2730 0.3295 -0.9038
vn -0.3559 0.7060 -0.6123
vn -0.3561 0.7060 -0.6122
vn -0.3560 0.7060 -0.6122
vn -0.3560 0.7061 -0.6121
vn -0.2348 0.9432 -0.2349
vn -0.2348 0.9432 -0.2348
vn -0.0704 0.9950 -0.0704
vn -0.1972 0.9437 -0.2657
vn -0.1971 0.9438 -0.2653
vn -0.1969 0.9438 -0.2656
vn -0.1971 0.9439 -0.2650
vn -0.2793 0.7068 -0.6499
vn -0.2792 0.7067 -0.6501
vn -0.1624 0.3299 -0.9299
vn -0.1623 0.3298 -0.9300
vn -0.0601 0.1119 -0.9919
vn -0.2453 0.5310 -0.8111
vn -0.2455 0.5312 -0.8109
vn -0.2452 0.5311 -0.8110
vn -0.2454 0.5311 -0.8110
vn -0.2679 0.8460 -0.4610
vn -0.2681 0.8459 -0.4610
vn -0.2102 0.8465 -0.4892
vn -0.2100 0.8465 -0.4892
vn -0.2102 0.8465 -0.4891
vn -0.1454 0.5316 -0.8344
vn -0.0571 0.3296 -0.9424
vn -0.0570 0.3296 -0.9424
vn -0.0571 0.3294 -0.9424
vn -0.0571 0.3298 -0.9423
vn 0.1078 0.2711 -0.9565
vn -0.2048 0.7062 -0.6777
vn -0.2048 0.7063 -0.6777
vn -0.2050 0.7062 -0.6777
vn -0.1665 0.9436 -0.2862
vn -0.1665 0.9436 -0.2861
vn -0.1665 0.9435 -0.2866
vn -0.0658 0.9899 -0.1254
vn -0.0563 0.9937 -0.0971
vn 0.1705 0.1119 -0.9790
vn -0.1306 0.9438 -0.3036
vn -0.0372 0.9941 -0.1020
vn -0.0374 0.9941 -0.1021
vn -0.1215 0.7067 -0.6970
vn -0.1218 0.7066 -0.6971
vn -0.0512 0.5313 -0.8456
vn -0.0514 0.5313 -0.8456
vn 0.0568 0.3298 -0.9423
vn -0.1542 0.8462 -0.5101
vn -0.1542 0.8461 -0.5103
vn 0.1621 0.3299 -0.9300
vn 0.1620 0.3300 -0.9300
vn 0.1620 0.3299 -0.9300
vn -0.0917 0.8464 -0.5246
vn -0.0915 0.8464 -0.5246
vn -0.0915 0.8463 -0.5247
vn -0.0427 0.7063 -0.7066
vn 0.0509 0.5313 -0.8456
vn 0.3186 0.2631 -0.9106
vn 0.3187 0.2631 -0.9106
vn -0.0344 0.9896 -0.1399
vn -0.0325 0.9937 -0.1075
vn -0.0956 0.9436 -0.3169
vn -0.0956 0.9437 -0.3166
vn -0.0960 0.9435 -0.3171
vn 0.3919 0.1116 -0.9132
vn 0.1453 0.5315 -0.8345
vn 0.1453 0.5316 -0.8345
vn -0.0126 0.9941 -0.1080
vn -0.0568 0.9437 -0.3258
vn -0.0569 0.9437 -0.3258
vn -0.0567 0.9437 -0.3259
vn -0.0321 0.8462 -0.5319
vn -0.0322 0.8462 -0.5319
vn 0.0427 0.7066 -0.7064
vn 0.0422 0.7065 -0.7065
vn 0.0426 0.7065 -0.7064
vn 0.0425 0.7064 -0.7066
vn 0.2732 0.3296 -0.9037
vn 0.2729 0.3294 -0.9039
vn 0.2732 0.3295 -0.9038
vn 0.3723 0.3300 -0.8674
vn 0.1215 0.7066 -0.6971
vn 0.1212 0.7068 -0.6970
vn -0.0068 0.9937 -0.1120
vn -0.0201 0.9437 -0.3302
vn -0.0200 0.9437 -0.3302
vn 0.0323 0.8464 -0.5316
vn 0.0322 0.8463 -0.5317
vn 0.0320 0.8463 -0.5318
vn 0.0321 0.8465 -0.5315
vn 0.2452 0.5312 -0.8110
vn 0.2450 0.5309 -0.8112
vn 0.5152 0.2490 -0.8201
vn 0.5924 0.1119 -0.7978
vn 0.3339 0.5316 -0.7784
vn 0.3340 0.5318 -0.7782
vn 0.0128 0.9941 -0.1080
vn 0.0067 0.9937 -0.1120
vn 0.0200 0.9437 -0.3302
vn 0.0201 0.9438 -0.3299
vn 0.0200 0.9437 -0.3301
vn 0.2047 0.7063 -0.6777
vn 0.4742 0.3295 -0.8164
vn 0.4744 0.3294 -0.8163
vn 0.4740 0.3294 -0.8166
vn 0.5626 0.3300 -0.7580
vn 0.5625 0.3301 -0.7580
vn 0.2791 0.7069 -0.6500
vn 0.2794 0.7068 -0.6499
vn 0.2791 0.7067 -0.6501
vn 0.2789 0.7068 -0.6501
vn 0.0568 0.9437 -0.3259
vn 0.0567 0.9438 -0.3257
vn 0.0568 0.9436 -0.3261
vn 0.0193 0.9937 -0.1106
vn 0.0344 0.9896 -0.1397
vn 0.0568 0.9438 -0.3255
vn 0.1542 0.8461 -0.5102
vn 0.1541 0.8461 -0.5103
vn 0.4258 0.5308 -0.7328
vn 0.4258 0.5308 -0.7327
vn 0.6886 0.2270 -0.6887
vn 0.5049 0.5317 -0.6800
vn 0.2100 0.8465 -0.4892
vn 0.2100 0.8465 -0.4893
vn 0.2100 0.8467 -0.4890
vn 0.0957 0.9437 -0.3168
vn 0.0372 0.9941 -0.1021
vn 0.0374 0.9941 -0.1021
vn 0.0324 0.9937 -0.1074
vn 0.0957 0.9436 -0.3170
vn 0.3557 0.7061 -0.6123
vn 0.3558 0.7061 -0.6122
vn 0.6500 0.3290 -0.6850
vn 0.6501 0.3292 -0.6848
vn 0.4216 0.7069 -0.5679
vn 0.4216 0.7070 -0.5679
vn 0.1315 0.9438 -0.3032
vn 0.1306 0.9438 -0.3037
vn 0.0441 0.9937 -0.1030
vn 0.0657 0.9899 -0.1254
vn 0.1303 0.9438 -0.3037
vn 0.2678 0.8461 -0.4609
vn 0.5837 0.5305 -0.6148
vn 0.5833 0.5307 -0.6149
vn 0.5836 0.5303 -0.6149
vn 0.5836 0.5307 -0.6147
vn 0.8301 0.1967 -0.5217
vn 0.8227 -0.0204 -0.5680
vn 0.3173 0.8466 -0.4273
vn 0.3172 0.8465 -0.4275
vn 0.1662 0.9435 -0.2867
vn 0.0599 0.9941 -0.0908
vn 0.0603 0.9940 -0.0909
vn 0.0564 0.9937 -0.0972
vn 0.1663 0.9436 -0.2864
vn 0.4878 0.7057 -0.5138
vn 0.4876 0.7060 -0.5137
vn 0.4877 0.7058 -0.5138
vn 0.7774 0.3282 -0.5366
vn 0.7773 0.3280 -0.5368
vn 0.0913 0.9905 -0.1031
vn 0.0668 0.9937 -0.0899
vn 0.1972 0.9438 -0.2652
vn 0.1968 0.9440 -0.2650
vn 0.1972 0.9437 -0.2656
vn 0.3672 0.8459 -0.3868
vn 0.3673 0.8458 -0.3869
vn 0.3673 0.8459 -0.3868
vn 0.6983 0.5291 -0.4821
vn 0.6984 0.5291 -0.4820
vn 0.9349 0.0157 -0.3546
vn 0.9909 0.0598 -0.1204
vn 0.9320 0.1584 -0.3262
vn 0.0773 0.9937 -0.0815
vn 0.2282 0.9435 -0.2403
vn 0.2279 0.9435 -0.2404
vn 0.2282 0.9435 -0.2401
vn 0.2280 0.9435 -0.2404
vn 0.5840 0.7046 -0.4031
vn 0.5838 0.7047 -0.4031
vn 0.9377 0.3280 -0.1143
vn 0.9378 0.3278 -0.1141
vn 0.8832 0.3280 -0.3351
vn 0.8831 0.3283 -0.3351
vn 0.8832 0.3280 -0.3352
vn 0.4401 0.8450 -0.3037
vn 0.4402 0.8450 -0.3037
vn 0.4400 0.8450 -0.3040
vn -0.8423 -0.5292 -0.1025
vn -0.8424 -0.5291 -0.1022
vn -0.7933 -0.5292 -0.3011
vn -0.7933 -0.5291 -0.3010
vn -0.7933 -0.5292 -0.3010
vn -0.2735 -0.9431 -0.1889
vn -0.2730 -0.9433 -0.1889
vn -0.0927 -0.9936 -0.0640
vn -0.0930 -0.9936 -0.0641
vn -0.2734 -0.9432 -0.1888
vn -0.6636 -0.7045 -0.2516
vn -0.6635 -0.7046 -0.2517
vn -0.6635 -0.7046 -0.2515
vn -0.7045 -0.7045 -0.0854
vn -0.6635 -0.7045 -0.2517
vn -0.5002 -0.8449 -0.1897
vn -0.5000 -0.8450 -0.1895
vn -0.4999 -0.8451 -0.1896
vn -0.5309 -0.8450 -0.0644
vn -0.5001 -0.8449 -0.1897
vn -0.3301 -0.9431 -0.0396
vn -0.3300 -0.9431 -0.0397
vn -0.3296 -0.9433 -0.0400
vn -0.1054 -0.9936 -0.0400
vn -0.3297 -0.9432 -0.0400
vn -0.1119 -0.9936 -0.0136
vn -0.3107 -0.9431 -0.1184
vn -0.3109 -0.9431 -0.1176
vn -0.3107 -0.9432 -0.1176
vn -0.3107 -0.9432 -0.1179
vn -0.9875 -0.1112 -0.1113
vn 0.9875 -0.1111 -0.1114
vn 0.9875 -0.1112 -0.1114
vn 0.9875 -0.1114 -0.1111
vn 0.9386 -0.3283 -0.1058
vn 0.9386 -0.3284 -0.1059
vn 0.9387 -0.3280 -0.1059
vn 0.9386 -0.3283 -0.1059
vn 0.9380 -0.1114 -0.3281
vn 0.9380 -0.1113 -0.3284
vn 0.9380 -0.1109 -0.3285
vn 0.8429 -0.5296 -0.0954
vn 0.8429 -0.5296 -0.0950
vn 0.8429 -0.5296 -0.0951
vn 0.8915 -0.3285 -0.3120
vn 0.8914 -0.3285 -0.3121
vn 0.8915 -0.3285 -0.3121
vn 0.7047 -0.7051 -0.0792
vn 0.7049 -0.7049 -0.0792
vn 0.7049 -0.7049 -0.0793
vn 0.7047 -0.7051 -0.0794
vn 0.8414 -0.1113 -0.5288
vn 0.8414 -0.1112 -0.5288
vn 0.8415 -0.1111 -0.5288
vn 0.8007 -0.5294 -0.2803
vn 0.8005 -0.5297 -0.2803
vn 0.8007 -0.5295 -0.2803
vn 0.8005 -0.5298 -0.2802
vn 0.5311 -0.8452 -0.0599
vn 0.5310 -0.8453 -0.0597
vn 0.5310 -0.8452 -0.0598
vn 0.7998 -0.3283 -0.5026
vn 0.7997 -0.3284 -0.5027
vn 0.7997 -0.3285 -0.5026
vn 0.6697 -0.7047 -0.2343
vn 0.6696 -0.7048 -0.2345
vn 0.3304 -0.9431 -0.0370
vn 0.3299 -0.9433 -0.0372
vn 0.1148 -0.9933 -0.0134
vn 0.1131 -0.9935 -0.0139
vn 0.1120 -0.9936 -0.0126
vn 0.1189 -0.9928 -0.0144
vn 0.7026 -0.1113 -0.7028
vn 0.7028 -0.1111 -0.7026
vn 0.7181 -0.5296 -0.4515
vn 0.7182 -0.5295 -0.4515
vn 0.7183 -0.5295 -0.4513
vn 0.5044 -0.8453 -0.1764
vn 0.5045 -0.8452 -0.1765
vn 0.5152 -0.2488 -0.8201
vn 0.5923 -0.1120 -0.7979
vn 0.6677 -0.3285 -0.6680
vn 0.6679 -0.3287 -0.6677
vn 0.6678 -0.3282 -0.6680
vn 0.6678 -0.3288 -0.6677
vn 0.6005 -0.7049 -0.3774
vn 0.6005 -0.7050 -0.3775
vn 0.6006 -0.7049 -0.3775
vn 0.6006 -0.7049 -0.3774
vn 0.3135 -0.9433 -0.1093
vn 0.3135 -0.9432 -0.1098
vn 0.3134 -0.9433 -0.1098
vn 0.1008 -0.9943 -0.0353
vn 0.3137 -0.9432 -0.1096
vn 0.5626 -0.3301 -0.7579
vn 0.4993 -0.1116 -0.8592
vn 0.5998 -0.5297 -0.5998
vn 0.5997 -0.5296 -0.5999
vn 0.5999 -0.5295 -0.5997
vn 0.5996 -0.5297 -0.5999
vn 0.4524 -0.8453 -0.2844
vn 0.4525 -0.8452 -0.2846
vn 0.5048 -0.5318 -0.6800
vn 0.3185 -0.2636 -0.9105
vn 0.3919 -0.1116 -0.9132
vn 0.5015 -0.7049 -0.5016
vn 0.5014 -0.7050 -0.5015
vn 0.2810 -0.9433 -0.1768
vn 0.2808 -0.9434 -0.1765
vn 0.2812 -0.9433 -0.1767
vn 0.2810 -0.9433 -0.1765
vn 0.0864 -0.9948 -0.0544
vn 0.0864 -0.9948 -0.0545
vn 0.4217 -0.7067 -0.5682
vn 0.4213 -0.7071 -0.5679
vn 0.4214 -0.7070 -0.5680
vn 0.4217 -0.7069 -0.5679
vn 0.3725 -0.3300 -0.8674
vn 0.3723 -0.3300 -0.8674
vn 0.2872 -0.1117 -0.9513
vn 0.4257 -0.5309 -0.7327
vn 0.4256 -0.5310 -0.7327
vn 0.4257 -0.5308 -0.7328
vn 0.3779 -0.8453 -0.3778
vn 0.3174 -0.8465 -0.4274
vn 0.3170 -0.8466 -0.4275
vn 0.3171 -0.8466 -0.4274
vn 0.3175 -0.8465 -0.4274
vn 0.3339 -0.5317 -0.7783
vn 0.3341 -0.5316 -0.7783
vn 0.3341 -0.5318 -0.7782
vn 0.1076 -0.2706 -0.9567
vn 0.1706 -0.1119 -0.9790
vn 0.2730 -0.3294 -0.9038
vn 0.2732 -0.3296 -0.9037
vn 0.2731 -0.3295 -0.9038
vn 0.3556 -0.7059 -0.6125
vn 0.3559 -0.7060 -0.6123
vn 0.3557 -0.7062 -0.6122
vn 0.3556 -0.7061 -0.6124
vn 0.0910 -0.9905 -0.1029
vn 0.2350 -0.9432 -0.2349
vn 0.2345 -0.9434 -0.2346
vn 0.0699 -0.9951 -0.0701
vn 0.0601 -0.9941 -0.0907
vn 0.0669 -0.9937 -0.0899
vn 0.1969 -0.9439 -0.2653
vn 0.1968 -0.9438 -0.2655
vn 0.1971 -0.9438 -0.2652
vn 0.2789 -0.7069 -0.6500
vn 0.2791 -0.7069 -0.6499
vn 0.2790 -0.7069 -0.6499
vn 0.2793 -0.7069 -0.6498
vn 0.1622 -0.3301 -0.9299
vn 0.1622 -0.3298 -0.9300
vn 0.0599 -0.1118 -0.9919
vn 0.2449 -0.5312 -0.8111
vn 0.2453 -0.5311 -0.8110
vn 0.2450 -0.5311 -0.8111
vn 0.2678 -0.8460 -0.4610
vn 0.2101 -0.8466 -0.4890
vn 0.2099 -0.8465 -0.4892
vn 0.1454 -0.5316 -0.8344
vn 0.1454 -0.5314 -0.8345
vn 0.0568 -0.3298 -0.9424
vn -0.0602 -0.1119 -0.9919
vn -0.1080 -0.2706 -0.9566
vn 0.2047 -0.7064 -0.6776
vn 0.2047 -0.7061 -0.6779
vn 0.2046 -0.7063 -0.6776
vn 0.2047 -0.7060 -0.6779
vn 0.1662 -0.9435 -0.2865
vn 0.1664 -0.9436 -0.2862
vn 0.1662 -0.9436 -0.2862
vn 0.0657 -0.9899 -0.1254
vn 0.0564 -0.9937 -0.0970
vn 0.1663 -0.9436 -0.2864
vn -0.1707 -0.1118 -0.9790
vn 0.1303 -0.9438 -0.3038
vn 0.1302 -0.9438 -0.3037
vn 0.1302 -0.9439 -0.3036
vn 0.0371 -0.9941 -0.1022
vn 0.0443 -0.9937 -0.1030
vn 0.1213 -0.7067 -0.6970
vn 0.1213 -0.7068 -0.6970
vn 0.0511 -0.5313 -0.8456
vn 0.0509 -0.5314 -0.8456
vn 0.0510 -0.5312 -0.8457
vn -0.0571 -0.3299 -0.9423
vn 0.1541 -0.8463 -0.5100
vn 0.1542 -0.8461 -0.5102
vn -0.1624 -0.3299 -0.9299
vn -0.1623 -0.3299 -0.9300
vn -0.1623 -0.3300 -0.9299
vn -0.1621 -0.3299 -0.9300
vn 0.0910 -0.8464 -0.5247
vn 0.0914 -0.8463 -0.5247
vn 0.0915 -0.8464 -0.5246
vn 0.0914 -0.8464 -0.5247
vn 0.0427 -0.7065 -0.7064
vn 0.0426 -0.7065 -0.7064
vn -0.0513 -0.5313 -0.8457
vn -0.0514 -0.5314 -0.8456
vn -0.3187 -0.2637 -0.9105
vn -0.2874 -0.1114 -0.9513
vn 0.0344 -0.9896 -0.1399
vn 0.0324 -0.9937 -0.1073
vn 0.0956 -0.9436 -0.3169
vn 0.0955 -0.9438 -0.3165
vn 0.0959 -0.9435 -0.3171
vn -0.3922 -0.1119 -0.9131
vn -0.1455 -0.5315 -0.8344
vn -0.1457 -0.5315 -0.8344
vn 0.0127 -0.9941 -0.1079
vn 0.0567 -0.9437 -0.3260
vn 0.0569 -0.9437 -0.3258
vn 0.0568 -0.9437 -0.3259
vn 0.0324 -0.8463 -0.5316
vn -0.0428 -0.7065 -0.7064
vn -0.0422 -0.7065 -0.7065
vn -0.2732 -0.3297 -0.9037
vn -0.2733 -0.3296 -0.9037
vn -0.2732 -0.3295 -0.9038
vn -0.1212 -0.7065 -0.6973
vn -0.1216 -0.7066 -0.6971
vn -0.1215 -0.7067 -0.6970
vn 0.0201 -0.9437 -0.3302
vn 0.0203 -0.9437 -0.3302
vn 0.0202 -0.9437 -0.3301
vn 0.0202 -0.9438 -0.3300
vn -0.0322 -0.8463 -0.5318
vn -0.0323 -0.8463 -0.5317
vn -0.2454 -0.5312 -0.8110
vn -0.2453 -0.5311 -0.8110
vn -0.2454 -0.5310 -0.8111
vn -0.5153 -0.2489 -0.8201
vn -0.4994 -0.1115 -0.8592
vn -0.5925 -0.1119 -0.7978
vn -0.3343 -0.5316 -0.7782
vn -0.3343 -0.5314 -0.7783
vn -0.3342 -0.5315 -0.7783
vn -0.3344 -0.5318 -0.7781
vn -0.0917 -0.8465 -0.5245
vn -0.0916 -0.8463 -0.5247
vn -0.0916 -0.8465 -0.5244
vn -0.0917 -0.8463 -0.5248
vn -0.0128 -0.9941 -0.1079
vn -0.0127 -0.9941 -0.1079
vn -0.0068 -0.9937 -0.1121
vn -0.0201 -0.9437 -0.3301
vn -0.0200 -0.9437 -0.3303
vn -0.2049 -0.7063 -0.6777
vn -0.4747 -0.3294 -0.8162
vn -0.5628 -0.3302 -0.7578
vn -0.5628 -0.3303 -0.7578
vn -0.5628 -0.3300 -0.7579
vn -0.5628 -0.3301 -0.7579
vn -0.2792 -0.7069 -0.6499
vn -0.2791 -0.7067 -0.6501
vn -0.2793 -0.7068 -0.6500
vn -0.0569 -0.9438 -0.3257
vn -0.0568 -0.9437 -0.3257
vn -0.0568 -0.9438 -0.3257
vn -0.0192 -0.9937 -0.1104
vn -0.0343 -0.9896 -0.1398
vn -0.0569 -0.9438 -0.3255
vn -0.1542 -0.8461 -0.5102
vn -0.4262 -0.5311 -0.7323
vn -0.4258 -0.5309 -0.7327
vn -0.4261 -0.5308 -0.7326
vn -0.5049 -0.5317 -0.6800
vn -0.5049 -0.5319 -0.6799
vn -0.5049 -0.5318 -0.6799
vn -0.5050 -0.5318 -0.6798
vn -0.2101 -0.8466 -0.4890
vn -0.2102 -0.8464 -0.4894
vn -0.2100 -0.8466 -0.4891
vn -0.0955 -0.9439 -0.3161
vn -0.0956 -0.9436 -0.3169
vn -0.0958 -0.9436 -0.3169
vn -0.0372 -0.9941 -0.1021
vn -0.0375 -0.9941 -0.1020
vn -0.0324 -0.9937 -0.1072
vn -0.0957 -0.9436 -0.3170
vn -0.3561 -0.7057 -0.6125
vn -0.3558 -0.7061 -0.6123
vn -0.3560 -0.7060 -0.6123
vn -0.3558 -0.7061 -0.6122
vn -0.6502 -0.3294 -0.6847
vn -0.6502 -0.3292 -0.6847
vn -0.4216 -0.7070 -0.5678
vn -0.4216 -0.7068 -0.5680
vn -0.4214 -0.7070 -0.5680
vn -0.1305 -0.9439 -0.3035
vn -0.1304 -0.9438 -0.3037
vn -0.1304 -0.9438 -0.3035
vn -0.2679 -0.8459 -0.4611
vn -0.2680 -0.8459 -0.4610
vn -0.2680 -0.8460 -0.4608
vn -0.5836 -0.5309 -0.6144
vn -0.5836 -0.5304 -0.6148
vn -0.5837 -0.5305 -0.6146
vn -0.5832 -0.5307 -0.6151
vn -0.8303 -0.1967 -0.5215
vn -0.8303 -0.1968 -0.5215
vn -0.8228 0.0205 -0.5679
vn -0.3172 -0.8466 -0.4274
vn -0.1664 -0.9437 -0.2859
vn -0.1660 -0.9436 -0.2863
vn -0.0599 -0.9941 -0.0908
vn -0.0564 -0.9937 -0.0971
vn -0.1664 -0.9436 -0.2861
vn -0.4878 -0.7058 -0.5138
vn -0.4875 -0.7060 -0.5138
vn -0.7776 -0.3279 -0.5365
vn -0.0910 -0.9905 -0.1028
vn -0.0669 -0.9937 -0.0899
vn -0.1969 -0.9439 -0.2650
vn -0.1970 -0.9439 -0.2650
vn -0.3674 -0.8459 -0.3866
vn -0.3673 -0.8461 -0.3864
vn -0.3673 -0.8459 -0.3868
vn -0.3671 -0.8460 -0.3866
vn -0.6983 -0.5292 -0.4819
vn -0.6985 -0.5291 -0.4819
vn -0.6983 -0.5291 -0.4821
vn -0.9349 -0.0155 -0.3546
vn -0.9909 -0.0599 -0.1202
vn -0.9321 -0.1582 -0.3259
vn -0.0773 -0.9937 -0.0813
vn -0.2282 -0.9435 -0.2404
vn -0.2281 -0.9435 -0.2403
vn -0.2282 -0.9435 -0.2403
vn -0.2284 -0.9435 -0.2402
vn -0.5839 -0.7047 -0.4031
vn -0.5840 -0.7045 -0.4032
vn -0.5842 -0.7045 -0.4030
vn -0.9378 -0.3280 -0.1140
vn -0.9377 -0.3284 -0.1139
vn -0.9377 -0.3281 -0.1140
vn -0.8832 -0.3283 -0.3349
vn -0.8833 -0.3282 -0.3349
vn -0.4399 -0.8451 -0.3039
vn -0.7933 -0.5294 -0.3008
vn -0.8546 -0.5192 0.0001
vn -0.8542 -0.5199 0.0001
vn -0.7513 -0.6600 0.0001
vn -0.7511 -0.6602 0.0000
vn -0.7515 -0.6597 0.0001
vn -0.6252 -0.7805 0.0000
vn -0.6255 -0.7803 0.0000
vn -0.6255 -0.7802 0.0001
vn -0.4803 -0.8771 0.0000
vn -0.4810 -0.8767 0.0001
vn -0.4802 -0.8771 0.0000
vn -0.3205 -0.9473 0.0000
vn 0.0228 -0.9997 0.0000
vn -0.1506 -0.9886 0.0001
vn -0.1506 -0.9886 0.0000
vn -0.1503 -0.9886 0.0000
vn -0.1507 -0.9886 0.0001
vn 0.1955 -0.9807 -0.0000
vn 0.1963 -0.9805 0.0000
vn 0.3629 -0.9318 0.0000
vn 0.3633 -0.9317 -0.0000
vn 0.3637 -0.9315 0.0002
vn 0.1953 -0.9807 -0.0000
vn 0.5198 -0.8543 -0.0000
vn 0.5193 -0.8546 -0.0001
vn 0.3637 -0.9315 0.0000
vn 0.6606 -0.7507 -0.0001
vn 0.6599 -0.7513 -0.0001
vn 0.6597 -0.7516 -0.0001
vn 0.5189 -0.8548 -0.0001
vn 0.8771 -0.4803 -0.0001
vn 0.8774 -0.4797 -0.0001
vn 0.7805 -0.6251 -0.0001
vn 0.7803 -0.6254 -0.0001
vn 0.9885 -0.1511 -0.0001
vn 0.9885 -0.1514 -0.0002
vn 0.9884 -0.1518 -0.0002
vn 0.9468 -0.3219 -0.0001
vn 0.9471 -0.3211 -0.0001
vn 0.9471 -0.3210 -0.0001
vn 0.9885 -0.1512 -0.0001
vn 0.9805 0.1963 -0.0001
vn 0.9805 0.1964 -0.0001
vn 0.9806 0.1961 -0.0001
vn 0.9997 0.0227 -0.0001
vn 0.9997 0.0229 -0.0002
vn 0.9997 0.0230 -0.0001
vn 0.9316 0.3635 -0.0001
vn 0.8544 0.5196 -0.0001
vn 0.8544 0.5197 -0.0001
vn 0.8542 0.5199 -0.0001
vn 0.7506 0.6607 -0.0001
vn 0.7515 0.6598 -0.0001
vn 0.7515 0.6597 -0.0001
vn 0.7506 0.6608 -0.0001
vn 0.6245 0.7810 -0.0001
vn 0.6253 0.7804 0.0000
vn 0.6250 0.7807 -0.0000
vn 0.6247 0.7808 -0.0000
vn 0.4805 0.8770 -0.0001
vn 0.4807 0.8769 -0.0000
vn 0.4811 0.8767 -0.0000
vn 0.3202 0.9473 -0.0000
vn 0.3208 0.9472 -0.0000
vn -0.0227 0.9997 0.0000
vn -0.0228 0.9997 0.0000
vn 0.1511 0.9885 0.0000
vn 0.1508 0.9886 -0.0000
vn -0.1962 0.9806 0.0000
vn -0.1958 0.9806 0.0000
vn -0.1955 0.9807 0.0000
vn -0.3634 0.9316 0.0001
vn -0.3630 0.9318 0.0001
vn -0.3634 0.9316 -0.0000
vn -0.3632 0.9317 0.0001
vn -0.6602 0.7511 0.0001
vn -0.6600 0.7513 0.0002
vn -0.6604 0.7509 0.0001
vn -0.5199 0.8542 0.0000
vn -0.5193 0.8546 0.0000
vn -0.5191 0.8547 0.0001
vn -0.5190 0.8548 0.0000
vn -0.7802 0.6256 0.0001
vn -0.7803 0.6254 0.0000
vn -0.6600 0.7512 0.0002
vn -0.9473 0.3205 0.0002
vn -0.9473 0.3204 0.0001
vn -0.9475 0.3196 0.0001
vn -0.8773 0.4799 0.0000
vn -0.8773 0.4799 0.0002
vn -0.8771 0.4804 0.0001
vn -0.9474 0.3201 0.0001
vn -0.9885 0.1509 0.0001
vn -0.9886 0.1508 0.0000
vn -0.9885 0.1510 0.0001
vn -0.9997 -0.0227 0.0000
vn -0.9997 -0.0233 0.0001
vn -0.9885 0.1512 0.0001
vn -0.9806 -0.1961 0.0000
vn -0.9807 -0.1957 0.0001
vn -0.9317 -0.3632 0.0002
vn -0.9319 -0.3627 0.0001
vn -0.9318 -0.3631 0.0001
vn -0.0007 0.0011 -1.0000
vn 0.0004 -0.0007 -1.0000
vn -0.0004 -0.0002 1.0000
vn -0.0003 0.0004 1.0000
vn 0.0010 -0.0001 1.0000
vn 0.0005 0.0002 1.0000
vn -0.0008 -0.0001 1.0000
vn -0.0003 0.0010 1.0000
vn 0.0005 -0.0005 1.0000
vn -0.0005 0.0000 1.0000
vn 0.0008 0.0001 1.0000
vn -0.0006 -0.0005 1.0000
usemtl None.014
s 1
f 1//1 2//1 3//1
f 3//2 2//2 4//2
f 5//3 6//4 7//5
f 4//6 6//6 5//6
f 2//7 6//7 4//7
f 6//4 8//8 7//5
f 7//9 9//9 10//9
f 8//10 9//10 7//10
f 10//11 11//11 12//11
f 9//12 11//12 10//12
f 12//13 13//13 14//13
f 11//14 13//14 12//14
f 14//15 15//15 16//15
f 13//16 15//16 14//16
f 16//17 17//17 18//17
f 15//18 17//18 16//18
f 18//19 19//19 20//19
f 17//20 19//20 18//20
f 20//21 21//21 22//21
f 19//22 21//22 20//22
f 22//23 23//23 24//23
f 21//24 23//24 22//24
f 24//25 25//25 26//25
f 23//26 25//26 24//26
f 26//27 27//27 28//27
f 25//28 27//28 26//28
f 28//29 29//29 30//29
f 27//29 29//29 28//29
f 31//30 32//30 33//30
f 34//30 31//30 33//30
f 35//31 36//31 37//31
f 35//31 37//31 38//31
f 39//32 40//32 41//32
f 39//32 41//32 42//32
f 43//33 44//34 45//35
f 43//33 46//36 44//34
f 47//37 48//37 49//37
f 47//38 49//38 50//38
f 51//39 50//40 52//41
f 51//39 47//42 50//40
f 53//43 52//44 54//44
f 53//43 51//45 52//44
f 55//46 54//47 56//47
f 55//46 53//48 54//47
f 57//49 56//50 58//51
f 57//49 55//49 56//50
f 59//52 58//53 60//54
f 59//52 57//55 58//53
f 61//56 60//57 62//58
f 61//56 59//59 60//57
f 63//60 62//61 64//62
f 63//60 61//63 62//61
f 65//64 64//65 66//65
f 65//64 63//66 64//65
f 67//67 66//68 68//69
f 67//67 65//70 66//68
f 69//71 68//72 70//73
f 69//71 67//74 68//72
f 71//75 70//76 72//76
f 71//75 69//75 70//76
f 73//77 72//78 74//79
f 73//77 71//80 72//78
f 46//81 74//81 44//81
f 46//82 73//82 74//82
f 48//83 75//83 76//84
f 48//83 76//84 49//84
f 77//85 78//86 79//87
f 11//88 9//89 68//90
f 78//86 38//91 79//87
f 68//90 9//89 70//92
f 80//93 45//94 81//95
f 81//95 45//94 82//96
f 82//96 45//94 83//97
f 76//98 84//99 85//100
f 83//97 45//94 86//101
f 86//101 45//94 44//102
f 38//91 87//85 79//87
f 9//89 8//103 70//92
f 80//93 88//104 45//94
f 76//98 89//98 84//99
f 8//103 72//91 70//92
f 90//105 91//95 92//101
f 92//101 91//95 80//93
f 50//106 23//107 52//108
f 52//108 23//107 54//109
f 87//85 91//95 93//105
f 94//105 91//95 95//110
f 88//104 91//95 94//105
f 93//105 91//95 90//105
f 80//93 91//95 88//104
f 54//109 21//111 56//112
f 76//98 96//113 89//98
f 97//86 96//113 76//98
f 23//107 21//111 54//109
f 6//114 74//115 8//103
f 21//111 19//116 56//112
f 95//110 98//110 99//95
f 91//95 98//110 95//110
f 56//112 19//116 58//88
f 8//103 74//115 72//91
f 98//117 100//115 99//118
f 50//106 25//119 23//107
f 49//120 25//119 50//106
f 98//117 101//95 100//115
f 98//117 102//95 101//95
f 19//116 17//121 58//88
f 98//117 41//122 102//95
f 58//88 17//121 60//100
f 87//85 103//123 91//95
f 104//95 105//124 106//125
f 107//126 105//124 104//95
f 108//127 105//124 107//126
f 109//102 105//124 108//127
f 33//128 105//124 109//102
f 49//120 27//129 25//119
f 17//121 15//118 60//100
f 110//92 42//130 98//117
f 98//117 42//130 41//122
f 60//100 15//118 62//131
f 62//131 15//118 64//101
f 103//123 37//93 110//92
f 1//132 44//133 2//100
f 2//100 44//133 6//114
f 49//120 29//134 27//129
f 6//114 44//133 74//115
f 37//93 111//135 110//92
f 110//92 112//110 42//130
f 111//135 113//128 110//92
f 15//118 13//136 64//101
f 110//92 114//137 112//110
f 64//101 13//136 66//138
f 1//132 86//136 44//133
f 113//128 115//139 110//92
f 49//120 116//131 29//134
f 76//108 116//131 49//120
f 110//92 117//140 114//137
f 115//139 117//140 110//92
f 38//91 37//93 87//85
f 87//85 37//93 103//123
f 96//113 93//105 118//103
f 118//103 93//105 90//105
f 105//124 93//105 106//125
f 119//129 93//105 97//86
f 106//125 93//105 119//129
f 97//86 93//105 96//113
f 76//98 85//100 116//141
f 13//136 11//88 66//138
f 66//138 11//88 68//90
f 33//128 32//95 105//124
f 32//95 79//87 105//124
f 120//96 79//87 32//95
f 121//142 79//87 120//96
f 122//143 79//87 121//142
f 123//144 79//87 122//143
f 77//85 79//87 123//144
f 124//145 125//146 126//147
f 124//145 126//147 31//148
f 127//149 128//150 124//145
f 35//151 127//149 124//145
f 10//146 12//152 67//153
f 43//154 129//155 130//156
f 43//154 131//157 129//155
f 10//146 67//153 69//158
f 43//154 132//159 131//157
f 43//154 133//160 132//159
f 134//161 75//162 135//163
f 43//149 130//164 46//165
f 136//166 35//151 124//145
f 7//145 10//146 69//158
f 137//167 133//160 43//154
f 138//168 75//162 134//161
f 71//169 7//145 69//158
f 139//153 133//160 137//167
f 139//153 140//170 133//160
f 141//171 75//162 138//168
f 22//168 53//145 55//160
f 139//153 142//172 140//170
f 139//153 136//166 143//173
f 139//153 137//167 144//174
f 139//153 144//174 145//175
f 139//153 143//173 142//172
f 141//171 146//153 75//162
f 24//165 47//173 51//167
f 73//167 5//176 7//145
f 24//165 51//167 53//145
f 24//165 53//145 22//168
f 73//167 7//145 71//169
f 20//162 22//168 55//160
f 20//162 55//160 57//158
f 147//148 145//175 148//150
f 147//148 139//153 145//175
f 149//177 147//148 148//150
f 26//178 48//179 47//173
f 26//178 47//173 24//165
f 150//180 147//148 149//177
f 151//181 147//148 150//180
f 18//158 20//162 57//158
f 152//179 34//153 153//182
f 40//183 147//148 151//181
f 18//158 57//158 59//184
f 152//179 153//182 154//173
f 152//179 154//173 155//173
f 152//179 155//173 156//168
f 157//185 136//166 139//153
f 152//186 156//146 158//174
f 28//187 48//179 26//178
f 30//188 48//179 28//187
f 39//189 159//156 147//148
f 39//189 147//148 40//183
f 36//182 157//185 159//156
f 46//165 4//190 5//176
f 46//165 3//175 4//190
f 16//153 18//158 59//184
f 46//165 5//176 73//167
f 16//153 59//184 61//191
f 16//153 61//191 63//192
f 160//193 159//156 39//189
f 161//183 36//182 159//156
f 130//164 3//175 46//165
f 162//194 159//156 160//193
f 14//188 16//153 63//192
f 163//195 161//183 159//156
f 14//188 63//192 65//196
f 164//197 48//179 30//188
f 165//159 159//156 162//194
f 164//198 75//162 48//179
f 166//199 163//195 159//156
f 166//199 159//156 165//159
f 36//182 35//151 136//166
f 36//182 136//166 157//185
f 143//173 167//172 142//172
f 143//173 141//171 167//172
f 143//173 158//174 168//160
f 143//173 146//153 141//171
f 143//173 168//160 146//153
f 143//173 152//186 158//174
f 12//152 14//188 65//196
f 12//152 65//196 67//153
f 135//163 75//162 164//198
f 31//148 34//153 152//179
f 124//145 31//148 152//179
f 124//145 128//150 169//200
f 124//145 169//200 170//158
f 124//145 170//158 125//146
f 149//201 148//201 99//202
f 149//201 99//202 100//203
f 150//204 100//205 101//206
f 150//204 149//204 100//205
f 151//207 101//208 102//209
f 151//207 150//210 101//208
f 40//211 102//212 41//212
f 40//211 151//213 102//212
f 153//214 33//215 109//215
f 153//214 34//214 33//215
f 154//216 109//217 108//218
f 154//216 153//216 109//217
f 155//219 108//220 107//221
f 155//219 154//222 108//220
f 156//223 107//224 104//224
f 156//223 155//225 107//224
f 160//226 42//227 112//227
f 160//226 39//228 42//227
f 162//229 112//230 114//230
f 162//229 160//231 112//230
f 165//232 114//233 117//234
f 165//232 162//232 114//233
f 166//235 117//236 115//237
f 166//235 165//238 117//236
f 163//239 115//21 113//240
f 163//239 166//241 115//21
f 161//242 111//242 37//242
f 161//243 113//244 111//245
f 161//243 163//20 113//244
f 36//246 161//246 37//246
f 127//14 78//247 77//14
f 127//248 38//249 78//249
f 127//248 35//248 38//249
f 128//250 77//250 123//250
f 128//251 127//251 77//251
f 169//10 123//10 122//10
f 169//252 128//252 123//252
f 170//253 122//253 121//253
f 170//254 169//254 122//254
f 125//255 121//255 120//255
f 125//256 170//256 121//256
f 126//257 125//257 120//257
f 31//258 120//259 32//260
f 31//258 126//258 120//259
f 148//261 145//262 99//263
f 99//263 145//262 95//264
f 95//265 144//266 94//265
f 145//267 144//266 95//265
f 94//268 137//269 88//268
f 144//270 137//269 94//268
f 88//271 43//272 45//273
f 137//274 43//272 88//271
f 76//275 75//275 97//275
f 97//276 146//277 119//276
f 75//278 146//278 97//278
f 119//279 168//280 106//279
f 146//277 168//281 119//276
f 106//282 158//282 104//282
f 168//280 158//283 106//279
f 158//284 156//284 104//284
f 79//32 152//32 105//32
f 124//32 152//32 79//32
f 105//285 143//285 93//285
f 152//285 143//285 105//285
f 93//30 143//30 87//30
f 143//30 136//30 87//30
f 87//286 124//286 79//286
f 136//286 124//286 87//286
f 103//32 157//32 91//32
f 157//32 139//32 91//32
f 91//285 147//285 98//285
f 139//285 147//285 91//285
f 98//30 159//30 110//30
f 147//30 159//30 98//30
f 110//286 157//286 103//286
f 159//286 157//286 110//286
f 29//287 116//287 30//287
f 30//287 116//287 164//287
f 135//288 85//289 134//290
f 164//291 85//291 135//291
f 116//292 85//292 164//292
f 85//289 84//293 134//290
f 134//294 89//294 138//294
f 84//295 89//295 134//295
f 138//296 96//296 141//296
f 89//297 96//297 138//297
f 141//298 118//298 167//298
f 96//299 118//299 141//299
f 167//300 90//300 142//300
f 118//301 90//301 167//301
f 142//302 92//302 140//302
f 90//303 92//303 142//303
f 140//304 80//304 133//304
f 92//305 80//305 140//305
f 133//306 81//306 132//306
f 80//306 81//306 133//306
f 132//307 82//307 131//307
f 81//308 82//308 132//308
f 131//309 83//309 129//309
f 82//310 83//310 131//310
f 129//311 86//311 130//311
f 83//312 86//312 129//312
f 130//313 1//313 3//313
f 86//313 1//313 130//313
f 171//314 172//314 173//314
f 174//315 175//316 176//315
f 177//317 178//318 179//319
f 180//320 178//318 177//317
f 181//321 182//322 183//323
f 184//316 175//316 174//315
f 185//324 186//324 187//324
f 187//325 186//325 188//325
f 189//326 190//326 183//326
f 172//327 191//327 173//327
f 183//328 192//329 189//330
f 193//331 194//332 191//333
f 195//334 194//332 193//331
f 183//328 196//335 192//329
f 197//336 198//336 199//337
f 183//328 200//338 196//335
f 199//337 198//336 201//339
f 202//340 203//340 204//340
f 205//341 203//341 202//341
f 183//328 206//342 200//338
f 182//322 206//322 183//323
f 207//343 208//343 209//343
f 206//342 210//344 200//338
f 211//345 212//346 194//347
f 194//347 212//346 191//348
f 191//349 212//349 173//349
f 186//350 213//350 188//350
f 179//351 214//332 211//352
f 178//353 214//332 179//351
f 215//354 216//354 190//354
f 176//355 217//356 218//357
f 203//358 219//358 204//358
f 206//342 220//359 210//344
f 175//360 217//356 176//355
f 219//361 221//361 214//361
f 203//362 221//363 219//363
f 192//364 222//365 223//366
f 196//365 222//365 192//364
f 214//347 224//367 211//345
f 211//345 224//367 212//346
f 221//368 224//368 214//368
f 212//31 224//31 225//31
f 186//369 226//369 213//369
f 201//370 227//357 228//370
f 198//371 227//357 201//370
f 225//372 229//372 230//372
f 210//373 231//373 200//373
f 230//374 229//374 232//374
f 200//373 231//373 233//373
f 217//375 234//376 218//377
f 224//31 235//31 225//31
f 206//378 236//378 220//378
f 225//379 237//380 229//381
f 232//382 238//382 230//382
f 234//383 239//384 240//385
f 240//386 239//386 208//386
f 225//379 241//379 237//380
f 235//387 241//379 225//379
f 223//388 242//389 243//390
f 222//391 242//389 223//388
f 234//383 244//392 239//384
f 217//375 244//393 234//376
f 232//394 245//394 238//394
f 246//395 171//395 216//395
f 227//396 247//396 228//397
f 235//387 248//398 241//379
f 237//399 174//400 229//401
f 227//396 249//396 247//396
f 226//402 250//402 251//402
f 246//403 252//403 171//403
f 235//404 185//404 248//404
f 248//405 185//405 187//405
f 233//406 180//407 177//408
f 231//409 180//407 233//406
f 237//399 184//410 174//400
f 247//411 253//412 244//392
f 254//413 253//412 249//414
f 244//392 253//412 239//384
f 249//414 253//412 247//411
f 250//415 253//415 254//415
f 239//416 253//416 255//416
f 248//417 199//418 241//419
f 253//416 256//420 255//416
f 236//421 205//421 257//421
f 189//422 215//422 190//422
f 215//423 246//423 216//423
f 258//424 207//424 209//424
f 207//425 240//425 208//425
f 243//426 195//427 193//428
f 251//429 213//429 226//429
f 245//430 258//430 238//430
f 254//431 251//431 250//431
f 257//432 220//432 236//432
f 242//433 195//427 243//426
f 202//434 257//434 205//434
f 238//435 258//435 209//435
f 248//417 197//436 199//418
f 252//437 172//437 171//437
f 259//438 260//439 261//440
f 262//441 260//439 259//438
f 263//442 260//439 262//441
f 264//443 265//444 260//439
f 264//443 260//439 263//442
f 266//445 259//445 261//445
f 267//446 265//444 264//443
f 268//447 259//447 266//447
f 269//448 265//444 267//446
f 270//449 263//450 262//451
f 271//452 265//444 269//448
f 272//453 263//450 270//449
f 273//449 267//450 264//454
f 274//455 268//456 266//457
f 275//458 267//450 273//449
f 276//459 268//456 274//455
f 277//460 272//460 270//461
f 278//462 269//463 279//464
f 278//462 271//465 269//463
f 280//466 272//460 277//460
f 281//467 275//468 273//469
f 282//470 276//471 274//472
f 283//473 275//468 281//467
f 284//474 276//471 282//470
f 285//475 280//476 277//477
f 286//478 279//479 287//480
f 286//478 278//481 279//479
f 288//482 280//476 285//475
f 289//483 283//484 281//485
f 290//486 283//484 289//483
f 291//487 284//488 282//489
f 291//487 282//489 292//487
f 293//490 286//491 287//492
f 294//493 286//491 293//490
f 295//494 285//495 296//496
f 295//494 288//497 285//495
f 297//498 289//499 298//500
f 297//498 290//501 289//499
f 299//502 291//503 292//504
f 299//502 292//504 300//505
f 301//506 294//506 293//506
f 302//507 294//507 301//507
f 303//508 296//509 304//510
f 303//508 295//508 296//509
f 305//511 298//512 306//513
f 305//511 297//511 298//512
f 307//514 299//515 300//516
f 307//514 300//516 308//517
f 309//518 302//518 301//518
f 310//519 303//520 304//520
f 310//519 304//520 311//520
f 312//521 302//521 309//521
f 313//522 307//523 308//524
f 313//522 310//525 311//526
f 313//522 311//526 307//523
f 314//527 305//527 306//528
f 314//527 306//528 315//529
f 316//530 317//530 314//530
f 316//531 312//531 317//531
f 318//532 310//525 313//522
f 318//533 314//534 315//533
f 318//535 316//535 314//535
f 318//533 315//533 310//536
f 319//537 313//538 320//539
f 321//540 313//538 319//537
f 322//541 313//538 321//540
f 323//542 318//542 313//542
f 323//543 313//538 322//541
f 324//544 323//545 322//546
f 325//547 319//548 320//549
f 326//550 323//545 324//544
f 327//551 319//548 325//547
f 328//552 326//552 329//552
f 328//553 323//553 326//553
f 330//554 322//555 321//556
f 330//554 321//556 331//557
f 332//558 327//559 325//560
f 333//561 324//562 334//563
f 333//561 326//555 324//562
f 335//564 327//559 332//558
f 336//565 328//565 329//565
f 337//566 331//567 338//568
f 337//566 330//569 331//567
f 339//570 334//571 340//572
f 339//570 333//573 334//571
f 341//574 335//575 332//576
f 341//574 332//576 342//577
f 343//578 344//578 345//578
f 343//579 336//579 344//579
f 346//580 338//581 347//582
f 346//580 337//583 338//581
f 348//584 340//585 349//586
f 348//584 339//587 340//585
f 350//588 342//589 351//590
f 350//588 341//591 342//589
f 352//592 345//592 353//592
f 352//593 343//593 345//593
f 354//594 347//595 355//596
f 354//594 346//597 347//595
f 356//595 348//598 349//599
f 356//595 349//599 357//600
f 358//601 351//602 359//603
f 358//601 350//604 351//602
f 360//605 352//606 353//607
f 360//605 353//607 361//608
f 362//609 355//610 363//611
f 362//609 354//611 355//610
f 364//612 357//613 365//614
f 364//612 356//615 357//613
f 366//616 358//616 359//616
f 366//617 359//617 367//617
f 368//618 360//619 361//620
f 369//621 360//619 368//618
f 370//622 362//623 363//624
f 370//622 363//624 371//625
f 372//626 365//627 373//627
f 372//626 364//626 365//627
f 374//628 373//629 370//630
f 374//628 366//631 367//632
f 374//628 370//630 371//633
f 374//628 371//633 366//631
f 375//634 369//635 368//636
f 376//637 369//635 375//634
f 377//638 375//639 372//640
f 377//638 372//640 373//629
f 377//638 376//641 375//639
f 377//638 373//629 374//628
f 329//642 344//642 336//642
f 309//643 317//643 312//643
f 378//644 379//644 380//644
f 381//645 382//645 383//645
f 384//646 385//646 386//646
f 384//647 386//647 387//647
f 381//648 383//648 388//648
f 389//649 390//649 391//649
f 389//650 391//650 392//650
f 393//651 394//651 395//651
f 389//652 396//652 390//652
f 393//653 395//653 378//653
f 397//654 398//654 399//654
f 400//655 401//655 402//655
f 397//656 399//656 403//656
f 400//657 380//657 401//657
f 404//658 392//658 405//658
f 404//659 403//659 396//659
f 406//660 387//660 394//660
f 404//661 396//661 389//661
f 406//662 394//662 393//662
f 404//663 389//663 392//663
f 407//664 408//665 385//666
f 407//667 385//668 384//669
f 409//670 398//670 397//670
f 409//671 388//671 398//671
f 410//672 380//672 400//672
f 411//673 412//674 382//675
f 411//673 382//675 381//676
f 413//677 405//677 414//677
f 410//678 378//678 380//678
f 413//679 404//679 405//679
f 413//680 403//681 404//682
f 413//680 397//683 403//681
f 415//684 387//684 406//684
f 415//685 384//685 387//685
f 416//686 411//687 381//688
f 416//689 381//689 388//689
f 417//690 393//690 378//690
f 416//691 388//691 409//691
f 417//692 378//692 410//692
f 418//693 413//693 414//693
f 418//694 409//695 397//696
f 418//694 397//696 413//697
f 419//698 402//698 420//698
f 419//699 400//699 402//699
f 421//700 416//701 422//702
f 421//703 411//687 416//686
f 423//704 414//705 424//706
f 423//707 422//702 416//701
f 423//704 418//708 414//705
f 423//709 416//710 409//711
f 425//712 406//712 393//712
f 423//709 409//711 418//713
f 423//714 424//715 422//716
f 425//717 393//717 417//717
f 426//718 427//718 428//718
f 426//719 429//719 427//719
f 426//720 430//720 429//720
f 426//721 431//721 430//721
f 426//722 394//722 431//722
f 426//723 395//723 394//723
f 426//724 428//724 379//724
f 426//725 379//725 395//725
f 432//726 410//726 400//726
f 432//727 400//727 419//727
f 433//728 434//729 407//730
f 433//728 435//731 434//729
f 433//732 407//667 384//669
f 433//732 384//669 415//733
f 436//734 437//734 438//734
f 436//735 420//735 437//735
f 436//736 419//736 420//736
f 439//737 410//737 432//737
f 439//738 417//738 410//738
f 440//739 432//739 419//739
f 440//740 419//740 436//740
f 441//741 435//742 433//743
f 441//741 433//743 415//744
f 441//745 406//745 425//745
f 441//746 415//746 406//746
f 442//747 432//747 440//747
f 442//748 439//748 432//748
f 443//749 425//749 417//749
f 443//750 417//750 439//750
f 444//751 438//751 445//751
f 444//752 436//752 438//752
f 399//753 440//753 436//753
f 399//754 436//754 444//754
f 383//755 439//755 442//755
f 383//756 443//756 439//756
f 446//715 422//716 424//715
f 379//757 428//757 447//757
f 448//758 425//758 443//758
f 448//759 441//759 425//759
f 448//760 412//761 435//762
f 448//760 435//762 441//763
f 398//764 442//764 440//764
f 398//765 440//765 399//765
f 382//766 443//766 383//766
f 382//767 412//767 448//767
f 394//768 449//768 431//768
f 382//769 448//769 443//769
f 396//770 445//770 390//770
f 396//771 444//771 445//771
f 380//772 447//772 401//772
f 380//773 379//773 447//773
f 388//774 442//774 398//774
f 388//775 383//775 442//775
f 387//776 386//776 449//776
f 387//777 449//777 394//777
f 403//778 444//778 396//778
f 403//779 399//780 444//780
f 378//781 395//781 379//781
f 450//782 451//783 452//783
f 450//782 452//783 453//783
f 450//782 453//783 454//784
f 455//785 450//782 454//784
f 456//786 457//787 455//785
f 456//786 455//785 454//784
f 458//788 457//787 456//786
f 459//788 457//787 458//788
f 460//788 457//787 459//788
f 461//789 462//790 463//791
f 461//789 464//792 465//793
f 461//789 465//793 466//794
f 461//789 466//794 462//790
f 467//785 463//791 468//795
f 467//785 461//789 463//791
f 469//791 467//785 468//795
f 470//789 467//785 469//791
f 471//286 470//789 469//791
f 472//796 470//789 471//286
f 473//797 470//789 472//796
f 474//798 470//789 473//797
f 475//799 476//799 477//799
f 478//800 458//800 456//801
f 478//800 459//802 458//800
f 478//803 479//803 459//803
f 480//804 481//805 482//806
f 483//807 484//807 485//807
f 486//808 487//809 475//810
f 488//811 489//811 490//811
f 483//812 491//812 484//812
f 488//813 490//813 492//813
f 488//814 492//814 493//814
f 488//815 486//808 475//810
f 494//816 495//817 496//818
f 497//819 498//819 499//819
f 494//816 482//806 495//817
f 497//820 499//820 479//820
f 488//821 475//821 489//821
f 494//816 480//804 482//806
f 497//822 479//822 478//822
f 500//823 501//823 502//823
f 500//824 502//825 503//826
f 504//827 505//827 480//827
f 500//828 503//828 476//828
f 506//829 491//830 483//831
f 507//832 476//833 475//834
f 508//835 509//835 510//835
f 504//836 480//836 494//836
f 507//837 500//837 476//837
f 508//838 510//839 498//840
f 508//838 498//840 497//841
f 506//829 511//842 491//830
f 507//832 475//834 487//843
f 512//844 500//844 507//844
f 513//845 509//845 508//845
f 459//846 514//846 460//846
f 515//847 516//847 505//847
f 512//848 501//848 500//848
f 517//849 512//850 507//851
f 517//852 501//852 512//852
f 515//853 505//853 504//853
f 518//854 511//855 506//856
f 519//857 474//857 473//857
f 520//858 501//858 517//858
f 518//854 521//859 511//855
f 520//860 517//849 507//851
f 522//861 501//861 520//861
f 479//862 514//862 459//862
f 522//863 507//832 487//843
f 522//864 486//865 488//866
f 523//867 524//867 525//867
f 522//864 487//868 486//865
f 523//869 502//869 526//869
f 523//870 526//870 527//870
f 522//871 520//860 507//851
f 523//872 527//872 528//872
f 529//873 521//874 518//875
f 530//876 516//876 515//876
f 531//877 488//877 493//877
f 523//878 528//878 524//878
f 532//879 516//879 530//879
f 531//880 522//880 488//880
f 523//881 525//882 533//883
f 531//884 493//884 534//884
f 531//885 534//885 509//885
f 529//873 535//886 521//874
f 531//887 536//887 537//887
f 531//888 538//888 536//888
f 531//889 513//889 538//889
f 531//890 537//890 501//890
f 531//891 501//891 522//891
f 539//892 523//881 533//883
f 531//893 509//893 513//893
f 539//894 533//894 540//894
f 541//895 535//895 529//895
f 539//896 540//896 542//896
f 543//897 516//897 532//898
f 543//899 524//899 516//899
f 544//900 524//900 543//900
f 545//901 546//901 539//901
f 545//902 542//902 547//902
f 545//903 547//903 548//903
f 545//904 539//904 542//904
f 549//905 539//906 546//907
f 525//908 524//909 544//909
f 549//905 523//910 539//906
f 549//911 502//912 523//913
f 550//914 502//912 549//911
f 485//915 472//916 471//917
f 485//915 473//918 472//916
f 551//919 502//919 550//919
f 485//920 484//920 519//920
f 551//921 550//922 549//923
f 485//924 519//924 473//924
f 552//925 502//925 551//925
f 552//926 549//926 546//926
f 552//927 551//921 549//923
f 552//928 546//928 545//928
f 553//929 545//929 548//929
f 553//930 548//930 554//930
f 553//931 554//931 555//931
f 553//932 555//932 535//932
f 553//933 535//933 541//933
f 553//934 552//935 545//936
f 476//937 541//937 556//937
f 476//938 556//938 557//938
f 476//939 557//939 477//939
f 476//940 553//940 541//940
f 558//941 553//934 476//942
f 558//943 502//943 552//943
f 558//941 552//935 553//934
f 503//944 558//945 476//945
f 503//826 502//825 558//946
f 475//947 477//947 559//947
f 475//948 559//948 489//948
f 560//949 561//790 562//792
f 560//949 562//792 563//950
f 560//949 563//950 564//791
f 565//951 560//949 564//791
f 566//952 567//953 565//951
f 566//952 565//951 564//791
f 568//954 567//953 566//952
f 569//953 568//954 570//955
f 571//956 569//953 570//955
f 496//791 572//957 571//956
f 496//791 571//956 570//955
f 495//958 572//957 496//791
f 482//959 572//957 495//958
f 481//960 572//957 482//959
f 569//953 567//953 568//954
f 573//961 311//961 574//961
f 307//961 311//961 573//961
f 575//31 262//31 576//31
f 576//31 262//31 259//31
f 577//790 234//962 240//962
f 578//962 234//962 577//790
f 579//961 229//961 580//961
f 232//961 229//961 579//961
f 581//963 172//963 582//963
f 191//963 172//963 581//963
f 192//962 583//790 189//964
f 189//964 583//790 584//962
f 366//31 585//31 586//31
f 371//31 585//31 366//31
f 587//963 321//963 588//963
f 321//963 319//963 588//963
f 589//961 315//961 590//961
f 310//961 315//961 589//961
f 591//965 264//965 592//965
f 592//965 264//965 263//965
f 593//962 247//962 244//962
f 594//790 247//962 593//962
f 595//961 237//961 596//961
f 237//961 241//961 596//961
f 597//963 194//963 598//963
f 211//963 194//963 597//963
f 200//962 599//964 196//962
f 196//962 599//964 600//962
f 370//965 601//965 602//965
f 373//965 601//965 370//965
f 603//963 324//963 604//963
f 324//963 322//963 604//963
f 605//961 317//961 606//961
f 314//961 317//961 605//961
f 607//966 269//965 608//965
f 608//965 269//965 267//966
f 609//286 254//286 249//286
f 610//286 254//286 609//286
f 611//961 248//961 612//961
f 248//961 187//961 612//961
f 613//963 214//963 614//963
f 219//963 214//963 613//963
f 220//286 615//286 210//286
f 210//286 615//286 616//286
f 372//965 617//965 618//965
f 375//966 617//965 372//965
f 619//963 329//963 620//963
f 329//963 326//963 620//963
f 344//967 329//968 619//969
f 368//95 617//970 375//971
f 345//117 619//969 621//972
f 345//117 621//972 622//973
f 345//117 344//967 619//969
f 361//88 623//88 617//970
f 361//88 617//970 368//95
f 353//118 622//973 623//88
f 353//118 623//88 361//88
f 353//118 345//117 622//973
f 219//974 613//86 624//968
f 625//107 219//974 624//968
f 204//121 219//974 625//107
f 626//100 204//121 625//107
f 202//116 204//121 626//100
f 627//123 257//86 202//116
f 627//123 202//116 626//100
f 628//143 220//131 257//86
f 628//143 257//86 627//123
f 615//975 220//131 628//143
f 213//108 629//96 630//976
f 188//129 630//976 631//85
f 188//129 213//108 630//976
f 251//977 632//114 629//96
f 251//977 629//96 213//108
f 187//117 631//85 633//141
f 187//117 633//141 612//972
f 187//117 188//129 631//85
f 254//978 610//979 632//114
f 254//978 632//114 251//977
f 607//112 279//118 269//980
f 287//981 279//118 607//112
f 634//117 287//981 607//112
f 293//117 287//981 634//117
f 635//982 293//117 634//117
f 301//982 635//982 636//983
f 301//982 293//117 635//982
f 606//85 301//982 636//983
f 309//96 301//982 606//85
f 317//984 309//96 606//85
f 326//985 333//150 620//180
f 618//986 364//987 372//988
f 620//180 339//183 637//989
f 637//989 339//183 638//145
f 333//150 339//183 620//180
f 639//990 356//168 618//986
f 618//986 356//168 364//987
f 638//145 348//158 639//990
f 639//990 348//158 356//168
f 339//183 348//158 638//145
f 334//85 324//991 603//992
f 365//968 601//993 373//137
f 340//994 603//992 640//995
f 340//994 640//995 641//95
f 340//994 334//85 603//992
f 357//110 642//976 601//993
f 357//110 601//993 365//968
f 349//88 641//95 642//976
f 349//88 642//976 357//110
f 349//88 340//994 641//95
f 614//179 214//160 643//172
f 214//160 644//160 643//172
f 214//160 178//988 644//160
f 178//988 645//988 644//160
f 178//988 180//168 645//988
f 231//996 646//168 180//168
f 180//168 646//168 645//988
f 210//997 647//988 231//996
f 231//996 647//988 646//168
f 210//997 616//998 647//988
f 211//95 597//117 648//999
f 649//1000 211//95 648//999
f 179//1000 211//95 649//1000
f 650//105 179//1000 649//1000
f 177//95 179//1000 650//105
f 651//95 233//86 177//95
f 651//95 177//95 650//105
f 652//107 200//1001 233//86
f 652//107 233//86 651//95
f 599//975 200//1001 652//107
f 653//1002 198//1003 654//153
f 654//153 197//1004 655//1005
f 198//1003 197//1004 654//153
f 656//185 227//988 653//1002
f 653//1002 227//988 198//1003
f 655//1005 248//158 657//179
f 657//179 248//158 611//1005
f 197//1004 248//158 655//1005
f 609//172 249//168 656//185
f 656//185 249//168 227//988
f 201//1006 658//1000 659//1000
f 199//1007 659//1000 660//976
f 199//1007 201//1006 659//1000
f 228//993 661//144 658//1000
f 228//993 658//1000 201//1006
f 241//999 660//976 662//123
f 241//999 662//123 596//105
f 241//999 199//1007 660//976
f 247//134 594//128 661//144
f 247//134 661//144 228//993
f 591//85 273//123 264//1008
f 281//982 273//123 591//85
f 663//100 281//982 591//85
f 289//107 281//982 663//100
f 664//107 289//107 663//100
f 298//970 664//107 665//984
f 298//970 289//107 664//107
f 590//1009 298//970 665//984
f 306//1010 298//970 590//1009
f 315//1011 306//1010 590//1009
f 275//168 608//1012 267//1013
f 275//168 283//160 608//1012
f 283//160 666//179 608//1012
f 283//160 290//167 666//179
f 290//167 667//1002 666//179
f 667//1002 297//169 668//1002
f 290//167 297//169 667//1002
f 297//169 605//1014 668//1002
f 297//169 305//182 605//1014
f 305//182 314//1015 605//1014
f 322//985 330//175 604//184
f 602//1016 362//1017 370//1018
f 604//184 337//1019 669//1020
f 669//1020 337//1019 670//1021
f 330//175 337//1019 604//184
f 671//150 354//1016 602//1016
f 602//1016 354//1016 362//1017
f 670//1021 346//1015 671//150
f 671//150 346//1015 354//1016
f 337//1019 346//1015 670//1021
f 331//982 321//130 587//982
f 363//1022 585//95 371//1000
f 338//110 587//982 672//1023
f 338//110 672//1023 673//1024
f 338//110 331//982 587//982
f 355//123 674//134 585//95
f 355//123 585//95 363//1022
f 347//113 673//1024 674//134
f 347//113 674//134 355//123
f 347//113 338//110 673//1024
f 598//1013 194//172 675//187
f 194//172 676//187 675//187
f 194//172 195//153 676//187
f 195//153 677//153 676//187
f 195//153 242//168 677//153
f 222//185 678//197 242//168
f 242//168 678//197 677//153
f 196//165 679//1017 222//185
f 222//185 679//1017 678//197
f 196//165 600//998 679//1017
f 191//1025 581//95 680//984
f 681//968 191//1025 680//984
f 193//1026 191//1025 681//968
f 682//1027 193//1026 681//968
f 243//110 193//1026 682//1027
f 683//975 223//1028 243//110
f 683//975 243//110 682//1027
f 684//107 192//122 223//1028
f 684//107 223//1028 683//975
f 583//109 192//122 684//107
f 685//183 175//163 686//996
f 686//996 184//187 687//179
f 175//163 184//187 686//996
f 688//996 217//1016 685//183
f 685//183 217//1016 175//163
f 687//179 237//153 689//146
f 689//146 237//153 595//1013
f 184//187 237//153 687//179
f 593//998 244//162 688//996
f 688//996 244//162 217//1016
f 176//103 690//1000 691//96
f 174//110 691//96 692//118
f 174//110 176//103 691//96
f 218//105 693//117 690//1000
f 218//105 690//1000 176//103
f 229//1029 692//118 694//117
f 229//1029 694//117 580//994
f 229//1029 174//110 692//118
f 234//105 578//128 693//117
f 234//105 693//117 218//105
f 575//102 270//104 262//975
f 277//107 270//104 575//102
f 695//121 277//107 575//102
f 285//113 277//107 695//121
f 696//1030 285//113 695//121
f 296//113 696//1030 697//108
f 296//113 285//113 696//1030
f 574//1031 296//113 697//108
f 304//113 296//113 574//1031
f 311//1032 304//113 574//1031
f 272//168 592//1012 263//1013
f 272//168 280//160 592//1012
f 280//160 698//179 592//1012
f 280//160 288//179 698//179
f 288//179 699//1033 698//179
f 699//1033 295//153 700//197
f 288//179 295//153 699//1033
f 295//153 589//168 700//197
f 295//153 303//1016 589//168
f 303//1016 310//1015 589//168
f 268//166 576//1034 259//1035
f 268//166 276//1036 576//1034
f 276//1036 701//1037 576//1034
f 276//1036 284//168 701//1037
f 284//168 702//1038 701//1037
f 702//1038 291//1013 703//149
f 284//168 291//1013 702//1038
f 291//1013 573//1039 703//149
f 291//1013 299//1040 573//1039
f 299//1040 307//1019 573//1039
f 704//171 258//1002 705//1002
f 705//1002 245//179 706//172
f 258//1002 245//179 705//1002
f 707//1013 207//996 704//171
f 704//171 207//996 258//1002
f 706//172 232//1041 708//996
f 708//996 232//1041 579//1005
f 245//179 232//1041 706//172
f 577//996 240//168 707//1013
f 707//1013 240//168 207//996
f 582//182 172//1042 709//149
f 172//1042 710//166 709//149
f 172//1042 252//996 710//166
f 252//996 711//988 710//166
f 252//996 246//1043 711//988
f 215//1033 712//169 246//1043
f 246//1043 712//169 711//988
f 189//171 713//1002 215//1033
f 215//1033 713//1002 712//169
f 189//171 584//172 713//1002
f 319//169 327//1033 588//198
f 586//1044 358//1045 366//1046
f 588//198 335//166 714//1047
f 714//1047 335//166 715//1048
f 327//1033 335//166 588//198
f 716//1049 350//153 586//1044
f 586//1044 350//153 358//1045
f 715//1048 341//172 716//1049
f 716//1049 341//172 350//153
f 335//166 341//172 715//1048
f 292//1050 282//96 717//92
f 718//107 216//107 719//92
f 718//107 190//1051 216//107
f 300//144 292//1050 717//92
f 300//144 717//92 720//1024
f 721//1000 190//1051 718//107
f 721//1000 183//104 190//1051
f 209//104 722//971 723//993
f 238//122 723//993 724//1052
f 238//122 724//1052 725//982
f 238//122 209//104 723//993
f 208//1053 726//980 722//971
f 208//1053 722//971 209//104
f 230//107 725//982 727//999
f 230//107 238//122 725//982
f 308//984 720//1024 728//117
f 239//971 729//971 726//980
f 308//984 300//144 720//1024
f 239//971 726//980 208//1053
f 730//85 183//104 721//1000
f 225//970 727//999 731//128
f 730//85 181//139 183//104
f 225//970 230//107 727//999
f 313//117 728//117 732//107
f 313//117 308//984 728//117
f 255//122 260//117 729//971
f 374//86 181//139 730//85
f 255//122 261//980 260//117
f 255//122 729//971 239//971
f 367//138 733//980 181//139
f 212//128 731//128 734//130
f 367//138 181//139 374//86
f 212//128 225//970 731//128
f 320//974 732//107 735//104
f 736//88 266//968 261//980
f 320//974 313//117 732//107
f 736//88 261//980 255//122
f 359//144 737//117 733//980
f 359//144 733//980 367//138
f 173//974 734//130 738//130
f 173//974 212//128 734//130
f 325//86 735//104 739//1032
f 325//86 320//974 735//104
f 351//128 737//117 359//144
f 351//128 740//969 737//117
f 741//128 274//134 266//968
f 741//128 266//968 736//88
f 332//122 325//86 739//1032
f 171//85 173//974 738//130
f 342//999 739//1032 740//969
f 171//85 738//130 742//1011
f 342//999 740//969 351//128
f 342//999 332//122 739//1032
f 743//125 274//134 741//128
f 282//96 274//134 743//125
f 719//92 171//85 742//1011
f 216//107 171//85 719//92
f 717//92 282//96 743//125
f 744//999 745//968 746//1050
f 747//971 746//1050 745//968
f 748//1024 745//968 744//999
f 749//105 747//971 745//968
f 750//1054 745//968 748//1024
f 751//123 749//105 745//968
f 265//992 745//968 750//1054
f 752//95 278//1055 286//974
f 752//95 271//981 278//1055
f 752//95 265//992 271//981
f 294//128 752//95 286//974
f 302//138 752//95 294//128
f 312//1056 752//95 302//138
f 316//975 752//95 312//1056
f 752//95 745//968 265//992
f 753//107 754//85 755//85
f 753//107 756//980 754//85
f 753//107 757//92 756//980
f 758//984 757//92 753//107
f 759//1057 758//984 753//107
f 760//129 759//1057 753//107
f 377//1009 760//129 753//107
f 761//105 376//95 377//1009
f 761//105 369//994 376//95
f 761//105 360//107 369//994
f 761//105 352//144 360//107
f 761//105 343//981 352//144
f 761//105 336//1058 343//981
f 753//107 761//105 377//1009
f 761//105 328//1000 336//1058
f 762//31 763//1059 764//1059
f 765//31 764//1059 766//1060
f 765//31 766//1060 767//1061
f 765//31 762//31 764//1059
f 768//1062 769//32 770//1063
f 427//1064 771//1065 768//1062
f 427//1064 768//1062 770//1063
f 772//1066 771//1065 427//1064
f 773//1067 420//1067 402//1067
f 773//1068 402//1068 401//1068
f 774//1069 775//1070 776//1071
f 777//1072 773//1072 401//1072
f 777//1073 401//1074 447//1075
f 778//1076 776//1077 779//1077
f 778//1078 774//1069 776//1071
f 780//1079 777//1073 447//1075
f 781//1080 779//1081 782//1082
f 781//1076 778//1076 779//1077
f 783//1083 782//1084 784//1085
f 783//1080 781//1080 782//1082
f 785//1086 780//1087 447//1088
f 785//1086 447//1088 428//1089
f 786//1090 784//1090 787//1090
f 770//1091 428//1092 427//1092
f 786//1093 783//1083 784//1085
f 770//1091 785//1091 428//1092
f 788//1094 787//1094 789//1094
f 788//1095 786//1095 787//1095
f 790//1096 789//1097 791//1098
f 790//1099 788//1099 789//1099
f 792//1100 791//1101 793//1102
f 792//1103 790//1096 791//1098
f 794//1104 793//1104 795//1104
f 794//1105 792//1100 793//1102
f 796//1106 795//1106 391//1106
f 796//1107 391//1108 390//63
f 796//1109 794//1109 795//1109
f 797//1110 390//1111 445//1112
f 797//1113 796//1107 390//63
f 798//1114 445//1115 438//1116
f 798//1117 797//1110 445//1112
f 799//1118 438//1118 437//1118
f 799//1119 798//1114 438//1116
f 800//1120 437//1120 420//1120
f 800//1121 799//1121 437//1121
f 773//1122 800//1122 420//1122
f 801//1123 802//1124 775//1125
f 803//1126 801//1123 775//1125
f 774//1127 803//1126 775//1125
f 804//30 803//1126 774//1127
f 805//179 806//1033 807//158
f 808//1128 809//1129 810//191
f 811//169 805//179 807//158
f 811//169 809//1129 808//1128
f 811//169 807//158 812//169
f 811//169 812//169 809//1129
f 813//1130 811//169 808//1128
f 814//1131 811//169 813//1130
f 815//171 786//145 788//172
f 815//171 788//172 790//145
f 816//145 786//145 815//171
f 816//145 783//1013 786//145
f 817//168 815//171 790//145
f 817//168 790//145 792//145
f 48//996 783//1013 816//145
f 48//996 804//161 774//1016
f 48//996 774//1016 778//163
f 48//996 778//163 781//183
f 48//996 781//183 783//1013
f 818//145 817//168 792//145
f 818//145 792//145 794//171
f 819//159 818//145 794//171
f 819//159 794//171 796//1005
f 819//159 796//1005 797//172
f 820//1132 819//159 797//172
f 820//1132 797//172 798//173
f 75//159 804//161 48//996
f 75//1005 821//172 822//1133
f 75//1005 822//1133 823//1134
f 75//1005 823//1134 804//1037
f 824//184 820//1132 798//173
f 824//184 798//173 799//173
f 825//197 821//172 75//1005
f 825//197 826//1135 821//172
f 827//1132 828//167 826//1135
f 827//1132 826//1135 825//197
f 156//1136 814//1131 828//167
f 156//1136 828//167 827//1132
f 155//145 814//1131 156//1136
f 154//1137 811//169 814//1131
f 154//1137 814//1131 155//145
f 153//1043 811//169 154//1137
f 34//1015 811//169 153//1043
f 829//1004 799//173 800//145
f 829//1004 824//184 799//173
f 773//145 829//1004 800//145
f 773//145 830//145 829//1004
f 777//153 46//153 830//145
f 777//153 830//145 773//145
f 780//183 46//153 777//153
f 31//1129 811//169 34//1015
f 31//1129 831//169 811//169
f 785//179 46//153 780//183
f 832//145 833//168 831//169
f 126//158 831//169 31//1129
f 125//1017 831//169 126//158
f 834//171 832//145 831//169
f 170//1138 831//169 125//1017
f 835//197 834//171 831//169
f 770//148 46//153 785//179
f 836//1139 835//197 831//169
f 837//168 836//1139 831//169
f 765//1140 127//987 35//1141
f 765//1140 128//179 127//987
f 765//1140 169//163 128//179
f 765//1140 170//1138 169//163
f 765//1140 831//169 170//1138
f 765//1140 837//168 831//169
f 769//1142 46//153 770//148
f 769//185 43//1033 46//174
f 838//1143 43//1033 769//185
f 839//158 43//1033 838//1143
f 840//172 841//1016 43//1033
f 840//172 43//1033 839//158
f 842//151 841//1016 840//172
f 843//1144 841//1016 842//151
f 844//989 843//1144 842//151
f 148//1015 844//989 845//1016
f 148//1015 843//1144 844//989
f 149//179 148//171 845//1134
f 150//169 149//179 845//1134
f 846//145 847//1145 848//1013
f 849//182 850//196 847//1145
f 849//182 846//145 851//168
f 849//182 847//1145 846//145
f 852//145 845//1134 853//1146
f 852//145 853//1146 854//172
f 852//145 854//172 850//196
f 852//145 151//162 150//169
f 852//145 40//1147 151//162
f 852//145 150//169 845//1134
f 852//145 850//196 849//182
f 36//1148 765//1140 35//1141
f 39//1149 40//1147 852//145
f 762//183 765//1140 36//1148
f 762//183 166//187 165//1150
f 762//183 163//160 166//187
f 762//183 161//1151 163//160
f 762//183 36//1148 161//1151
f 855//160 762//183 165//1150
f 855//160 160//1152 39//1149
f 855//160 162//1045 160//1152
f 855//160 165//1150 162//1045
f 855//160 39//1149 852//145
f 856//985 762//183 855//160
f 857//1004 856//985 855//160
f 858//182 855//160 859//153
f 860//1153 857//1004 855//160
f 861//159 860//1153 855//160
f 861//159 855//160 858//182
f 48//1154 816//1154 49//1155
f 49//1155 816//1154 862//1155
f 862//1156 815//1157 863//1158
f 816//1157 815//1157 862//1156
f 863//1159 817//1160 864//1161
f 815//1162 817//1160 863//1159
f 864//1163 818//1164 865//1165
f 817//1166 818//1164 864//1163
f 865//1167 819//1167 866//1168
f 818//1169 819//1167 865//1167
f 866//1170 820//1171 867//1170
f 819//1171 820//1171 866//1170
f 867//1172 824//1173 868//1172
f 820//1174 824//1173 867//1172
f 868//1175 829//1176 869//1177
f 824//1178 829//1176 868//1175
f 869//1179 830//1180 870//1179
f 829//1180 830//1180 869//1179
f 870//1181 46//1181 44//1181
f 830//1181 46//1181 870//1181
f 75//1182 76//1183 871//1184
f 825//1182 75//1182 871//1184
f 827//1185 871//1186 872//1187
f 827//1185 825//1185 871//1186
f 156//1188 872//1188 104//1188
f 156//1189 827//1189 872//1189
f 32//32 34//32 33//32
f 31//32 34//32 32//32
f 117//1190 165//1191 115//1192
f 165//1191 166//1193 115//1192
f 843//1194 148//1194 99//1194
f 843//1195 99//1195 873//1195
f 841//1196 873//1196 874//1197
f 841//1196 843//1196 873//1196
f 43//1198 874//1198 45//1198
f 43//1199 841//1199 874//1199
f 107//1004 109//1200 108//173
f 107//1004 33//996 109//1200
f 104//1004 33//996 107//1004
f 872//1017 33//146 104//171
f 870//1045 44//1201 869//156
f 873//1013 38//1202 872//1017
f 872//1017 38//1202 33//146
f 37//1132 38//1202 873//1013
f 38//1202 32//1039 33//146
f 868//172 866//191 867//1035
f 869//156 866//191 868//172
f 78//1203 77//1204 38//1202
f 866//191 864//985 865//179
f 32//1039 121//168 120//183
f 44//1201 864//985 869//156
f 38//1202 122//1205 32//1039
f 32//1039 122//1205 121//168
f 869//156 864//985 866//191
f 77//1204 122//1205 38//1202
f 77//1204 123//185 122//1205
f 99//1206 41//182 873//1013
f 100//197 41//182 99//1206
f 101//1207 41//182 100//197
f 102//171 41//182 101//1207
f 863//1004 49//151 862//1004
f 864//985 49//151 863//1004
f 44//1201 49//151 864//985
f 112//192 114//173 42//1208
f 117//988 115//1209 114//173
f 113//989 111//1210 115//1209
f 115//1209 111//1210 114//173
f 42//1208 37//1132 41//182
f 41//182 37//1132 873//1013
f 114//173 37//1132 42//1208
f 111//1210 37//1132 114//173
f 45//1133 76//1133 44//1133
f 44//1133 76//1133 49//153
f 874//185 871//998 45//1018
f 45//1018 871//998 76//153
f 873//1013 872//1017 874//185
f 874//185 872//1017 871//998
f 875//1211 876//1211 408//1212
f 877//1211 875//1211 408//1212
f 878//1213 408//1212 407//730
f 878//1213 877//1211 408//1212
f 879//1214 878//1213 407//730
f 880//1215 421//1216 422//1217
f 880//1215 422//1217 446//1211
f 881//1211 407//730 434//729
f 881//1211 879//1214 407//730
f 882//1218 411//1219 421//1216
f 882//1218 421//1216 880//1215
f 883//1211 434//729 435//731
f 883//1211 881//1211 434//729
f 884//1220 412//1220 411//1219
f 884//1220 411//1219 882//1218
f 885//1215 435//731 412//1220
f 885//1215 883//1211 435//731
f 885//1215 412//1220 884//1220
f 886//1221 887//1222 888//1223
f 888//1223 887//1222 889//1224
f 887//1222 890//1225 889//1224
f 889//1226 891//1227 892//1228
f 890//1229 891//1227 889//1226
f 891//1230 893//1231 892//1232
f 893//1231 894//1233 892//1232
f 892//1234 895//1235 896//1236
f 894//1237 895//1235 892//1234
f 895//1235 897//1238 896//1236
f 896//1239 898//1240 899//1241
f 897//1242 898//1242 896//1242
f 898//1240 900//1243 899//1241
f 901//1244 902//1245 903//1246
f 899//1247 904//1248 901//1249
f 900//1250 904//1248 899//1247
f 901//1244 905//1251 902//1245
f 904//1252 905//1252 901//1252
f 905//1251 906//1253 902//1245
f 811//1254 906//1255 907//1256
f 902//1257 906//1255 811//1254
f 831//1258 902//1257 811//1254
f 908//1259 852//1260 909//1260
f 910//1261 855//1262 852//1260
f 910//1261 852//1260 908//1259
f 910//1263 911//1264 912//1265
f 910//1263 908//1266 911//1264
f 911//1267 913//1268 914//1269
f 908//1266 913//1270 911//1264
f 913//1268 915//1268 914//1269
f 914//1271 916//1272 917//1273
f 915//1274 916//1272 914//1271
f 917//1275 918//1276 919//1277
f 916//1278 918//1278 917//1278
f 918//1276 920//1279 919//1277
f 920//1280 921//1281 919//1282
f 921//1281 922//1283 919//1282
f 919//1284 923//1285 924//1286
f 922//1287 923//1285 919//1284
f 923//1285 526//1288 924//1286
f 526//1289 502//1289 924//1289
f 924//1290 501//1291 925//1292
f 502//1293 501//1291 924//1290
f 501//1294 537//1294 925//1294
f 926//1295 927//1296 928//1297
f 928//1298 929//1298 930//1298
f 927//1296 929//1299 928//1297
f 930//1300 931//1300 932//1300
f 929//1301 931//1301 930//1301
f 932//1302 933//1303 934//1304
f 931//1305 933//1303 932//1302
f 934//1306 935//1307 936//1308
f 933//1309 935//1307 934//1306
f 936//1310 937//1311 764//1312
f 935//1313 937//1311 936//1310
f 937//1311 766//1314 764//1312
f 938//1315 875//1315 877//1315
f 938//1316 877//1317 939//1318
f 940//1319 938//1319 939//1319
f 941//1320 939//1321 942//1322
f 941//1323 940//1323 939//1323
f 943//1324 942//1325 944//1324
f 943//1326 941//1326 942//1326
f 945//1327 944//1327 946//1327
f 945//1328 943//1328 944//1328
f 947//1329 946//1329 948//1329
f 947//1330 945//1330 946//1330
f 949//1331 948//1331 950//1331
f 949//1332 947//1332 948//1332
f 802//1333 950//1334 775//1335
f 802//1333 949//1336 950//1334
f 951//1337 952//1337 953//1337
f 954//1338 955//1338 956//1338
f 951//1339 957//1339 952//1339
f 958//1340 789//1340 787//1340
f 954//1341 956//1341 959//1341
f 960//1342 776//1342 775//1342
f 960//1343 775//1343 950//1343
f 958//1344 961//1344 789//1344
f 962//1345 424//1346 414//1347
f 392//1348 391//1348 795//1348
f 960//1349 963//1349 776//1349
f 962//1350 446//1351 424//1352
f 962//1350 880//1353 446//1351
f 964//1354 965//1354 966//1354
f 964//1355 881//1356 883//1357
f 964//1358 966//1358 967//1358
f 962//1345 414//1347 968//1359
f 964//1355 883//1357 965//1360
f 969//1361 968//1362 957//1363
f 969//1361 957//1363 951//1364
f 970//1365 967//1365 955//1365
f 970//1366 955//1366 954//1366
f 971//1367 953//1367 961//1367
f 972//1368 950//1368 948//1368
f 971//1369 961//1369 958//1369
f 972//1370 960//1370 950//1370
f 972//1371 959//1371 963//1371
f 972//1372 963//1372 960//1372
f 973//1373 953//1373 971//1373
f 974//1374 948//1374 946//1374
f 973//1375 951//1375 953//1375
f 974//1376 946//1376 944//1376
f 974//1377 959//1377 972//1377
f 975//1378 882//1379 880//1380
f 974//1381 954//1381 959//1381
f 974//1382 972//1382 948//1382
f 975//1383 968//1384 969//1385
f 975//1383 962//1386 968//1384
f 975//1378 880//1380 962//1387
f 976//1388 879//1389 881//1390
f 976//1388 881//1390 964//1391
f 976//1392 964//1392 967//1392
f 976//1393 967//1393 970//1393
f 977//1394 944//1394 942//1394
f 978//1395 958//1395 787//1395
f 977//1396 954//1396 974//1396
f 977//1397 974//1397 944//1397
f 979//1398 951//1398 973//1398
f 977//1399 970//1399 954//1399
f 979//1400 969//1400 951//1400
f 980//1401 942//1322 939//1321
f 980//1402 878//1403 879//1404
f 981//1405 958//1405 978//1405
f 980//1406 976//1406 970//1406
f 980//1407 977//1407 942//1407
f 980//1408 970//1408 977//1408
f 980//1402 879//1404 976//1409
f 981//1410 971//1410 958//1410
f 980//1402 939//1411 878//1403
f 982//1412 971//1412 981//1412
f 982//1413 973//1413 971//1413
f 983//1414 784//1414 782//1414
f 983//1415 787//1415 784//1415
f 983//1416 978//1416 787//1416
f 984//1417 884//1418 882//1419
f 984//1420 969//1420 979//1420
f 984//1421 975//1421 969//1421
f 984//1417 882//1419 975//1422
f 985//1423 978//1423 983//1423
f 985//1424 981//1424 978//1424
f 986//1425 979//1425 973//1425
f 986//1426 973//1426 982//1426
f 987//1427 981//1427 985//1427
f 987//1428 982//1428 981//1428
f 988//1429 782//1429 779//1429
f 988//1430 983//1430 782//1430
f 989//1431 979//1431 986//1431
f 989//1432 885//1433 884//1434
f 989//1432 884//1434 984//1435
f 989//1436 984//1436 979//1436
f 956//1437 983//1437 988//1437
f 956//1438 985//1438 983//1438
f 966//1439 986//1439 982//1439
f 966//1440 982//1440 987//1440
f 877//1317 878//1441 939//1318
f 955//1442 987//1442 985//1442
f 990//1443 793//1443 791//1443
f 990//1444 795//1444 793//1444
f 990//1445 392//1445 795//1445
f 952//1446 405//1446 392//1446
f 955//1447 985//1447 956//1447
f 963//1448 779//1448 776//1448
f 952//1449 392//1449 990//1449
f 957//1450 414//1451 405//1452
f 963//1453 988//1453 779//1453
f 957//1454 405//1454 952//1454
f 965//1455 989//1455 986//1455
f 965//1456 986//1456 966//1456
f 965//1457 883//1458 885//1459
f 961//1460 791//1460 789//1460
f 965//1457 885//1459 989//1461
f 967//1462 966//1462 987//1462
f 961//1463 990//1463 791//1463
f 967//1464 987//1464 955//1464
f 968//1465 414//1451 957//1450
f 953//1466 990//1466 961//1466
f 959//1467 988//1467 963//1467
f 953//1468 952//1468 990//1468
f 959//1469 956//1469 988//1469
f 408//1470 876//1470 991//1470
f 385//1471 991//1471 992//1471
f 385//666 408//665 991//1472
f 386//1473 992//1473 993//1473
f 386//1474 993//1475 994//1476
f 386//1477 385//1477 992//1477
f 449//1478 994//1478 995//1478
f 449//1479 386//1474 994//1476
f 431//1480 995//1480 996//1480
f 431//1481 449//1481 995//1481
f 430//1482 996//1482 997//1482
f 430//1483 431//1483 996//1483
f 429//1484 997//1484 998//1484
f 429//1485 430//1485 997//1485
f 427//1486 998//1486 772//1486
f 427//1487 429//1487 998//1487
f 813//1488 999//1488 814//1488
f 814//1489 1000//1489 828//1489
f 999//1490 1000//1490 814//1490
f 828//1491 1001//1491 826//1491
f 1000//1492 1001//1492 828//1492
f 826//1493 1002//1493 821//1493
f 1001//1494 1002//1494 826//1494
f 821//1495 1003//1495 822//1495
f 1002//1496 1003//1496 821//1496
f 822//1497 1004//1497 823//1497
f 1003//1498 1004//1499 822//1500
f 823//1501 803//1502 804//1503
f 1004//1504 803//1502 823//1501
f 1005//1505 1006//1505 1007//1505
f 801//1506 803//1502 1004//1504
f 1006//1507 1008//1507 1000//1507
f 1000//1508 1008//1508 1001//1508
f 1009//1509 1010//1509 1005//1509
f 1001//1510 1010//1510 1002//1510
f 1008//1511 1010//1512 1001//1513
f 1005//1514 1010//1514 1006//1514
f 1006//1515 1010//1512 1008//1511
f 1002//1516 1011//1516 1003//1516
f 1010//1517 1011//1517 1002//1517
f 1009//1518 1011//1518 1010//1518
f 801//1519 1012//1520 802//1521
f 802//1522 1012//1522 1013//1522
f 1013//1523 1012//1523 1009//1523
f 1003//1498 1012//1524 1004//1499
f 1009//1525 1012//1525 1011//1525
f 1011//1526 1012//1526 1003//1526
f 1004//1527 1012//1520 801//1519
f 1013//1528 949//1528 802//1528
f 947//1529 1014//1529 945//1529
f 949//1530 1015//1530 947//1530
f 1013//1531 1015//1531 949//1531
f 1009//1532 1016//1532 1013//1532
f 1013//1533 1016//1533 1015//1533
f 1005//1534 1017//1534 1009//1534
f 1009//1535 1017//1535 1016//1535
f 1014//1536 1018//1536 1019//1536
f 1015//1537 1018//1537 947//1537
f 947//1538 1018//1538 1014//1538
f 1020//1539 1021//1540 1007//1541
f 1022//1542 1021//1542 1020//1542
f 1007//1543 1021//1543 1005//1543
f 1017//1544 1021//1544 1022//1544
f 1005//1545 1021//1545 1017//1545
f 1016//1546 1023//1546 1015//1546
f 1015//1547 1023//1547 1018//1547
f 1018//1548 1023//1548 1019//1548
f 1019//1549 1024//1549 1025//1549
f 1025//1550 1024//1550 1026//1550
f 1026//1551 1024//1551 1022//1551
f 1023//1552 1024//1552 1019//1552
f 1022//1553 1024//1553 1017//1553
f 1016//1554 1024//1554 1023//1554
f 1017//1555 1024//1555 1016//1555
f 1027//1556 1028//1556 1029//1556
f 1030//1557 1028//1557 1031//1557
f 1031//1558 1028//1558 1027//1558
f 561//1559 1032//1559 1033//1559
f 1034//1560 1032//1561 1035//1562
f 1033//1563 1032//1564 1036//1565
f 1036//1566 1032//1561 1034//1560
f 1035//1567 1037//1567 1038//1567
f 1038//1568 1037//1568 1039//1568
f 1040//1569 1041//1569 1042//1569
f 1028//1570 1041//1570 1040//1570
f 1039//1571 1041//1571 1030//1571
f 1030//1572 1041//1572 1028//1572
f 560//1573 1043//1574 561//1575
f 561//1575 1043//1574 1032//1576
f 1032//1577 1043//1578 1035//1579
f 1035//1579 1043//1578 1037//1580
f 1042//1581 1044//1581 1045//1581
f 1041//1582 1044//1583 1042//1583
f 1037//1584 1044//1585 1039//1586
f 1039//1586 1044//1585 1041//1587
f 1026//1588 1046//1588 1025//1588
f 1045//1589 1047//1590 567//1591
f 567//1591 1047//1590 565//1592
f 565//1593 1047//1594 560//1595
f 560//1595 1047//1594 1043//1596
f 1044//1597 1047//1597 1045//1597
f 1043//1598 1047//1599 1037//1600
f 1037//1600 1047//1599 1044//1601
f 938//1602 1029//1602 875//1602
f 945//1603 1048//1603 943//1603
f 1014//1604 1048//1604 945//1604
f 1019//1605 1048//1605 1014//1605
f 1019//1606 1049//1606 1048//1606
f 943//1607 1050//1607 941//1607
f 1048//1608 1050//1608 943//1608
f 1025//1609 1051//1609 1019//1609
f 1019//1610 1051//1610 1049//1610
f 1046//1611 1051//1611 1025//1611
f 1049//1612 1052//1612 1048//1612
f 1048//1613 1052//1613 1050//1613
f 941//1614 1031//1614 940//1614
f 1050//1615 1031//1615 941//1615
f 1046//1616 1034//1617 1051//1618
f 1051//1619 1038//1619 1049//1619
f 1049//1620 1038//1620 1052//1620
f 1050//1621 1030//1621 1031//1621
f 1052//1622 1030//1622 1050//1622
f 940//1623 1027//1623 938//1623
f 938//1624 1027//1624 1029//1624
f 1031//1625 1027//1625 940//1625
f 1033//1563 1036//1565 1046//1626
f 1046//1627 1036//1627 1034//1627
f 1051//1628 1035//1628 1038//1628
f 1034//1617 1035//1629 1051//1618
f 1038//1630 1039//1630 1052//1630
f 1052//1631 1039//1631 1030//1631
f 1029//1632 1028//1632 1040//1632
f 569//1633 1053//1634 567//1591
f 567//1591 1053//1634 1045//1589
f 1045//1635 1054//1635 1042//1636
f 1053//1635 1054//1635 1045//1635
f 1042//1637 1055//1637 1040//1638
f 1054//1638 1055//1637 1042//1637
f 1040//1639 1056//1640 1029//1639
f 1055//1641 1056//1640 1040//1639
f 1029//1642 876//1643 875//1642
f 1056//1644 876//1643 1029//1642
f 1057//1645 1058//1645 1059//1645
f 1060//1646 1061//1646 1062//1646
f 1059//1647 1061//1647 1063//1647
f 1064//1648 1061//1648 1060//1648
f 1063//1649 1061//1649 1064//1649
f 481//1650 1065//1651 572//1652
f 572//1653 1065//1654 1066//1655
f 1067//1656 1065//1657 1068//1658
f 1066//1659 1065//1657 1067//1656
f 1068//1660 1069//1660 1070//1660
f 1070//1661 1069//1661 1058//1661
f 1062//1662 1071//1662 1072//1662
f 1072//1663 1071//1663 1073//1663
f 1061//1664 1071//1664 1062//1664
f 1059//1665 1071//1665 1061//1665
f 1058//1666 1071//1666 1059//1666
f 1074//1667 1075//1667 481//1667
f 1069//1668 1075//1668 1074//1668
f 481//1650 1075//1669 1065//1651
f 1065//1670 1075//1671 1068//1672
f 1068//1672 1075//1671 1069//1673
f 1076//1674 1077//1675 1074//1676
f 1073//1677 1077//1677 1076//1677
f 1074//1678 1077//1678 1069//1678
f 1071//1679 1077//1679 1073//1679
f 1069//1680 1077//1680 1058//1680
f 1058//1681 1077//1681 1071//1681
f 569//1633 571//1682 1053//1634
f 994//1683 1060//1683 995//1683
f 1056//1684 1078//1684 876//1684
f 876//1685 1078//1685 991//1685
f 1055//1686 1079//1686 1056//1686
f 1056//1687 1079//1687 1078//1687
f 991//1688 1080//1688 992//1688
f 992//1689 1080//1689 993//1689
f 1078//1690 1080//1690 991//1690
f 1054//1691 1081//1691 1055//1691
f 1055//1692 1081//1692 1079//1692
f 1078//1693 1057//1693 1080//1693
f 1079//1694 1057//1694 1078//1694
f 993//1695 1063//1695 994//1695
f 1080//1696 1063//1696 993//1696
f 1053//1697 1067//1697 1054//1697
f 1054//1698 1067//1698 1081//1698
f 1081//1699 1070//1699 1079//1699
f 1079//1700 1070//1700 1057//1700
f 1080//1701 1059//1701 1063//1701
f 1057//1702 1059//1702 1080//1702
f 572//1653 1066//1655 571//1703
f 1053//1704 1066//1704 1067//1704
f 571//1682 1066//1705 1053//1634
f 994//1706 1064//1706 1060//1706
f 1063//1707 1064//1707 994//1707
f 1067//1708 1068//1709 1081//1710
f 1081//1710 1068//1709 1070//1711
f 1070//1712 1058//1712 1057//1712
f 998//1713 1082//1714 772//1715
f 995//1716 1083//1716 996//1716
f 996//1717 1083//1717 997//1717
f 1060//1718 1083//1718 995//1718
f 1062//1719 1084//1719 1060//1719
f 1072//1720 1084//1720 1062//1720
f 1060//1721 1084//1721 1083//1721
f 1072//1722 1085//1722 1084//1722
f 997//1723 1086//1723 998//1723
f 1083//1724 1086//1724 997//1724
f 998//1713 1086//1725 1082//1714
f 1087//1726 1088//1726 1073//1726
f 1089//1727 1088//1727 1087//1727
f 1073//1728 1088//1728 1072//1728
f 1072//1729 1088//1729 1085//1729
f 1082//1730 1090//1730 1091//1730
f 1084//1731 1090//1731 1083//1731
f 1083//1732 1090//1732 1086//1732
f 1086//1733 1090//1733 1082//1733
f 1091//1734 1092//1734 1093//1734
f 1090//1735 1092//1735 1091//1735
f 1084//1736 1092//1736 1090//1736
f 1085//1737 1092//1737 1084//1737
f 1093//1738 1094//1738 1095//1738
f 1095//1739 1094//1739 1089//1739
f 1088//1740 1094//1740 1085//1740
f 1089//1741 1094//1741 1088//1741
f 1092//1742 1094//1742 1093//1742
f 1085//1743 1094//1743 1092//1743
f 769//1744 768//1745 838//1746
f 838//1747 1096//1747 839//1747
f 768//1745 1096//1748 838//1746
f 839//1749 1097//1749 840//1749
f 1096//1750 1097//1751 839//1752
f 840//1753 1098//1753 842//1753
f 1097//1754 1098//1754 840//1754
f 842//1755 1099//1755 844//1755
f 1098//1756 1099//1757 842//1758
f 844//1759 1100//1759 845//1759
f 1099//1760 1100//1761 844//1762
f 845//1763 1101//1764 853//1765
f 1100//1766 1101//1766 845//1766
f 1095//1767 1102//1767 1093//1767
f 772//1768 1103//1769 771//1770
f 771//1770 1103//1769 768//1745
f 1096//1750 1103//1771 1097//1751
f 768//1745 1103//1769 1096//1748
f 1082//1772 1103//1769 772//1768
f 1091//1773 1104//1773 1082//1773
f 1082//1774 1104//1775 1103//1776
f 1103//1776 1104//1775 1097//1777
f 1098//1756 1105//1778 1099//1757
f 1097//1779 1105//1779 1098//1779
f 1093//1780 1105//1780 1091//1780
f 1104//1781 1105//1781 1097//1781
f 1091//1782 1105//1782 1104//1782
f 1099//1760 1106//1783 1100//1761
f 1100//1784 1106//1784 1102//1784
f 1102//1785 1106//1785 1093//1785
f 1093//1786 1106//1787 1105//1788
f 1105//1788 1106//1787 1099//1789
f 852//1790 1107//1790 909//1790
f 849//1791 1108//1792 1107//1791
f 849//1793 1107//1793 852//1793
f 851//1794 1109//1794 1108//1794
f 851//1795 1108//1795 849//1795
f 846//1796 1110//1796 1109//1796
f 846//1797 1109//1797 851//1797
f 848//1798 1111//1798 1110//1798
f 848//1799 1110//1799 846//1799
f 847//1800 1112//1800 1111//1800
f 847//1801 1111//1801 848//1801
f 850//1802 1101//1802 1112//1802
f 850//1803 1112//1803 847//1803
f 854//1804 1101//1804 850//1804
f 853//1765 1101//1764 854//1805
f 1113//1806 1114//1806 1115//1806
f 1116//1807 1113//1807 1117//1807
f 1116//1808 1117//1809 1118//1810
f 1116//1811 1119//1811 1114//1811
f 1116//1812 1114//1812 1113//1812
f 1120//1813 1121//1813 1101//1813
f 1120//1814 1118//1814 1121//1814
f 1120//1815 1101//1815 1122//1815
f 1120//1816 1116//1808 1118//1810
f 1120//1817 1122//1817 1119//1817
f 1120//1818 1119//1819 1116//1819
f 1123//1820 1124//1821 913//1822
f 1123//1823 1125//1823 1124//1823
f 1123//1824 1126//1825 1125//1826
f 1123//1827 1122//1827 1126//1827
f 1127//1828 1123//1820 913//1822
f 1127//1829 1122//1829 1123//1829
f 1128//1830 1122//1830 1127//1830
f 1128//1831 913//1831 1129//1831
f 1128//1832 1129//1832 1115//1832
f 1128//1833 1114//1834 1119//1835
f 1128//1836 1115//1836 1114//1836
f 1128//1833 1119//1835 1122//1837
f 1128//1838 1127//1838 913//1838
f 1130//1839 908//1840 909//1840
f 1131//1841 1130//1842 909//1843
f 1132//1844 909//1843 1107//1845
f 1132//1846 1107//1847 1108//1848
f 1132//1844 1131//1841 909//1843
f 1133//1849 1108//1850 1109//1851
f 1133//1852 1131//1853 1132//1846
f 1133//1852 1130//1854 1131//1853
f 1133//1852 1134//1855 1130//1854
f 1133//1852 1132//1846 1108//1848
f 1135//1856 1109//1857 1110//1858
f 1135//1859 1117//1860 1134//1861
f 1135//1859 1134//1861 1133//1849
f 1135//1856 1110//1858 1117//1862
f 1135//1859 1133//1849 1109//1851
f 1118//1863 1110//1863 1111//1863
f 1118//1864 1117//1864 1110//1864
f 1121//1865 1111//1866 1112//1865
f 1121//1867 1112//1867 1101//1867
f 1121//1868 1118//1868 1111//1868
f 1136//1869 1137//1869 1138//1869
f 1136//1870 1139//1870 1137//1870
f 1124//1871 1138//1872 915//1873
f 1124//1874 915//1874 913//1874
f 1124//1875 1136//1875 1138//1875
f 1125//1876 1136//1876 1124//1876
f 1140//1877 1141//1878 1139//1879
f 1140//1880 1100//1880 1141//1880
f 1140//1881 1139//1881 1136//1881
f 1126//1825 1136//1882 1125//1826
f 1126//1883 1140//1883 1136//1883
f 1122//1884 1101//1884 1100//1884
f 1122//1885 1100//1885 1140//1885
f 1122//1886 1140//1886 1126//1886
f 1129//1887 913//1887 908//1887
f 1129//1888 908//1888 1130//1888
f 1113//1889 1134//1861 1117//1860
f 1113//1890 1130//1890 1134//1890
f 1113//1891 1129//1891 1130//1891
f 1113//1892 1115//1892 1129//1892
f 1102//1893 1141//1893 1100//1893
f 916//1894 915//1873 1138//1872
f 1142//1895 1102//1896 1095//1897
f 1142//1898 1095//1899 1143//1900
f 1142//1895 1141//1901 1102//1896
f 1144//1902 1139//1879 1141//1878
f 1144//1903 1143//1904 1145//1905
f 1144//1906 1141//1907 1142//1908
f 1144//1906 1142//1908 1143//1909
f 1146//1910 1137//1910 1139//1910
f 1146//1911 1145//1911 1147//1911
f 1146//1912 1139//1912 1144//1912
f 1146//1913 1144//1913 1145//1913
f 1148//1914 1138//1914 1137//1914
f 1148//1915 1147//1916 918//1917
f 1148//1915 918//1917 916//1918
f 1148//1919 916//1919 1138//1919
f 1148//1920 1146//1920 1147//1920
f 1148//1921 1137//1921 1146//1921
f 855//1262 910//1261 912//1922
f 859//1923 1149//1923 1150//1923
f 859//1924 912//1925 1149//1925
f 859//1924 855//1926 912//1925
f 858//1927 1150//1927 1151//1927
f 858//1928 859//1928 1150//1928
f 861//1929 1151//1929 1152//1929
f 861//1930 858//1930 1151//1930
f 860//1931 1153//1932 1154//1933
f 860//1934 1152//1934 1153//1934
f 860//1935 861//1935 1152//1935
f 857//1936 1154//1936 1155//1936
f 857//1937 860//1931 1154//1933
f 856//1938 1155//1939 763//1940
f 856//1941 857//1941 1155//1941
f 762//1942 856//1938 763//1940
f 1089//1943 1143//1900 1095//1899
f 1156//1944 1089//1944 1087//1944
f 1157//1945 1145//1905 1143//1904
f 1157//1946 1089//1946 1156//1946
f 1157//1947 1143//1947 1089//1947
f 1158//1948 1147//1948 1145//1948
f 1158//1949 1145//1949 1157//1949
f 1159//1950 918//1950 1147//1950
f 1159//1951 920//1952 918//1953
f 1159//1951 921//1954 920//1952
f 1159//1955 1147//1955 1158//1955
f 1159//1956 1158//1956 921//1956
f 1160//1957 1087//1957 1073//1957
f 1160//1958 1073//1958 1161//1958
f 1160//1959 1156//1959 1087//1959
f 1162//1960 1161//1960 1163//1960
f 1162//1961 1156//1961 1160//1961
f 1162//1962 1160//1962 1161//1962
f 1162//1963 1157//1963 1156//1963
f 1164//1964 1165//1965 1166//1966
f 1164//1967 1163//1967 1165//1967
f 1164//1968 921//1968 1158//1968
f 1164//1969 1158//1969 1157//1969
f 1164//1970 1157//1970 1162//1970
f 1164//1971 1162//1971 1163//1971
f 1167//1972 1166//1973 922//1974
f 1167//1975 922//1975 921//1975
f 1167//1976 1164//1976 1166//1976
f 1167//1977 921//1977 1164//1977
f 1168//1978 914//1978 1169//1978
f 1170//1979 1171//1980 1172//1979
f 1170//1981 1172//1981 1173//1981
f 1170//1982 1174//1982 1171//1982
f 1170//1983 1175//1983 1174//1983
f 1176//1984 1168//1985 1175//1986
f 1176//1984 1175//1986 1170//1987
f 1177//1988 1176//1988 1170//1988
f 1177//1989 1173//1989 1178//1989
f 1177//1990 1170//1990 1173//1990
f 1177//1991 1178//1991 914//1991
f 1177//1992 914//1992 1168//1992
f 1177//1993 1168//1993 1176//1993
f 1179//1994 1172//1994 1171//1994
f 1179//1995 1173//1996 1172//1997
f 1179//1998 1180//1998 1181//1998
f 1179//1999 1182//1999 1180//1999
f 1179//2000 1171//2000 1182//2000
f 1183//2001 1179//2001 1181//2001
f 1184//2002 1181//2002 1185//2002
f 1184//2003 1183//2003 1181//2003
f 1184//2004 1185//2004 1186//2004
f 1184//2005 1186//2005 1187//2005
f 1188//2006 1187//2006 1186//2006
f 1188//2007 1189//2007 1187//2007
f 1190//2008 1186//2008 1191//2008
f 1190//2009 1191//2010 1192//2011
f 1190//2012 1188//2012 1186//2012
f 1193//2013 1190//2013 1192//2013
f 1193//2014 1194//2014 1195//2014
f 1196//2015 1192//2015 1197//2015
f 1196//2016 1193//2016 1192//2016
f 1198//2017 1199//2017 1200//2017
f 1198//2018 1200//2019 1194//2020
f 1198//2021 1196//2021 1197//2021
f 1198//2022 1194//2022 1193//2022
f 1198//2023 1193//2023 1196//2023
f 1198//2024 1197//2024 1199//2024
f 1201//2025 1202//2026 1203//2027
f 1201//2028 1203//2028 1204//2028
f 1201//2029 1205//2030 1202//2031
f 1206//2032 1201//2032 1204//2032
f 1206//2033 1205//2030 1201//2029
f 1207//2034 1204//2034 1208//2034
f 1207//2035 1209//2035 1205//2035
f 1207//2036 1205//2036 1206//2036
f 1207//2037 1206//2037 1204//2037
f 1207//2038 1208//2038 1210//2038
f 1207//2039 1210//2040 1209//2041
f 1211//2042 1212//2042 1213//2042
f 1211//2043 1214//2043 1212//2043
f 1215//2044 1216//2044 1217//2044
f 1215//2045 1214//2045 1211//2045
f 1215//2046 1218//2046 1214//2046
f 1215//2047 1219//2047 1218//2047
f 1215//2048 1220//2048 1216//2048
f 1215//2049 1217//2049 1219//2049
f 1221//2050 1215//2050 1211//2050
f 1221//2051 1220//2051 1215//2051
f 1221//2052 1211//2052 1213//2052
f 1222//2053 1213//2054 1223//2055
f 1222//2056 1169//2056 1220//2056
f 1222//2057 1223//2057 1169//2057
f 1222//2053 1221//2058 1213//2054
f 1222//2059 1220//2059 1221//2059
f 1224//2060 1169//2060 1223//2060
f 1224//2061 1223//2061 1225//2061
f 1226//2062 1224//2062 1225//2062
f 1226//2063 1169//2063 1224//2063
f 1227//2064 1225//2064 1174//2064
f 1227//2065 1174//2065 1175//2065
f 1227//2066 1168//2067 1169//2068
f 1227//2069 1175//1986 1168//1985
f 1227//2070 1226//2070 1225//2070
f 1227//2066 1169//2068 1226//2071
f 1228//2072 1173//1996 1179//1995
f 1228//2073 1178//2073 1173//2073
f 1228//2074 914//2074 1178//2074
f 1228//2075 1179//2075 1183//2075
f 1229//2076 1189//2076 1230//2076
f 1229//2077 911//2078 914//2079
f 1229//2080 1187//2081 1189//2082
f 1229//2083 1228//2083 1183//2083
f 1229//2084 1230//2084 911//2084
f 1229//2085 1183//2085 1184//2085
f 1229//2080 1184//2086 1187//2081
f 1229//2077 914//2079 1228//2087
f 1231//2088 1230//2088 1189//2088
f 1231//2089 912//2089 911//2089
f 1231//2090 1189//2090 1188//2090
f 1231//2091 1195//2091 912//2091
f 1231//2092 1188//2092 1190//2092
f 1231//2093 911//2093 1230//2093
f 1231//2094 1190//2094 1193//2094
f 1231//2095 1193//2095 1195//2095
f 1197//2096 1155//2096 1154//2096
f 1197//2097 1154//2097 1153//2097
f 1199//2098 1153//2098 1152//2098
f 1199//2099 1197//2100 1153//2100
f 1200//2101 1152//2101 1151//2101
f 1200//2102 1199//2102 1152//2102
f 1194//2103 1151//2103 1150//2103
f 1194//2020 1200//2019 1151//2104
f 1195//2105 1150//2105 1149//2105
f 1195//2106 1149//2106 912//2106
f 1195//2107 1194//2107 1150//2107
f 1232//2108 1233//2108 926//2108
f 1232//2109 1234//2109 1233//2109
f 1232//2110 1235//2110 1234//2110
f 1232//2111 1236//2111 1235//2111
f 1237//2112 1236//2112 1232//2112
f 1238//2113 926//2113 928//2113
f 1238//2114 1232//2114 926//2114
f 1239//2115 1232//2116 1238//2117
f 1240//2118 1241//2118 1236//2118
f 1240//2119 1236//2120 1237//2121
f 1242//2122 1237//2122 1232//2122
f 1242//2123 1232//2124 1239//2125
f 1243//2126 1237//2126 1242//2126
f 1243//2127 1240//2119 1237//2121
f 1244//2128 1245//2128 1246//2128
f 1244//2129 1247//2129 1245//2129
f 1244//2130 1208//2130 1247//2130
f 1244//2131 1246//2131 1248//2131
f 1249//2132 1208//2132 1244//2132
f 1249//2133 1244//2133 1248//2133
f 1249//2134 1210//2134 1208//2134
f 1209//2135 1250//2135 1251//2135
f 1209//2136 1248//2136 1250//2136
f 1209//2041 1210//2040 1249//2137
f 1209//2041 1249//2137 1248//2138
f 1252//2139 1248//2139 1246//2139
f 1253//2140 928//2141 930//2142
f 1253//2143 1246//2143 1245//2143
f 1253//2140 1245//2144 928//2141
f 1253//2145 1252//2145 1246//2145
f 1254//2146 1252//2146 1253//2146
f 1255//2147 1248//2148 1252//2149
f 1256//2150 1252//2151 1254//2152
f 1256//2153 1255//2147 1252//2149
f 1257//2154 1250//2154 1248//2154
f 1257//2155 1248//2156 1255//2157
f 1258//2158 1257//2155 1255//2157
f 1258//2159 1255//2159 1256//2159
f 1259//2160 930//2161 932//2162
f 1260//2163 1261//2163 1259//2163
f 1260//2164 1262//2165 1261//2166
f 1263//2167 1264//2167 1262//2167
f 1263//2168 1262//2169 1260//2170
f 1263//2168 1260//2170 1265//2171
f 1266//2172 1264//2173 1263//2174
f 1266//2172 1263//2174 1265//2175
f 1266//2176 1265//2176 1267//2176
f 1268//2177 1259//2160 932//2162
f 1268//2178 1260//2179 1259//2180
f 1269//2181 1265//2181 1260//2181
f 1269//2182 1260//2179 1268//2178
f 1270//2183 1269//2183 1268//2183
f 1271//2184 1265//2185 1269//2186
f 1272//2187 1269//2188 1270//2188
f 1272//2189 1271//2184 1269//2186
f 1273//2190 1265//2191 1271//2192
f 1273//2193 1267//2193 1265//2193
f 1273//2194 1274//2195 1267//2196
f 1275//2197 1271//2197 1272//2197
f 1275//2198 1273//2190 1271//2192
f 1276//2199 932//2199 934//2199
f 1276//2200 934//2200 1277//2200
f 1278//2201 1276//2201 1277//2201
f 1278//2202 1277//2202 1279//2202
f 1278//2203 1280//2204 1276//2205
f 1278//2206 1281//2207 1280//2208
f 1282//2209 1278//2210 1279//2211
f 1282//2209 1281//2212 1278//2210
f 1282//2213 1283//2213 1281//2213
f 1284//2214 1279//2215 1219//2216
f 1284//2217 1282//2218 1279//2219
f 1284//2217 1283//2220 1282//2218
f 1285//2221 1277//2221 934//2221
f 1286//2222 1279//2222 1277//2222
f 1286//2223 1277//2223 1285//2223
f 1212//2224 1286//2224 1285//2224
f 1214//2225 1286//2225 1212//2225
f 1218//2226 1279//2226 1286//2226
f 1218//2227 1219//2216 1279//2215
f 1218//2228 1286//2228 1214//2228
f 1287//2229 934//2229 936//2229
f 1287//2230 936//2230 1288//2230
f 1289//2231 1223//2231 1287//2231
f 1225//2232 1223//2232 1289//2232
f 1290//2233 1225//2233 1289//2234
f 1290//2235 1288//2235 1182//2235
f 1290//2236 1287//2236 1288//2236
f 1290//2237 1289//2238 1287//2238
f 1290//2239 1182//2240 1171//2239
f 1174//2241 1225//2241 1290//2241
f 1174//2242 1290//2242 1171//2242
f 1180//2243 1182//2243 1288//2243
f 1180//2244 1288//2244 936//2244
f 1181//2245 1180//2245 936//2245
f 1185//2246 1181//2246 936//2246
f 1191//2247 763//2247 1155//2247
f 1191//2248 1185//2249 936//2250
f 1191//2251 1186//2251 1185//2251
f 1191//2248 936//2250 764//2252
f 1191//2253 764//2253 763//2253
f 1192//2254 1191//2255 1155//2256
f 1192//2254 1155//2256 1197//2257
f 1291//2258 1292//2258 1293//2258
f 1291//2259 925//2259 1292//2259
f 1294//2260 1293//2260 1241//2260
f 1294//2261 925//2261 1291//2261
f 1294//2262 1291//2262 1293//2262
f 1294//2263 1241//2263 1240//2263
f 1295//2264 1294//2264 1240//2264
f 1295//2265 1240//2265 1243//2265
f 1296//2266 1238//2267 928//2268
f 1296//2269 1239//2115 1238//2117
f 1296//2270 1242//2123 1239//2125
f 1296//2271 1243//2271 1242//2271
f 1296//2272 1202//2272 1243//2272
f 1297//2273 924//2274 925//2275
f 1297//2276 1295//2276 1243//2276
f 1297//2273 925//2275 1294//2277
f 1297//2278 1294//2278 1295//2278
f 1297//2279 1243//2279 1202//2279
f 1203//2027 1202//2026 1296//2280
f 1203//2281 1296//2266 928//2268
f 1204//2282 1203//2282 928//2282
f 1204//2283 1245//2283 1247//2283
f 1204//2284 1247//2284 1208//2284
f 1204//2285 928//2285 1245//2285
f 1205//2286 1298//2286 924//2286
f 1205//2287 1297//2287 1202//2287
f 1205//2288 924//2288 1297//2288
f 1205//2289 1251//2289 1298//2289
f 1205//2290 1209//2290 1251//2290
f 1299//2291 924//2291 1298//2291
f 1299//2292 1251//2292 1250//2292
f 1299//2293 1298//2293 1251//2293
f 1299//2294 1250//2294 1257//2294
f 1300//2295 1301//2295 1258//2295
f 1300//2296 1258//2296 1256//2296
f 1300//2297 1253//2297 930//2297
f 1300//2298 1256//2150 1254//2152
f 1300//2299 1254//2299 1253//2299
f 1302//2300 1257//2300 1258//2300
f 1302//2301 1258//2301 1301//2301
f 1302//2302 1299//2302 1257//2302
f 1303//2303 1300//2304 930//2305
f 1303//2306 1301//2307 1300//2308
f 1304//2309 1299//2309 1302//2309
f 1304//2310 924//2311 1299//2312
f 1304//2313 1302//2313 1301//2313
f 1305//2314 1262//2314 1264//2314
f 1305//2315 1259//2315 1261//2315
f 1305//2316 1261//2166 1262//2165
f 1305//2317 1264//2317 1301//2317
f 1305//2318 1301//2307 1303//2306
f 1305//2319 1303//2303 930//2305
f 1305//2320 930//2320 1259//2320
f 1306//2321 1301//2321 1264//2321
f 1306//2322 1264//2322 1266//2322
f 1307//2323 919//2324 924//2311
f 1307//2323 924//2311 1304//2310
f 1307//2325 1304//2325 1301//2325
f 1307//2326 1301//2326 1306//2326
f 1308//2327 1266//2327 1267//2327
f 1308//2328 1306//2328 1266//2328
f 1308//2329 919//2324 1307//2323
f 1308//2330 1307//2330 1306//2330
f 1308//2331 1267//2331 1274//2331
f 1309//2332 1310//2332 919//2332
f 1309//2333 1274//2333 1310//2333
f 1309//2334 919//2334 1308//2334
f 1309//2335 1308//2335 1274//2335
f 1311//2336 1272//2336 1270//2336
f 1311//2337 1270//2337 1268//2337
f 1311//2338 1312//2338 1275//2338
f 1311//2339 1275//2339 1272//2339
f 1311//2340 1268//2340 932//2340
f 1313//2341 1312//2341 1311//2341
f 1313//2342 1311//2342 932//2342
f 1314//2343 1276//2205 1280//2204
f 1314//2344 1280//2208 1281//2207
f 1314//2345 1281//2345 1283//2345
f 1314//2346 1283//2346 1312//2346
f 1314//2347 932//2348 1276//2349
f 1314//2350 1312//2350 1313//2350
f 1314//2347 1313//2351 932//2348
f 1315//2352 1273//2352 1275//2352
f 1315//2353 1275//2353 1312//2353
f 1315//2354 1274//2195 1273//2194
f 1315//2355 919//2355 1310//2355
f 1315//2356 1310//2356 1274//2356
f 1316//2357 1283//2357 1284//2357
f 1317//2358 917//2359 919//2360
f 1317//2358 919//2360 1315//2361
f 1317//2362 1312//2362 1283//2362
f 1317//2363 1283//2363 1316//2363
f 1317//2364 1315//2364 1312//2364
f 1318//2365 917//2359 1317//2358
f 1318//2366 1284//2366 1219//2366
f 1318//2367 1316//2367 1284//2367
f 1318//2368 1219//2368 1217//2368
f 1318//2369 1317//2369 1316//2369
f 1319//2370 917//2370 1318//2370
f 1319//2371 1320//2371 917//2371
f 1319//2372 1217//2372 1320//2372
f 1319//2373 1318//2373 1217//2373
f 1213//2374 934//2374 1287//2374
f 1213//2375 1212//2375 1285//2375
f 1213//2376 1285//2376 934//2376
f 1213//2377 1287//2377 1223//2377
f 1216//2378 917//2378 1320//2378
f 1216//2379 1320//2379 1217//2379
f 1220//2380 917//2380 1216//2380
f 1169//2381 917//2381 1220//2381
f 1169//2382 914//2382 917//2382
f 1321//2383 805//2384 811//2385
f 1321//2383 811//2385 907//2386
f 1322//2387 806//2387 805//2387
f 1322//2388 805//2388 1321//2388
f 1323//2389 807//2389 806//2389
f 1323//2390 806//2390 1322//2390
f 1324//2391 812//2391 807//2391
f 1324//2392 807//2392 1323//2392
f 1325//2393 809//2393 812//2393
f 1325//2394 812//2394 1324//2394
f 1326//2395 810//2395 809//2395
f 1326//2396 809//2396 1325//2396
f 999//2397 808//2398 810//2399
f 999//2400 813//2400 808//2400
f 999//2397 810//2399 1326//2401
f 1076//2402 1161//2402 1073//2402
f 480//2403 1074//2403 481//2403
f 526//2404 923//2404 527//2404
f 1327//2405 1076//1674 1074//1676
f 1327//2406 1074//2406 480//2406
f 1328//2407 1163//2407 1161//2407
f 1328//2408 480//2408 505//2408
f 1328//2409 1161//2409 1076//2409
f 1328//2410 1076//2411 1327//2412
f 1328//2410 1327//2412 480//2413
f 1329//2414 1165//2414 1163//2414
f 1329//2415 516//2415 524//2415
f 1329//2416 505//2416 516//2416
f 1329//2417 1328//2417 505//2417
f 1329//2418 1163//2418 1328//2418
f 1330//2419 524//2420 528//2419
f 1330//2421 1329//2421 524//2421
f 1330//2422 1165//2422 1329//2422
f 1331//2423 922//1974 1166//1973
f 1331//2424 1166//1966 1165//1965
f 1331//2425 528//2425 527//2425
f 1331//2426 923//2426 922//2426
f 1331//2427 1330//2427 528//2427
f 1331//2428 1165//2428 1330//2428
f 1331//2429 527//2429 923//2429
f 1332//2430 1333//2430 1334//2430
f 1335//2431 1336//2431 1337//2431
f 1335//2432 1337//2432 1338//2432
f 1292//2433 925//2433 1339//2433
f 1340//2434 1234//2434 1235//2434
f 1341//2435 1342//2435 1343//2435
f 1341//2436 1344//2436 1342//2436
f 1341//2437 1334//2437 1344//2437
f 1341//2438 1332//2438 1334//2438
f 1345//2439 1335//2439 1338//2439
f 1345//2440 1338//2440 1332//2440
f 1346//2441 1235//2442 1336//2443
f 1346//2444 1340//2444 1235//2444
f 1346//2441 1336//2443 1335//2445
f 1347//2446 1332//2446 1341//2446
f 1347//2447 1345//2447 1332//2447
f 1348//2448 1335//2448 1345//2448
f 1348//2449 1346//2450 1335//2450
f 1349//2451 1350//2452 1351//2453
f 1349//2454 1343//2454 1350//2454
f 1349//2455 1341//2455 1343//2455
f 1349//2456 1347//2456 1341//2456
f 1352//2457 1345//2457 1347//2457
f 1352//2458 1348//2458 1345//2458
f 1353//2459 1351//2460 1354//2461
f 1353//2462 1349//2462 1351//2462
f 1353//2463 1347//2463 1349//2463
f 1353//2464 1352//2464 1347//2464
f 1355//2465 1233//2465 1234//2465
f 1355//2466 1356//2466 1233//2466
f 1355//2467 1234//2467 1340//2467
f 1355//2468 1340//2468 1346//2468
f 1233//2469 1357//2469 926//2469
f 1355//2470 1346//2470 1348//2470
f 1233//2471 1358//2471 1357//2471
f 1233//2472 1356//2472 1358//2472
f 1359//2473 1355//2473 1348//2473
f 1359//2474 1356//2475 1355//2475
f 1360//2476 1359//2476 1348//2476
f 1360//2477 1356//2477 1359//2478
f 1360//2479 1348//2479 1352//2479
f 1361//2480 1352//2480 1353//2480
f 1361//2481 1356//2482 1360//2483
f 1362//2484 1363//2484 752//2484
f 1361//2485 1360//2485 1352//2485
f 1364//2486 1354//2486 1356//2486
f 1364//2487 1356//2482 1361//2481
f 1364//2488 1353//2488 1354//2488
f 1364//2489 1361//2489 1353//2489
f 1365//2490 1293//2490 1292//2490
f 1365//2491 1339//2491 1366//2491
f 1365//2492 1292//2492 1339//2492
f 1333//2493 1367//2493 1368//2493
f 1333//2494 1366//2494 1367//2494
f 1333//2495 1365//2495 1366//2495
f 1337//2496 1241//2496 1293//2496
f 1337//2497 1293//2497 1365//2497
f 1334//2498 1368//2498 1369//2498
f 1334//2499 1333//2499 1368//2499
f 1338//2500 1337//2500 1365//2500
f 1338//2501 1365//2501 1333//2501
f 1336//2502 1235//2502 1236//2502
f 1336//2503 1236//2504 1241//2505
f 1336//2503 1241//2505 1337//2506
f 1344//2507 1362//2507 1342//2507
f 1344//2508 1369//2508 1363//2508
f 1344//2509 1334//2509 1369//2509
f 1344//2510 1363//2510 1362//2510
f 1332//2511 1338//2511 1333//2511
f 903//2512 831//2512 833//2512
f 903//2513 902//1257 831//1258
f 1370//2514 833//2514 832//2514
f 1370//2515 903//2515 833//2515
f 1371//2516 832//2516 834//2516
f 1371//2517 1370//2517 832//2517
f 1372//2518 834//2518 835//2518
f 1372//2519 1371//2519 834//2519
f 1373//2520 1372//2521 835//2521
f 1374//2522 835//2523 836//2524
f 1374//2522 1373//2525 835//2523
f 1375//2526 836//2526 837//2526
f 1375//2527 1374//2527 836//2527
f 1376//2528 837//2528 765//2528
f 1376//2529 1375//2530 837//2529
f 767//2531 1376//2531 765//2531
f 1377//2532 1378//2532 1379//2532
f 1377//2533 1380//2533 1378//2533
f 1377//2534 1381//2534 1380//2534
f 1377//2535 1382//2535 1381//2535
f 1377//2536 1383//2536 1382//2536
f 1377//2537 1379//2537 1384//2537
f 1377//2538 1384//2538 1383//2538
f 1385//2539 1386//2539 1387//2539
f 1385//2540 905//2541 1388//2542
f 1385//2543 1389//2544 1386//2545
f 1385//2546 1388//2546 1389//2546
f 1390//2547 1385//2547 1387//2547
f 1390//2548 905//2541 1385//2540
f 1391//2549 1384//2549 905//2549
f 1391//2550 905//2550 1390//2550
f 1391//2551 1387//2552 1392//2553
f 1391//2554 1390//2554 1387//2554
f 1391//2551 1392//2553 1382//2555
f 1391//2556 1382//2556 1383//2556
f 1391//2557 1383//2557 1384//2557
f 1393//2558 1325//2558 1324//2558
f 1380//2559 1393//2559 1324//2559
f 1394//2560 1324//2561 1323//2562
f 1394//2560 1380//2563 1324//2561
f 1395//2564 1323//2565 1322//2566
f 1395//2564 1380//2567 1394//2568
f 1395//2564 1378//2569 1380//2567
f 1395//2564 1394//2568 1323//2565
f 1379//2570 907//2571 906//2570
f 1396//2572 1379//2573 1378//2574
f 1396//2575 907//2576 1379//2577
f 1396//2572 1378//2574 1395//2578
f 1397//2579 1322//2580 1321//2581
f 1397//2582 1321//2583 907//2576
f 1397//2582 907//2576 1396//2575
f 1397//2579 1395//2578 1322//2580
f 1397//2579 1396//2572 1395//2578
f 1398//2584 1399//2584 1000//2584
f 1398//2585 1400//2586 1399//2587
f 1401//2588 1402//2588 1400//2588
f 1401//2589 1403//2589 1402//2589
f 1401//2590 1400//2590 1398//2590
f 1386//2591 1401//2591 1398//2591
f 1389//2544 1401//2592 1386//2545
f 1388//2593 905//2593 904//2593
f 1388//2594 904//2595 1403//2596
f 1388//2597 1403//2597 1401//2597
f 1388//2598 1401//2598 1389//2598
f 1387//2599 1000//2599 999//2599
f 1387//2600 1398//2600 1000//2600
f 1387//2601 1386//2601 1398//2601
f 1404//2602 999//2602 1326//2602
f 1404//2603 1326//2603 1325//2603
f 1404//2604 1325//2604 1393//2604
f 1404//2605 1387//2605 999//2605
f 1404//2606 1392//2607 1387//2608
f 1381//2609 1393//2609 1380//2609
f 1381//2610 1404//2610 1393//2610
f 1381//2611 1392//2607 1404//2606
f 1381//2612 1382//2612 1392//2612
f 1384//2613 906//2613 905//2613
f 1384//2614 1379//2614 906//2614
f 1405//2615 752//2616 1363//2617
f 1405//2615 745//2618 752//2616
f 1406//2619 1363//2620 1369//2621
f 1406//2619 1405//2622 1363//2620
f 1407//2623 1369//2623 1368//2624
f 1407//2623 1406//2625 1369//2623
f 1408//2626 1368//2627 1367//2628
f 1408//2626 1407//2629 1368//2627
f 1409//2630 1367//2631 1366//2632
f 1409//2630 1408//2633 1367//2631
f 1410//2634 1366//2635 1339//2634
f 1410//2634 1409//2636 1366//2635
f 537//2637 1339//2638 925//2639
f 537//2637 1410//2637 1339//2638
f 1411//1295 927//1296 926//1295
f 1411//1295 926//1295 1357//1295
f 1412//2640 1357//2641 1358//2640
f 1412//2640 1411//2642 1357//2641
f 1413//2643 1358//2643 1356//2644
f 1413//2643 1412//2643 1358//2643
f 1414//2645 1356//2646 1354//2645
f 1414//2645 1413//2647 1356//2646
f 1415//2648 1354//2461 1351//2460
f 1415//2648 1414//2649 1354//2461
f 1416//2650 1351//2453 1350//2452
f 1416//2650 1415//2651 1351//2453
f 1417//2652 1350//2652 1343//2653
f 1417//2652 1416//2652 1350//2652
f 1418//2654 1343//2655 1342//2655
f 1418//2654 1417//2655 1343//2655
f 316//2656 1362//2657 752//2658
f 1419//2659 1342//2660 1362//2660
f 1419//2659 1418//2661 1342//2660
f 1419//2662 1362//2657 316//2656
f 328//2663 1419//2662 316//2656
f 761//2664 1419//2662 328//2663
f 1420//2665 1421//2665 1422//2665
f 1420//2666 892//2667 1423//2668
f 1420//2669 1424//2669 1425//2669
f 1420//2670 1425//2670 1426//2670
f 1420//2671 1423//2672 1424//2673
f 1420//2674 1426//2675 1421//2676
f 1420//2677 1422//2677 892//2677
f 1427//2678 929//2678 1428//2678
f 1427//2679 1429//2680 1430//2681
f 1427//2682 1431//2682 929//2682
f 1427//2683 1428//2683 1429//2683
f 1432//2684 1433//2685 1431//2686
f 1432//2687 1431//2687 1427//2687
f 1432//2688 1427//2679 1430//2681
f 1434//2689 1435//2689 1433//2689
f 1434//2690 1433//2685 1432//2684
f 1434//2690 1432//2684 1430//2691
f 1434//2692 1430//2692 1436//2692
f 1434//2693 1436//2693 1435//2693
f 1437//2694 1428//2694 929//2694
f 1437//2695 1430//2696 1429//2697
f 1437//2698 1429//2698 1428//2698
f 1438//2699 1430//2696 1437//2695
f 1438//2700 1436//2700 1430//2700
f 1438//2701 1439//2701 1436//2701
f 1440//2702 1438//2699 1437//2695
f 1441//2703 1438//2704 1440//2705
f 1441//2706 1439//2706 1438//2706
f 1442//2707 929//2707 927//2707
f 1442//2708 1440//2708 1437//2708
f 1442//2709 1441//2703 1440//2705
f 1442//2710 1437//2710 929//2710
f 1443//2711 889//2711 1444//2711
f 1443//2712 1445//2713 889//2714
f 1443//2715 1446//2716 1445//2717
f 1447//2718 1442//2718 927//2718
f 1448//2719 1449//2720 1447//2721
f 1450//2722 1451//2722 1452//2722
f 1450//2723 1453//2723 1451//2723
f 1450//2724 927//2724 1453//2724
f 1450//2725 1447//2725 927//2725
f 1450//2726 1448//2726 1447//2726
f 1454//2727 1449//2727 1448//2727
f 1455//2728 1452//2729 1456//2730
f 1455//2731 1450//2731 1452//2731
f 1455//2732 1448//2732 1450//2732
f 1455//2733 1454//2733 1448//2733
f 1457//2734 1456//2734 1458//2734
f 1457//2735 1455//2735 1456//2735
f 1457//2736 1458//2736 1459//2736
f 1457//2737 1449//2737 1454//2737
f 1457//2738 1459//2738 1449//2738
f 1457//2739 1454//2739 1455//2739
f 1460//2740 937//2741 935//2742
f 1460//2743 1461//2744 1462//2745
f 1460//2746 1463//2746 1461//2746
f 1460//2747 1464//2747 1465//2747
f 1460//2748 1466//2748 1464//2748
f 1460//2743 1462//2745 1466//2749
f 1460//2750 1465//2750 937//2750
f 1467//2751 1468//2751 1469//2751
f 1467//2752 1470//2753 1471//2754
f 1467//2755 935//2755 1468//2755
f 1467//2756 1463//2756 1460//2756
f 1467//2757 1471//2757 1463//2757
f 1467//2758 1460//2740 935//2742
f 1467//2759 1469//2759 1470//2759
f 1472//2760 1473//2761 1474//2762
f 1472//2763 1475//2763 1476//2763
f 1472//2764 1476//2764 1477//2764
f 1472//2765 1477//2766 1473//2767
f 1478//2768 1475//2768 1472//2768
f 1478//2769 1472//2760 1474//2762
f 1479//2770 1475//2770 1478//2770
f 1479//2771 1478//2771 1474//2771
f 1480//2772 1374//2772 1375//2772
f 1479//2773 1474//2773 1481//2773
f 1480//2774 1375//2774 1376//2774
f 1479//2775 1481//2775 1475//2775
f 1482//2776 1481//2776 1483//2776
f 1482//2777 1484//2778 1481//2779
f 1485//2780 1373//2780 1374//2780
f 1485//2781 1374//2781 1480//2781
f 1486//2782 1487//2782 1488//2782
f 1486//2783 1488//2783 1489//2783
f 1486//2784 1482//2784 1483//2784
f 1486//2785 1484//2785 1482//2785
f 1490//2786 1372//2787 1373//2787
f 1486//2788 1489//2788 1491//2788
f 1486//2789 1483//2789 1487//2789
f 1486//2790 1491//2790 1484//2790
f 1492//2791 1493//2791 1494//2791
f 1490//2792 1373//2792 1485//2792
f 1492//2793 1444//2793 1493//2793
f 1492//2794 1494//2794 1439//2794
f 1492//2795 1439//2795 1441//2795
f 1495//2796 1371//2796 1372//2796
f 1492//2797 1443//2797 1444//2797
f 1495//2798 1372//2798 1490//2798
f 1496//2799 1492//2799 1441//2799
f 1496//2800 1443//2800 1492//2800
f 1497//2801 903//2801 1370//2801
f 1497//2802 1370//2802 1371//2802
f 1498//2803 1442//2803 1446//2803
f 1498//2804 1496//2804 1441//2804
f 1497//2805 1371//2805 1495//2805
f 1498//2806 1443//2715 1496//2807
f 1498//2808 1441//2808 1442//2808
f 1465//2809 767//2809 766//2809
f 1498//2806 1446//2716 1443//2715
f 1499//2810 1446//2810 1442//2810
f 1465//2811 766//2811 937//2811
f 1499//2812 1500//2812 1446//2812
f 1501//2813 1500//2813 1499//2813
f 1501//2814 1499//2814 1442//2814
f 1464//2815 1376//2815 767//2815
f 1502//2816 1459//2816 1500//2816
f 1502//2817 1500//2817 1501//2817
f 1464//2818 1480//2818 1376//2818
f 1502//2819 1501//2820 1442//2821
f 1502//2819 1442//2821 1447//2822
f 1502//2823 1447//2721 1449//2720
f 1502//2824 1449//2824 1459//2824
f 1464//2825 767//2825 1465//2825
f 1466//2826 1480//2826 1464//2826
f 1462//2827 1480//2828 1466//2829
f 1462//2827 1485//2830 1480//2828
f 1503//2831 1490//2832 1485//2833
f 1503//2831 1485//2833 1462//2834
f 1504//2835 1495//2836 1490//2837
f 1504//2835 1490//2837 1503//2838
f 1505//2839 901//2839 903//2839
f 1505//2840 1495//2841 1504//2842
f 1505//2843 903//2843 1497//2843
f 1505//2840 1497//2844 1495//2841
f 1506//2845 896//2845 899//2845
f 1507//2846 892//2846 896//2846
f 1508//2847 889//2847 892//2847
f 1509//2848 901//2848 1505//2848
f 1509//2849 1505//2849 1504//2849
f 1510//2850 901//2850 1509//2850
f 1511//2851 1512//2851 1513//2851
f 1511//2852 1513//2852 1514//2852
f 1511//2853 1514//2854 901//2855
f 1511//2853 901//2855 1510//2856
f 1515//2857 1513//2857 1512//2857
f 1515//2858 1514//2858 1513//2858
f 1515//2859 1512//2859 1476//2859
f 1475//2860 1515//2860 1476//2860
f 1516//2861 1515//2861 1475//2861
f 1517//2862 901//2862 1514//2862
f 1517//2863 899//2863 901//2863
f 1517//2864 1514//2864 1515//2864
f 1517//2865 1515//2865 1516//2865
f 1481//2866 1516//2866 1475//2866
f 1481//2867 1517//2867 1516//2867
f 1487//2868 1518//2869 1519//2870
f 1520//2871 1488//2871 1487//2871
f 1520//2872 1489//2872 1488//2872
f 1520//2873 1487//2873 1519//2873
f 1520//2874 1519//2874 1521//2874
f 1491//2875 1520//2875 1521//2875
f 1491//2876 1489//2876 1520//2876
f 1491//2877 1506//2877 899//2877
f 1491//2878 1521//2879 1506//2880
f 1522//2881 1519//2870 1518//2869
f 1523//2882 1519//2883 1522//2884
f 1524//2885 1521//2886 1519//2885
f 1524//2887 1506//2880 1521//2879
f 1524//2888 1519//2888 1523//2888
f 1525//2889 1523//2882 1522//2884
f 1526//2890 1523//2890 1525//2890
f 1526//2891 1524//2891 1523//2891
f 1527//2892 1524//2893 1526//2894
f 1528//2895 1506//2895 1524//2895
f 1528//2896 896//2897 1506//2898
f 1528//2899 1524//2899 1527//2899
f 1529//2900 1530//2900 1531//2900
f 1532//2901 1529//2902 1531//2903
f 1532//2904 1533//2904 1534//2904
f 1532//2901 1534//2905 1529//2902
f 1535//2906 1536//2907 1533//2908
f 1535//2909 1532//2910 1531//2911
f 1535//2909 1533//2912 1532//2910
f 1535//2913 1531//2913 1537//2913
f 1535//2914 1537//2914 1507//2914
f 1538//2915 1507//2915 896//2915
f 1538//2916 1536//2916 1535//2916
f 1538//2917 1535//2917 1507//2917
f 1539//2918 1531//2918 1530//2918
f 1540//2919 1531//2920 1539//2921
f 1541//2922 1531//2923 1540//2924
f 1541//2925 1537//2925 1531//2925
f 1541//2926 1507//2926 1537//2926
f 1542//2927 1540//2919 1539//2921
f 1543//2928 1540//2928 1542//2928
f 1543//2929 1541//2922 1540//2924
f 1544//2930 1541//2931 1543//2932
f 1545//2933 892//2933 1507//2933
f 1545//2934 1507//2934 1541//2934
f 1545//2935 1541//2935 1544//2935
f 1435//2936 1436//2936 1546//2936
f 1547//2937 1425//2938 1435//2939
f 1547//2940 1426//2940 1425//2940
f 1547//2937 1435//2939 1546//2941
f 1422//2942 1508//2942 892//2942
f 1548//2943 1422//2943 1421//2943
f 1548//2944 1508//2944 1422//2944
f 1548//2945 1546//2945 1549//2945
f 1548//2946 1549//2946 1508//2946
f 1548//2947 1421//2676 1426//2675
f 1548//2948 1547//2949 1546//2950
f 1548//2948 1426//2951 1547//2949
f 1439//2952 1546//2952 1436//2952
f 1550//2953 1546//2953 1439//2953
f 1550//2954 1549//2954 1546//2954
f 1550//2955 1508//2955 1549//2955
f 1494//2956 1550//2956 1439//2956
f 1493//2957 1550//2957 1494//2957
f 1444//2958 1508//2958 1550//2958
f 1444//2959 1550//2959 1493//2959
f 1444//2960 889//2960 1508//2960
f 1551//2961 1446//2961 1500//2961
f 1445//2713 888//2962 889//2714
f 1445//2963 1446//2963 1551//2963
f 1552//2964 1553//2965 888//2965
f 1552//2966 1554//2966 1553//2966
f 1552//2967 1458//2967 1554//2967
f 1552//2968 1500//2968 1459//2968
f 1552//2969 1551//2970 1500//2969
f 1552//2971 1445//2971 1551//2971
f 1552//2972 888//2972 1445//2972
f 1552//2973 1459//2973 1458//2973
f 1461//2974 1510//2974 1509//2974
f 1461//2975 1509//2976 1504//2977
f 1461//2975 1504//2977 1503//2978
f 1461//2979 1503//2979 1462//2979
f 1463//2980 1510//2980 1461//2980
f 1471//2754 1470//2753 1555//2981
f 1471//2982 1510//2982 1463//2982
f 1471//2983 1512//2983 1511//2983
f 1471//2984 1511//2984 1510//2984
f 1471//2985 1555//2985 1512//2985
f 1556//2986 1469//2986 1468//2986
f 1556//2987 1468//2987 935//2987
f 1556//2988 1470//2988 1469//2988
f 1557//2989 1555//2989 1470//2989
f 1557//2990 1470//2990 1556//2990
f 1558//2991 1557//2991 1556//2991
f 1559//2992 1557//2992 1558//2992
f 1560//2993 1555//2993 1557//2993
f 1560//2994 1557//2994 1559//2994
f 1560//2995 1476//2995 1512//2995
f 1560//2996 1512//2996 1555//2996
f 1473//2997 1556//2997 935//2997
f 1473//2998 1558//2998 1556//2998
f 1477//2999 1559//2999 1558//2999
f 1477//3000 1560//3000 1559//3000
f 1477//3001 1476//3001 1560//3001
f 1477//2766 1558//3002 1473//2767
f 1474//3003 935//3003 933//3003
f 1474//3004 1473//3004 935//3004
f 1483//3005 1481//3005 1474//3005
f 1483//3006 1474//3007 1561//3008
f 1562//3009 1563//3009 1564//3009
f 1562//3010 1564//3011 1565//3012
f 1562//3013 933//3013 1563//3013
f 1562//3014 1474//3014 933//3014
f 1562//3015 1561//3015 1474//3015
f 1566//3016 1562//3010 1565//3012
f 1566//3017 1565//3017 1518//3017
f 1566//3018 1487//3018 1483//3018
f 1566//3019 1483//3006 1561//3008
f 1566//3016 1561//3020 1562//3010
f 1566//3021 1518//3021 1487//3021
f 1484//2778 1517//3022 1481//2779
f 1484//3023 1491//3023 899//3023
f 1484//3024 899//3024 1517//3024
f 1567//3025 1564//3025 1563//3025
f 1567//3026 1565//3026 1564//3026
f 1567//3027 1563//3027 933//3027
f 1568//3028 1522//3029 1518//3030
f 1568//3028 1518//3030 1565//3031
f 1568//3032 1565//3032 1567//3032
f 1568//3033 1567//3033 1569//3033
f 1570//3034 933//3035 931//3036
f 1570//3037 1567//3037 933//3037
f 1570//3038 1569//3038 1567//3038
f 1571//3039 1572//3039 1525//3039
f 1571//3040 1522//3040 1568//3040
f 1571//3041 1525//3041 1522//3041
f 1571//3042 1570//3042 1572//3042
f 1571//3043 1568//3044 1569//3045
f 1571//3043 1569//3045 1570//3046
f 1573//3047 1534//3047 1572//3047
f 1573//3048 1529//3048 1534//3048
f 1573//3049 931//3049 1574//3049
f 1573//3050 1570//3034 931//3036
f 1573//3051 1572//3051 1570//3051
f 1575//3052 1526//3052 1525//3052
f 1575//3053 1525//3053 1572//3053
f 1575//3054 1527//2892 1526//2894
f 1575//3055 896//2897 1528//2896
f 1575//3056 1528//3056 1527//3056
f 1576//3055 896//2897 1575//3055
f 1576//3057 1575//3057 1572//3057
f 1577//3058 896//3058 1576//3058
f 1577//3059 1572//3059 1534//3059
f 1577//3060 1533//2908 1536//2907
f 1577//3061 1534//3061 1533//3061
f 1577//3062 1576//3062 1572//3062
f 1577//3063 1538//3063 896//3063
f 1577//3064 1536//3064 1538//3064
f 1578//3065 1573//3065 1574//3065
f 1578//3066 1529//3067 1573//3068
f 1578//3069 1579//3069 1580//3069
f 1578//3066 1530//3070 1529//3067
f 1578//3071 1580//3071 1530//3071
f 1578//3072 1574//3072 1579//3072
f 1581//3073 1580//3073 1579//3073
f 1581//3074 1574//3074 931//3074
f 1581//3075 1579//3075 1574//3075
f 1582//3076 1581//3076 1583//3076
f 1582//3077 1580//3077 1581//3077
f 1582//3078 1530//3079 1580//3080
f 1582//3078 1539//3081 1530//3079
f 1584//3082 931//3083 929//3084
f 1584//3085 1581//3085 931//3085
f 1584//3086 1583//3086 1581//3086
f 1585//3087 1539//3087 1582//3087
f 1585//3088 1584//3088 1424//3088
f 1585//3089 1583//3090 1584//3091
f 1585//3089 1582//3092 1583//3090
f 1585//3093 1424//3093 1542//3093
f 1585//3094 1542//3094 1539//3094
f 1586//3095 1542//3095 1424//3095
f 1586//3096 1543//3096 1542//3096
f 1586//3097 892//3097 1545//3097
f 1586//3098 1544//2930 1543//2932
f 1586//3099 1545//3099 1544//3099
f 1431//3100 1584//3082 929//3084
f 1431//3101 1424//3101 1584//3101
f 1423//2668 892//2667 1586//3102
f 1423//2672 1586//3103 1424//2673
f 1433//3104 1424//3104 1431//3104
f 1433//3105 1425//3105 1424//3105
f 1433//3106 1435//3106 1425//3106
f 900//3107 898//3108 1587//3109
f 1399//3110 1006//3110 1000//3110
f 1588//3111 1589//3112 1007//3113
f 1588//3114 1007//3115 1006//3116
f 1588//3114 1006//3116 1399//3117
f 1590//3118 1399//2587 1400//2586
f 1590//3119 1591//3120 1589//3121
f 1590//3122 1588//3123 1399//3124
f 1590//3122 1589//3125 1588//3123
f 1592//3126 1400//3126 1402//3126
f 1592//3127 1587//3127 1591//3127
f 1592//3128 1591//3128 1590//3128
f 1592//3129 1590//3129 1400//3129
f 1593//3130 1402//3130 1403//3130
f 1593//3131 1403//2596 904//2595
f 1593//3131 904//2595 900//3132
f 1593//3133 900//3107 1587//3109
f 1593//3134 1587//3134 1592//3134
f 1593//3135 1592//3135 1402//3135
f 1594//3136 1595//3136 1596//3136
f 1597//3137 1409//3137 1410//3137
f 1597//3138 536//3138 538//3138
f 1597//3139 538//3139 1598//3139
f 1597//3140 1598//3140 1595//3140
f 1597//3141 1410//3141 536//3141
f 1599//3142 1600//3142 1601//3142
f 1599//3143 1594//3143 1600//3143
f 1602//3144 1408//3144 1409//3144
f 1602//3145 1409//3145 1597//3145
f 1602//3146 1595//3146 1594//3146
f 1602//3147 1597//3147 1595//3147
f 1603//3148 1604//3148 1605//3148
f 1603//3149 1606//3149 1604//3149
f 1603//3150 1601//3150 1606//3150
f 1603//3151 1599//3151 1601//3151
f 1607//3152 1406//3152 1407//3152
f 1607//3153 1407//3154 1408//3155
f 1607//3153 1408//3155 1602//3156
f 1607//3157 1594//3157 1599//3157
f 1607//3158 1602//3158 1594//3158
f 1608//3159 1405//3159 1406//3159
f 1608//3160 1605//3160 1609//3160
f 1608//3161 1603//3161 1605//3161
f 1608//3162 1609//3162 1405//3162
f 1608//3163 1406//3163 1607//3163
f 1608//3164 1599//3164 1603//3164
f 1608//3165 1607//3165 1599//3165
f 1610//3166 478//3166 456//3166
f 1610//3167 1611//3167 1612//3167
f 1610//3168 1612//3169 1613//3169
f 1610//3170 1613//3170 478//3170
f 1614//3171 456//3171 1615//3171
f 1614//3172 1610//3172 456//3172
f 1614//3173 1616//3173 1611//3173
f 1614//3174 1615//3174 1617//3174
f 1614//3175 1617//3175 1616//3175
f 1614//3176 1611//3176 1610//3176
f 1410//3177 537//3177 536//3177
f 745//3178 1405//3178 1609//3178
f 1613//3179 497//3179 478//3179
f 1618//3180 508//3180 497//3180
f 1618//3181 1613//3181 1612//3181
f 1618//3182 497//3182 1613//3182
f 1596//3183 1612//3183 1611//3183
f 1596//3184 1618//3184 1612//3184
f 1598//3185 538//3185 513//3185
f 1598//3186 513//3186 508//3186
f 1598//3187 508//3188 1618//3188
f 1617//3189 1615//3189 1619//3189
f 1600//3190 1596//3190 1611//3190
f 1600//3191 1611//3191 1616//3191
f 1595//3192 1618//3192 1596//3192
f 1595//3193 1598//3193 1618//3193
f 1601//3194 1619//3194 1606//3194
f 1601//3195 1600//3195 1616//3195
f 1601//3196 1617//3196 1619//3196
f 1601//3197 1616//3197 1617//3197
f 1594//3198 1596//3198 1600//3198
f 1620//3199 1415//2651 1416//2650
f 1620//3200 1416//3200 1417//3200
f 1620//3201 1417//3201 1621//3201
f 1419//3202 761//3202 1622//3202
f 1623//3203 1624//3203 1625//3203
f 1623//3204 1625//3204 1626//3204
f 1627//3205 1620//3205 1621//3205
f 1627//3206 1621//3206 1624//3206
f 1628//3207 1554//3207 1458//3207
f 1628//3208 1626//3208 1554//3208
f 1628//3209 1623//3209 1626//3209
f 1629//3210 1627//3210 1624//3210
f 1629//3211 1624//3212 1623//3211
f 1630//3213 1414//2649 1415//2648
f 1630//3214 1415//3214 1620//3214
f 1630//3215 1620//3215 1627//3215
f 1631//3216 1629//3216 1623//3216
f 1631//3217 1623//3217 1628//3217
f 1632//3218 1627//3218 1629//3218
f 1632//3219 1630//3219 1627//3219
f 1633//3220 1458//3221 1456//3222
f 1633//3223 1456//2730 1452//2729
f 1633//3220 1628//3224 1458//3221
f 1553//3225 1634//3225 888//3225
f 1633//3226 1631//3226 1628//3226
f 1635//3227 1629//3227 1631//3227
f 1635//3228 1632//3228 1629//3228
f 1636//3229 1635//3229 1631//3229
f 1636//3230 1633//3231 1452//3232
f 1636//3230 1631//3233 1633//3231
f 1637//3234 1452//3234 1451//3234
f 1637//3235 1636//3235 1452//3235
f 1638//3236 1413//3236 1414//3236
f 1638//3237 1414//3237 1630//3237
f 1639//3238 1638//3238 1630//3238
f 1639//3239 1630//3239 1632//3239
f 1639//3240 1413//3241 1638//3242
f 1640//3243 1639//3243 1632//3243
f 1640//3244 1413//3241 1639//3240
f 1640//3245 1632//3245 1635//3245
f 1641//3246 1640//3246 1635//3246
f 1641//3247 1413//3247 1640//3247
f 1642//3248 1637//3248 1451//3248
f 1642//3249 1636//3249 1637//3249
f 1642//3250 1451//3250 1453//3250
f 1642//3251 1413//3251 1641//3251
f 1642//3252 1635//3252 1636//3252
f 1642//3253 1641//3253 1635//3253
f 1642//3254 1453//3254 1413//3254
f 1411//3255 1453//3255 927//3255
f 1412//3256 1453//3256 1411//3256
f 1413//3257 1453//3257 1412//3257
f 1643//3258 1418//3258 1419//3258
f 1643//3259 1622//3259 1644//3259
f 1643//3260 1419//3260 1622//3260
f 1645//3261 1644//3261 1646//3261
f 1645//3262 1643//3262 1644//3262
f 1625//3263 1647//3263 1648//3263
f 1625//3264 1646//3264 1647//3264
f 1625//3265 1645//3265 1646//3265
f 1621//3266 1417//3266 1418//3266
f 1621//3267 1643//3267 1645//3267
f 1621//3268 1418//3268 1643//3268
f 1626//3269 1553//3269 1554//3269
f 1626//3270 1648//3270 1634//3270
f 1626//3271 1625//3271 1648//3271
f 1626//3272 1634//3272 1553//3272
f 1624//3273 1621//3273 1645//3273
f 1624//3274 1645//3274 1625//3274
f 1022//3275 1649//3275 1026//3275
f 1022//3276 1650//3276 1649//3276
f 895//3277 894//3278 1651//3279
f 1652//3280 1022//3280 1020//3280
f 1653//3281 1652//3281 1020//3281
f 1653//3282 1650//3282 1022//3282
f 1653//3283 1022//3283 1652//3283
f 1654//3284 1655//3284 1650//3284
f 1654//3285 1650//3285 1653//3285
f 1656//3286 1651//3287 1655//3288
f 1656//3289 1655//3289 1654//3289
f 1656//3290 895//3291 1651//3292
f 1657//3293 1007//3113 1589//3112
f 1657//3294 1020//1539 1007//1541
f 1658//3295 1589//3121 1591//3120
f 1658//3296 1653//3296 1020//3296
f 1658//3297 1020//3297 1657//3297
f 1658//3298 1657//3298 1589//3298
f 1659//3299 1591//3299 1587//3299
f 1659//3300 1658//3300 1591//3300
f 1659//3301 1654//3301 1653//3301
f 1659//3302 1653//3302 1658//3302
f 1660//3303 1587//3303 898//3303
f 1660//3304 897//3305 895//3291
f 1660//3304 898//3306 897//3305
f 1660//3307 1659//3308 1587//3309
f 1660//3307 1654//3310 1659//3308
f 1660//3304 895//3291 1656//3290
f 1660//3311 1656//3311 1654//3311
f 1609//3312 751//3313 745//3314
f 1661//3315 1609//3316 1605//3315
f 1661//3317 753//3314 755//3318
f 1661//3317 755//3318 751//3313
f 1661//3317 751//3313 1609//3312
f 1662//3315 1661//3315 1605//3315
f 1663//3319 1605//3320 1604//3321
f 1663//3319 1662//3319 1605//3320
f 1664//3322 1604//3323 1606//3323
f 1664//3322 1663//3324 1604//3323
f 1665//3325 1606//3326 1619//3327
f 1665//3325 1664//3328 1606//3326
f 1666//3329 1619//3329 1615//3330
f 1666//3329 1665//3331 1619//3329
f 454//3332 1615//3333 456//3334
f 454//3332 1666//3334 1615//3333
f 1667//3335 888//3336 1634//3336
f 1667//3335 886//3337 888//3336
f 1668//3338 1634//3339 1648//3338
f 1668//3338 1667//3338 1634//3339
f 1669//3340 1648//3341 1647//3342
f 1669//3340 1668//3343 1648//3341
f 1670//3344 1647//3345 1646//3346
f 1670//3344 1669//3347 1647//3345
f 1671//3348 1646//3349 1644//3350
f 1671//3348 1670//3351 1646//3349
f 1672//3352 1644//3353 1622//3353
f 1672//3352 1671//3354 1644//3353
f 753//3355 1622//3356 761//3355
f 753//3355 1672//3357 1622//3356
f 1033//3358 1673//3358 561//3358
f 1649//3359 1046//3359 1026//3359
f 893//3360 891//3360 1674//3360
f 1675//3361 1033//3361 1046//3361
f 1675//3362 1673//3362 1033//3362
f 1676//3363 1649//3363 1650//3363
f 1676//3364 1677//3364 1673//3364
f 1676//3365 1675//3366 1046//3367
f 1676//3368 1046//3368 1649//3368
f 1676//3365 1673//3369 1675//3366
f 1678//3370 1650//3370 1655//3370
f 1678//3371 1679//3371 1677//3371
f 1678//3372 1680//3372 1679//3372
f 1678//3373 1677//3373 1676//3373
f 1678//3374 1676//3374 1650//3374
f 1681//3375 1682//3375 1680//3375
f 1681//3376 1680//3376 1678//3376
f 1681//3377 1678//3377 1655//3377
f 1683//3378 1655//3288 1651//3287
f 1683//3379 1651//3279 894//3278
f 1683//3380 894//3380 893//3380
f 1683//3381 1674//3381 1682//3381
f 1683//3382 1681//3382 1655//3382
f 1683//3383 1682//3383 1681//3383
f 1683//3384 893//3384 1674//3384
f 1684//3385 1685//3385 1686//3385
f 1687//3386 1671//3386 1672//3386
f 1687//3387 1661//3387 1662//3387
f 1687//3388 1662//3388 1688//3388
f 1687//3389 1688//3389 1685//3389
f 1687//3390 1672//3390 1661//3390
f 1689//3391 1690//3391 1691//3391
f 1689//3392 1684//3392 1690//3392
f 1692//3393 1670//3393 1671//3393
f 1692//3394 1671//3394 1687//3394
f 1692//3395 1685//3395 1684//3395
f 1692//3396 1687//3396 1685//3396
f 1693//3397 1694//3397 1695//3397
f 1693//3398 1696//3398 1694//3398
f 1693//3399 1691//3399 1696//3399
f 1693//3400 1689//3400 1691//3400
f 1697//3401 1668//3401 1669//3401
f 1697//3402 1669//3403 1670//3404
f 1697//3402 1670//3404 1692//3405
f 1697//3406 1684//3406 1689//3406
f 1697//3407 1692//3407 1684//3407
f 1698//3408 1667//3408 1668//3408
f 1698//3409 1695//3409 1699//3409
f 1698//3410 1693//3410 1695//3410
f 1698//3411 1699//3411 1667//3411
f 1698//3412 1668//3412 1697//3412
f 1698//3413 1689//3413 1693//3413
f 1698//3414 1697//3414 1689//3414
f 1700//3415 1666//3415 454//3415
f 1700//3416 1701//3416 1702//3416
f 1700//3417 1702//3417 1703//3417
f 1700//3418 1703//3418 1666//3418
f 1704//3419 454//3419 1705//3419
f 1704//3420 1700//3420 454//3420
f 1704//3421 1705//3421 1706//3421
f 1704//3422 1707//3422 1701//3422
f 1704//3423 1706//3424 1707//3423
f 1704//3425 1701//3425 1700//3425
f 1672//3426 753//3426 1661//3426
f 886//3427 1667//3427 1699//3427
f 1703//3428 1665//3428 1666//3428
f 1708//3429 1664//3429 1665//3429
f 1708//3430 1703//3430 1702//3430
f 1708//3431 1665//3431 1703//3431
f 1686//3432 1702//3432 1701//3432
f 1686//3433 1708//3433 1702//3433
f 1688//3434 1662//3434 1663//3434
f 1688//3435 1663//3435 1664//3435
f 1688//3436 1664//3436 1708//3436
f 1706//3437 1705//3437 1709//3437
f 1690//3438 1686//3438 1701//3439
f 1690//3440 1701//3440 1707//3440
f 1685//3441 1688//3441 1708//3441
f 1685//3442 1708//3442 1686//3442
f 1691//3443 1709//3443 1696//3443
f 1691//3444 1690//3444 1707//3444
f 1691//3445 1706//3445 1709//3445
f 1691//3446 1707//3446 1706//3446
f 1684//3447 1686//3447 1690//3447
f 1677//3448 1710//3448 1711//3448
f 1712//3449 1713//3449 1714//3449
f 1712//3450 1715//3450 1716//3450
f 1712//3451 1714//3452 1715//3452
f 1705//3453 454//3454 453//3455
f 1677//3456 1711//3456 1673//3456
f 1712//3457 1717//3457 1713//3457
f 1679//3458 1718//3458 1710//3458
f 1679//3459 1719//3459 1718//3459
f 452//3460 1705//3453 453//3455
f 1720//3461 1721//3462 1722//3463
f 1679//3464 1723//3464 1719//3464
f 1720//3465 890//3465 1721//3465
f 1720//3466 1713//3466 1717//3466
f 1720//3461 1722//3463 1713//3467
f 1679//3468 1710//3468 1677//3468
f 1724//3469 890//3469 1720//3469
f 1725//3470 1726//3471 1727//3472
f 1680//3473 1728//3473 1723//3473
f 1680//3474 1729//3474 1728//3474
f 1730//3475 452//3475 451//3475
f 1731//3476 890//3476 1724//3476
f 1680//3477 1723//3477 1679//3477
f 1725//3478 1727//3478 1732//3478
f 1733//3479 890//3480 1731//3481
f 1733//3482 1731//3483 1724//3484
f 1733//3485 1717//3486 1712//3487
f 1734//3488 1735//3489 1726//3490
f 1736//3491 1709//3491 1705//3491
f 1733//3492 1720//3492 1717//3492
f 1736//3493 1705//3493 452//3493
f 1733//3482 1724//3484 1720//3494
f 1736//3495 452//3496 1730//3495
f 1737//3497 890//3480 1733//3479
f 1734//3498 1726//3471 1725//3470
f 1737//3499 1716//3500 1729//3501
f 1737//3502 1680//3502 1682//3502
f 1737//3503 1682//3503 1674//3503
f 1737//3504 1674//3504 891//3504
f 1737//3505 891//3505 890//3505
f 1737//3506 1733//3485 1712//3487
f 1737//3507 1729//3507 1680//3507
f 1737//3499 1712//3508 1716//3500
f 1738//3509 564//3510 563//3511
f 562//3512 1738//3509 563//3511
f 1739//3513 1709//3513 1736//3513
f 1740//3514 1741//3515 1735//3516
f 1742//3517 1694//3517 1743//3517
f 1742//3518 1744//3518 1745//3518
f 1742//3519 1743//3520 1744//3519
f 1742//3521 887//3521 886//3521
f 1742//3522 886//3522 1699//3522
f 1740//3523 1735//3489 1734//3488
f 1742//3524 1699//3524 1695//3524
f 1742//3525 1695//3525 1694//3525
f 1746//3526 1747//3526 1748//3526
f 1749//3527 1696//3528 1709//3529
f 1746//3530 1750//3530 1747//3530
f 1751//3531 1752//3531 1741//3531
f 1746//3532 1745//3532 1750//3532
f 1749//3533 1709//3533 1739//3533
f 1746//3534 1742//3534 1745//3534
f 1751//3535 1741//3515 1740//3514
f 1753//3536 466//3537 465//3538
f 1753//3536 462//3539 466//3537
f 1754//3540 1696//3528 1749//3527
f 1743//3541 1696//3541 1754//3541
f 1743//3542 1694//3542 1696//3542
f 1755//3543 1756//3543 1757//3543
f 1755//3544 1748//3544 1756//3544
f 1755//3545 1746//3545 1748//3545
f 1758//3546 465//3546 464//3546
f 1758//3547 1753//3547 465//3547
f 1755//3548 1759//3549 1760//3550
f 1755//3548 1760//3550 1746//3551
f 1761//3552 1742//3552 1746//3552
f 1761//3553 887//3553 1742//3553
f 1761//3554 1760//3555 1759//3556
f 1761//3554 1746//3557 1760//3555
f 1762//3558 887//3558 1761//3558
f 1673//3559 1711//3559 1738//3559
f 1673//3560 562//3512 561//3561
f 1673//3560 1738//3509 562//3512
f 1763//3562 887//3562 1762//3562
f 1764//3563 887//3563 1763//3563
f 1765//3564 1761//3565 1759//3566
f 1765//3567 1762//3568 1761//3569
f 1765//3567 1764//3570 1763//3571
f 1765//3567 1763//3571 1762//3568
f 1765//3564 1759//3566 1755//3572
f 1766//3573 1767//3573 1752//3573
f 1766//3574 1768//3574 1767//3574
f 1766//3575 1757//3575 1768//3575
f 1732//3576 1727//3576 1753//3576
f 1766//3577 1765//3564 1755//3572
f 1732//3578 1753//3578 1758//3578
f 1766//3579 1755//3579 1757//3579
f 1722//3580 1769//3580 1770//3580
f 1722//3581 1771//3581 1769//3581
f 1722//3582 1751//3582 1771//3582
f 1722//3583 1752//3583 1751//3583
f 1722//3584 1766//3584 1752//3584
f 1772//3585 887//3585 1764//3585
f 1772//3586 1764//3586 1765//3586
f 1772//3587 890//3587 887//3587
f 1772//3588 1765//3588 1766//3588
f 1773//3589 1772//3589 1766//3589
f 1773//3590 890//3591 1772//3592
f 1721//3462 1766//3593 1722//3463
f 1721//3594 1773//3594 1766//3594
f 1721//3595 890//3591 1773//3590
f 1713//3596 1722//3596 1770//3596
f 1713//3597 1774//3597 1714//3597
f 1713//3598 1770//3598 1774//3598
f 751//1133 755//996 1775//996
f 751//1133 1775//996 1776//3599
f 584//3600 374//3601 730//3602
f 583//3603 374//3601 584//3600
f 600//3604 374//3601 583//3603
f 599//3605 377//3606 374//3601
f 599//3605 374//3601 600//3604
f 721//3607 584//3608 730//3609
f 616//3605 377//3606 599//3605
f 713//3610 584//3608 721//3607
f 615//3611 377//3606 616//3605
f 760//3612 377//3606 615//3611
f 679//3613 600//3614 583//3615
f 679//3613 583//3615 684//3616
f 718//3617 713//3618 721//3619
f 647//3620 616//3621 599//3622
f 647//3620 599//3622 652//3623
f 712//3624 713//3618 718//3617
f 759//3625 615//3626 628//3627
f 759//3625 760//3628 615//3626
f 678//3629 679//3630 684//3631
f 678//3629 684//3631 683//3632
f 646//3633 647//3632 652//3634
f 646//3633 652//3634 651//3635
f 711//3636 718//3637 719//3638
f 711//3636 712//3639 718//3637
f 627//3640 759//3641 628//3642
f 758//3643 759//3641 627//3640
f 677//3644 678//3644 683//3645
f 677//3644 683//3645 682//3646
f 645//3647 646//3648 651//3649
f 645//3647 651//3649 650//3650
f 710//3651 719//3652 742//3653
f 710//3651 711//3654 719//3652
f 626//3655 758//3656 627//3657
f 757//3658 758//3656 626//3655
f 676//3659 682//3660 681//3661
f 676//3659 677//3662 682//3660
f 644//3663 645//3664 650//3665
f 644//3663 650//3665 649//3666
f 709//3667 742//3668 738//3669
f 709//3667 710//3670 742//3668
f 625//3671 757//3671 626//3671
f 756//3672 757//3672 625//3672
f 675//3673 681//3674 680//3675
f 675//3673 676//3676 681//3674
f 643//3677 649//3678 648//3679
f 643//3677 644//3680 649//3678
f 582//3681 709//3682 738//3683
f 582//3681 738//3683 734//3684
f 598//3685 675//3685 680//3685
f 598//3685 680//3685 581//3686
f 754//3687 756//3687 624//3687
f 731//3688 582//3689 734//3690
f 731//3688 598//3691 581//3692
f 731//3688 581//3692 582//3689
f 614//3693 643//3694 648//3695
f 614//3693 648//3695 597//3696
f 755//3697 613//3697 614//3697
f 755//3698 754//3698 613//3698
f 1775//3699 614//3700 597//3701
f 1775//3702 755//3702 614//3702
f 1775//3703 598//3691 731//3688
f 1775//3699 597//3701 598//3704
f 579//3705 731//3706 727//3707
f 580//3708 731//3706 579//3705
f 595//3709 731//3706 580//3708
f 1776//3710 1775//3710 731//3710
f 1776//3711 731//3706 595//3709
f 596//3712 1776//3712 595//3713
f 725//3714 579//3715 727//3716
f 611//3713 1776//3712 596//3712
f 708//3717 579//3715 725//3714
f 751//3718 1776//3718 611//3718
f 751//3719 611//3719 612//3719
f 689//3720 580//3721 694//3722
f 689//3720 595//3723 580//3721
f 724//3724 708//3725 725//3726
f 657//3727 611//3728 596//3729
f 657//3727 596//3729 662//3730
f 706//3731 708//3725 724//3724
f 749//3732 751//3732 612//3732
f 687//3733 694//3734 692//3735
f 687//3733 689//3736 694//3734
f 723//3737 706//3738 724//3739
f 655//3734 662//3740 660//3741
f 655//3734 657//3735 662//3740
f 705//3742 706//3738 723//3737
f 747//3743 749//3743 633//3743
f 686//3744 692//3745 691//3746
f 686//3744 687//3747 692//3745
f 722//3748 705//3749 723//3750
f 654//3751 660//3752 659//3753
f 654//3751 655//3754 660//3752
f 704//3755 705//3749 722//3748
f 746//3756 747//3756 631//3756
f 746//3757 631//3757 630//3757
f 685//3758 686//3759 691//3760
f 685//3758 691//3760 690//3761
f 653//3762 654//3762 659//3763
f 653//3762 659//3763 658//3764
f 707//3765 722//3766 726//3767
f 707//3765 704//3768 722//3766
f 744//3769 630//3769 629//3769
f 744//3770 746//3770 630//3770
f 688//3771 690//3772 693//3773
f 688//3771 685//3774 690//3772
f 656//3768 653//3775 658//3776
f 656//3768 658//3776 661//3768
f 577//3777 726//3778 729//3779
f 577//3777 707//3780 726//3778
f 748//3781 629//3782 632//3783
f 748//3781 744//3784 629//3782
f 593//3785 688//3786 693//3787
f 593//3785 693//3787 578//3788
f 260//3789 578//3790 577//3791
f 260//3789 577//3791 729//3792
f 260//3789 593//3793 578//3790
f 609//3786 656//3794 661//3795
f 609//3786 661//3795 594//3787
f 610//3796 748//3797 632//3798
f 750//3799 748//3797 610//3796
f 265//3800 593//3793 260//3789
f 265//3800 609//3801 594//3802
f 265//3800 750//3803 610//3804
f 265//3800 594//3802 593//3793
f 265//3800 610//3804 609//3801
f 633//3805 631//3805 747//3805
f 612//3806 633//3806 749//3806
f 624//3807 613//3807 754//3807
f 625//3808 624//3808 756//3808
f 316//185 323//153 328//171
f 316//185 318//3809 323//153
f 669//3810 670//3811 672//3812
f 667//3813 668//3814 664//3815
f 664//3815 668//3814 665//3816
f 672//3812 670//3811 673//3817
f 700//3818 574//3818 697//3819
f 255//3820 256//3821 736//3822
f 573//3823 574//3823 720//3823
f 576//3824 741//3824 736//3824
f 1777//3825 1778//3826 619//3827
f 619//3827 1778//3826 621//3828
f 736//3829 575//3830 576//3831
f 700//3818 589//3832 574//3818
f 637//3833 638//3833 640//3833
f 635//3834 1779//3834 636//3834
f 736//3829 592//3835 575//3830
f 640//3833 638//3833 641//3833
f 1780//3836 1779//3836 635//3836
f 736//3829 591//3837 592//3835
f 668//3838 590//3839 665//3840
f 736//3829 1781//3841 591//3837
f 256//3821 1781//3842 736//3822
f 716//3843 737//3843 740//3843
f 574//3844 728//3844 720//3844
f 589//3845 728//3846 574//3846
f 1778//3847 622//3847 621//3847
f 1781//3841 608//3848 591//3837
f 668//3838 605//3849 590//3839
f 670//3850 671//3851 673//3852
f 1779//3853 606//3853 636//3853
f 701//3854 743//3854 741//3854
f 673//3852 671//3851 674//3855
f 606//3856 1782//3856 605//3856
f 1779//3857 1782//3857 606//3857
f 1781//3841 607//3858 608//3848
f 592//3859 698//3860 575//3861
f 728//286 1783//286 732//286
f 589//3845 1783//3862 728//3846
f 590//3863 1783//3862 589//3845
f 605//3864 1783//3862 590//3863
f 575//3861 698//3860 695//3865
f 1778//3866 1784//3866 622//3866
f 1782//3867 1783//3867 605//3867
f 638//3868 639//3868 641//3868
f 641//3868 639//3868 642//3868
f 732//3869 587//3869 735//3869
f 735//3870 587//3870 588//3870
f 1781//3871 1785//3871 607//3871
f 671//3872 585//3873 674//3873
f 1783//286 1786//286 732//286
f 608//3874 666//3875 591//3876
f 1786//3877 604//3878 732//3879
f 732//3879 604//3878 587//3880
f 591//3876 666//3875 663//3881
f 586//3882 733//3882 737//3882
f 588//3883 739//3884 735//3885
f 585//3886 733//3887 586//3888
f 1786//3877 603//3889 604//3878
f 671//3872 602//3890 585//3873
f 585//3886 602//3891 733//3887
f 698//3892 699//3893 695//3894
f 639//3895 601//3896 642//3897
f 588//3883 714//3898 739//3884
f 695//3894 699//3893 696//3893
f 702//3899 717//3899 743//3899
f 1786//3877 620//3900 603//3889
f 639//3895 618//3901 601//3896
f 1784//3902 1787//3902 623//3902
f 702//3903 703//3903 717//3903
f 1786//3904 1777//3904 620//3904
f 620//3905 1777//3905 619//3905
f 666//3906 667//3907 663//3908
f 733//3909 1788//3910 181//3909
f 617//3911 1788//3912 618//3913
f 601//3914 1788//3912 602//3891
f 587//3915 669//3916 672//3917
f 602//3891 1788//3912 733//3887
f 663//3908 667//3907 664//3918
f 618//3913 1788//3912 601//3914
f 604//3919 669//3916 587//3915
f 1787//3920 1788//3920 617//3920
f 1788//3910 182//3910 181//3909
f 623//3921 622//3921 1784//3921
f 617//3922 623//3922 1787//3922
f 1785//3923 1780//3923 634//3923
f 634//3924 607//3924 1785//3924
f 635//3925 634//3925 1780//3925
f 576//3926 701//3926 741//3926
f 701//3927 702//3927 743//3927
f 715//3928 716//3928 740//3928
f 716//3929 586//3929 737//3929
f 714//3930 715//3930 739//3930
f 699//3931 700//3932 696//3932
f 715//3933 740//3933 739//3933
f 696//3932 700//3932 697//3932
f 603//3934 637//3934 640//3934
f 620//3934 637//3934 603//3934
f 717//3935 573//3935 720//3935
f 703//3936 573//3936 717//3936
f 250//130 226//999 186//121
f 1781//3937 256//984 253//3938
f 203//136 186//121 185//105
f 203//136 185//105 235//104
f 203//136 235//104 224//3939
f 203//136 224//3939 221//118
f 236//108 203//136 205//95
f 1782//122 253//3938 250//130
f 1782//122 1779//95 1780//107
f 1782//122 1780//107 1785//128
f 1782//122 1785//128 1781//3937
f 1782//122 1781//3937 253//3938
f 1788//124 236//108 206//130
f 1788//124 206//130 182//127
f 1788//124 186//121 203//136
f 1788//124 203//136 236//108
f 1777//118 1786//137 1783//109
f 1777//118 1783//109 1782//122
f 1784//1050 1788//124 1787//974
f 1784//1050 1778//3940 1777//118
f 1784//1050 250//130 186//121
f 1784//1050 1782//122 250//130
f 1784//1050 186//121 1788//124
f 1784//1050 1777//118 1782//122
f 1789//3941 1790//3942 1791//3943
f 1719//3944 1792//3944 1718//3944
f 1793//3945 1794//3946 1795//3947
f 1723//3948 1792//3948 1719//3948
f 1718//3949 1792//3949 564//3949
f 1790//3950 1792//3950 1723//3950
f 484//3951 474//3951 519//3951
f 1796//3952 1792//3953 1797//3954
f 1798//3955 1799//3956 1794//3957
f 1797//3954 1792//3953 1790//3958
f 1800//3959 1799//3956 1798//3955
f 1801//3960 1802//3961 1796//3962
f 496//3963 1803//3963 1804//3963
f 1796//3962 1802//3961 1792//3964
f 484//3965 491//3965 474//3965
f 1792//3964 1802//3961 564//3966
f 564//3967 1805//3967 566//3967
f 570//3968 1806//3969 496//3969
f 1801//3970 1805//3971 1802//3972
f 496//3973 1806//3973 1803//3973
f 491//3974 511//3974 474//3974
f 1807//3975 1805//3971 1801//3970
f 1802//3976 1805//3976 564//3976
f 566//3977 1808//3977 568//3977
f 1805//3978 1808//3978 566//3978
f 568//3979 1808//3979 1809//3979
f 1809//3980 1808//3981 1807//3982
f 1810//3983 1811//3984 1800//3983
f 1807//3982 1808//3981 1805//3985
f 1800//3983 1811//3984 1799//3986
f 1812//3987 1789//3988 1810//3989
f 1810//3989 1789//3988 1811//3990
f 1812//3991 1797//3992 1789//3941
f 1813//3993 1797//3992 1812//3991
f 467//3994 1814//3995 461//3996
f 461//3997 1814//3998 464//3998
f 1710//3999 564//3999 1711//3999
f 1718//4000 564//4000 1710//4000
f 564//4001 1738//4001 1711//4001
f 474//4002 1815//4002 470//4002
f 1816//3995 1814//3995 467//3994
f 1816//4003 1817//4004 1814//4004
f 1795//4005 1817//4004 1816//4003
f 474//4006 1793//4006 1815//4006
f 1814//4007 1817//4007 464//4007
f 1813//4008 1796//4009 1797//4010
f 1818//4011 1796//4009 1813//4008
f 464//4012 1819//4012 1734//4012
f 535//4013 1798//4013 521//4013
f 521//4014 1798//4014 511//4014
f 511//4015 1798//4015 474//4015
f 474//4016 1798//4016 1793//4016
f 1740//4017 1819//4017 1751//4017
f 1817//4018 1819//4018 464//4018
f 1734//4019 1819//4019 1740//4019
f 1794//4020 1819//4020 1795//4021
f 1795//4021 1819//4020 1817//4022
f 494//4023 496//4023 504//4023
f 504//4024 496//4024 515//4024
f 515//4025 496//4025 530//4025
f 554//4026 1800//4026 555//4026
f 1804//4027 1801//4028 1818//4029
f 555//4030 1800//4031 535//4030
f 1818//4029 1801//4028 1796//4032
f 535//4033 1800//4034 1798//4033
f 554//4035 1810//4035 1800//4035
f 1794//4036 1820//4037 1819//4038
f 1771//4039 1820//4039 1769//4039
f 547//4040 1810//4040 548//4040
f 1751//4041 1820//4041 1771//4041
f 548//4042 1810//4042 554//4042
f 1819//4043 1820//4043 1751//4043
f 1799//4044 1820//4037 1794//4036
f 547//4045 1812//3987 1810//3989
f 1804//4046 1807//4046 1801//4047
f 1803//4048 1807//4046 1804//4046
f 533//4049 1812//4049 540//4049
f 540//4050 1812//4050 542//4050
f 542//4051 1812//4051 547//4051
f 533//4052 1813//3993 1812//3991
f 1770//4053 1821//4053 1774//4053
f 543//4054 1813//4054 544//4054
f 1769//4055 1821//4055 1770//4055
f 544//4056 1813//4056 525//4056
f 525//4057 1813//4057 533//4057
f 464//4058 1732//4058 1758//4058
f 1820//4059 1821//4059 1769//4059
f 470//4060 1816//4060 467//4060
f 464//4061 1725//4061 1732//4061
f 1815//4062 1816//4062 470//4062
f 1799//4063 1821//4064 1820//4065
f 1811//4066 1821//4064 1799//4063
f 570//4067 1809//4068 1806//4069
f 568//4070 1809//4068 570//4067
f 464//4071 1734//4071 1725//4071
f 1803//4072 1809//4073 1807//4074
f 1806//4072 1809//4073 1803//4072
f 1715//4075 1791//4075 1716//4075
f 1714//4076 1791//4076 1715//4076
f 1774//4077 1791//4077 1714//4077
f 1815//4078 1795//4079 1816//4080
f 1793//4078 1795//4079 1815//4078
f 1789//3988 1791//4081 1811//3990
f 530//4082 1818//4082 532//4082
f 1821//4083 1791//4081 1774//4084
f 532//4085 1818//4085 543//4085
f 543//4086 1818//4086 1813//4086
f 1811//3990 1791//4081 1821//4083
f 496//4087 1818//4087 530//4087
f 1728//4088 1790//4088 1723//4088
f 496//4089 1804//4027 1818//4029
f 1729//4090 1790//4090 1728//4090
f 1716//4091 1790//4092 1729//4092
f 1791//3943 1790//3942 1716//4093
f 1797//3992 1790//3942 1789//3941
f 1798//3945 1794//3946 1793//3945
f 1822//4094 1823//4095 1824//4095
f 1825//4096 1826//4097 1827//4096
f 1823//4098 1828//4098 534//4098
f 1829//4099 1828//4100 1830//4101
f 1749//4102 1831//4103 1832//4102
f 451//4104 1831//4104 1749//4104
f 534//4105 1828//4105 509//4105
f 509//4106 1828//4106 510//4107
f 510//4108 1828//4108 498//4108
f 1833//4109 1834//4110 1826//4110
f 1753//4111 1727//4111 462//4111
f 1830//4101 1828//4100 1823//4099
f 1835//4112 1834//4110 1833//4109
f 1836//4113 1837//4114 1829//4115
f 1727//4116 1726//4116 462//4116
f 498//4117 1837//4117 460//4117
f 451//4118 1838//4118 1831//4118
f 1828//4119 1837//4119 498//4119
f 1829//4115 1837//4114 1828//4120
f 1839//4121 1840//4122 1836//4123
f 1841//4124 1842//4125 1835//4126
f 1837//4127 1840//4127 460//4127
f 1836//4123 1840//4122 1837//4128
f 1835//4126 1842//4125 1834//4129
f 457//4130 1843//4131 455//4132
f 460//4133 1843//4133 457//4133
f 455//4132 1843//4131 1844//4132
f 450//4134 1845//4134 451//4134
f 1844//4135 1843//4136 1839//4137
f 1838//4138 1845//4139 450//4140
f 1839//4137 1843//4136 1840//4141
f 451//4142 1845//4142 1838//4142
f 1840//4143 1843//4143 460//4143
f 1846//4144 1822//4145 1841//4146
f 1841//4146 1822//4145 1842//4147
f 1847//4148 1848//4148 468//4148
f 469//4149 1848//4149 471//4149
f 468//4150 1848//4150 469//4150
f 498//4151 460//4151 499//4151
f 460//4152 479//4152 499//4152
f 460//4153 514//4153 479//4153
f 1849//4154 1830//4155 1846//4156
f 1846//4156 1830//4155 1822//4094
f 1848//4157 1850//4157 471//4157
f 462//4158 1851//4158 463//4158
f 1827//4159 1850//4160 1847//4161
f 462//4162 1825//4162 1851//4162
f 1847//4161 1850//4160 1848//4163
f 1735//4164 1833//4164 1726//4164
f 1741//4165 1833//4165 1735//4165
f 1849//4166 1829//4167 1830//4168
f 1832//4168 1829//4167 1849//4166
f 471//4169 1852//4169 506//4169
f 506//4170 1852//4171 518//4170
f 518//4172 1852//4172 529//4172
f 462//4173 1833//4173 1825//4173
f 1726//4174 1833//4174 462//4174
f 1752//4175 1835//4176 1741//4176
f 1827//4177 1852//4178 1850//4179
f 1767//4180 1835//4180 1752//4180
f 1768//4181 1835//4181 1767//4181
f 1826//4182 1852//4178 1827//4177
f 1850//4183 1852//4183 471//4183
f 1741//4184 1835//4184 1833//4184
f 1739//4185 451//4185 1749//4185
f 1831//4186 1836//4187 1832//4188
f 1736//4189 451//4189 1739//4189
f 1832//4188 1836//4187 1829//4190
f 1730//4191 451//4191 1736//4192
f 1757//4193 1841//4193 1768//4193
f 1756//4194 1841//4194 1757//4194
f 529//4195 1853//4195 541//4195
f 541//4196 1853//4196 556//4196
f 556//4197 1853//4197 557//4197
f 1768//4198 1841//4198 1835//4198
f 1748//4199 1846//4199 1756//4199
f 1747//4200 1846//4200 1748//4200
f 1852//4201 1853//4201 529//4201
f 1750//4202 1846//4202 1747//4202
f 1826//4203 1853//4204 1852//4205
f 1834//4206 1853//4204 1826//4203
f 1831//4207 1839//4208 1836//4209
f 1756//4210 1846//4144 1841//4146
f 450//4140 1839//4211 1838//4138
f 1838//4212 1839//4208 1831//4207
f 1853//4213 1854//4213 557//4213
f 557//4214 1854//4214 477//4214
f 477//4215 1854//4215 559//4215
f 463//4216 1847//4217 468//4218
f 471//4219 483//4219 485//4219
f 1851//4220 1847//4217 463//4216
f 1745//4221 1849//4221 1750//4221
f 471//4222 506//4222 483//4222
f 1744//4223 1849//4223 1745//4223
f 1842//4224 1854//4225 1834//4226
f 1834//4226 1854//4225 1853//4225
f 1750//4227 1849//4227 1846//4227
f 455//4228 1844//4229 450//4229
f 450//4140 1844//4230 1839//4211
f 1854//4231 1824//4232 559//4233
f 1825//4234 1827//4235 1851//4236
f 559//4237 1824//4237 489//4237
f 489//4238 1824//4238 490//4238
f 490//4239 1824//4239 492//4239
f 1851//4236 1827//4235 1847//4240
f 1743//4241 1832//4241 1744//4241
f 1754//4242 1832//4242 1743//4242
f 1842//4147 1824//4232 1854//4231
f 1749//4243 1832//4243 1754//4243
f 1822//4145 1824//4232 1842//4147
f 1744//4244 1832//4244 1849//4244
f 1824//4245 1823//4246 492//4246
f 1833//4096 1826//4097 1825//4096
f 492//4247 1823//4247 493//4247
f 493//4248 1823//4248 534//4248
f 1830//4155 1823//4095 1822//4094
f 1855//4249 1856//4250 1857//4250
f 1855//4251 1857//4252 1858//4253
f 1859//4254 1856//4254 1855//4254
f 1860//4255 1861//4255 1856//4255
f 1860//4256 1856//4256 1859//4256
f 1862//4257 1859//4257 1863//4257
f 1862//4258 1860//4258 1859//4258
f 1864//4259 1865//4260 1866//4261
f 1864//4262 1866//4262 1861//4262
f 1864//4263 1861//4263 1860//4263
f 1867//4264 1863//4264 1868//4264
f 1867//4265 1862//4265 1863//4265
f 1869//4266 1860//4266 1862//4266
f 1869//4267 1864//4267 1860//4267
f 1870//4268 1871//4268 1872//4268
f 1873//4269 1868//4269 1871//4269
f 1873//4270 1867//4270 1868//4270
f 1874//4271 1869//4271 1862//4271
f 1874//4272 1862//4272 1867//4272
f 1875//4273 1865//4273 1864//4273
f 1875//4274 1864//4274 1869//4274
f 1876//4275 1871//4275 1870//4275
f 1876//4276 1873//4277 1871//4277
f 1877//4278 1867//4278 1873//4278
f 1877//4279 1874//4279 1867//4279
f 1878//4280 1875//4280 1869//4280
f 1878//4281 1869//4281 1874//4281
f 1879//4282 1880//4283 1881//4284
f 1879//4285 1881//4285 1865//4285
f 1879//4286 1865//4286 1875//4286
f 1882//4287 1870//4287 1883//4287
f 1882//4288 1876//4288 1870//4288
f 1884//4289 1877//4289 1873//4289
f 1884//4290 1873//4290 1876//4290
f 1885//4291 1874//4291 1877//4291
f 1885//4292 1878//4292 1874//4292
f 1886//4293 1875//4293 1878//4293
f 1886//4294 1879//4294 1875//4294
f 1887//4295 1882//4295 1883//4295
f 1887//4296 1883//4296 1888//4296
f 1889//4297 1876//4297 1882//4297
f 1889//4298 1884//4298 1876//4298
f 1890//4299 1877//4299 1884//4299
f 1890//4300 1885//4300 1877//4300
f 1891//4301 1878//4301 1885//4301
f 1891//4302 1886//4302 1878//4302
f 1892//4303 1893//4303 1880//4303
f 1892//4304 1880//4304 1879//4304
f 1892//4305 1879//4305 1886//4305
f 1892//4306 1894//4306 1893//4306
f 1895//4307 1896//4307 1897//4307
f 1898//4308 1888//4308 1896//4308
f 1898//4309 1887//4309 1888//4309
f 1899//4310 1889//4310 1882//4310
f 1899//4311 1882//4311 1887//4311
f 1900//4312 1890//4312 1884//4312
f 1900//4313 1884//4313 1889//4313
f 1901//4314 1885//4314 1890//4314
f 1901//4315 1891//4315 1885//4315
f 1902//4316 1903//4316 1894//4316
f 1902//4317 1886//4317 1891//4317
f 1902//4318 1894//4318 1892//4318
f 1902//4319 1892//4319 1886//4319
f 1904//4320 1898//4320 1896//4320
f 1904//4321 1896//4321 1895//4321
f 1905//4322 1887//4322 1898//4322
f 1905//4323 1899//4323 1887//4323
f 1906//4324 1889//4324 1899//4324
f 1906//4325 1900//4325 1889//4325
f 1907//4326 1890//4326 1900//4326
f 1907//4327 1901//4327 1890//4327
f 1908//4328 1909//4328 1903//4328
f 1908//4329 1903//4329 1902//4329
f 1908//4330 1891//4330 1901//4330
f 1908//4331 1902//4331 1891//4331
f 1910//4332 1895//4332 1911//4332
f 1910//4333 1904//4333 1895//4333
f 1912//4334 1898//4334 1904//4334
f 1912//4335 1905//4335 1898//4335
f 1913//4336 1906//4336 1899//4336
f 1913//4337 1899//4337 1905//4337
f 1914//4338 1900//4338 1906//4338
f 1914//4339 1907//4339 1900//4339
f 1915//4340 1916//4340 1909//4340
f 1915//4341 1901//4341 1907//4341
f 1915//4342 1909//4342 1908//4342
f 1915//4343 1908//4343 1901//4343
f 1917//4344 1911//4344 1918//4344
f 1917//4345 1910//4345 1911//4345
f 1919//4346 1904//4346 1910//4346
f 1919//4347 1912//4347 1904//4347
f 1920//4348 1905//4348 1912//4348
f 1920//4349 1913//4349 1905//4349
f 1921//4350 1906//4350 1913//4350
f 1921//4351 1914//4351 1906//4351
f 1922//4352 1907//4352 1914//4352
f 1922//4353 1923//4353 1916//4353
f 1922//4354 1916//4354 1915//4354
f 1922//4355 1915//4355 1907//4355
f 1924//4356 1925//4356 1926//4356
f 1924//4357 1927//4358 1928//4359
f 1924//4360 1928//4360 1925//4360
f 1929//4361 1918//4361 1926//4361
f 1929//4362 1917//4362 1918//4362
f 1930//4363 1919//4363 1910//4363
f 1930//4364 1910//4364 1917//4364
f 1931//4365 1920//4365 1912//4365
f 1931//4366 1912//4366 1919//4366
f 1932//4367 1913//4367 1920//4367
f 1932//4368 1921//4368 1913//4369
f 1933//4370 1922//4370 1914//4370
f 1933//4371 1923//4371 1922//4371
f 1933//4372 1934//4372 1923//4372
f 1933//4373 1914//4373 1921//4373
f 1935//4374 1926//4374 1925//4374
f 1935//4375 1925//4375 1936//4375
f 1935//4376 1929//4376 1926//4376
f 1937//4377 1917//4377 1929//4377
f 1937//4378 1930//4378 1917//4378
f 1938//4379 1919//4379 1930//4379
f 1938//4380 1931//4380 1919//4380
f 1939//4381 1932//4381 1920//4381
f 1939//4382 1920//4382 1931//4382
f 1940//4383 1921//4383 1932//4383
f 1940//4384 1933//4384 1921//4384
f 1940//4385 1941//4386 1942//4387
f 1940//4388 1942//4389 1934//4390
f 1940//4388 1934//4390 1933//4391
f 1943//4392 1929//4392 1935//4392
f 1943//4393 1937//4393 1929//4393
f 1944//4394 1938//4394 1930//4394
f 1944//4395 1930//4395 1937//4395
f 1945//4396 1931//4396 1938//4396
f 1945//4397 1939//4397 1931//4397
f 1946//4398 1941//4386 1940//4385
f 1946//4399 1940//4399 1932//4399
f 1946//4400 1947//4400 1941//4400
f 1946//4401 1932//4401 1939//4401
f 1948//4402 1936//4402 1949//4402
f 1948//4403 1949//4404 1950//4405
f 1948//4406 1935//4406 1936//4406
f 1948//4407 1943//4407 1935//4407
f 1951//4408 1937//4408 1943//4408
f 1951//4409 1944//4409 1937//4409
f 1952//4410 1938//4410 1944//4410
f 1952//4411 1945//4411 1938//4411
f 1953//4412 1954//4412 1947//4412
f 1953//4413 1939//4413 1945//4413
f 1953//4414 1947//4414 1946//4414
f 1953//4415 1946//4415 1939//4415
f 1955//4416 1948//4416 1950//4416
f 1955//4417 1943//4417 1948//4417
f 1955//4418 1951//4418 1943//4418
f 1956//4419 1944//4419 1951//4419
f 1956//4420 1952//4420 1944//4420
f 1957//4421 1958//4421 1954//4421
f 1957//4422 1954//4422 1953//4422
f 1957//4423 1945//4423 1952//4423
f 1957//4424 1953//4424 1945//4424
f 1959//4425 1956//4425 1951//4425
f 1959//4426 1951//4426 1955//4426
f 1960//4427 1958//4427 1957//4427
f 1960//4428 1961//4428 1958//4428
f 1960//4429 1952//4429 1956//4429
f 1960//4430 1957//4430 1952//4430
f 1962//4431 1959//4431 1955//4431
f 1962//4432 1950//4432 1963//4432
f 1962//4433 1963//4434 1964//4435
f 1962//4436 1955//4436 1950//4436
f 1965//4437 1961//4437 1960//4437
f 1965//4438 1960//4438 1956//4438
f 1965//4439 1966//4439 1961//4439
f 1965//4440 1956//4440 1959//4440
f 1967//4441 1966//4441 1965//4441
f 1967//4442 1965//4442 1959//4442
f 1967//4443 1964//4443 1968//4443
f 1967//4444 1968//4444 1966//4444
f 1967//4445 1959//4445 1962//4445
f 1967//4446 1962//4446 1964//4446
f 1969//4447 1858//4448 1970//4449
f 1969//4450 1970//4450 1859//4450
f 1969//4451 1855//4251 1858//4253
f 1969//4451 1859//4452 1855//4251
f 1971//4453 1863//4453 1859//4453
f 1971//4454 1868//4454 1863//4454
f 1971//4455 1859//4455 1970//4455
f 1972//4456 1871//4456 1868//4456
f 1972//4457 1868//4457 1971//4457
f 1973//4458 1883//4458 1870//4458
f 1973//4459 1870//4459 1872//4459
f 1973//4460 1872//4460 1974//4460
f 1975//4461 1974//4461 1897//4461
f 1975//4462 1973//4462 1974//4462
f 1975//4463 1888//4464 1883//4465
f 1975//4466 1896//4466 1888//4466
f 1975//4467 1897//4467 1896//4467
f 1975//4463 1883//4465 1973//4468
f 1976//4469 1911//4469 1895//4469
f 1977//4470 1918//4470 1911//4470
f 1977//4471 1926//4471 1918//4471
f 1977//4472 1978//4472 1926//4472
f 1977//4473 1911//4473 1976//4473
f 1979//4474 1978//4475 1927//4476
f 1979//4477 1924//4357 1926//4478
f 1979//4479 1926//4479 1978//4479
f 1979//4477 1927//4358 1924//4357
f 1980//4480 1971//4480 1970//4480
f 1980//4481 1972//4481 1971//4481
f 1981//4482 1871//4482 1972//4482
f 1982//4483 1976//4483 1895//4483
f 1983//4484 1978//4484 1977//4484
f 1983//4485 1977//4485 1976//4485
f 1984//4486 1970//4487 1985//4488
f 1984//4489 1985//4489 1981//4489
f 1984//4486 1980//4490 1970//4487
f 1984//4491 1972//4492 1980//4493
f 1984//4491 1981//4494 1972//4492
f 1986//4495 1985//4496 1872//4497
f 1986//4495 1981//4498 1985//4496
f 1986//4499 1871//4499 1981//4499
f 1986//4500 1872//4500 1871//4500
f 1987//4501 1897//4502 1988//4503
f 1987//4501 1988//4503 1982//4504
f 1987//4505 1982//4505 1895//4505
f 1987//4506 1895//4506 1897//4506
f 1989//4507 1988//4508 1978//4507
f 1989//4507 1978//4507 1983//4509
f 1989//4510 1982//4511 1988//4511
f 1989//4512 1976//4512 1982//4513
f 1989//4512 1983//4514 1976//4512
f 130//4515 1990//4516 1991//4516
f 130//4515 129//4515 1990//4516
f 3//4517 1991//4518 1968//4519
f 3//4517 130//4517 1991//4518
f 164//7 1992//7 1993//7
f 164//4520 1893//4521 1992//4522
f 164//4520 30//4520 1893//4521
f 135//4523 1993//4524 1994//4525
f 135//4526 164//4526 1993//4526
f 134//4527 1994//4527 1995//4527
f 134//3 135//3 1994//3
f 138//11 1995//4528 1996//4529
f 138//4530 134//4530 1995//4530
f 141//4531 1996//4531 1997//4531
f 141//4532 138//4532 1996//4532
f 167//4533 1998//4533 1999//4533
f 167//4534 2000//4535 1998//4534
f 167//4536 1997//4537 2000//4536
f 167//4538 141//4538 1997//4538
f 142//4539 2001//4539 2002//4539
f 142//4540 2003//4540 2001//4540
f 142//4541 2004//4541 2003//4541
f 142//4542 2005//4542 2004//4542
f 142//4543 2006//4543 2005//4543
f 142//4544 1999//4545 2006//4546
f 142//4544 167//4547 1999//4545
f 140//4548 2007//4548 2008//4549
f 140//4550 2009//4550 2007//4550
f 140//4551 2002//4552 2009//4551
f 140//4553 142//4553 2002//4553
f 133//4554 2008//4554 2010//4554
f 133//4555 140//4555 2008//4555
f 132//241 133//4556 2010//4557
f 132//241 2010//4557 2011//4558
f 131//4559 132//4560 2011//4561
f 131//4559 2011//4561 2012//4562
f 129//4563 2012//4564 1990//4565
f 129//4563 131//4563 2012//4564
f 28//4566 1881//4284 1880//4283
f 28//4566 26//4567 1881//4284
f 30//4568 1880//313 1893//313
f 30//4568 28//4568 1880//313
f 4//4569 3//287 1968//4570
f 4//4571 1964//4435 1963//4434
f 4//4569 1968//4570 1964//4570
f 5//4572 1963//4572 1950//4572
f 5//292 4//292 1963//292
f 7//4573 1950//4405 1949//4404
f 7//4574 5//4575 1950//4575
f 10//4576 1949//4576 1936//4576
f 10//4573 7//4573 1949//4573
f 12//4577 1936//4577 1925//4577
f 12//296 10//296 1936//296
f 14//4578 1927//4476 1978//4475
f 14//4579 1928//4579 1927//4579
f 14//4580 1925//4580 1928//4580
f 14//4581 12//4581 1925//4581
f 16//4582 1985//4582 1970//4582
f 16//4583 1872//4583 1985//4583
f 16//4584 1974//4584 1872//4584
f 16//4585 1897//4585 1974//4585
f 16//4586 1988//4587 1897//4586
f 16//4588 1978//4589 1988//4590
f 16//4588 14//4591 1978//4589
f 18//4592 1857//4592 1856//4592
f 18//4593 1858//4593 1857//4593
f 18//4594 1970//4449 1858//4448
f 18//4595 16//4595 1970//4595
f 20//4596 1856//4596 1861//4596
f 20//4597 18//4597 1856//4597
f 22//4598 20//4599 1861//4600
f 22//4598 1861//4600 1866//4601
f 24//1192 22//1192 1866//4261
f 24//1192 1866//4261 1865//4260
f 26//4602 1865//4603 1881//4604
f 26//4602 24//4602 1865//4603
f 2013//4605 1893//4605 1894//4605
f 2013//4606 1993//4606 1992//4606
f 2013//4607 1992//4522 1893//4521
f 2014//4608 1894//4608 1903//4608
f 2014//4609 2013//4609 1894//4609
f 2015//4610 1903//4610 1909//4610
f 2015//4611 2014//4611 1903//4611
f 2016//4612 1993//4612 2013//4612
f 2016//4613 2013//4613 2014//4613
f 2017//4614 2015//4615 1909//4615
f 2017//4616 1909//4616 1916//4616
f 2018//4617 2016//4617 2014//4617
f 2018//4618 2014//4618 2015//4618
f 2019//4619 1995//4619 1994//4619
f 2019//4620 1994//4525 1993//4524
f 2019//4621 1993//4621 2016//4621
f 2020//4622 1916//4622 1923//4622
f 2020//4623 2017//4623 1916//4623
f 2021//4624 2015//4624 2017//4624
f 2021//4625 2018//4625 2015//4625
f 2022//4626 2019//4626 2016//4626
f 2022//4627 2016//4627 2018//4627
f 2023//4628 1923//4628 1934//4628
f 2023//4629 2020//4629 1923//4629
f 2024//4630 2021//4630 2017//4630
f 2024//4631 2017//4631 2020//4631
f 2025//4632 2022//4632 2018//4632
f 2025//4633 2018//4633 2021//4633
f 2026//4634 1995//4634 2019//4634
f 2026//4635 2019//4635 2022//4635
f 2027//4636 2023//4636 1934//4636
f 2027//4637 1934//4637 1942//4637
f 2028//4638 2024//4638 2020//4638
f 2028//4639 2020//4639 2023//4639
f 2029//4640 2025//4640 2021//4640
f 2029//4641 2021//4641 2024//4641
f 2030//4642 2022//4642 2025//4642
f 2030//4643 2026//4643 2022//4643
f 2031//4644 1997//4644 1996//4644
f 2031//4645 1996//4529 1995//4528
f 2031//4646 1995//4646 2026//4646
f 2032//4647 1942//4647 1941//4647
f 2032//4648 2027//4648 1942//4648
f 2033//4649 2028//4649 2023//4649
f 2033//4650 2023//4650 2027//4650
f 2034//4651 2029//4651 2024//4651
f 2034//4652 2024//4652 2028//4652
f 2035//4653 2025//4653 2029//4653
f 2035//4654 2030//4654 2025//4654
f 2036//4655 2026//4655 2030//4655
f 2036//4656 2031//4656 2026//4656
f 2036//4657 1997//4657 2031//4657
f 2037//4658 1941//4658 1947//4658
f 2037//4659 2032//4659 1941//4659
f 2038//4660 2027//4660 2032//4660
f 2038//4661 2033//4661 2027//4661
f 2039//4662 2028//4662 2033//4662
f 2039//4663 2034//4663 2028//4663
f 2040//4664 2035//4664 2029//4664
f 2040//4665 2029//4665 2034//4665
f 2041//4666 2036//4666 2030//4666
f 2041//4667 2030//4667 2035//4667
f 2042//4668 1999//4668 1998//4668
f 2042//4669 1998//4669 2000//4669
f 2042//4670 2000//4670 1997//4670
f 2042//4671 1997//4671 2036//4671
f 2043//4672 1947//4672 1954//4672
f 2043//4673 2037//4673 1947//4673
f 2044//4674 2032//4674 2037//4674
f 2044//4675 2038//4675 2032//4675
f 2045//4676 2039//4676 2033//4676
f 2045//4677 2033//4677 2038//4677
f 2046//4678 2034//4678 2039//4678
f 2046//4679 2040//4679 2034//4679
f 2047//4680 2041//4680 2035//4680
f 2047//4681 2035//4681 2040//4681
f 2048//4682 1999//4682 2042//4682
f 2048//4683 2042//4683 2036//4683
f 2048//4684 2036//4684 2041//4684
f 2049//4685 1954//4685 1958//4685
f 2049//4686 2043//4686 1954//4686
f 2050//4687 2044//4687 2037//4687
f 2050//4688 2037//4688 2043//4688
f 2051//4689 2038//4689 2044//4689
f 2051//4690 2045//4690 2038//4690
f 2052//4691 2039//4691 2045//4691
f 2052//4692 2046//4692 2039//4692
f 2053//4693 2040//4693 2046//4693
f 2053//4694 2047//4694 2040//4694
f 2054//4695 2041//4695 2047//4695
f 2054//4696 2048//4696 2041//4696
f 2055//4697 1958//4697 1961//4697
f 2055//4698 2049//4698 1958//4698
f 2056//4699 2043//4699 2049//4700
f 2056//4701 2050//4701 2043//4701
f 2057//4702 2044//4702 2050//4702
f 2057//4703 2051//4703 2044//4703
f 2058//4704 2052//4704 2045//4704
f 2058//4705 2045//4705 2051//4705
f 2059//4706 2046//4706 2052//4706
f 2059//4707 2053//4707 2046//4707
f 2060//4708 2047//4708 2053//4708
f 2060//4709 2054//4709 2047//4710
f 2061//4711 1961//4711 1966//4711
f 2061//4712 2055//4712 1961//4712
f 2062//4713 2049//4713 2055//4713
f 2062//4714 2056//4714 2049//4714
f 2063//4715 2057//4715 2050//4715
f 2063//4716 2050//4716 2056//4716
f 2064//4717 2051//4717 2057//4717
f 2064//4718 2058//4718 2051//4718
f 2065//4719 2052//4719 2058//4719
f 2065//4720 2059//4720 2052//4720
f 2066//4721 2053//4721 2059//4721
f 2066//4722 2060//4722 2053//4722
f 2067//4723 1966//4723 1968//4723
f 2067//4724 2061//4724 1966//4724
f 2067//4725 1968//4519 1991//4518
f 2067//4726 1991//4726 1990//4726
f 2068//4727 2055//4727 2061//4727
f 2068//4728 2062//4728 2055//4728
f 2069//4729 2063//4729 2056//4729
f 2069//4730 2056//4730 2062//4730
f 2070//4731 2057//4731 2063//4731
f 2070//4732 2064//4732 2057//4732
f 2071//4733 2065//4733 2058//4733
f 2071//4734 2058//4734 2064//4734
f 2072//4735 2059//4735 2065//4735
f 2072//4736 2066//4736 2059//4736
f 2073//4737 2061//4737 2067//4737
f 2073//4738 2067//4738 1990//4738
f 2073//4739 2068//4739 2061//4739
f 2074//4740 2062//4740 2068//4741
f 2074//4742 2069//4742 2062//4742
f 2075//4743 2070//4743 2063//4743
f 2075//4744 2063//4744 2069//4744
f 2076//4745 2064//4745 2070//4745
f 2076//4746 2071//4746 2064//4746
f 2077//4747 2065//4747 2071//4747
f 2077//4748 2072//4748 2065//4748
f 2078//4749 2068//4749 2073//4749
f 2078//4750 2074//4750 2068//4750
f 2079//4751 2069//4751 2074//4751
f 2079//4752 2075//4752 2069//4752
f 2080//4753 2070//4753 2075//4753
f 2080//4754 2076//4754 2070//4754
f 2081//4755 2071//4755 2076//4755
f 2081//4756 2077//4756 2071//4756
f 2082//4757 1990//4565 2012//4564
f 2082//4758 2012//4758 2011//4758
f 2082//4759 2073//4759 1990//4759
f 2082//4760 2078//4760 2073//4760
f 2083//4761 2074//4761 2078//4761
f 2083//4762 2079//4762 2074//4762
f 2084//4763 2075//4763 2079//4763
f 2084//4764 2080//4764 2075//4764
f 2085//4765 2076//4765 2080//4765
f 2085//4766 2081//4766 2076//4766
f 2086//4767 2083//4767 2078//4767
f 2086//4768 2082//4768 2011//4768
f 2086//4769 2078//4769 2082//4770
f 2087//4771 2079//4771 2083//4771
f 2087//4772 2084//4772 2079//4772
f 2088//4773 2080//4773 2084//4773
f 2088//4774 2085//4774 2080//4774
f 2089//4775 2083//4775 2086//4775
f 2089//4776 2087//4776 2083//4776
f 2090//4777 2084//4777 2087//4777
f 2090//4778 2088//4779 2084//4779
f 2091//4780 2089//4780 2086//4780
f 2091//4781 2011//4558 2010//4557
f 2091//4782 2010//4783 2008//4782
f 2091//4784 2008//4784 2089//4784
f 2091//4785 2086//4785 2011//4785
f 2092//4786 2087//4786 2089//4786
f 2092//4787 2090//4787 2087//4787
f 2093//4788 2002//4788 2092//4788
f 2093//4789 2008//4789 2007//4789
f 2093//4790 2007//4790 2009//4790
f 2093//4791 2089//4791 2008//4791
f 2093//4792 2009//4792 2002//4792
f 2093//4793 2092//4793 2089//4793
f 2094//4794 1999//4794 2048//4794
f 2095//4795 2094//4796 2048//4797
f 2095//4795 2048//4797 2054//4798
f 2096//4799 2054//4800 2060//4801
f 2096//4799 2095//4802 2054//4800
f 2097//4803 2096//4799 2060//4801
f 2097//4804 2060//4804 2066//4804
f 2098//4805 2004//4805 2005//4805
f 2098//4806 2066//4806 2072//4806
f 2099//4807 2004//4807 2098//4808
f 2099//4809 2098//4810 2072//4811
f 2099//4809 2072//4811 2077//4812
f 2100//4813 2004//4814 2099//4815
f 2100//4816 2099//4816 2077//4816
f 2100//4817 2077//4818 2081//4819
f 2101//4820 2003//4820 2004//4820
f 2101//4821 2100//4817 2081//4819
f 2101//4822 2004//4814 2100//4813
f 2101//4823 2081//4823 2085//4823
f 2102//4824 2085//4824 2088//4824
f 2103//4825 2102//4826 2088//4827
f 2103//4825 2088//4827 2090//4828
f 2104//4829 2090//4830 2092//4829
f 2104//4831 2103//4825 2090//4828
f 2105//4832 2092//4833 2002//4833
f 2105//4834 2104//4829 2092//4829
f 2106//4835 1999//4835 2094//4835
f 2107//4836 2094//4837 2095//4838
f 2107//4836 2095//4838 2096//4839
f 2107//4836 2106//4840 2094//4837
f 2108//4841 2096//4842 2097//4843
f 2108//4841 2107//4844 2096//4842
f 2109//4845 2097//4845 2066//4845
f 2109//4846 2066//4846 2098//4846
f 2109//4847 2108//4841 2097//4843
f 2110//4848 2101//4848 2085//4848
f 2110//4849 2085//4849 2102//4849
f 2111//4850 2102//4851 2103//4852
f 2111//4850 2110//4853 2102//4851
f 2112//4854 2111//4850 2103//4852
f 2112//4855 2103//4856 2104//4857
f 2112//4855 2104//4857 2105//4858
f 2113//4859 2105//4859 2002//4859
f 2113//4860 2112//4855 2105//4858
f 2114//4861 2006//4862 1999//4863
f 2114//4861 1999//4863 2106//4864
f 2115//4865 2006//4866 2114//4866
f 2115//4867 2106//4868 2107//4869
f 2115//4870 2108//4870 2006//4870
f 2115//4871 2107//4844 2108//4841
f 2115//4867 2114//4867 2106//4868
f 2116//4872 2005//4873 2006//4874
f 2116//4872 2006//4874 2108//4875
f 2116//4876 2108//4877 2109//4878
f 2117//4879 2005//4880 2116//4880
f 2117//4881 2098//4881 2005//4881
f 2117//4882 2109//4882 2098//4882
f 2117//4883 2116//4876 2109//4878
f 2118//4884 2003//4884 2101//4884
f 2118//4885 2101//4885 2110//4885
f 2119//4886 2001//4887 2003//4888
f 2119//4886 2111//4889 2001//4887
f 2119//4890 2110//4891 2111//4892
f 2119//4890 2118//4893 2110//4891
f 2119//4894 2003//4895 2118//4896
f 2120//4897 2111//4850 2112//4854
f 2120//4898 2001//4898 2111//4898
f 2120//4899 2112//4900 2113//4901
f 2121//4902 2002//4903 2001//4904
f 2121//4902 2113//4905 2002//4903
f 2121//4906 2001//4907 2120//4908
f 2121//4909 2120//4899 2113//4901
f 24//999 20//992 22//110
f 20//992 16//88 18//104
f 30//4910 135//999 28//128
f 28//128 135//999 26//133
f 26//133 135//999 24//999
f 164//105 135//999 30//4910
f 14//139 10//112 12//105
f 134//86 138//134 135//999
f 135//999 138//134 24//999
f 138//134 141//113 24//999
f 16//88 4//115 14//139
f 10//112 4//115 7//143
f 7//143 4//115 5//134
f 14//139 4//115 10//112
f 167//96 142//1000 141//113
f 4//115 131//103 3//133
f 3//133 131//103 130//999
f 130//999 131//103 129//103
f 133//118 132//107 140//1006
f 140//1006 132//107 142//1000
f 24//999 132//107 20//992
f 20//992 132//107 16//88
f 16//88 132//107 4//115
f 142//1000 132//107 141//113
f 141//113 132//107 24//999
f 4//115 132//107 131//103
f 2122//4911 2123//4912 2124//4913
f 2122//4914 2125//4915 2126//4916
f 2122//4911 2127//4917 2123//4912
f 2122//4914 2126//4916 2127//4918
f 2128//4919 2129//4920 2130//4919
f 2128//4921 2131//4922 2132//4923
f 2128//4919 2133//4924 2129//4920
f 2128//4921 2130//4921 2131//4922
f 2134//4925 2124//4926 2133//4927
f 2134//4925 2133//4927 2128//4928
f 2134//4929 2128//4930 2132//4931
f 2134//4929 2132//4931 2135//4932
f 2136//4933 2125//4934 2122//4933
f 2136//4935 2124//4936 2134//4937
f 2136//4938 2135//4939 2137//4940
f 2136//4938 2134//4941 2135//4939
f 2136//4942 2137//4943 2138//4944
f 2136//4933 2138//4933 2125//4934
f 2136//4935 2122//4945 2124//4936
f 2139//4946 2140//4946 2141//4946
f 2142//4947 2138//4944 2137//4943
f 2143//4948 2144//4949 2145//4950
f 2143//4948 2145//4950 2146//4951
f 2147//4952 2144//4953 2143//4954
f 2147//4952 2148//4955 2144//4953
f 2149//4956 2146//4957 2150//4958
f 2149//4956 2143//4957 2146//4957
f 2151//4959 2152//4960 2148//4961
f 2151//4959 2148//4961 2147//4962
f 2153//4963 2147//4963 2143//4964
f 2153//4963 2143//4964 2149//4965
f 2154//4966 2155//4967 2152//4968
f 2154//4966 2152//4968 2151//4969
f 2156//4970 2150//4971 2157//4972
f 2156//4970 2149//4973 2150//4971
f 2158//4974 2147//4975 2153//4976
f 2158//4974 2151//4977 2147//4975
f 2159//4978 2160//4979 2155//4980
f 2159//4978 2155//4980 2154//4981
f 2161//4982 2153//4983 2149//4984
f 2161//4982 2149//4984 2156//4985
f 2162//4986 2151//4987 2158//4986
f 2162//4986 2154//4988 2151//4987
f 2163//4989 2164//4990 2165//4991
f 2163//4992 2160//4993 2159//4994
f 2163//4992 2166//4995 2160//4993
f 2163//4989 2165//4991 2166//4996
f 2167//4997 2157//4998 2168//4999
f 2167//4997 2156//5000 2157//4998
f 2169//5001 2153//5002 2161//5003
f 2169//5001 2158//5004 2153//5002
f 2170//5005 2154//5006 2162//5007
f 2170//5005 2159//5008 2154//5006
f 2171//5009 2168//5009 2172//5009
f 2171//5010 2167//5010 2168//5010
f 2173//5011 2161//5012 2156//5013
f 2173//5011 2156//5013 2167//5014
f 2174//5015 2158//5016 2169//5017
f 2174//5015 2162//5018 2158//5016
f 2175//5019 2176//5019 2164//5019
f 2175//5020 2163//5021 2159//5022
f 2175//5023 2164//5023 2163//5023
f 2175//5020 2159//5022 2170//5020
f 2177//5024 2173//5025 2167//5026
f 2177//5024 2167//5026 2171//5027
f 2178//5028 2171//5028 2172//5028
f 2179//5029 2161//5030 2173//5031
f 2179//5029 2169//5032 2161//5030
f 2180//5033 2162//5033 2174//5034
f 2180//5033 2170//5033 2162//5033
f 2181//5035 2179//5036 2173//5035
f 2181//5035 2173//5035 2177//5035
f 2182//5037 2172//5037 2183//5037
f 2182//5038 2178//5038 2172//5038
f 2184//5039 2177//5040 2171//5041
f 2184//5039 2171//5041 2178//5042
f 2185//5043 2169//5044 2179//5045
f 2185//5043 2174//5044 2169//5044
f 2186//5046 2187//5046 2176//5046
f 2186//5047 2170//5048 2180//5049
f 2186//5047 2175//5050 2170//5048
f 2186//5051 2176//5051 2175//5051
f 2188//5052 2185//5053 2179//5054
f 2188//5052 2179//5054 2181//5055
f 2189//5056 2178//5056 2182//5057
f 2189//5056 2184//5056 2178//5056
f 2190//5058 2182//5058 2183//5058
f 2191//5059 2181//5060 2177//5061
f 2191//5059 2177//5061 2184//5059
f 2192//5062 2180//5063 2174//5064
f 2192//5062 2174//5064 2185//5064
f 2193//5065 2185//5066 2188//5067
f 2193//5065 2192//5066 2185//5066
f 2194//5068 2184//5069 2189//5070
f 2194//5068 2191//5071 2184//5069
f 2195//5072 2190//5072 2183//5072
f 2195//5073 2183//5073 2196//5073
f 2197//5074 2182//5075 2190//5076
f 2197//5074 2189//5077 2182//5075
f 2198//5078 2188//5078 2181//5079
f 2198//5078 2181//5079 2191//5079
f 2199//5080 2200//5080 2187//5080
f 2199//5081 2186//5082 2180//5082
f 2199//5083 2187//5083 2186//5083
f 2199//5081 2180//5082 2192//5082
f 2201//5084 2200//5085 2199//5086
f 2201//5087 2192//5088 2193//5089
f 2201//5087 2199//5090 2192//5088
f 2202//5091 2191//5092 2194//5093
f 2202//5091 2198//5094 2191//5092
f 2203//5095 2190//5096 2195//5097
f 2203//5095 2197//5096 2190//5096
f 2204//5098 2195//5098 2196//5098
f 2205//5099 2194//5100 2189//5101
f 2205//5099 2189//5101 2197//5102
f 2206//5103 2188//5104 2198//5105
f 2206//5103 2193//5106 2188//5104
f 2207//5107 2198//5108 2202//5109
f 2207//5107 2206//5110 2198//5108
f 2208//5111 2197//5112 2203//5113
f 2208//5111 2205//5114 2197//5112
f 2209//5115 2203//5116 2195//5117
f 2209//5115 2195//5117 2204//5116
f 2210//5118 2196//5118 2211//5118
f 2210//5119 2204//5119 2196//5119
f 2212//5120 2194//5121 2205//5122
f 2212//5120 2202//5120 2194//5121
f 2213//5123 2193//5124 2206//5125
f 2213//5126 2214//5126 2200//5126
f 2213//5127 2200//5085 2201//5084
f 2213//5123 2201//5128 2193//5124
f 2215//5129 2210//5129 2211//5129
f 2216//5130 2213//5131 2206//5132
f 2216//5130 2206//5132 2207//5133
f 2216//5134 2214//5135 2213//5136
f 2217//5137 2212//5138 2205//5139
f 2217//5137 2205//5139 2208//5140
f 2218//5141 2208//5142 2203//5143
f 2218//5141 2203//5143 2209//5144
f 2219//5145 2209//5146 2204//5147
f 2219//5145 2204//5147 2210//5148
f 2220//5149 2202//5150 2212//5150
f 2220//5149 2207//5150 2202//5150
f 2221//5151 2219//5152 2210//5151
f 2221//5151 2210//5151 2215//5153
f 2222//5154 2212//5155 2217//5156
f 2222//5154 2220//5155 2212//5155
f 2223//5157 2217//5157 2208//5158
f 2223//5157 2208//5158 2218//5159
f 2224//5160 2209//5161 2219//5160
f 2224//5160 2218//5160 2209//5161
f 2225//5162 2211//5162 2226//5162
f 2225//5163 2215//5163 2211//5163
f 2227//5164 2228//5164 2214//5164
f 2227//5165 2214//5135 2216//5134
f 2227//5166 2207//5167 2220//5168
f 2227//5166 2216//5169 2207//5167
f 2229//5170 2225//5170 2226//5170
f 2230//5171 2224//5172 2219//5173
f 2230//5171 2219//5173 2221//5174
f 2231//5175 2228//5176 2227//5177
f 2231//5178 2220//5179 2222//5180
f 2231//5178 2227//5181 2220//5179
f 2232//5182 2222//5183 2217//5184
f 2232//5182 2217//5184 2223//5185
f 2233//5186 2223//5187 2218//5188
f 2233//5186 2218//5188 2224//5189
f 2234//5190 2221//5191 2215//5192
f 2234//5190 2215//5192 2225//5190
f 2235//5193 2225//5194 2229//5195
f 2235//5193 2234//5196 2225//5194
f 2236//5197 2233//5198 2224//5198
f 2236//5197 2224//5198 2230//5199
f 2237//5200 2238//5200 2228//5200
f 2237//5201 2228//5176 2231//5175
f 2237//5202 2231//5203 2222//5204
f 2237//5202 2222//5204 2232//5205
f 2239//5206 2223//5207 2233//5208
f 2239//5206 2232//5209 2223//5207
f 2240//5210 2230//5211 2221//5212
f 2240//5210 2221//5212 2234//5213
f 2241//5214 2226//5214 2242//5214
f 2241//5215 2229//5215 2226//5215
f 2243//5216 2241//5216 2242//5216
f 2244//5217 2234//5217 2235//5218
f 2244//5217 2240//5217 2234//5217
f 2245//5219 2233//5220 2236//5221
f 2245//5219 2239//5222 2233//5220
f 2246//5223 2238//5223 2237//5224
f 2246//5225 2237//5226 2232//5227
f 2246//5225 2232//5227 2239//5228
f 2247//5229 2236//5230 2230//5229
f 2247//5229 2230//5229 2240//5231
f 2248//5232 2229//5233 2241//5234
f 2248//5232 2235//5235 2229//5233
f 2249//5236 2241//5237 2243//5238
f 2249//5236 2248//5239 2241//5237
f 2250//5240 2240//5241 2244//5242
f 2250//5240 2247//5241 2240//5241
f 2251//5243 2246//5244 2239//5245
f 2251//5246 2252//5246 2238//5246
f 2251//5247 2238//5223 2246//5223
f 2251//5243 2239//5245 2245//5243
f 2253//5248 2245//5249 2236//5248
f 2253//5248 2236//5248 2247//5250
f 2254//5251 2235//5252 2248//5253
f 2254//5251 2244//5254 2235//5252
f 2255//5255 2242//5255 2256//5255
f 2255//5256 2243//5256 2242//5256
f 2257//5257 2254//5258 2248//5259
f 2257//5257 2248//5259 2249//5260
f 2258//5261 2253//5262 2247//5263
f 2258//5261 2247//5263 2250//5263
f 2259//5264 2251//5265 2245//5266
f 2259//5267 2252//5268 2251//5269
f 2259//5264 2245//5266 2253//5270
f 2260//5271 2250//5272 2244//5272
f 2260//5271 2244//5272 2254//5273
f 2261//5274 2249//5275 2243//5276
f 2261//5274 2243//5276 2255//5277
f 2262//5278 2254//5279 2257//5280
f 2262//5278 2260//5281 2254//5279
f 2263//5282 2264//5282 2252//5282
f 2263//5283 2253//5284 2258//5285
f 2263//5286 2252//5268 2259//5267
f 2263//5283 2259//5287 2253//5284
f 2265//5288 2250//5289 2260//5288
f 2265//5288 2258//5290 2250//5289
f 2266//5291 2257//5292 2249//5292
f 2266//5291 2249//5292 2261//5293
f 2267//5294 2255//5294 2256//5294
f 2267//5295 2256//5295 2268//5295
f 2269//5296 2260//5297 2262//5298
f 2269//5296 2265//5296 2260//5297
f 2270//5299 2264//5300 2263//5301
f 2270//5302 2263//5303 2258//5304
f 2270//5302 2258//5304 2265//5305
f 2271//5306 2262//5307 2257//5308
f 2271//5306 2257//5308 2266//5309
f 2272//5310 2255//5311 2267//5312
f 2272//5310 2261//5313 2255//5311
f 2273//5314 2126//5314 2264//5314
f 2273//5315 2264//5300 2270//5299
f 2273//5316 2265//5317 2269//5317
f 2273//5316 2270//5318 2265//5317
f 2123//5319 2269//5320 2262//5320
f 2123//5319 2262//5320 2271//5321
f 2129//5322 2266//5322 2261//5323
f 2129//5322 2261//5323 2272//5324
f 2274//5325 2268//5325 2140//5325
f 2274//5326 2140//5326 2139//5326
f 2274//5327 2267//5327 2268//5327
f 2127//5328 2273//5329 2269//5330
f 2127//5331 2126//5331 2273//5331
f 2127//5328 2269//5330 2123//5328
f 2133//5332 2271//5333 2266//5334
f 2133//5332 2266//5334 2129//5335
f 2275//5336 2139//5337 2276//5338
f 2275//5336 2274//5339 2139//5337
f 2275//5340 2272//5341 2267//5342
f 2275//5340 2267//5342 2274//5343
f 2124//5344 2123//5345 2271//5346
f 2124//5344 2271//5346 2133//5347
f 2130//5348 2276//5349 2131//5350
f 2130//5348 2275//5351 2276//5349
f 2130//5352 2129//5353 2272//5354
f 2130//5352 2272//5354 2275//5355
f 2277//5356 2278//5357 2279//5358
f 2277//5359 2280//5360 2281//5361
f 2277//5356 2282//5362 2278//5357
f 2277//5359 2281//5361 2282//5360
f 2283//5363 2284//5364 2285//5365
f 2283//5366 2286//5367 2287//5368
f 2283//5363 2288//5369 2284//5364
f 2283//5366 2285//5368 2286//5367
f 2289//5370 2279//5371 2288//5372
f 2289//5370 2288//5372 2283//5373
f 2289//5374 2283//5374 2287//5375
f 2289//5374 2287//5375 2290//5376
f 2291//5377 2280//5378 2277//5379
f 2291//5380 2279//5381 2289//5382
f 2291//5383 2290//5384 2292//5385
f 2291//5383 2289//5386 2290//5384
f 2291//5387 2292//5388 2293//5388
f 2291//5377 2293//5389 2280//5378
f 2291//5380 2277//5390 2279//5381
f 2294//5391 2295//5391 2296//5391
f 2297//5388 2293//5388 2292//5388
f 2298//5392 2299//5393 2300//5394
f 2298//5392 2300//5394 2301//5395
f 2302//5396 2299//5397 2298//5398
f 2302//5396 2303//5399 2299//5397
f 2304//5400 2301//5401 2305//5402
f 2304//5400 2298//5401 2301//5401
f 2306//5403 2307//5404 2303//5404
f 2306//5403 2303//5404 2302//5405
f 2308//5406 2302//5407 2298//5406
f 2308//5406 2298//5406 2304//5408
f 2309//5409 2310//5410 2307//5411
f 2309//5409 2307//5411 2306//5412
f 2311//5413 2305//5414 2312//5415
f 2311//5413 2304//5416 2305//5414
f 2313//5417 2302//5418 2308//5419
f 2313//5417 2306//5420 2302//5418
f 2314//5421 2315//5422 2310//5423
f 2314//5421 2310//5423 2309//5424
f 2316//5425 2308//5426 2304//5427
f 2316//5425 2304//5427 2311//5428
f 2317//5429 2306//5430 2313//5431
f 2317//5429 2309//5432 2306//5430
f 2318//5433 2319//5434 2320//5435
f 2318//5436 2315//5437 2314//5438
f 2318//5436 2321//5437 2315//5437
f 2318//5433 2320//5435 2321//5439
f 2322//5440 2312//5440 2323//5440
f 2322//5440 2311//5440 2312//5440
f 2324//5441 2308//5442 2316//5443
f 2324//5441 2313//5444 2308//5442
f 2325//5445 2309//5446 2317//5447
f 2325//5445 2314//5448 2309//5446
f 2326//5449 2323//5450 2327//5450
f 2326//5451 2322//5451 2323//5451
f 2328//5452 2316//5453 2311//5454
f 2328//5452 2311//5454 2322//5455
f 2329//5456 2313//5457 2324//5458
f 2329//5456 2317//5459 2313//5457
f 2330//5460 2331//5460 2319//5460
f 2330//5461 2318//5462 2314//5463
f 2330//5464 2319//5464 2318//5464
f 2330//5461 2314//5463 2325//5465
f 2332//5466 2328//5466 2322//5467
f 2332//5466 2322//5467 2326//5466
f 2333//5468 2326//5468 2327//5468
f 2334//5469 2316//5470 2328//5471
f 2334//5469 2324//5472 2316//5470
f 2335//5473 2317//5474 2329//5475
f 2335//5473 2325//5474 2317//5474
f 2336//5476 2334//5477 2328//5477
f 2336//5476 2328//5477 2332//5478
f 2337//5479 2327//5479 2338//5479
f 2337//5480 2333//5480 2327//5480
f 2339//5481 2332//5481 2326//5481
f 2339//5481 2326//5481 2333//5482
f 2340//5483 2324//5484 2334//5485
f 2340//5483 2329//5486 2324//5484
f 2341//5487 2342//5487 2331//5487
f 2341//5488 2325//5489 2335//5490
f 2341//5488 2330//5491 2325//5489
f 2341//5492 2331//5492 2330//5492
f 2343//5493 2340//5494 2334//5495
f 2343//5493 2334//5495 2336//5496
f 2344//5497 2333//5498 2337//5499
f 2344//5497 2339//5500 2333//5498
f 2345//5501 2337//5501 2338//5501
f 2346//5502 2336//5503 2332//5504
f 2346//5502 2332//5504 2339//5505
f 2347//5506 2335//5507 2329//5508
f 2347//5506 2329//5508 2340//5509
f 2348//5510 2340//5511 2343//5510
f 2348//5510 2347//5512 2340//5511
f 2349//5513 2339//5514 2344//5515
f 2349//5513 2346//5515 2339//5514
f 2350//5516 2345//5517 2338//5516
f 2350//5518 2338//5519 2351//5518
f 2352//5520 2337//5521 2345//5522
f 2352//5520 2344//5522 2337//5521
f 2353//5523 2343//5523 2336//5524
f 2353//5523 2336//5524 2346//5525
f 2354//5526 2355//5526 2342//5526
f 2354//5527 2341//5528 2335//5529
f 2354//5530 2342//5530 2341//5530
f 2354//5527 2335//5529 2347//5531
f 2356//5532 2355//5533 2354//5534
f 2356//5535 2347//5536 2348//5537
f 2356//5535 2354//5538 2347//5536
f 2357//5539 2346//5540 2349//5541
f 2357//5539 2353//5542 2346//5540
f 2358//5543 2345//5544 2350//5545
f 2358//5543 2352//5546 2345//5544
f 2359//5547 2350//5547 2351//5547
f 2360//5548 2349//5549 2344//5550
f 2360//5548 2344//5550 2352//5551
f 2361//5552 2343//5553 2353//5554
f 2361//5552 2348//5555 2343//5553
f 2362//5556 2353//5557 2357//5558
f 2362//5556 2361//5559 2353//5557
f 2363//5560 2352//5561 2358//5562
f 2363//5560 2360//5561 2352//5561
f 2364//5563 2358//5564 2350//5565
f 2364//5563 2350//5565 2359//5566
f 2365//5567 2351//5567 2366//5567
f 2365//5568 2359//5568 2351//5568
f 2367//5569 2349//5570 2360//5571
f 2367//5569 2357//5572 2349//5570
f 2368//5573 2348//5574 2361//5575
f 2368//5576 2369//5576 2355//5576
f 2368//5577 2355//5533 2356//5532
f 2368//5573 2356//5578 2348//5574
f 2370//5579 2365//5579 2366//5579
f 2371//5580 2368//5581 2361//5582
f 2371//5580 2361//5582 2362//5583
f 2371//5584 2369//5585 2368//5586
f 2372//5587 2367//5588 2360//5589
f 2372//5587 2360//5589 2363//5590
f 2373//5591 2363//5592 2358//5593
f 2373//5591 2358//5593 2364//5593
f 2374//5594 2364//5595 2359//5596
f 2374//5594 2359//5596 2365//5597
f 2375//5598 2357//5599 2367//5598
f 2375//5598 2362//5599 2357//5599
f 2376//5600 2374//5601 2365//5602
f 2376//5600 2365//5602 2370//5603
f 2377//5604 2367//5605 2372//5606
f 2377//5604 2375//5605 2367//5605
f 2378//5607 2372//5608 2363//5609
f 2378//5607 2363//5609 2373//5610
f 2379//5611 2364//5612 2374//5613
f 2379//5611 2373//5612 2364//5612
f 2380//5614 2366//5614 2381//5614
f 2380//5615 2370//5615 2366//5615
f 2382//5616 2383//5616 2369//5616
f 2382//5617 2369//5585 2371//5584
f 2382//5618 2362//5619 2375//5618
f 2382//5618 2371//5620 2362//5619
f 2384//5621 2380//5621 2381//5621
f 2385//5622 2379//5623 2374//5624
f 2385//5622 2374//5624 2376//5625
f 2386//5626 2383//5626 2382//5627
f 2386//5628 2375//5629 2377//5630
f 2386//5628 2382//5631 2375//5629
f 2387//5632 2377//5632 2372//5633
f 2387//5632 2372//5633 2378//5634
f 2388//5635 2378//5636 2373//5637
f 2388//5635 2373//5637 2379//5638
f 2389//5639 2376//5640 2370//5641
f 2389//5639 2370//5641 2380//5642
f 2390//5643 2380//5644 2384//5645
f 2390//5643 2389//5643 2380//5644
f 2391//5646 2388//5647 2379//5648
f 2391//5646 2379//5648 2385//5649
f 2392//5650 2393//5650 2383//5650
f 2392//5651 2383//5626 2386//5626
f 2392//5652 2386//5653 2377//5654
f 2392//5652 2377//5654 2387//5655
f 2394//5656 2378//5657 2388//5656
f 2394//5656 2387//5658 2378//5657
f 2395//5659 2385//5660 2376//5660
f 2395//5659 2376//5660 2389//5661
f 2396//5662 2381//5662 2397//5662
f 2396//5663 2384//5663 2381//5663
f 2398//5664 2396//5664 2397//5664
f 2399//5665 2389//5666 2390//5667
f 2399//5665 2395//5666 2389//5666
f 2400//5668 2388//5669 2391//5670
f 2400//5668 2394//5671 2388//5669
f 2401//5672 2393//5673 2392//5674
f 2401//5675 2392//5676 2387//5675
f 2401//5675 2387//5675 2394//5677
f 2402//5678 2391//5679 2385//5680
f 2402//5678 2385//5680 2395//5681
f 2403//5682 2384//5683 2396//5684
f 2403//5682 2390//5685 2384//5683
f 2404//5686 2396//5687 2398//5688
f 2404//5686 2403//5689 2396//5687
f 2405//5690 2395//5691 2399//5692
f 2405//5690 2402//5691 2395//5691
f 2406//5693 2401//5694 2394//5695
f 2406//5696 2407//5696 2393//5696
f 2406//5697 2393//5673 2401//5672
f 2406//5693 2394//5695 2400//5698
f 2408//5699 2400//5700 2391//5701
f 2408//5699 2391//5701 2402//5702
f 2409//5703 2390//5704 2403//5705
f 2409//5703 2399//5706 2390//5704
f 2410//5707 2397//5707 2411//5707
f 2410//5708 2398//5708 2397//5708
f 2412//5709 2409//5710 2403//5711
f 2412//5709 2403//5711 2404//5712
f 2413//5713 2408//5714 2402//5715
f 2413//5713 2402//5715 2405//5716
f 2414//5717 2406//5717 2400//5718
f 2414//5719 2407//5720 2406//5721
f 2414//5717 2400//5718 2408//5722
f 2415//5723 2405//5724 2399//5725
f 2415//5723 2399//5725 2409//5726
f 2416//5727 2404//5728 2398//5729
f 2416//5727 2398//5729 2410//5730
f 2417//5731 2409//5732 2412//5733
f 2417//5731 2415//5734 2409//5732
f 2418//5735 2419//5735 2407//5735
f 2418//5736 2408//5737 2413//5738
f 2418//5739 2407//5720 2414//5719
f 2418//5736 2414//5737 2408//5737
f 2420//5740 2405//5741 2415//5740
f 2420//5740 2413//5742 2405//5741
f 2421//5743 2412//5744 2404//5745
f 2421//5743 2404//5745 2416//5746
f 2422//5747 2410//5747 2411//5747
f 2422//5748 2411//5748 2423//5749
f 2424//5750 2415//5751 2417//5752
f 2424//5750 2420//5751 2415//5751
f 2425//5753 2419//5754 2418//5755
f 2425//5756 2418//5757 2413//5758
f 2425//5756 2413//5758 2420//5759
f 2426//5760 2417//5761 2412//5762
f 2426//5760 2412//5762 2421//5762
f 2427//5763 2410//5764 2422//5765
f 2427//5763 2416//5766 2410//5764
f 2428//5767 2281//5768 2419//5767
f 2428//5769 2419//5754 2425//5753
f 2428//5770 2420//5771 2424//5772
f 2428//5770 2425//5773 2420//5771
f 2278//5774 2424//5775 2417//5775
f 2278//5774 2417//5775 2426//5776
f 2284//5777 2421//5778 2416//5779
f 2284//5777 2416//5779 2427//5780
f 2429//5781 2423//5781 2295//5781
f 2429//5782 2295//5782 2294//5782
f 2429//5783 2422//5783 2423//5783
f 2282//5784 2428//5785 2424//5785
f 2282//5786 2281//5786 2428//5786
f 2282//5784 2424//5785 2278//5787
f 2288//5788 2426//5789 2421//5790
f 2288//5788 2421//5790 2284//5791
f 2430//5792 2294//5793 2431//5794
f 2430//5792 2429//5795 2294//5793
f 2430//5796 2427//5797 2422//5798
f 2430//5796 2422//5798 2429//5799
f 2279//5800 2278//5801 2426//5801
f 2279//5800 2426//5801 2288//5802
f 2285//5803 2431//5804 2286//5805
f 2285//5803 2430//5806 2431//5804
f 2285//5807 2284//5808 2427//5809
f 2285//5807 2427//5809 2430//5810
f 2432//5811 2433//5812 2434//5813
f 2434//5813 2433//5812 2435//5814
f 2435//5815 2436//5816 2437//5816
f 2433//5816 2436//5816 2435//5815
f 2437//5817 2438//5817 2439//5818
f 2436//5819 2438//5817 2437//5817
f 2439//5820 2440//5821 2441//5822
f 2438//5823 2440//5821 2439//5820
f 2441//5824 2442//5825 2443//5826
f 2440//5825 2442//5825 2441//5824
f 2443//5827 2444//5828 2445//5829
f 2442//5830 2444//5828 2443//5827
f 2445//5831 2296//5832 2145//5833
f 2444//5834 2296//5832 2445//5831
f 2145//5835 2295//5836 2146//5837
f 2296//5838 2295//5836 2145//5835
f 2146//5839 2423//5840 2150//5840
f 2295//5840 2423//5840 2146//5839
f 2150//5841 2411//5842 2157//5843
f 2423//5844 2411//5842 2150//5841
f 2157//5845 2397//5845 2168//5846
f 2411//5846 2397//5845 2157//5845
f 2168//5847 2381//5848 2172//5847
f 2397//5849 2381//5848 2168//5847
f 2172//5850 2366//2659 2183//5851
f 2381//5852 2366//2659 2172//5850
f 2183//2657 2351//5853 2196//5854
f 2366//5855 2351//5853 2183//2657
f 2200//961 2446//32 2187//5856
f 2214//5857 2446//32 2200//961
f 2165//32 2446//32 2447//5858
f 2214//5857 2448//5859 2446//32
f 2214//5857 2449//32 2448//5859
f 2450//32 2451//32 159//32
f 2214//5857 2452//5860 2449//32
f 159//32 2453//5861 2450//32
f 2228//5862 2454//5863 2214//5857
f 2214//5857 2454//5863 2452//5860
f 2455//5864 2454//5863 2228//5862
f 2446//32 147//32 2447//5858
f 159//32 2456//5865 2457//5861
f 2451//32 2458//1066 159//32
f 159//32 2457//5861 2453//5861
f 2458//1066 2459//5866 159//32
f 159//32 2460//1062 147//32
f 2459//5866 2460//32 159//32
f 2460//1062 2461//5867 147//32
f 2461//5867 2462//32 147//32
f 2462//32 2463//5868 147//32
f 2125//5869 2456//5865 2126//5866
f 2138//1063 2456//5865 2125//5869
f 2142//32 2456//5865 2138//1063
f 2457//5861 2456//5865 2142//32
f 2456//5865 2264//961 2126//5866
f 2463//5868 2464//32 147//32
f 2465//5859 2252//5867 2456//5865
f 2456//5865 2252//5867 2264//961
f 2464//32 2447//5858 147//32
f 2465//5859 2466//1063 2252//5867
f 2466//1063 2467//5864 2252//5867
f 2238//1062 2455//5864 2228//5862
f 2252//5867 2455//5864 2238//1062
f 2467//5864 2455//5864 2252//5867
f 2164//32 2446//32 2165//32
f 2176//5870 2446//32 2164//32
f 2187//5856 2446//32 2176//5870
f 2468//31 2456//31 157//31
f 157//31 2456//31 159//31
f 2393//5871 2469//5871 2383//5872
f 2407//5873 2469//5871 2393//5871
f 2470//5871 2469//5871 2407//5873
f 2319//5874 2468//5875 2320//5876
f 2331//5877 2468//5875 2319//5874
f 2342//30 2468//5875 2331//5877
f 2355//963 2468//5875 2342//30
f 2369//5878 2468//5875 2355//963
f 2320//5876 2468//5875 2471//5879
f 2472//5880 2473//5881 139//5880
f 2369//5878 2474//1124 2468//5875
f 2369//5878 2475//1127 2474//1124
f 139//5880 2476//5882 2472//5880
f 2369//5878 2477//5883 2475//1127
f 2473//5881 2478//5884 139//5880
f 2383//5872 2479//5883 2369//5878
f 2369//5878 2479//5883 2477//5883
f 139//5880 2480//1125 2476//5882
f 2469//5871 2479//5883 2383//5872
f 139//5880 2481//5885 2480//1125
f 2468//5875 157//30 2471//5879
f 2478//5884 2482//1127 139//5880
f 139//30 2483//5886 157//30
f 2482//1127 2483//30 139//5880
f 2483//5886 2484//30 157//30
f 2484//30 2485//5887 157//30
f 2485//5887 2486//30 157//30
f 2280//1127 2481//5885 2281//5888
f 2293//5880 2481//5885 2280//1127
f 2297//1124 2481//5885 2293//5880
f 2480//1125 2481//5885 2297//1124
f 2481//5885 2419//5889 2281//5888
f 2486//30 2487//1127 157//30
f 2488//5890 2407//5873 2481//5885
f 2481//5885 2407//5873 2419//5889
f 2487//1127 2471//5879 157//30
f 2488//5890 2489//30 2407//5873
f 2489//30 2470//5871 2407//5873
f 2446//785 2481//785 147//785
f 147//785 2481//785 139//785
f 2490//162 2491//1132 2492//185
f 2490//162 2492//185 2493//5891
f 139//968 159//107 147//101
f 157//107 159//107 139//968
f 2490//5892 2455//5893 2494//5894
f 2490//5892 2494//5894 2495//5895
f 2490//5892 2495//5895 2496//5896
f 2497//5897 2493//5898 2498//5899
f 2499//5900 2493//5898 2497//5897
f 2454//5901 2493//5898 2499//5900
f 2454//5901 2455//5893 2490//5892
f 2454//5901 2490//5892 2493//5898
f 2492//5902 2469//5903 2500//5904
f 2492//5902 2500//5904 2501//5905
f 2492//5902 2501//5905 2502//5906
f 2503//5907 2491//5908 2504//5909
f 2505//5910 2491//5908 2503//5907
f 2479//5911 2491//5908 2505//5910
f 2479//5911 2469//5903 2492//5902
f 2479//5911 2492//5902 2491//5908
f 2488//5912 2481//5913 2446//5914
f 2488//5912 2446//5914 2448//5914
f 2489//5915 2448//5916 2449//5917
f 2489//5915 2488//5918 2448//5916
f 2470//5919 2452//5920 2454//5919
f 2470//5921 2449//5922 2452//5923
f 2470//5921 2489//5924 2449//5922
f 2469//5925 2454//5925 2499//5925
f 2469//5919 2470//5919 2454//5919
f 2500//5926 2499//5926 2497//5926
f 2500//5927 2469//5927 2499//5927
f 2501//5928 2497//5928 2498//5928
f 2501//5929 2500//5929 2497//5929
f 2502//5930 2498//5930 2493//5930
f 2502//5931 2501//5931 2498//5931
f 2492//5932 2502//5932 2493//5932
f 2465//5933 2456//5934 2468//5933
f 2465//5933 2468//5933 2474//5934
f 2466//5935 2474//5936 2475//5937
f 2466//5935 2465//5938 2474//5936
f 2467//5939 2475//5939 2477//5940
f 2467//5939 2466//5939 2475//5939
f 2455//5941 2477//5942 2479//5943
f 2455//5944 2479//5944 2505//5944
f 2455//5941 2467//5945 2477//5942
f 2494//5946 2505//5946 2503//5946
f 2494//5947 2455//5947 2505//5947
f 2495//5948 2503//5948 2504//5948
f 2495//5949 2494//5949 2503//5949
f 2496//5950 2504//5950 2491//5950
f 2496//5951 2495//5951 2504//5951
f 2490//5952 2496//5952 2491//5952
f 2351//5953 2338//5954 2196//5955
f 2196//5955 2338//5954 2211//5954
f 2211//5956 2327//5957 2226//5958
f 2338//5959 2327//5957 2211//5956
f 2226//3319 2323//5960 2242//5961
f 2327//5962 2323//5960 2226//3319
f 2242//5963 2312//5964 2256//3322
f 2323//3323 2312//5964 2242//5963
f 2256//3326 2305//3327 2268//3327
f 2312//3326 2305//3327 2256//3326
f 2268//5965 2301//3329 2140//5965
f 2305//5966 2301//3329 2268//5965
f 2140//3332 2300//3332 2141//5967
f 2301//5968 2300//3332 2140//3332
f 2141//5969 2506//5969 2507//5969
f 2300//5969 2506//5969 2141//5969
f 2507//5970 2508//5971 2509//5972
f 2506//5973 2508//5971 2507//5970
f 2509//5974 2510//5975 2511//5976
f 2508//5977 2510//5975 2509//5974
f 2511//5978 2512//5978 2513//5979
f 2510//5979 2512//5978 2511//5978
f 2513//5980 2514//5981 2515//5982
f 2512//5983 2514//5981 2513//5980
f 2515//5984 2516//5985 2517//5986
f 2514//5986 2516//5985 2515//5984
f 2517//5987 2432//5988 2434//5989
f 2516//5990 2432//5988 2517//5987
f 2518//5991 2519//5992 2520//5993
f 2521//5994 2522//5995 2523//5996
f 2521//5997 2487//5998 2486//5999
f 2521//5997 2486//5999 2524//6000
f 2521//5994 2524//5995 2522//5995
f 2525//6001 2526//6002 2527//6003
f 2525//6004 2307//6004 2310//6005
f 2525//6001 2527//6003 2518//6006
f 2525//6004 2518//6007 2307//6004
f 2528//6008 2523//6009 2526//6010
f 2528//6011 2525//6012 2310//6013
f 2528//6008 2526//6010 2525//6014
f 2528//6011 2310//6013 2315//6015
f 2529//6016 2528//6017 2315//6018
f 2529//6019 2487//6020 2521//6021
f 2529//6016 2315//6018 2321//6022
f 2529//6023 2321//6024 2320//6025
f 2529//6019 2471//6026 2487//6020
f 2529//6023 2320//6025 2471//6027
f 2529//6028 2521//6029 2523//6030
f 2529//6028 2523//6030 2528//6031
f 2299//6032 2506//6032 2300//6032
f 2530//6033 2294//6034 2296//6035
f 2530//6033 2296//6035 2444//6036
f 2531//6037 2431//6038 2294//6039
f 2531//6037 2294//6039 2530//6040
f 2532//6041 2444//6042 2442//6043
f 2532//6041 2530//6042 2444//6042
f 2533//6044 2286//6045 2431//6044
f 2533//6044 2431//6044 2531//6044
f 2534//6046 2530//6047 2532//6048
f 2534//6046 2531//6049 2530//6047
f 2535//6050 2287//6051 2286//6052
f 2535//6050 2286//6052 2533//6053
f 2536//6054 2442//6055 2440//6056
f 2536//6054 2532//6057 2442//6055
f 2537//6058 2531//6059 2534//6060
f 2537//6058 2533//6061 2531//6059
f 2538//6062 2290//6063 2287//6064
f 2538//6062 2287//6064 2535//6062
f 2539//6065 2534//6066 2532//6067
f 2539//6065 2532//6067 2536//6068
f 2540//6069 2535//6070 2533//6071
f 2540//6069 2533//6071 2537//6072
f 2541//6073 2292//6074 2290//6075
f 2541//6076 2297//6077 2292//6078
f 2541//6076 2480//6079 2297//6077
f 2541//6073 2290//6075 2538//6080
f 2542//6081 2440//6082 2438//6083
f 2542//6081 2536//6084 2440//6082
f 2543//6085 2534//6086 2539//6087
f 2543//6085 2537//6088 2534//6086
f 2544//6089 2535//6090 2540//6091
f 2544//6089 2538//6092 2535//6090
f 2545//6093 2438//6093 2436//6093
f 2545//6094 2542//6094 2438//6094
f 2546//6095 2539//6096 2536//6096
f 2546//6095 2536//6096 2542//6095
f 2547//6097 2540//6097 2537//6097
f 2547//6097 2537//6097 2543//6098
f 2548//6099 2476//6099 2480//6099
f 2548//6100 2541//6101 2538//6102
f 2548//6103 2480//6103 2541//6103
f 2548//6100 2538//6102 2544//6104
f 2549//6105 2546//6106 2542//6106
f 2549//6105 2542//6106 2545//6105
f 2550//6107 2545//6107 2436//6107
f 2551//6108 2539//6109 2546//6110
f 2551//6108 2543//6111 2539//6109
f 2552//6112 2540//6113 2547//6114
f 2552//6112 2544//6115 2540//6113
f 2553//6116 2551//6117 2546//6118
f 2553//6116 2546//6118 2549//6119
f 2554//6120 2436//6120 2433//6120
f 2554//6121 2550//6121 2436//6121
f 2555//6122 2549//6122 2545//6123
f 2555//6122 2545//6123 2550//6124
f 2556//6125 2547//6126 2543//6125
f 2556//6125 2543//6125 2551//6126
f 2557//6127 2472//6127 2476//6127
f 2557//6128 2544//6129 2552//6130
f 2557//6128 2548//6131 2544//6129
f 2557//6132 2476//6132 2548//6132
f 2558//6133 2551//6134 2553//6135
f 2558//6133 2556//6136 2551//6134
f 2559//6137 2550//6138 2554//6139
f 2559//6137 2555//6138 2550//6138
f 2560//6140 2554//6140 2433//6140
f 2561//6141 2549//6142 2555//6143
f 2561//6141 2553//6144 2549//6142
f 2562//6145 2552//6146 2547//6147
f 2562//6145 2547//6147 2556//6147
f 2563//6148 2556//6149 2558//6150
f 2563//6148 2562//6151 2556//6149
f 2564//6152 2555//6153 2559//6154
f 2564//6152 2561//6155 2555//6153
f 2565//6156 2433//6156 2432//6156
f 2565//6157 2560//6157 2433//6157
f 2566//6158 2559//6159 2554//6160
f 2566//6158 2554//6160 2560//6161
f 2567//6162 2558//6163 2553//6164
f 2567//6162 2553//6164 2561//6165
f 2568//6166 2552//6167 2562//6168
f 2568//6169 2473//6169 2472//6169
f 2568//6170 2472//6170 2557//6170
f 2568//6166 2557//6171 2552//6167
f 2569//6172 2562//6173 2563//6174
f 2569//6172 2568//6175 2562//6173
f 2569//6176 2473//6177 2568//6178
f 2570//6179 2561//6180 2564//6181
f 2570//6179 2567//6182 2561//6180
f 2571//6183 2560//6184 2565//6185
f 2571//6183 2566//6186 2560//6184
f 2572//6187 2565//6187 2432//6187
f 2573//6188 2559//6189 2566//6190
f 2573//6188 2564//6191 2559//6189
f 2574//6192 2558//6193 2567//6194
f 2574//6192 2563//6195 2558//6193
f 2575//6196 2567//6196 2570//6197
f 2575//6196 2574//6198 2567//6196
f 2576//6199 2566//6200 2571//6201
f 2576//6199 2573//6202 2566//6200
f 2577//6203 2571//6204 2565//6204
f 2577//6203 2565//6204 2572//6205
f 2578//6206 2432//6206 2516//6206
f 2578//6207 2572//6207 2432//6207
f 2579//6208 2564//6209 2573//6210
f 2579//6208 2570//6211 2564//6209
f 2580//6212 2563//6213 2574//6214
f 2580//6215 2478//6215 2473//6215
f 2580//6216 2473//6177 2569//6176
f 2580//6212 2569//6217 2563//6213
f 2581//6218 2578//6218 2516//6218
f 2582//6219 2580//6220 2574//6221
f 2582//6219 2574//6221 2575//6222
f 2582//6223 2478//6224 2580//6225
f 2583//6226 2579//6227 2573//6228
f 2583//6226 2573//6228 2576//6229
f 2584//6230 2571//6231 2577//6232
f 2584//6230 2576//6231 2571//6231
f 2585//6233 2577//6234 2572//6235
f 2585//6233 2572//6235 2578//6233
f 2586//6236 2570//6237 2579//6237
f 2586//6236 2575//6237 2570//6237
f 2587//6238 2585//6239 2578//6240
f 2587//6238 2578//6240 2581//6241
f 2588//6242 2579//6243 2583//6244
f 2588//6242 2586//6245 2579//6243
f 2589//6246 2583//6247 2576//6246
f 2589//6246 2576//6246 2584//6246
f 2590//6248 2577//6249 2585//6248
f 2590//6248 2584//6248 2577//6249
f 2591//6250 2516//6250 2514//6250
f 2591//6251 2581//6251 2516//6251
f 2592//6252 2482//6252 2478//6252
f 2592//6253 2478//6224 2582//6223
f 2592//6254 2575//6255 2586//6255
f 2592//6254 2582//6256 2575//6255
f 2593//6257 2591//6257 2514//6257
f 2594//6258 2590//6258 2585//6259
f 2594//6258 2585//6259 2587//6260
f 2595//6261 2482//6262 2592//6263
f 2595//6264 2586//6265 2588//6266
f 2595//6264 2592//6267 2586//6265
f 2596//6268 2588//6269 2583//6270
f 2596//6268 2583//6270 2589//6271
f 2597//6272 2589//6273 2584//6274
f 2597//6272 2584//6274 2590//6275
f 2598//6276 2587//6277 2581//6278
f 2598//6276 2581//6278 2591//6279
f 2599//6280 2591//6281 2593//6282
f 2599//6280 2598//6283 2591//6281
f 2600//6284 2590//6285 2594//6286
f 2600//6284 2597//6287 2590//6285
f 2601//6288 2588//6289 2596//6290
f 2601//6291 2483//6291 2482//6291
f 2601//6292 2482//6262 2595//6261
f 2601//6288 2595//6289 2588//6289
f 2602//6293 2589//6294 2597//6295
f 2602//6293 2596//6296 2589//6294
f 2603//6297 2587//6298 2598//6299
f 2603//6297 2594//6300 2587//6298
f 2604//6301 2514//6301 2512//6301
f 2604//6302 2593//6302 2514//6302
f 2605//6303 2604//6303 2512//6303
f 2606//6304 2598//6305 2599//6306
f 2606//6304 2603//6307 2598//6305
f 2607//6308 2597//6309 2600//6310
f 2607//6308 2602//6311 2597//6309
f 2608//6312 2483//6312 2601//6313
f 2608//6314 2601//6315 2596//6314
f 2608//6314 2596//6314 2602//6316
f 2609//6317 2600//6318 2594//6319
f 2609//6317 2594//6319 2603//6320
f 2610//6321 2593//6322 2604//6323
f 2610//6321 2599//6324 2593//6322
f 2611//6325 2604//6326 2605//6327
f 2611//6325 2610//6328 2604//6326
f 2612//6329 2609//6330 2603//6331
f 2612//6329 2603//6331 2606//6332
f 2613//6333 2602//6334 2607//6335
f 2613//6336 2483//6312 2608//6312
f 2613//6337 2484//6337 2483//6337
f 2613//6333 2608//6338 2602//6334
f 2614//6339 2607//6340 2600//6341
f 2614//6339 2600//6341 2609//6342
f 2615//6343 2599//6343 2610//6344
f 2615//6343 2606//6343 2599//6343
f 2616//6345 2605//6345 2512//6345
f 2616//6346 2512//6346 2510//6346
f 2617//6347 2615//6348 2610//6349
f 2617//6347 2610//6349 2611//6349
f 2618//6350 2614//6351 2609//6352
f 2618//6350 2609//6352 2612//6350
f 2619//6353 2607//6354 2614//6353
f 2619//6355 2484//6356 2613//6357
f 2619//6353 2613//6358 2607//6354
f 2620//6359 2606//6360 2615//6361
f 2620//6359 2612//6362 2606//6360
f 2621//6363 2611//6364 2605//6365
f 2621//6363 2605//6365 2616//6363
f 2622//6366 2615//6367 2617//6368
f 2622//6366 2620//6367 2615//6367
f 2623//6369 2619//6370 2614//6371
f 2623//6372 2484//6356 2619//6355
f 2623//6373 2485//6373 2484//6373
f 2623//6369 2614//6371 2618//6374
f 2624//6375 2618//6376 2612//6377
f 2624//6375 2612//6377 2620//6378
f 2625//6379 2611//6379 2621//6380
f 2625//6379 2617//6381 2611//6379
f 2626//6382 2510//6382 2508//6382
f 2626//6383 2616//6383 2510//6383
f 2627//6384 2620//6385 2622//6386
f 2627//6384 2624//6387 2620//6385
f 2628//6388 2618//6389 2624//6390
f 2628//6391 2485//6392 2623//6393
f 2628//6388 2623//6394 2618//6389
f 2629//6395 2622//6396 2617//6397
f 2629//6395 2617//6397 2625//6395
f 2519//6398 2621//6399 2616//6400
f 2519//6398 2616//6400 2626//6400
f 2630//6401 2486//6401 2485//6401
f 2630//6402 2485//6392 2628//6391
f 2630//6403 2624//6404 2627//6405
f 2630//6403 2628//6406 2624//6404
f 2522//6407 2622//6408 2629//6409
f 2522//6407 2627//6410 2622//6408
f 2527//6411 2625//6412 2621//6413
f 2527//6411 2621//6413 2519//6414
f 2631//6415 2626//6415 2508//6415
f 2631//6416 2506//6416 2299//6416
f 2631//6417 2508//6417 2506//6417
f 2524//6418 2486//6419 2630//6419
f 2524//6420 2630//6421 2627//6422
f 2524//6420 2627//6422 2522//6423
f 2526//6424 2629//6425 2625//6426
f 2526//6424 2625//6426 2527//6427
f 2520//6428 2631//6429 2299//6430
f 2520//6428 2299//6430 2303//6431
f 2520//6432 2626//6433 2631//6434
f 2520//6432 2519//6435 2626//6433
f 2523//6436 2522//6437 2629//6438
f 2523//6436 2629//6438 2526//6439
f 2518//6440 2303//6441 2307//6441
f 2518//5991 2527//5991 2519//5992
f 2518//6440 2520//6441 2303//6441
f 2632//6442 2464//6443 2463//6444
f 2632//6442 2463//6444 2633//6445
f 2632//6446 2633//6447 2634//6448
f 2635//6449 2636//6449 2637//6450
f 2635//6451 2152//6452 2155//6453
f 2635//6449 2637//6450 2638//6454
f 2635//6451 2638//6455 2152//6452
f 2639//6456 2640//6457 2636//6458
f 2639//6459 2635//6460 2155//6461
f 2639//6456 2636//6458 2635//6462
f 2639//6459 2155//6461 2160//6461
f 2641//6463 2639//6464 2160//6465
f 2641//6466 2464//6467 2632//6468
f 2641//6463 2160//6465 2166//6469
f 2641//6470 2166//6471 2165//6472
f 2641//6466 2447//6473 2464//6467
f 2641//6470 2165//6472 2447//6474
f 2641//6475 2632//6476 2640//6477
f 2641//6475 2640//6477 2639//6478
f 2144//6479 2445//6479 2145//6479
f 2642//6480 2139//6480 2141//6481
f 2642//6482 2507//6483 2509//6484
f 2642//6480 2141//6481 2507//6485
f 2643//6486 2276//6487 2139//6486
f 2643//6486 2139//6486 2642//6488
f 2644//6489 2642//6482 2509//6484
f 2645//6490 2131//6491 2276//6492
f 2645//6490 2276//6492 2643//6493
f 2646//6494 2642//6495 2644//6496
f 2646//6494 2643//6496 2642//6495
f 2647//6497 2132//6498 2131//6499
f 2647//6497 2131//6499 2645//6500
f 2648//6501 2511//6502 2513//6503
f 2648//6504 2509//6504 2511//6504
f 2648//6504 2644//6505 2509//6504
f 2649//6506 2643//6507 2646//6506
f 2649//6506 2645//6507 2643//6507
f 2650//6508 2135//6508 2132//6509
f 2650//6508 2132//6509 2647//6510
f 2651//6511 2644//6512 2648//6513
f 2651//6511 2646//6514 2644//6512
f 2652//6515 2645//6516 2649//6517
f 2652//6515 2647//6515 2645//6516
f 2653//6518 2137//6519 2135//6520
f 2653//6521 2142//6522 2137//6523
f 2653//6521 2457//6524 2142//6522
f 2653//6518 2135//6520 2650//6525
f 2654//6526 2648//6501 2513//6503
f 2655//6527 2646//6528 2651//6529
f 2655//6527 2649//6530 2646//6528
f 2656//6531 2647//6532 2652//6532
f 2656//6531 2650//6531 2647//6532
f 2657//6533 2513//6533 2515//6533
f 2657//6534 2654//6534 2513//6534
f 2658//6535 2651//6536 2648//6537
f 2658//6535 2648//6537 2654//6538
f 2659//6539 2652//6539 2649//6540
f 2659//6539 2649//6540 2655//6541
f 2660//6542 2453//6542 2457//6542
f 2660//6543 2653//6544 2650//6545
f 2660//6546 2457//6546 2653//6546
f 2660//6543 2650//6545 2656//6547
f 2661//6548 2658//6549 2654//6549
f 2661//6548 2654//6549 2657//6550
f 2662//6551 2657//6551 2515//6551
f 2663//6552 2651//6553 2658//6554
f 2663//6552 2655//6555 2651//6553
f 2664//6556 2656//6557 2652//6558
f 2664//6556 2652//6558 2659//6559
f 2665//6560 2658//6560 2661//6561
f 2665//6560 2663//6562 2658//6560
f 2666//6563 2515//6563 2517//6563
f 2666//6564 2662//6564 2515//6564
f 2667//6565 2661//6566 2657//6567
f 2667//6565 2657//6567 2662//6568
f 2668//6569 2655//6569 2663//6570
f 2668//6569 2659//6571 2655//6569
f 2669//6572 2450//6572 2453//6572
f 2669//6573 2660//6574 2656//6575
f 2669//6573 2656//6575 2664//6573
f 2669//6576 2453//6576 2660//6576
f 2670//6577 2663//6578 2665//6579
f 2670//6577 2668//6580 2663//6578
f 2671//6581 2662//6582 2666//6583
f 2671//6581 2667//6582 2662//6582
f 2672//6584 2666//6584 2517//6584
f 2673//6585 2665//6586 2661//6586
f 2673//6585 2661//6586 2667//6587
f 2674//6588 2664//6589 2659//6590
f 2674//6588 2659//6590 2668//6591
f 2675//6592 2674//6593 2668//6594
f 2675//6592 2668//6594 2670//6595
f 2676//6596 2667//6597 2671//6598
f 2676//6596 2673//6599 2667//6597
f 2677//6600 2517//6600 2434//6600
f 2677//6601 2672//6601 2517//6601
f 2678//6602 2671//6602 2666//6603
f 2678//6602 2666//6603 2672//6604
f 2679//6605 2665//6606 2673//6607
f 2679//6605 2670//6608 2665//6606
f 2680//6609 2451//6609 2450//6609
f 2680//6610 2669//6611 2664//6612
f 2680//6610 2664//6612 2674//6613
f 2680//6614 2450//6614 2669//6614
f 2681//6615 2451//6616 2680//6617
f 2681//6618 2674//6619 2675//6620
f 2681//6618 2680//6621 2674//6619
f 2682//6622 2679//6623 2673//6623
f 2682//6622 2673//6623 2676//6624
f 2683//6625 2672//6626 2677//6627
f 2683//6625 2678//6628 2672//6626
f 2684//6629 2677//6629 2434//6629
f 2685//6630 2671//6631 2678//6632
f 2685//6630 2676//6633 2671//6631
f 2686//6634 2675//6635 2670//6636
f 2686//6634 2670//6636 2679//6636
f 2687//6637 2679//6638 2682//6639
f 2687//6637 2686//6640 2679//6638
f 2688//6641 2685//6642 2678//6643
f 2688//6641 2678//6643 2683//6644
f 2689//6645 2683//6646 2677//6647
f 2689//6645 2677//6647 2684//6647
f 2690//6648 2684//6648 2434//6648
f 2690//6649 2434//6649 2435//6649
f 2691//6650 2676//6651 2685//6652
f 2691//6650 2682//6650 2676//6651
f 2692//6653 2675//6654 2686//6655
f 2692//6656 2458//6656 2451//6656
f 2692//6657 2451//6616 2681//6615
f 2692//6653 2681//6658 2675//6654
f 2693//6659 2690//6659 2435//6659
f 2694//6660 2692//6661 2686//6660
f 2694//6660 2686//6660 2687//6662
f 2694//6663 2458//6664 2692//6665
f 2695//6666 2691//6667 2685//6668
f 2695//6666 2685//6668 2688//6669
f 2696//6670 2683//6671 2689//6672
f 2696//6670 2688//6673 2683//6671
f 2697//6674 2689//6675 2684//6676
f 2697//6674 2684//6676 2690//6677
f 2698//6678 2682//6679 2691//6680
f 2698//6678 2687//6681 2682//6679
f 2699//6682 2697//6682 2690//6682
f 2699//6682 2690//6682 2693//6683
f 2700//6684 2691//6685 2695//6686
f 2700//6684 2698//6687 2691//6685
f 2701//6688 2695//6689 2688//6690
f 2701//6688 2688//6690 2696//6691
f 2702//6692 2689//6693 2697//6694
f 2702//6692 2696//6695 2689//6693
f 2703//6696 2435//6696 2437//6696
f 2703//6697 2693//6697 2435//6697
f 2704//6698 2459//6698 2458//6698
f 2704//6699 2458//6664 2694//6663
f 2704//6700 2687//6701 2698//6702
f 2704//6700 2694//6703 2687//6701
f 2705//6704 2703//6704 2437//6704
f 2706//6705 2697//6706 2699//6707
f 2706//6705 2702//6708 2697//6706
f 2707//6709 2459//6710 2704//6711
f 2707//6712 2698//6713 2700//6714
f 2707//6712 2704//6715 2698//6713
f 2708//6716 2700//6717 2695//6718
f 2708//6716 2695//6718 2701//6716
f 2709//6719 2701//6720 2696//6721
f 2709//6719 2696//6721 2702//6722
f 2710//6723 2699//6724 2693//6725
f 2710//6723 2693//6725 2703//6724
f 2711//6726 2703//6727 2705//6728
f 2711//6726 2710//6729 2703//6727
f 2712//6730 2702//6731 2706//6732
f 2712//6730 2709//6733 2702//6731
f 2713//6734 2460//6734 2459//6735
f 2713//6736 2459//6710 2707//6709
f 2713//6737 2700//6738 2708//6739
f 2713//6737 2707//6738 2700//6738
f 2714//6740 2701//6741 2709//6742
f 2714//6740 2708//6741 2701//6741
f 2715//6743 2706//6744 2699//6745
f 2715//6743 2699//6745 2710//6746
f 2716//6747 2437//6747 2439//6747
f 2716//6748 2705//6748 2437//6748
f 2717//6749 2716//6749 2439//6749
f 2718//6750 2710//6751 2711//6752
f 2718//6750 2715//6752 2710//6751
f 2719//6753 2709//6754 2712//6755
f 2719//6753 2714//6754 2709//6754
f 2720//6756 2460//6756 2713//6757
f 2720//6758 2713//6759 2708//6760
f 2720//6758 2708//6760 2714//6761
f 2721//6762 2712//6763 2706//6764
f 2721//6762 2706//6764 2715//6765
f 2722//6766 2705//6766 2716//6767
f 2722//6766 2711//6768 2705//6766
f 2723//6769 2716//6770 2717//6771
f 2723//6769 2722//6771 2716//6770
f 2724//6772 2721//6773 2715//6772
f 2724//6772 2715//6772 2718//6772
f 2725//6774 2714//6775 2719//6776
f 2725//6777 2460//6756 2720//6756
f 2725//6778 2461//6778 2460//6778
f 2725//6774 2720//6779 2714//6775
f 2726//6780 2719//6780 2712//6781
f 2726//6780 2712//6781 2721//6780
f 2727//6782 2711//6783 2722//6784
f 2727//6782 2718//6783 2711//6783
f 2728//6785 2717//6785 2439//6785
f 2728//6786 2439//6786 2441//6786
f 2729//6787 2727//6788 2722//6789
f 2729//6787 2722//6789 2723//6790
f 2730//6791 2726//6792 2721//6793
f 2730//6791 2721//6793 2724//6794
f 2731//6795 2719//6796 2726//6797
f 2731//6798 2461//6798 2725//6799
f 2731//6795 2725//6800 2719//6796
f 2732//6801 2718//6802 2727//6803
f 2732//6801 2724//6802 2718//6802
f 2733//6804 2723//6805 2717//6806
f 2733//6804 2717//6806 2728//6804
f 2734//6807 2727//6808 2729//6809
f 2734//6807 2732//6808 2727//6808
f 2735//6810 2731//6811 2726//6812
f 2735//6813 2461//6798 2731//6798
f 2735//6814 2462//6814 2461//6815
f 2735//6810 2726//6812 2730//6816
f 2736//6817 2730//6818 2724//6819
f 2736//6817 2724//6819 2732//6818
f 2737//6820 2723//6821 2733//6822
f 2737//6820 2729//6823 2723//6821
f 2738//6824 2441//6824 2443//6824
f 2738//6825 2728//6825 2441//6825
f 2739//6826 2732//6827 2734//6828
f 2739//6826 2736//6828 2732//6827
f 2740//6829 2730//6830 2736//6831
f 2740//6832 2462//6833 2735//6834
f 2740//6829 2735//6835 2730//6830
f 2741//6836 2734//6837 2729//6838
f 2741//6836 2729//6838 2737//6839
f 2742//6840 2733//6841 2728//6842
f 2742//6840 2728//6842 2738//6840
f 2743//6843 2463//6843 2462//6843
f 2743//6844 2462//6833 2740//6832
f 2743//6845 2736//6846 2739//6847
f 2743//6845 2740//6848 2736//6846
f 2634//6849 2734//6850 2741//6851
f 2634//6849 2739//6852 2734//6850
f 2637//6853 2737//6854 2733//6855
f 2637//6853 2733//6855 2742//6856
f 2744//6857 2738//6857 2443//6857
f 2744//6858 2445//6858 2144//6858
f 2744//6859 2443//6859 2445//6859
f 2633//6860 2463//6860 2743//6860
f 2633//6861 2743//6862 2739//6863
f 2633//6861 2739//6863 2634//6864
f 2636//6865 2741//6866 2737//6867
f 2636//6865 2737//6867 2637//6868
f 2745//6869 2744//6870 2144//6871
f 2745//6869 2144//6871 2148//6872
f 2745//6873 2738//6874 2744//6875
f 2745//6873 2742//6876 2738//6874
f 2640//6877 2634//6878 2741//6879
f 2640//6877 2741//6879 2636//6880
f 2638//6881 2148//6882 2152//6883
f 2638//6884 2637//6885 2742//6886
f 2638//6881 2745//6887 2148//6882
f 2638//6884 2742//6886 2745//6888
f 2632//6446 2634//6448 2640//6889
f 2746//4911 2747//6890 2748//4913
f 2746//4914 2749//4914 2747//6891
f 2750//6892 2751//6893 2752//4920
f 2750//6894 2753//6895 2754//6896
f 2755//6897 2756//6898 2757//6899
f 2750//6892 2758//6900 2751//6893
f 2750//6894 2752//6901 2753//6895
f 2759//4928 2760//4928 2758//6902
f 2759//4928 2758//6902 2750//4928
f 2759//4931 2750//6903 2754//6904
f 2759//4931 2754//6904 2761//6904
f 2762//4933 2763//6905 2746//4933
f 2762//4937 2760//6906 2759//6907
f 2762//6908 2761//6909 2764//6910
f 2762//6908 2759//6911 2761//6909
f 2762//4944 2764//4943 2765//6912
f 2762//4933 2765//4934 2763//6905
f 2762//4937 2746//6913 2760//6906
f 2766//6914 2767//6914 2768//6914
f 2769//4947 2765//6912 2764//4943
f 2770//6915 2755//6915 2771//6916
f 2770//6917 2756//6898 2755//6897
f 2772//6918 2773//6919 2756//6920
f 2772//6918 2756//6920 2770//6921
f 2774//6916 2770//6915 2771//6916
f 2775//6922 2773//6923 2772//6924
f 2775//6922 2776//4961 2773//6923
f 2777//6925 2772//6926 2770//6927
f 2777//6925 2770//6927 2774//6928
f 2778//6929 2779//6930 2776//6931
f 2778//6929 2776//6931 2775//6932
f 2780//4970 2774//4970 2771//4970
f 2780//4970 2771//4970 2781//4971
f 2782//6933 2772//6934 2777//6935
f 2782//6933 2775//6936 2772//6934
f 2783//6937 2784//6938 2779//4980
f 2783//6937 2779//4980 2778//6939
f 2785//6940 2774//6941 2780//6942
f 2785//6940 2777//6943 2774//6941
f 2786//4986 2778//6944 2775//6945
f 2786//4986 2775//6945 2782//4986
f 2787//4989 2788//6946 2789//6947
f 2787//6948 2790//6949 2784//6950
f 2787//4989 2789//6947 2790//6951
f 2787//6948 2784//6950 2783//6952
f 2791//6953 2780//6954 2781//6954
f 2791//6953 2781//6954 2792//4997
f 2793//5004 2777//6955 2785//6956
f 2793//5004 2782//5004 2777//6955
f 2794//6957 2783//6958 2778//5007
f 2794//6957 2778//5007 2786//5005
f 2795//6959 2792//6959 2796//6959
f 2795//6960 2791//6960 2792//6960
f 2797//6961 2785//6962 2780//5012
f 2797//6961 2780//5012 2791//6963
f 2798//5018 2786//6964 2782//6964
f 2798//5018 2782//6964 2793//5017
f 2799//6965 2800//6965 2788//6965
f 2799//5023 2788//5023 2787//5023
f 2799//6966 2787//6967 2783//5020
f 2799//6966 2783//5020 2794//5020
f 2801//6968 2791//6969 2795//6970
f 2801//6968 2797//6971 2791//6969
f 2802//5028 2795//5028 2796//6972
f 2803//6973 2793//6974 2785//6975
f 2803//6973 2785//6975 2797//6973
f 2804//5033 2794//5033 2786//6976
f 2804//5033 2786//6976 2798//6977
f 2805//6978 2797//6979 2801//6980
f 2805//6978 2803//6981 2797//6979
f 2806//6982 2796//6982 2807//6982
f 2806//6983 2802//6983 2796//6983
f 2808//6984 2801//6985 2795//6986
f 2808//6984 2795//6986 2802//6987
f 2809//6988 2793//6989 2803//6988
f 2809//6988 2798//5045 2793//6989
f 2810//6990 2811//6990 2800//6990
f 2810//6991 2794//6992 2804//5049
f 2810//6991 2799//6993 2794//6992
f 2810//5051 2800//5051 2799//5051
f 2812//5052 2809//6994 2803//5054
f 2812//5052 2803//5054 2805//6995
f 2813//5056 2802//6996 2806//6997
f 2813//5056 2808//6998 2802//6996
f 2814//5058 2806//5058 2807//5058
f 2815//6999 2801//7000 2808//6999
f 2815//6999 2805//7001 2801//7000
f 2816//7002 2804//5063 2798//7003
f 2816//7002 2798//7003 2809//7004
f 2817//7005 2809//7006 2812//5066
f 2817//7005 2816//7007 2809//7006
f 2818//7008 2808//5068 2813//5070
f 2818//7008 2815//7009 2808//5068
f 2819//7010 2807//7010 2820//7010
f 2819//5072 2814//5072 2807//5072
f 2821//7011 2806//7012 2814//7013
f 2821//7011 2813//5075 2806//7012
f 2822//7014 2812//7015 2805//7016
f 2822//7014 2805//7016 2815//7017
f 2823//7018 2824//7018 2811//7018
f 2823//7019 2811//7019 2810//7019
f 2823//5082 2810//5081 2804//5082
f 2823//5082 2804//5082 2816//7020
f 2825//7021 2824//7022 2823//7023
f 2825//5088 2816//5087 2817//5090
f 2825//5088 2823//5090 2816//5087
f 2826//7024 2815//7025 2818//7026
f 2826//7024 2822//7026 2815//7025
f 2827//7027 2814//7028 2819//7027
f 2827//7027 2821//7029 2814//7028
f 2828//7030 2819//7031 2820//7030
f 2829//5102 2818//7032 2813//7033
f 2829//5102 2813//7033 2821//5101
f 2830//5104 2817//5104 2812//7034
f 2830//5104 2812//7034 2822//5103
f 2831//7035 2822//7036 2826//7036
f 2831//7035 2830//7036 2822//7036
f 2832//7037 2821//7038 2827//7039
f 2832//7037 2829//7040 2821//7038
f 2833//7041 2827//5116 2819//7042
f 2833//7041 2819//7042 2828//7043
f 2834//7044 2820//7044 2835//7044
f 2834//5119 2828//5119 2820//5119
f 2836//7045 2818//7046 2829//7046
f 2836//7045 2826//5122 2818//7046
f 2837//7047 2817//7048 2830//7049
f 2837//7050 2838//7050 2824//7050
f 2837//5127 2824//7022 2825//7021
f 2837//7047 2825//7051 2817//7048
f 2839//7052 2834//7052 2835//7052
f 2840//7053 2837//7054 2830//7055
f 2840//7053 2830//7055 2831//7056
f 2840//7057 2838//7058 2837//7059
f 2841//5138 2836//7060 2829//7061
f 2841//5138 2829//7061 2832//7062
f 2842//7063 2832//5143 2827//5141
f 2842//7063 2827//5141 2833//5142
f 2843//7064 2833//7065 2828//7065
f 2843//7064 2828//7065 2834//7066
f 2844//7067 2826//7068 2836//5149
f 2844//7067 2831//5149 2826//7068
f 2845//5151 2843//5151 2834//7069
f 2845//5151 2834//7069 2839//7070
f 2846//7071 2844//5155 2836//5155
f 2846//7071 2836//5155 2841//7072
f 2847//7073 2841//5157 2832//5158
f 2847//7073 2832//5158 2842//5157
f 2848//7074 2833//5160 2843//7075
f 2848//7074 2842//7076 2833//5160
f 2849//7077 2835//7077 2850//7077
f 2849//7078 2839//7078 2835//7078
f 2851//5164 2852//5164 2838//5164
f 2851//7079 2838//7058 2840//7057
f 2851//5166 2831//7080 2844//5166
f 2851//5166 2840//7080 2831//7080
f 2853//7081 2849//7081 2850//7081
f 2854//7082 2848//7083 2843//7083
f 2854//7082 2843//7083 2845//7084
f 2855//7085 2852//5175 2851//7086
f 2855//5180 2844//7087 2846//7088
f 2855//5180 2851//7089 2844//7087
f 2856//7090 2846//7091 2841//7090
f 2856//7090 2841//7090 2847//7092
f 2857//7093 2847//7094 2842//7095
f 2857//7093 2842//7095 2848//5186
f 2858//5191 2845//7096 2839//7097
f 2858//5191 2839//7097 2849//7098
f 2859//7099 2849//5195 2853//7100
f 2859//7099 2858//7101 2849//5195
f 2860//7102 2857//7103 2848//7104
f 2860//7102 2848//7104 2854//7105
f 2861//7106 2862//7106 2852//7106
f 2861//7107 2852//5175 2855//7085
f 2861//7108 2855//7109 2846//5203
f 2861//7108 2846//5203 2856//5203
f 2863//5207 2847//5207 2857//5206
f 2863//5207 2856//7110 2847//5207
f 2864//7111 2854//7112 2845//7113
f 2864//7111 2845//7113 2858//5211
f 2865//7114 2850//7114 2866//7114
f 2865//7115 2853//7115 2850//7115
f 2867//7116 2865//7116 2866//7116
f 2868//5217 2858//7117 2859//5217
f 2868//5217 2864//7118 2858//7117
f 2869//5221 2857//5219 2860//7119
f 2869//5221 2863//7120 2857//5219
f 2870//7121 2862//5223 2861//5224
f 2870//5227 2861//5226 2856//7122
f 2870//5227 2856//7122 2863//7123
f 2871//7124 2860//7125 2854//7126
f 2871//7124 2854//7126 2864//7127
f 2872//5232 2853//5232 2865//5233
f 2872//5232 2859//7128 2853//5232
f 2873//5239 2865//5239 2867//7129
f 2873//5239 2872//5239 2865//5239
f 2874//7130 2864//7131 2868//7130
f 2874//7130 2871//5241 2864//7131
f 2875//7132 2870//5244 2863//7133
f 2875//7134 2876//7134 2862//7134
f 2875//7135 2862//5223 2870//7121
f 2875//7132 2863//7133 2869//7136
f 2877//7137 2869//7138 2860//7139
f 2877//7137 2860//7139 2871//7138
f 2878//7140 2859//7141 2872//7142
f 2878//7140 2868//7143 2859//7141
f 2879//7144 2866//7144 2880//7144
f 2879//7145 2867//7145 2866//7145
f 2881//7146 2878//7147 2872//7147
f 2881//7146 2872//7147 2873//7148
f 2882//7149 2877//7150 2871//7151
f 2882//7149 2871//7151 2874//7149
f 2883//7152 2875//7153 2869//7154
f 2883//5267 2876//7155 2875//7156
f 2883//7152 2869//7154 2877//7157
f 2884//7158 2874//7159 2868//7160
f 2884//7158 2868//7160 2878//7161
f 2885//5274 2873//7162 2867//5275
f 2885//5274 2867//5275 2879//7163
f 2886//7164 2878//7165 2881//7166
f 2886//7164 2884//7165 2878//7165
f 2887//5282 2888//5282 2876//5282
f 2887//7167 2877//7168 2882//7169
f 2887//7170 2876//7155 2883//5267
f 2887//7167 2883//7168 2877//7168
f 2889//5289 2874//5290 2884//5290
f 2889//5289 2882//7171 2874//5290
f 2890//5292 2881//7172 2873//5293
f 2890//5292 2873//5293 2885//7173
f 2891//7174 2879//7175 2880//7174
f 2891//5295 2880//5295 2892//5295
f 2893//7176 2884//5296 2886//7177
f 2893//7176 2889//5296 2884//5296
f 2894//7178 2888//7179 2887//7180
f 2894//7181 2887//7182 2882//7183
f 2894//7181 2882//7183 2889//5304
f 2895//5307 2886//5309 2881//7184
f 2895//5307 2881//7184 2890//7185
f 2896//7186 2879//7187 2891//7186
f 2896//7186 2885//7188 2879//7187
f 2897//5314 2749//5314 2888//5314
f 2897//7189 2888//7179 2894//7178
f 2897//7190 2889//5316 2893//5316
f 2897//7190 2894//7191 2889//5316
f 2748//7192 2893//7193 2886//7192
f 2748//7192 2886//7192 2895//7194
f 2751//5322 2890//7195 2885//5323
f 2751//5322 2885//5323 2896//7196
f 2898//5325 2892//5325 2767//5325
f 2898//7197 2767//7197 2766//7197
f 2898//7198 2891//7198 2892//7198
f 2747//7199 2897//7200 2893//5329
f 2747//7201 2749//7201 2897//7201
f 2747//7199 2893//5329 2748//7202
f 2758//7203 2895//7204 2890//7205
f 2758//7203 2890//7205 2751//7206
f 2899//7207 2766//7208 2900//7209
f 2899//7207 2898//7210 2766//7208
f 2899//7211 2896//7212 2891//7213
f 2899//7211 2891//7213 2898//7214
f 2760//5347 2748//5347 2895//5347
f 2760//5347 2895//5347 2758//7215
f 2752//7216 2900//5349 2753//5350
f 2752//7216 2899//5351 2900//5349
f 2752//7217 2751//7218 2896//7219
f 2752//7217 2896//7219 2899//5353
f 2746//4911 2748//4913 2760//7220
f 2746//4914 2763//4918 2749//4914
f 2901//7221 2902//7222 2903//7223
f 2901//5360 2904//5360 2905//7224
f 2901//7221 2906//5362 2902//7222
f 2901//5360 2905//7224 2906//7224
f 2907//7225 2908//7226 2909//7227
f 2907//5366 2910//5367 2911//7228
f 2907//7225 2912//7229 2908//7226
f 2907//5366 2909//5368 2910//5367
f 2913//5370 2903//5372 2912//7230
f 2913//5370 2912//7230 2907//7231
f 2913//5374 2907//5374 2911//5374
f 2913//5374 2911//5374 2914//7232
f 2915//7233 2904//5379 2901//5378
f 2915//7234 2903//7235 2913//7236
f 2915//7237 2914//7238 2916//7239
f 2915//7237 2913//7240 2914//7238
f 2915//5387 2916//7241 2917//5387
f 2915//7233 2917//7242 2904//5379
f 2915//7234 2901//7243 2903//7235
f 2918//7244 2919//7244 2920//7244
f 2921//7245 2917//5387 2916//7241
f 2922//7246 2923//5394 2924//5392
f 2922//7246 2924//5392 2925//7247
f 2926//7248 2923//7249 2922//7250
f 2926//7248 2927//7251 2923//7249
f 2928//7252 2925//7253 2929//7254
f 2928//7252 2922//7253 2925//7253
f 2930//7255 2931//7256 2927//5404
f 2930//7255 2927//5404 2926//7255
f 2932//5408 2926//7257 2922//5406
f 2932//5408 2922//5406 2928//5408
f 2933//7258 2934//7259 2931//7260
f 2933//7258 2931//7260 2930//7261
f 2935//7262 2929//5413 2936//5415
f 2935//7262 2928//5414 2929//5413
f 2937//7263 2926//7264 2932//7265
f 2937//7263 2930//5418 2926//7264
f 2938//5421 2939//7266 2934//5423
f 2938//5421 2934//5423 2933//7266
f 2940//7267 2932//5427 2928//7268
f 2940//7267 2928//7268 2935//7269
f 2941//7270 2930//7271 2937//5429
f 2941//7270 2933//5432 2930//7271
f 2942//7272 2943//7273 2944//7274
f 2942//7275 2939//7276 2938//7277
f 2942//7275 2945//7276 2939//7276
f 2942//7272 2944//7274 2945//7278
f 2946//7279 2936//5440 2947//7279
f 2946//7279 2935//7280 2936//5440
f 2948//7281 2932//7282 2940//7283
f 2948//7281 2937//7284 2932//7282
f 2949//7285 2933//7286 2941//7286
f 2949//7285 2938//7287 2933//7286
f 2950//5450 2947//5450 2951//5450
f 2950//7288 2946//7288 2947//7288
f 2952//7289 2940//7290 2935//7291
f 2952//7289 2935//7291 2946//7292
f 2953//7293 2937//5457 2948//7294
f 2953//7293 2941//5457 2937//5457
f 2954//7295 2955//7295 2943//7295
f 2954//7296 2942//7297 2938//7298
f 2954//7299 2943//5464 2942//5464
f 2954//7296 2938//7298 2949//7300
f 2956//5467 2952//7301 2946//7302
f 2956//5467 2946//7302 2950//5467
f 2957//7303 2950//7303 2951//7303
f 2958//7304 2940//7305 2952//7306
f 2958//7304 2948//7307 2940//7305
f 2959//7308 2941//7309 2953//7310
f 2959//7308 2949//7311 2941//7309
f 2960//7312 2958//7313 2952//7314
f 2960//7312 2952//7314 2956//7315
f 2961//7316 2951//7316 2962//7316
f 2961//7317 2957//7317 2951//7317
f 2963//5481 2956//7318 2950//5481
f 2963//5481 2950//5481 2957//5481
f 2964//5486 2948//7319 2958//5485
f 2964//5486 2953//7320 2948//7319
f 2965//5487 2966//5487 2955//5487
f 2965//5490 2949//7321 2959//5488
f 2965//5490 2954//7322 2949//7321
f 2965//7323 2955//7323 2954//7323
f 2967//7324 2964//7325 2958//7326
f 2967//7324 2958//7326 2960//7327
f 2968//7328 2957//7329 2961//7330
f 2968//7328 2963//7331 2957//7329
f 2969//7332 2961//7332 2962//7332
f 2970//5505 2960//5503 2956//7333
f 2970//5505 2956//7333 2963//7334
f 2971//5507 2959//7335 2953//7336
f 2971//5507 2953//7336 2964//5508
f 2972//5510 2964//7337 2967//7337
f 2972//5510 2971//7337 2964//7337
f 2973//5515 2963//7338 2968//7338
f 2973//5515 2970//7338 2963//7338
f 2974//7339 2969//7339 2962//7339
f 2974//7340 2962//7340 2975//7340
f 2976//7341 2961//7342 2969//7343
f 2976//7341 2968//7343 2961//7342
f 2977//7344 2967//7345 2960//7346
f 2977//7344 2960//7346 2970//7347
f 2978//5526 2979//5526 2966//5526
f 2978//5528 2965//7348 2959//7349
f 2978//7350 2966//7350 2965//7350
f 2978//5528 2959//7349 2971//7348
f 2980//7351 2979//7352 2978//7353
f 2980//7354 2971//7355 2972//7356
f 2980//7354 2978//5538 2971//7355
f 2981//5540 2970//7357 2973//7358
f 2981//5540 2977//5540 2970//7357
f 2982//7359 2969//5543 2974//5543
f 2982//7359 2976//7360 2969//5543
f 2983//7361 2974//7361 2975//7361
f 2984//7362 2973//7363 2968//5548
f 2984//7362 2968//5548 2976//7364
f 2985//7365 2967//5553 2977//5553
f 2985//7365 2972//7366 2967//5553
f 2986//5559 2977//7367 2981//5556
f 2986//5559 2985//5556 2977//7367
f 2987//7368 2976//7369 2982//7370
f 2987//7368 2984//7371 2976//7369
f 2988//7372 2982//7373 2974//5565
f 2988//7372 2974//5565 2983//7374
f 2989//7375 2975//7375 2990//7375
f 2989//7376 2983//7376 2975//7376
f 2991//7377 2973//5572 2984//7378
f 2991//7377 2981//5569 2973//5572
f 2992//7379 2972//7380 2985//5575
f 2992//7381 2993//7381 2979//7381
f 2992//7382 2979//7352 2980//7351
f 2992//7379 2980//7383 2972//7380
f 2994//7384 2989//7384 2990//7384
f 2995//5582 2992//7385 2985//5583
f 2995//5582 2985//5583 2986//5583
f 2995//5584 2993//7386 2992//7387
f 2996//7388 2991//7389 2984//5590
f 2996//7388 2984//5590 2987//5590
f 2997//5593 2987//7390 2982//5593
f 2997//5593 2982//5593 2988//5593
f 2998//7391 2988//7392 2983//7392
f 2998//7391 2983//7392 2989//7393
f 2999//5598 2981//5598 2991//5598
f 2999//5598 2986//5598 2981//5598
f 3000//5602 2998//5603 2989//5602
f 3000//5602 2989//5602 2994//5602
f 3001//5605 2991//7394 2996//5605
f 3001//5605 2999//5605 2991//7394
f 3002//7395 2996//7396 2987//5609
f 3002//7395 2987//5609 2997//7397
f 3003//7398 2988//7399 2998//7400
f 3003//7398 2997//7401 2988//7399
f 3004//7402 2990//7402 3005//7402
f 3004//7403 2994//7403 2990//7403
f 3006//7404 3007//7404 2993//7404
f 3006//7405 2993//7386 2995//5584
f 3006//7406 2986//7407 2999//7408
f 3006//7406 2995//5620 2986//7407
f 3008//7409 3004//7409 3005//7409
f 3009//7410 3003//7411 2998//5624
f 3009//7410 2998//5624 3000//7412
f 3010//7413 3007//7413 3006//7414
f 3010//5630 2999//7415 3001//5628
f 3010//5630 3006//7416 2999//7415
f 3011//7417 3001//5632 2996//5634
f 3011//7417 2996//5634 3002//7418
f 3012//7419 3002//7420 2997//7421
f 3012//7419 2997//7421 3003//7422
f 3013//5642 3000//7423 2994//7423
f 3013//5642 2994//7423 3004//7424
f 3014//7425 3004//7426 3008//7427
f 3014//7425 3013//7428 3004//7426
f 3015//5646 3012//5648 3003//7429
f 3015//5646 3003//7429 3009//5648
f 3016//7430 3017//7430 3007//7430
f 3016//5651 3007//7413 3010//7413
f 3016//7431 3010//7432 3001//7433
f 3016//7431 3001//7433 3011//7434
f 3018//7435 3002//5657 3012//7436
f 3018//7435 3011//7437 3002//5657
f 3019//7438 3009//7439 3000//7440
f 3019//7438 3000//7440 3013//7441
f 3020//7442 3005//5662 3021//5662
f 3020//7443 3008//7443 3005//7443
f 3022//7444 3020//7444 3021//7444
f 3023//7445 3013//5666 3014//7446
f 3023//7445 3019//7447 3013//5666
f 3024//7448 3012//7449 3015//5669
f 3024//7448 3018//7450 3012//7449
f 3025//5673 3017//5673 3016//7451
f 3025//7452 3016//7453 3011//7454
f 3025//7452 3011//7454 3018//7455
f 3026//5678 3015//7456 3009//5678
f 3026//5678 3009//5678 3019//7456
f 3027//5683 3008//7457 3020//7458
f 3027//5683 3014//7459 3008//7457
f 3028//7460 3020//5688 3022//5688
f 3028//7460 3027//5689 3020//5688
f 3029//7461 3019//7462 3023//7463
f 3029//7461 3026//7461 3019//7462
f 3030//5695 3025//7464 3018//7465
f 3030//5696 3031//5696 3017//5696
f 3030//7466 3017//5673 3025//5673
f 3030//5695 3018//7465 3024//7467
f 3032//7468 3024//7469 3015//5701
f 3032//7468 3015//5701 3026//7470
f 3033//5703 3014//7471 3027//7472
f 3033//5703 3023//7473 3014//7471
f 3034//7474 3021//7474 3035//7474
f 3034//7475 3022//7475 3021//5708
f 3036//5709 3033//5709 3027//7476
f 3036//5709 3027//7476 3028//5709
f 3037//5713 3032//7477 3026//7477
f 3037//5713 3026//7477 3029//7478
f 3038//5717 3030//7479 3024//7480
f 3038//5719 3031//5720 3030//7481
f 3038//5717 3024//7480 3032//5717
f 3039//7482 3029//5724 3023//7483
f 3039//7482 3023//7483 3033//7483
f 3040//7484 3028//7485 3022//7486
f 3040//7484 3022//7486 3034//7487
f 3041//5731 3033//7488 3036//7489
f 3041//5731 3039//7490 3033//7488
f 3042//5735 3043//5735 3031//5735
f 3042//7491 3032//7492 3037//7493
f 3042//7494 3031//5720 3038//5719
f 3042//7491 3038//7495 3032//7492
f 3044//7496 3029//7497 3039//5740
f 3044//7496 3037//7496 3029//7497
f 3045//7498 3036//7499 3028//5745
f 3045//7498 3028//5745 3040//7500
f 3046//7501 3034//7501 3035//7501
f 3046//7502 3035//7502 3047//7502
f 3048//7503 3039//5750 3041//7504
f 3048//7503 3044//7505 3039//5750
f 3049//7506 3043//7507 3042//7508
f 3049//7509 3042//7510 3037//7511
f 3049//7509 3037//7511 3044//7512
f 3050//7513 3041//5761 3036//7514
f 3050//7513 3036//7514 3045//7515
f 3051//7516 3034//5765 3046//5763
f 3051//7516 3040//7517 3034//5765
f 3052//5768 2905//5768 3043//5768
f 3052//7518 3043//7507 3049//7506
f 3052//7519 3044//7520 3048//5770
f 3052//7519 3049//7521 3044//7520
f 2902//7522 3048//7523 3041//7524
f 2902//7522 3041//7524 3050//7525
f 2908//7526 3045//7527 3040//7528
f 2908//7526 3040//7528 3051//7529
f 3053//7530 3047//7530 2919//7530
f 3053//7531 2919//7531 2918//7531
f 3053//7532 3046//7532 3047//7532
f 2906//5784 3052//7533 3048//7533
f 2906//7534 2905//7534 3052//7534
f 2906//5784 3048//7533 2902//7535
f 2912//7536 3050//7537 3045//5790
f 2912//7536 3045//5790 2908//7538
f 3054//7539 2918//5792 3055//7540
f 3054//7539 3053//5795 2918//5792
f 3054//7541 3051//7542 3046//7543
f 3054//7541 3046//7543 3053//7544
f 2903//7545 2902//7546 3050//7546
f 2903//7545 3050//7546 2912//7545
f 2909//7547 3055//7548 2910//7549
f 2909//7547 3054//7550 3055//7548
f 2909//5807 2908//7551 3051//7552
f 2909//5807 3051//7552 3054//7553
f 3056//7554 3057//7554 3058//7554
f 3058//7554 3057//7554 3059//5813
f 3059//5816 3060//5815 3061//5815
f 3057//5816 3060//5815 3059//5816
f 3061//5817 3062//5817 3063//5818
f 3060//5817 3062//5817 3061//5817
f 3063//7555 3064//5820 3065//7556
f 3062//7557 3064//5820 3063//7555
f 3065//5825 3066//5825 3067//5825
f 3064//5825 3066//5825 3065//5825
f 3067//5828 3068//5827 3069//5830
f 3066//5829 3068//5827 3067//5828
f 3069//7558 2920//5831 2757//7559
f 3068//5832 2920//5831 3069//7558
f 2757//2646 2919//7560 2755//2646
f 2920//2646 2919//7560 2757//2646
f 2755//7561 3047//7561 2771//7562
f 2919//7563 3047//7561 2755//7561
f 2771//5841 3035//7564 2781//7564
f 3047//7564 3035//7564 2771//5841
f 2781//7565 3021//7565 2792//5845
f 3035//7566 3021//7565 2781//7565
f 2792//7567 3005//7568 2796//7569
f 3021//7570 3005//7568 2792//7567
f 2796//7571 2990//7571 2807//7571
f 3005//7571 2990//7571 2796//7571
f 2807//5853 2975//7572 2820//7573
f 2990//5855 2975//7572 2807//5853
f 2789//32 3070//32 3071//7574
f 2838//5857 3072//7575 3070//32
f 2838//5857 3073//7576 3072//7575
f 3074//1066 3075//5866 136//1063
f 2838//5857 3076//5858 3073//7576
f 2852//5862 3077//7577 2838//5857
f 2862//7576 3077//7577 2852//5862
f 136//1063 3078//7578 3074//1066
f 2838//5857 3077//7577 3076//5858
f 3079//7579 3077//7577 2862//7576
f 136//1063 3080//5859 3081//1064
f 3070//32 143//32 3071//7574
f 3075//5866 3082//32 136//1063
f 136//1063 3081//1064 3078//7578
f 3082//32 3083//7580 136//1063
f 136//32 3084//7579 143//32
f 3083//7580 3084//32 136//1063
f 3084//7579 3085//7581 143//32
f 3085//7581 3086//32 143//32
f 3086//32 3087//1063 143//32
f 2763//5869 3080//5859 2749//7576
f 2765//7579 3080//5859 2763//5869
f 2769//32 3080//5859 2765//7579
f 3081//1064 3080//5859 2769//32
f 3080//5859 2888//7582 2749//7576
f 3087//1063 3088//7579 143//32
f 3089//7583 2876//7584 3080//5859
f 3080//5859 2876//7584 2888//7582
f 3088//7579 3071//7574 143//32
f 3089//7583 3090//5862 2876//7584
f 3090//5862 3091//7585 2876//7584
f 2876//7584 3079//7579 2862//7576
f 3091//7585 3079//7579 2876//7584
f 2788//5856 3070//32 2789//32
f 2800//5870 3070//32 2788//5856
f 2811//5856 3070//32 2800//5870
f 2824//961 3070//32 2811//5856
f 2838//5857 3070//32 2824//961
f 3092//31 3080//31 124//31
f 124//31 3080//31 136//31
f 3031//7586 3093//7587 3017//7588
f 3094//7587 3093//7587 3031//7586
f 2943//1127 3092//1124 2944//1124
f 2955//7589 3092//1124 2943//1127
f 2966//1126 3092//1124 2955//7589
f 2979//963 3092//1124 2966//1126
f 2993//7590 3092//1124 2979//963
f 2944//1124 3092//1124 3095//5879
f 3096//5886 3097//30 152//1127
f 2993//7590 3098//1124 3092//1124
f 2993//7590 3099//1127 3098//1124
f 152//1127 3100//1127 3096//5886
f 2993//7590 3101//7591 3099//1127
f 3097//30 3102//7589 152//1127
f 3007//7592 3103//7592 2993//7590
f 3017//7588 3103//7592 3007//7592
f 3093//7587 3103//7592 3017//7588
f 152//1127 3104//963 3100//1127
f 2993//7590 3103//7592 3101//7591
f 3092//1124 124//30 3095//5879
f 152//1127 3105//7593 3104//963
f 3102//7589 3106//1127 152//1127
f 152//30 3107//5886 124//30
f 3106//1127 3107//5880 152//1127
f 3107//5886 3108//5886 124//30
f 3108//5886 3109//5880 124//30
f 3109//5880 3110//1125 124//30
f 2904//7594 3105//7593 2905//5871
f 2917//1125 3105//7593 2904//7594
f 2921//30 3105//7593 2917//1125
f 3104//963 3105//7593 2921//30
f 3105//7593 3043//963 2905//5871
f 3110//1125 3111//5879 124//30
f 3112//1125 3031//7586 3105//7593
f 3105//7593 3031//7586 3043//963
f 3111//5879 3095//5879 124//30
f 3112//1125 3113//30 3031//7586
f 3113//30 3094//7587 3031//7586
f 3070//286 3105//286 143//286
f 143//286 3105//286 152//286
f 3114//1005 3115//1005 3116//1005
f 3114//1005 3116//1005 3117//1005
f 152//107 136//968 143//107
f 124//101 136//968 152//107
f 3116//5902 3093//7595 3118//7596
f 3116//5902 3118//7596 3119//7597
f 3116//5902 3119//7597 3120//7598
f 3121//7599 3115//7600 3122//7601
f 3123//7602 3115//7600 3121//7599
f 3103//5911 3115//7600 3123//7602
f 3103//5911 3093//7595 3116//5902
f 3103//5911 3116//5902 3115//7600
f 3114//7603 3079//7604 3124//7605
f 3114//7603 3124//7605 3125//7606
f 3114//7603 3125//7606 3126//5900
f 3127//7607 3117//5893 3128//7608
f 3129//7609 3117//5893 3127//7607
f 3077//7610 3117//5893 3129//7609
f 3077//7610 3079//7604 3114//7603
f 3077//7610 3114//7603 3117//5893
f 3089//5934 3080//5934 3092//7611
f 3089//5934 3092//7611 3098//7612
f 3090//7613 3098//5938 3099//5938
f 3090//7613 3089//7614 3098//5938
f 3091//5939 3099//7615 3101//7616
f 3091//5939 3090//5939 3099//7615
f 3079//7617 3101//7617 3103//7617
f 3079//5944 3103//5944 3123//5944
f 3079//7617 3091//7617 3101//7617
f 3124//5946 3123//5946 3121//5946
f 3124//7618 3079//7618 3123//7618
f 3125//7619 3121//7619 3122//7619
f 3125//7620 3124//7620 3121//7620
f 3126//7621 3122//7621 3115//7621
f 3126//7622 3125//7622 3122//7622
f 3114//7623 3126//7623 3115//7623
f 3112//5913 3105//7624 3070//7625
f 3112//5913 3070//7625 3072//5912
f 3113//5915 3072//5915 3073//5915
f 3113//5915 3112//5916 3072//5915
f 3094//7626 3073//7626 3076//7626
f 3094//7626 3113//7626 3073//7626
f 3093//7627 3076//5919 3077//5919
f 3093//7628 3077//7628 3129//7628
f 3093//7627 3094//7629 3076//5919
f 3118//7630 3129//7630 3127//7630
f 3118//5927 3093//5927 3129//5927
f 3119//7631 3127//7631 3128//7631
f 3119//7632 3118//7632 3127//7632
f 3120//7633 3128//7633 3117//7633
f 3120//7634 3119//7634 3128//7634
f 3116//7635 3120//7635 3117//7635
f 2975//5954 2962//5954 2820//5954
f 2820//5954 2962//5954 2835//7636
f 2835//7637 2951//7638 2850//7639
f 2962//7639 2951//7638 2835//7637
f 2850//5962 2947//3319 2866//5961
f 2951//5962 2947//3319 2850//5962
f 2866//7640 2936//7641 2880//3322
f 2947//5964 2936//7641 2866//7640
f 2880//3328 2929//3327 2892//3325
f 2936//7642 2929//3327 2880//3328
f 2892//7643 2925//7644 2767//7643
f 2929//7645 2925//7644 2892//7643
f 2767//7646 2924//3332 2768//7647
f 2925//5967 2924//3332 2767//7646
f 2768//5969 3130//5969 3131//5969
f 2924//5969 3130//5969 2768//5969
f 3131//5970 3132//7648 3133//7649
f 3130//7650 3132//7648 3131//5970
f 3133//5975 3134//7651 3135//7652
f 3132//5976 3134//7651 3133//5975
f 3135//7653 3136//7654 3137//7655
f 3134//7656 3136//7654 3135//7653
f 3137//5981 3138//5980 3139//7657
f 3136//7658 3138//5980 3137//5981
f 3139//7659 3140//7660 3141//7661
f 3138//7662 3140//7660 3139//7659
f 3141//5987 3056//7663 3058//7664
f 3140//7665 3056//7663 3141//5987
f 3142//7666 3143//7667 2927//7668
f 3142//7669 3144//7670 3143//5993
f 3145//5996 3146//5994 3147//7671
f 3145//7672 3111//7673 3110//5999
f 3145//7672 3110//5999 3148//7673
f 3145//5996 3148//5995 3146//5994
f 3149//6001 3150//7674 3151//7675
f 3149//6007 2931//6004 2934//7676
f 3149//6001 3151//7675 3142//7677
f 3149//6007 3142//6004 2931//6004
f 3152//7678 3147//7679 3150//7680
f 3152//7681 3149//7682 2934//6013
f 3152//7678 3150//7680 3149//7683
f 3152//7681 2934//6013 2939//7684
f 3153//7685 3152//7686 2939//7687
f 3153//7688 3111//7689 3145//7689
f 3153//7685 2939//7687 2945//7690
f 3153//7691 2945//6025 2944//6027
f 3153//7688 3095//6020 3111//7689
f 3153//7691 2944//6027 3095//6025
f 3153//7692 3145//7693 3147//7694
f 3153//7692 3147//7694 3152//7692
f 2923//7695 3130//7695 2924//7695
f 3154//7696 2918//7697 2920//7698
f 3154//7696 2920//7698 3068//6036
f 3155//6040 3055//7699 2918//6037
f 3155//6040 2918//6037 3154//7700
f 3156//7701 3068//7702 3066//7703
f 3156//7701 3154//7702 3068//7702
f 3157//6044 2910//6044 3055//7704
f 3157//6044 3055//7704 3155//7705
f 3158//6048 3154//6047 3156//6046
f 3158//6048 3155//6047 3154//6047
f 3159//7706 2911//7707 2910//7708
f 3159//7706 2910//7708 3157//7709
f 3160//6054 3066//7710 3064//7711
f 3160//6054 3156//7712 3066//7710
f 3161//6058 3155//7713 3158//7714
f 3161//6058 3157//7715 3155//7713
f 3162//7716 2914//7717 2911//6064
f 3162//7716 2911//6064 3159//6062
f 3163//7718 3158//7719 3156//7720
f 3163//7718 3156//7720 3160//7721
f 3164//6069 3159//7722 3157//6071
f 3164//6069 3157//6071 3161//6070
f 3165//7723 2916//7724 2914//7725
f 3165//7726 2921//6077 2916//6078
f 3165//7726 3104//6079 2921//6077
f 3165//7723 2914//7725 3162//7727
f 3166//7728 3064//7729 3062//7730
f 3166//7728 3160//7729 3064//7729
f 3167//7731 3158//6086 3163//6087
f 3167//7731 3161//6088 3158//6086
f 3168//6089 3159//6092 3164//7732
f 3168//6089 3162//6089 3159//6092
f 3169//6093 3062//6093 3060//6093
f 3169//7733 3166//7733 3062//6094
f 3170//6095 3160//7734 3166//7735
f 3170//6095 3163//6095 3160//7734
f 3171//6098 3164//7736 3161//7737
f 3171//6098 3161//7737 3167//6098
f 3172//7738 3165//7739 3162//7740
f 3172//7741 3100//7741 3104//7741
f 3172//7742 3104//7742 3165//7742
f 3172//7738 3162//7740 3168//7743
f 3173//6106 3170//7744 3166//6106
f 3173//6106 3166//6106 3169//7744
f 3174//6107 3169//6107 3060//6107
f 3175//6108 3163//7745 3170//6109
f 3175//6108 3167//7746 3163//7745
f 3176//6112 3168//6115 3164//7747
f 3176//6112 3164//7747 3171//7748
f 3177//7749 3175//6117 3170//7750
f 3177//7749 3170//7750 3173//7751
f 3178//7752 3060//7752 3057//7752
f 3178//7753 3174//7753 3060//7753
f 3179//7754 3173//6124 3169//7755
f 3179//7754 3169//7755 3174//6123
f 3180//6125 3167//6126 3175//6126
f 3180//6125 3171//6126 3167//6126
f 3181//7756 3096//7756 3100//7756
f 3181//7757 3168//7758 3176//6130
f 3181//7757 3172//7759 3168//7758
f 3181//7760 3100//7760 3172//7760
f 3182//6134 3180//7761 3175//7762
f 3182//6134 3175//7762 3177//7763
f 3183//6137 3174//6138 3178//6138
f 3183//6137 3179//6137 3174//6138
f 3184//7764 3178//7764 3057//7764
f 3185//7765 3173//7766 3179//7767
f 3185//7765 3177//7768 3173//7766
f 3186//7769 3171//6146 3180//6146
f 3186//7769 3176//7770 3171//6146
f 3187//6148 3186//7771 3180//7772
f 3187//6148 3180//7772 3182//6148
f 3188//7773 3185//7774 3179//7774
f 3188//7773 3179//7774 3183//6155
f 3189//6156 3057//6156 3056//6156
f 3189//6157 3184//6157 3057//6157
f 3190//7775 3178//6160 3184//7776
f 3190//7775 3183//6160 3178//6160
f 3191//7777 3182//7778 3177//7779
f 3191//7777 3177//7779 3185//7780
f 3192//6169 3097//6169 3096//6169
f 3192//7781 3181//7782 3176//7782
f 3192//7781 3176//7782 3186//7781
f 3192//7783 3096//7783 3181//7783
f 3193//6176 3097//6177 3192//6178
f 3193//7784 3186//7785 3187//7786
f 3193//7784 3192//7787 3186//7785
f 3194//7788 3185//6179 3188//7789
f 3194//7788 3191//7788 3185//6179
f 3195//6184 3190//7790 3184//7791
f 3195//6184 3184//7791 3189//6185
f 3196//7792 3189//7792 3056//7792
f 3197//7793 3188//7794 3183//7795
f 3197//7793 3183//7795 3190//7796
f 3198//7797 3187//6193 3182//7797
f 3198//7797 3182//7797 3191//7798
f 3199//7799 3191//6196 3194//7800
f 3199//7799 3198//7801 3191//6196
f 3200//6199 3197//7802 3190//6200
f 3200//6199 3190//6200 3195//6202
f 3201//7803 3195//7804 3189//7805
f 3201//7803 3189//7805 3196//7806
f 3202//6207 3196//6207 3056//6207
f 3202//7807 3056//7807 3140//7807
f 3203//7808 3188//6208 3197//7809
f 3203//7808 3194//7810 3188//6208
f 3204//7811 3187//7812 3198//7813
f 3204//7814 3102//7814 3097//7814
f 3204//7815 3097//6177 3193//6176
f 3204//7811 3193//7811 3187//7812
f 3205//7816 3202//7816 3140//6218
f 3206//6221 3204//6219 3198//7817
f 3206//6221 3198//7817 3199//6219
f 3206//7818 3102//7819 3204//6225
f 3207//7820 3203//6227 3197//7821
f 3207//7820 3197//7821 3200//6226
f 3208//7822 3195//7822 3201//7823
f 3208//7822 3200//6231 3195//7822
f 3209//7824 3201//7824 3196//7824
f 3209//7824 3196//7824 3202//6233
f 3210//7825 3194//7826 3203//6237
f 3210//7825 3199//6237 3194//7826
f 3211//7827 3209//7828 3202//6240
f 3211//7827 3202//6240 3205//7829
f 3212//7830 3203//7831 3207//7832
f 3212//7830 3210//7831 3203//7831
f 3213//7833 3207//6247 3200//6246
f 3213//7833 3200//6246 3208//6246
f 3214//6248 3201//6249 3209//6249
f 3214//6248 3208//7834 3201//6249
f 3215//7835 3140//7836 3138//7835
f 3215//6251 3205//6251 3140//6251
f 3216//7837 3106//7837 3102//7837
f 3216//7838 3102//7819 3206//7818
f 3216//7839 3199//7840 3210//7841
f 3216//7839 3206//7840 3199//7840
f 3217//6257 3215//7842 3138//7842
f 3218//6258 3209//7843 3211//7844
f 3218//6258 3214//6260 3209//7843
f 3219//6262 3106//7845 3216//6263
f 3219//7846 3210//7847 3212//7847
f 3219//7846 3216//7848 3210//7847
f 3220//6270 3207//7849 3213//7850
f 3220//6270 3212//6271 3207//7849
f 3221//7851 3213//7852 3208//7853
f 3221//7851 3208//7853 3214//7854
f 3222//7855 3211//7856 3205//6278
f 3222//7855 3205//6278 3215//7857
f 3223//6283 3215//6282 3217//7858
f 3223//6283 3222//6282 3215//6282
f 3224//6284 3214//6286 3218//7859
f 3224//6284 3221//7860 3214//6286
f 3225//6291 3107//6291 3106//6291
f 3225//7861 3106//7845 3219//6262
f 3225//7862 3219//6289 3212//6289
f 3225//7862 3212//6289 3220//7863
f 3226//7864 3220//7865 3213//7866
f 3226//7864 3213//7866 3221//7867
f 3227//7868 3218//7869 3211//6298
f 3227//7868 3211//6298 3222//6299
f 3228//7870 3138//7870 3136//7870
f 3228//6302 3217//6302 3138//6302
f 3229//7871 3228//7871 3136//7871
f 3230//6305 3222//7872 3223//6305
f 3230//6305 3227//7873 3222//7872
f 3231//6310 3221//6311 3224//6310
f 3231//6310 3226//6311 3221//6311
f 3232//6312 3107//7874 3225//7875
f 3232//7876 3225//7877 3220//6314
f 3232//7876 3220//6314 3226//7878
f 3233//6319 3224//7879 3218//6319
f 3233//6319 3218//6319 3227//6320
f 3234//6322 3217//7880 3228//7881
f 3234//6322 3223//7882 3217//7880
f 3235//7883 3228//6326 3229//7884
f 3235//7883 3234//7883 3228//6326
f 3236//7885 3233//7886 3227//7887
f 3236//7885 3227//7887 3230//7888
f 3237//7889 3226//7890 3231//7891
f 3237//7892 3107//7874 3232//6312
f 3237//7893 3108//7893 3107//7893
f 3237//7889 3232//7894 3226//7890
f 3238//7895 3231//6340 3224//7896
f 3238//7895 3224//7896 3233//7895
f 3239//7897 3223//6343 3234//7898
f 3239//7897 3230//6343 3223//6343
f 3240//6345 3229//6345 3136//6345
f 3240//7899 3136//7899 3134//7899
f 3241//6347 3239//7900 3234//7900
f 3241//6347 3234//7900 3235//7900
f 3242//7901 3238//7902 3233//7901
f 3242//7901 3233//7901 3236//7903
f 3243//7904 3231//6354 3238//7904
f 3243//7905 3108//7906 3237//7907
f 3243//7904 3237//7908 3231//6354
f 3244//6359 3230//6360 3239//7909
f 3244//6359 3236//7910 3230//6360
f 3245//6363 3235//7911 3229//7912
f 3245//6363 3229//7912 3240//6363
f 3246//6366 3239//7913 3241//7914
f 3246//6366 3244//6367 3239//7913
f 3247//7915 3243//6371 3238//7916
f 3247//7917 3108//7906 3243//7905
f 3247//7918 3109//7918 3108//7918
f 3247//7915 3238//7916 3242//7919
f 3248//6377 3242//6376 3236//7920
f 3248//6377 3236//7920 3244//6377
f 3249//7921 3235//7922 3245//7923
f 3249//7921 3241//7924 3235//7922
f 3250//7925 3134//7925 3132//7925
f 3250//7926 3240//7926 3134//7926
f 3251//6386 3244//7927 3246//7928
f 3251//6386 3248//6387 3244//7927
f 3252//6394 3242//7929 3248//6390
f 3252//7930 3109//7931 3247//7932
f 3252//6394 3247//7933 3242//7929
f 3253//7934 3246//6397 3241//7935
f 3253//7934 3241//7935 3249//7936
f 3144//7937 3245//7938 3240//7938
f 3144//7937 3240//7938 3250//6400
f 3254//7939 3110//7939 3109//7939
f 3254//7940 3109//7931 3252//7930
f 3254//7941 3248//7942 3251//7943
f 3254//7941 3252//6406 3248//7942
f 3146//7944 3246//7945 3253//7945
f 3146//7944 3251//7946 3246//7945
f 3151//7947 3249//7947 3245//7948
f 3151//7947 3245//7948 3144//7948
f 3255//7949 3250//7949 3132//7949
f 3255//7950 3130//7950 2923//7950
f 3255//7951 3132//7951 3130//7951
f 3148//7952 3110//7952 3254//7952
f 3148//7953 3254//7954 3251//7955
f 3148//7953 3251//7955 3146//7956
f 3150//7957 3253//6426 3249//6426
f 3150//7957 3249//6426 3151//7958
f 3143//7959 3255//6429 2923//6431
f 3143//7959 2923//6431 2927//7960
f 3143//7961 3250//7962 3255//7961
f 3143//7961 3144//7963 3250//7962
f 3147//7964 3146//7965 3253//7965
f 3147//7964 3253//7965 3150//7966
f 3142//7666 2927//7668 2931//6441
f 3142//7669 3151//5991 3144//7670
f 3256//7967 3257//7968 2773//6883
f 3256//7969 3258//7970 3257//7971
f 3259//7972 3260//7973 3261//6889
f 3259//6444 3088//7974 3087//7975
f 3259//6444 3087//7975 3262//6442
f 3259//7972 3262//7976 3260//7973
f 3263//7977 3264//7978 3265//7979
f 3263//7980 2776//6451 2779//6452
f 3263//7977 3265//7979 3256//7981
f 3263//7980 3256//6451 2776//6451
f 3266//7982 3261//7983 3264//7984
f 3266//7985 3263//6460 2779//7985
f 3266//7982 3264//7984 3263//7986
f 3266//7985 2779//7985 2784//6460
f 3267//7987 3266//7988 2784//7989
f 3267//6468 3088//6468 3259//7990
f 3267//7987 2784//7989 2790//7991
f 3267//6470 2790//6471 2789//6474
f 3267//6468 3071//7990 3088//6468
f 3267//6470 2789//6474 3071//7992
f 3267//7993 3259//7994 3261//7995
f 3267//7993 3261//7995 3266//7996
f 2756//7997 3069//7997 2757//7997
f 3268//7998 2766//7999 2768//7999
f 3268//7998 2768//7999 3131//8000
f 3269//8001 2900//8002 2766//8003
f 3269//8001 2766//8003 3268//8004
f 3270//8005 3131//8006 3133//8007
f 3270//8005 3268//6489 3131//8006
f 3271//8008 2753//8009 2900//8010
f 3271//8008 2900//8010 3269//6493
f 3272//8011 3268//8012 3270//6496
f 3272//8011 3269//8013 3268//8012
f 3273//8014 2754//8015 2753//8016
f 3273//8014 2753//8016 3271//8017
f 3274//8018 3133//8018 3135//8019
f 3274//8018 3270//8020 3133//8018
f 3275//8021 3269//8022 3272//8023
f 3275//8021 3271//8024 3269//8022
f 3276//8025 2761//6508 2754//8026
f 3276//8025 2754//8026 3273//8027
f 3277//8028 3272//8029 3270//8030
f 3277//8028 3270//8030 3274//6511
f 3278//8031 3273//6517 3271//6517
f 3278//8031 3271//6517 3275//8032
f 3279//8033 2764//8034 2761//6520
f 3279//8035 2769//8036 2764//8037
f 3279//8035 3081//8038 2769//8036
f 3279//8033 2761//6520 3276//6525
f 3280//8039 3135//8039 3137//8040
f 3280//8039 3274//8039 3135//8039
f 3281//8041 3272//8042 3277//6529
f 3281//8041 3275//8043 3272//8042
f 3282//6531 3273//6531 3278//8044
f 3282//6531 3276//8045 3273//6531
f 3283//8046 3137//8046 3139//8046
f 3283//8047 3280//8047 3137//8047
f 3284//8048 3274//8049 3280//8050
f 3284//8048 3277//8051 3274//8049
f 3285//8052 3278//8053 3275//8054
f 3285//8052 3275//8054 3281//8055
f 3286//8056 3279//8057 3276//8058
f 3286//6542 3078//6542 3081//6542
f 3286//8059 3081//8059 3279//8059
f 3286//8056 3276//8058 3282//8060
f 3287//6549 3284//6549 3280//8061
f 3287//6549 3280//8061 3283//6549
f 3288//8062 3283//8062 3139//8062
f 3289//8063 3277//8064 3284//8065
f 3289//8063 3281//8066 3277//8064
f 3290//6558 3282//8067 3278//8068
f 3290//6558 3278//8068 3285//6556
f 3291//8069 3289//8069 3284//6560
f 3291//8069 3284//6560 3287//6561
f 3292//8070 3139//8070 3141//8070
f 3292//8071 3288//8071 3139//8071
f 3293//6568 3287//6566 3283//6565
f 3293//6568 3283//6565 3288//6565
f 3294//8072 3281//6569 3289//6570
f 3294//8072 3285//8073 3281//6569
f 3295//6572 3074//6572 3078//6572
f 3295//8074 3282//8075 3290//8076
f 3295//8074 3286//8077 3282//8075
f 3295//8078 3078//8078 3286//8079
f 3296//8080 3294//8081 3289//8082
f 3296//8080 3289//8082 3291//8083
f 3297//8084 3288//8084 3292//8085
f 3297//8084 3293//8084 3288//8084
f 3298//8086 3292//8086 3141//8086
f 3299//8087 3287//8088 3293//8089
f 3299//8087 3291//8087 3287//8088
f 3300//6590 3285//6590 3294//8090
f 3300//6590 3290//6590 3285//6590
f 3301//8091 3300//8092 3294//8093
f 3301//8091 3294//8093 3296//8094
f 3302//8095 3299//8096 3293//6599
f 3302//8095 3293//6599 3297//8097
f 3303//8098 3141//8098 3058//8098
f 3303//8099 3298//8099 3141//8099
f 3304//8100 3292//8101 3298//6602
f 3304//8100 3297//8102 3292//8101
f 3305//8103 3296//8104 3291//8105
f 3305//8103 3291//8105 3299//8106
f 3306//8107 3075//8107 3074//8107
f 3306//6612 3295//8108 3290//6612
f 3306//6612 3290//6612 3300//8109
f 3306//8110 3074//8110 3295//8110
f 3307//6615 3075//8111 3306//8112
f 3307//8113 3300//8113 3301//8114
f 3307//8113 3306//8115 3300//8113
f 3308//8116 3299//8117 3302//8118
f 3308//8116 3305//8119 3299//8117
f 3309//6625 3304//8120 3298//8121
f 3309//6625 3298//8121 3303//6625
f 3310//8122 3303//8122 3058//8122
f 3311//8123 3302//6633 3297//8124
f 3311//8123 3297//8124 3304//8125
f 3312//8126 3301//6636 3296//6636
f 3312//8126 3296//6636 3305//8126
f 3313//6638 3305//6638 3308//8127
f 3313//6638 3312//8128 3305//6638
f 3314//8129 3311//6641 3304//6643
f 3314//8129 3304//6643 3309//8130
f 3315//6647 3309//6647 3303//6647
f 3315//6647 3303//6647 3310//8131
f 3316//8132 3310//8132 3058//8132
f 3316//8133 3058//8133 3059//8133
f 3317//8134 3302//8135 3311//8136
f 3317//8134 3308//8137 3302//8135
f 3318//8138 3301//8139 3312//8140
f 3318//8141 3082//8141 3075//8141
f 3318//8142 3075//8111 3307//6615
f 3318//8138 3307//8143 3301//8139
f 3319//8144 3316//8144 3059//8144
f 3320//8145 3318//8146 3312//6662
f 3320//8145 3312//6662 3313//8147
f 3320//8148 3082//6664 3318//8149
f 3321//8150 3317//8150 3311//6667
f 3321//8150 3311//6667 3314//8151
f 3322//8152 3309//8153 3315//6672
f 3322//8152 3314//8154 3309//8153
f 3323//8155 3315//6676 3310//6676
f 3323//8155 3310//6676 3316//6675
f 3324//6680 3308//6680 3317//8156
f 3324//6680 3313//8157 3308//6680
f 3325//8158 3323//8159 3316//8160
f 3325//8158 3316//8160 3319//8161
f 3326//8162 3317//8163 3321//8164
f 3326//8162 3324//8165 3317//8163
f 3327//8166 3321//8166 3314//6691
f 3327//8166 3314//6691 3322//8167
f 3328//8168 3315//6694 3323//6694
f 3328//8168 3322//8169 3315//6694
f 3329//8170 3059//8170 3061//8170
f 3329//8171 3319//8171 3059//8171
f 3330//8172 3083//8172 3082//8172
f 3330//8173 3082//6664 3320//8148
f 3330//8174 3313//8175 3324//8176
f 3330//8174 3320//6703 3313//8175
f 3331//8177 3329//8177 3061//8177
f 3332//6705 3323//8178 3325//6707
f 3332//6705 3328//8179 3323//8178
f 3333//8180 3083//6709 3330//6711
f 3333//8181 3324//8182 3326//8183
f 3333//8181 3330//6713 3324//8182
f 3334//6718 3321//6718 3327//8184
f 3334//6718 3326//6718 3321//6718
f 3335//8185 3327//8186 3322//6721
f 3335//8185 3322//6721 3328//8185
f 3336//6723 3325//8187 3319//8188
f 3336//6723 3319//8188 3329//8189
f 3337//6728 3329//6727 3331//6727
f 3337//6728 3336//6726 3329//6727
f 3338//8190 3328//8191 3332//8191
f 3338//8190 3335//8192 3328//8191
f 3339//6735 3084//6735 3083//6735
f 3339//6736 3083//6709 3333//8180
f 3339//8193 3333//8194 3326//8195
f 3339//8193 3326//8195 3334//8196
f 3340//6742 3334//8197 3327//8197
f 3340//6742 3327//8197 3335//8198
f 3341//8199 3332//8200 3325//6745
f 3341//8199 3325//6745 3336//8201
f 3342//8202 3061//8202 3063//8202
f 3342//8203 3331//8203 3061//8203
f 3343//8204 3342//8204 3063//8204
f 3344//8205 3336//8206 3337//8207
f 3344//8205 3341//8208 3336//8206
f 3345//8209 3335//8210 3338//8211
f 3345//8209 3340//8212 3335//8210
f 3346//8213 3084//8214 3339//8215
f 3346//6758 3339//6760 3334//8216
f 3346//6758 3334//8216 3340//8217
f 3347//6762 3338//8218 3332//8218
f 3347//6762 3332//8218 3341//6764
f 3348//6766 3331//6766 3342//8219
f 3348//6766 3337//6766 3331//6766
f 3349//8220 3342//8221 3343//8222
f 3349//8220 3348//8223 3342//8221
f 3350//8224 3347//8225 3341//8226
f 3350//8224 3341//8226 3344//8224
f 3351//8227 3340//8228 3345//8229
f 3351//8230 3084//8214 3346//8213
f 3351//8231 3085//8231 3084//8231
f 3351//8227 3346//8232 3340//8228
f 3352//8233 3345//8233 3338//6780
f 3352//8233 3338//6780 3347//6780
f 3353//8234 3337//8235 3348//8236
f 3353//8234 3344//8235 3337//8235
f 3354//6785 3343//6785 3063//6785
f 3354//6786 3063//6786 3065//6786
f 3355//8237 3353//8238 3348//8239
f 3355//8237 3348//8239 3349//8240
f 3356//8241 3352//8242 3347//8243
f 3356//8241 3347//8243 3350//8241
f 3357//8244 3345//8245 3352//8246
f 3357//8247 3085//8248 3351//8249
f 3357//8244 3351//8250 3345//8245
f 3358//8251 3344//8252 3353//8253
f 3358//8251 3350//8254 3344//8252
f 3359//6804 3349//6804 3343//8255
f 3359//6804 3343//8255 3354//8256
f 3360//8257 3353//8258 3355//8257
f 3360//8257 3358//8259 3353//8258
f 3361//8260 3357//8261 3352//8262
f 3361//6813 3085//8248 3357//8247
f 3361//6814 3086//6814 3085//6814
f 3361//8260 3352//8262 3356//6816
f 3362//6818 3356//8263 3350//8264
f 3362//6818 3350//8264 3358//8265
f 3363//8266 3349//8267 3359//8268
f 3363//8266 3355//8269 3349//8267
f 3364//8270 3065//8271 3067//8270
f 3364//8272 3354//6825 3065//8272
f 3365//8273 3358//6828 3360//6828
f 3365//8273 3362//8273 3358//6828
f 3366//8274 3356//8275 3362//6829
f 3366//8276 3086//6833 3361//8277
f 3366//8274 3361//8278 3356//8275
f 3367//8279 3360//8279 3355//6837
f 3367//8279 3355//6837 3363//8280
f 3258//8281 3359//6840 3354//6840
f 3258//8281 3354//6840 3364//6841
f 3368//8282 3087//8282 3086//8282
f 3368//8283 3086//6833 3366//8276
f 3368//6846 3362//8284 3365//6846
f 3368//6846 3366//8285 3362//8284
f 3260//8286 3360//8287 3367//8288
f 3260//8286 3365//8289 3360//8287
f 3265//8290 3363//8291 3359//8292
f 3265//8290 3359//8292 3258//6855
f 3369//8293 3364//8293 3067//8293
f 3369//8294 3069//8294 2756//8294
f 3369//8295 3067//8295 3069//8295
f 3262//8296 3087//8296 3368//8296
f 3262//8297 3368//8298 3365//8299
f 3262//8297 3365//8299 3260//8300
f 3264//8301 3367//8302 3363//8303
f 3264//8301 3363//8303 3265//8301
f 3257//8304 3369//8305 2756//8306
f 3257//8304 2756//8306 2773//6872
f 3257//8307 3364//6875 3369//6876
f 3257//8307 3258//8308 3364//6875
f 3261//6877 3260//8309 3367//6880
f 3261//6877 3367//6880 3264//6877
f 3256//7967 2773//6883 2776//6883
f 3256//7969 3265//8310 3258//7970
f 3370//8311 3371//8312 3372//8312
f 3370//8311 3373//8311 3371//8312
f 3374//8313 3372//8314 3375//8314
f 3374//8313 3370//8315 3372//8314
f 3376//8316 3375//8317 3377//8317
f 3376//8316 3374//8318 3375//8317
f 3378//8319 3377//8320 3379//8321
f 3378//8319 3376//8319 3377//8320
f 3380//8322 3379//8322 3381//8322
f 3380//8322 3378//8322 3379//8322
f 3382//8323 3383//8323 3384//8323
f 3382//8324 3381//8325 3383//8326
f 3382//8324 3380//8327 3381//8325
f 3385//8328 3384//8329 3386//8329
f 3385//8323 3382//8323 3384//8323
f 3387//8330 3386//8331 3388//8332
f 3387//8333 3385//8328 3386//8329
f 3389//8334 3388//8335 3390//8335
f 3389//8336 3387//8330 3388//8332
f 3391//8337 3390//8338 3392//8339
f 3391//8340 3389//8334 3390//8335
f 3393//8337 3391//8337 3392//8339
f 3394//8341 3395//8342 3396//8342
f 3394//8343 3392//8344 3395//8343
f 3394//8343 3393//8343 3392//8344
f 3397//8341 3394//8341 3396//8342
f 3398//8345 3399//8346 3400//8347
f 3398//8348 3396//8349 3399//8350
f 3398//8348 3397//8348 3396//8349
f 3401//8351 3398//8345 3400//8347
f 3402//8352 3403//8353 3404//8354
f 3402//8355 3400//8356 3403//8357
f 3402//8355 3401//8355 3400//8356
f 3405//8352 3402//8352 3404//8354
f 3406//8358 3404//8358 3407//8358
f 3406//8358 3405//8358 3404//8358
f 3408//8359 3406//8360 3407//8359
f 3408//8359 3407//8359 3409//8361
f 3410//8362 3409//8363 3411//8364
f 3410//8362 3408//8365 3409//8363
f 3412//8366 3411//8367 3413//8368
f 3412//8366 3410//8369 3411//8367
f 3414//8370 3413//8371 3415//8371
f 3414//8370 3412//8372 3413//8371
f 3416//8373 3415//8374 3417//8373
f 3416//8373 3414//8373 3415//8374
f 3418//8375 3419//8376 3420//8376
f 3418//8377 3417//8378 3419//8378
f 3418//8377 3416//8377 3417//8378
f 3421//8379 3420//8380 3422//8381
f 3421//8375 3418//8375 3420//8376
f 3423//8382 3422//8383 3424//8384
f 3423//8379 3421//8379 3422//8381
f 3425//8385 3423//8382 3424//8384
f 3426//8386 3427//8387 3428//8388
f 3426//8389 3424//8390 3427//8391
f 3426//8389 3425//8392 3424//8390
f 3429//8393 3428//8394 3430//8394
f 3429//8395 3426//8386 3428//8388
f 3431//8394 3429//8393 3430//8394
f 3432//8396 3433//8397 3434//8398
f 3432//8399 3430//8400 3433//8400
f 3432//8399 3431//8401 3430//8400
f 3435//8402 3432//8396 3434//8398
f 3436//8403 3435//8404 3434//8405
f 3436//8406 3437//8407 3438//8407
f 3436//8403 3434//8405 3437//8408
f 3439//8406 3436//8406 3438//8407
f 3440//8409 3438//8410 3441//8410
f 3440//8409 3439//8409 3438//8410
f 3373//8411 3441//8412 3371//8412
f 3373//8411 3440//8413 3441//8412
f 3390//8414 3388//167 3386//145
f 3399//1035 3404//153 3403//996
f 3399//1035 3403//996 3400//3599
f 3396//1005 3395//989 3392//1037
f 3396//1005 3392//1037 3390//8414
f 3396//1005 3377//1132 3372//179
f 3396//1005 3372//179 3438//1040
f 3396//1005 3438//1040 3419//173
f 3396//1005 3386//145 3377//1132
f 3396//1005 3390//8414 3386//145
f 3396//1005 3419//173 3404//153
f 3396//1005 3404//153 3399//1035
f 3372//179 3371//1033 3441//159
f 3372//179 3441//159 3438//1040
f 3419//173 3438//1040 3437//196
f 3419//173 3437//196 3434//1033
f 3419//173 3434//1033 3433//175
f 3419//173 3433//175 3430//8415
f 3419//173 3430//8415 3428//160
f 3419//173 3428//160 3427//197
f 3419//173 3427//197 3424//179
f 3419//173 3424//179 3422//168
f 3419//173 3422//168 3420//149
f 3377//1132 3375//160 3372//179
f 3381//153 3379//159 3377//1132
f 3383//1002 3381//153 3377//1132
f 3411//184 3419//173 3417//166
f 3411//184 3417//166 3415//146
f 3411//184 3415//146 3413//158
f 3386//145 3384//159 3383//1002
f 3386//145 3383//1002 3377//1132
f 3404//153 3411//184 3409//1134
f 3404//153 3409//1134 3407//1204
f 3404//153 3419//173 3411//184
f 3402//982 3398//102 3401//96
f 3402//982 3397//139 3398//102
f 3405//8416 3397//139 3402//982
f 3394//971 3397//139 3393//999
f 3393//999 3397//139 3391//93
f 3382//121 3397//139 3376//8417
f 3436//8418 3439//8419 3435//8420
f 3387//8421 3397//139 3382//121
f 3435//8420 3439//8419 3432//1056
f 3376//8417 3397//139 3405//8416
f 3432//1056 3439//8419 3431//8422
f 3391//93 3397//139 3387//8421
f 3431//8422 3426//1009 3429//8423
f 3426//1009 3423//1027 3425//1057
f 3373//999 3370//8424 3440//3938
f 3440//3938 3370//8424 3439//8419
f 3423//1027 3418//981 3421//107
f 3374//129 3418//981 3370//8424
f 3439//8419 3418//981 3431//8422
f 3431//8422 3418//981 3426//1009
f 3426//1009 3418//981 3423//1027
f 3370//8424 3418//981 3439//8419
f 3378//104 3380//982 3376//8417
f 3380//982 3382//121 3376//8417
f 3418//981 3408//8425 3416//95
f 3416//95 3408//8425 3414//1022
f 3414//1022 3408//8425 3412//86
f 3412//86 3408//8425 3410//3938
f 3385//982 3387//8421 3382//121
f 3408//8425 3405//8416 3406//971
f 3376//8417 3405//8416 3374//129
f 3374//129 3405//8416 3418//981
f 3418//981 3405//8416 3408//8425
f 3389//111 3391//93 3387//8421
