# Blender v2.82 (sub 7) OBJ File: ''
# www.blender.org
mtllib power_plug_mediun_reori.mtl
o 3Prong_Plug.002
v 0.022624 -0.004239 0.065320
v 0.023544 -0.004133 0.065527
v 0.027749 -0.004239 0.042488
v 0.028668 -0.004133 0.042695
v 0.029543 -0.003820 0.042891
v 0.024418 -0.003820 0.065723
v 0.030327 -0.003314 0.043067
v 0.025202 -0.003314 0.065899
v 0.025857 -0.002643 0.066046
v 0.030982 -0.002643 0.043214
v 0.026351 -0.001840 0.066157
v 0.031475 -0.001840 0.043325
v 0.026656 -0.000943 0.066225
v 0.031781 -0.000943 0.043394
v 0.026760 -0.000000 0.066248
v 0.031885 -0.000000 0.043417
v 0.026656 0.000943 0.066225
v 0.031781 0.000943 0.043394
v 0.026351 0.001840 0.066157
v 0.031475 0.001840 0.043325
v 0.025857 0.002643 0.066046
v 0.030982 0.002643 0.043214
v 0.025202 0.003314 0.065899
v 0.030327 0.003314 0.043067
v 0.024418 0.003820 0.065723
v 0.029543 0.003820 0.042891
v 0.023544 0.004133 0.065527
v 0.028668 0.004133 0.042695
v 0.022624 0.004239 0.065320
v 0.027749 0.004239 0.042488
v 0.001413 0.015300 0.036577
v -0.003712 0.015300 0.059409
v 0.008582 0.015300 0.062168
v 0.013706 0.015300 0.039337
v -0.000343 0.013500 0.036183
v -0.000343 -0.013500 0.036183
v -0.005468 -0.013500 0.059014
v -0.005468 0.013500 0.059014
v 0.001413 -0.015300 0.036577
v 0.013706 -0.015300 0.039337
v 0.008582 -0.015300 0.062168
v -0.003712 -0.015300 0.059409
v 0.021477 -0.010175 0.041081
v 0.024976 -0.006701 0.065847
v 0.016353 -0.010175 0.063913
v 0.030100 -0.006701 0.043016
v 0.031173 0.006155 0.043257
v 0.030100 0.006700 0.043016
v 0.024976 0.006700 0.065847
v 0.026049 0.006155 0.066089
v 0.032142 0.005430 0.043474
v 0.027018 0.005430 0.066306
v 0.032976 0.004547 0.043661
v 0.027851 0.004547 0.066494
v 0.033651 0.003532 0.043813
v 0.028527 0.003532 0.066645
v 0.034148 0.002413 0.043924
v 0.029023 0.002413 0.066756
v 0.034451 0.001224 0.043993
v 0.029326 0.001224 0.066825
v 0.034555 -0.000000 0.044016
v 0.029430 -0.000000 0.066847
v 0.034451 -0.001224 0.043993
v 0.029326 -0.001224 0.066825
v 0.034148 -0.002413 0.043924
v 0.029023 -0.002413 0.066756
v 0.033651 -0.003532 0.043813
v 0.028527 -0.003532 0.066645
v 0.032976 -0.004547 0.043661
v 0.027851 -0.004547 0.066494
v 0.032142 -0.005430 0.043474
v 0.027018 -0.005430 0.066306
v 0.031173 -0.006155 0.043257
v 0.026049 -0.006155 0.066089
v 0.021477 0.010175 0.041081
v 0.016353 0.010175 0.063913
v -0.005295 0.014281 0.059053
v -0.005425 0.013900 0.059025
v -0.003712 0.012510 0.059409
v 0.018897 -0.001840 0.064484
v 0.019390 -0.002643 0.064594
v 0.020044 -0.003314 0.064742
v 0.020829 -0.003820 0.064916
v 0.020044 0.003314 0.064742
v 0.020829 0.003820 0.064916
v 0.021703 -0.004133 0.065114
v -0.003712 0.009954 0.059409
v 0.014556 -0.011023 0.063509
v 0.019390 0.002643 0.064594
v 0.018488 -0.000000 0.064391
v 0.007282 -0.009954 0.061877
v 0.018591 -0.000943 0.064415
v 0.007282 0.009954 0.061877
v 0.012862 -0.012073 0.063129
v 0.011295 -0.013310 0.062778
v 0.018897 0.001840 0.064484
v 0.014556 0.011023 0.063509
v 0.007282 -0.012510 0.061877
v 0.009872 -0.014720 0.062458
v 0.009602 -0.014966 0.062397
v 0.009286 -0.015149 0.062326
v 0.008942 -0.015262 0.062250
v -0.003712 -0.009954 0.059409
v 0.009872 0.014720 0.062458
v 0.007282 0.012510 0.061877
v 0.011295 0.013310 0.062778
v 0.009602 0.014966 0.062397
v 0.009286 0.015149 0.062326
v 0.008942 0.015262 0.062250
v -0.003712 -0.012510 0.059409
v -0.005425 -0.013901 0.059025
v -0.004103 -0.015255 0.059322
v -0.005295 -0.014281 0.059053
v -0.004474 -0.015122 0.059238
v -0.005086 -0.014622 0.059101
v 0.021703 0.004133 0.065114
v -0.004807 -0.014908 0.059164
v 0.018591 0.000943 0.064415
v 0.012862 0.012073 0.063129
v -0.004103 0.015255 0.059322
v -0.004474 0.015122 0.059238
v -0.004807 0.014908 0.059164
v -0.005086 0.014622 0.059101
v 0.001413 0.012510 0.036577
v 0.000650 0.015122 0.036406
v 0.001021 0.015255 0.036490
v -0.000300 0.013900 0.036193
v -0.000170 0.014281 0.036222
v 0.025953 -0.003820 0.042085
v 0.026828 -0.004133 0.042282
v 0.025169 -0.003314 0.041909
v 0.024515 -0.002643 0.041763
v 0.024021 -0.001840 0.041652
v 0.025169 0.003314 0.041909
v 0.025953 0.003820 0.042085
v 0.001413 0.009954 0.036577
v 0.019680 -0.011023 0.040677
v 0.024515 0.002643 0.041763
v 0.012407 -0.009954 0.039046
v 0.023715 -0.000943 0.041584
v 0.024021 0.001840 0.041652
v 0.023612 -0.000000 0.041560
v 0.012407 0.009954 0.039046
v 0.017987 -0.012073 0.040298
v 0.016419 -0.013310 0.039945
v 0.019680 0.011023 0.040677
v 0.012407 -0.012510 0.039046
v 0.014997 -0.014720 0.039627
v 0.014726 -0.014966 0.039565
v 0.014411 -0.015149 0.039495
v 0.014067 -0.015262 0.039417
v 0.012407 0.012510 0.039046
v 0.014067 0.015262 0.039417
v 0.014411 0.015149 0.039495
v 0.014726 0.014966 0.039565
v 0.014997 0.014720 0.039627
v 0.001413 -0.009954 0.036577
v 0.016419 0.013310 0.039945
v 0.001413 -0.012510 0.036577
v 0.001021 -0.015255 0.036490
v -0.000300 -0.013901 0.036193
v 0.000650 -0.015122 0.036406
v -0.000170 -0.014281 0.036222
v 0.026828 0.004133 0.042282
v 0.000318 -0.014908 0.036332
v 0.000039 -0.014622 0.036270
v 0.023715 0.000943 0.041584
v 0.017987 0.012073 0.040298
v 0.000039 0.014622 0.036270
v 0.000318 0.014908 0.036332
v -0.007847 0.003441 0.124985
v -0.006268 0.002374 0.120636
v -0.007185 0.002147 0.125134
v -0.006055 -0.003414 0.117087
v -0.005776 -0.004307 0.112444
v -0.006781 -0.004307 0.116923
v -0.005000 0.004299 0.109022
v -0.003267 0.003400 0.104707
v -0.004273 0.003400 0.109185
v -0.003994 0.004299 0.104543
v -0.012710 0.006057 0.123893
v -0.006383 0.006057 0.095705
v -0.011297 0.005881 0.124212
v -0.005050 -0.003414 0.112608
v -0.000859 -0.002147 0.096945
v -0.001520 -0.003441 0.096797
v -0.001961 -0.002396 0.101401
v -0.002508 -0.003414 0.101279
v -0.009429 0.005590 0.119927
v -0.009964 0.005363 0.124510
v -0.005500 0.002374 0.117211
v -0.008661 0.005590 0.116501
v -0.006047 0.003400 0.117089
v -0.004495 0.002374 0.112732
v -0.005041 0.003400 0.112610
v -0.007655 0.005590 0.112023
v -0.003275 -0.003414 0.104705
v -0.004002 -0.004307 0.104541
v -0.004281 -0.003414 0.109183
v -0.006887 0.005590 0.108598
v -0.005007 -0.004307 0.109020
v -0.003226 0.004299 0.101119
v -0.001520 0.003441 0.096797
v -0.002499 0.003400 0.101281
v -0.002465 0.004533 0.096585
v -0.004970 0.005881 0.096023
v -0.008429 -0.005041 0.120151
v -0.009964 -0.005363 0.124510
v -0.008792 -0.004533 0.124773
v -0.005882 0.005590 0.104119
v -0.003727 0.002374 0.109308
v -0.006843 0.000730 0.125211
v -0.003233 -0.004307 0.101116
v -0.002721 0.002374 0.104829
v -0.008424 0.005038 0.120153
v -0.008792 0.004533 0.124773
v -0.006656 -0.005041 0.112247
v -0.007661 -0.005041 0.116726
v -0.001953 0.002374 0.101404
v -0.005113 0.005590 0.100696
v -0.000859 0.002147 0.096945
v -0.006651 0.005038 0.112248
v -0.007655 0.005038 0.116727
v -0.000517 0.000730 0.097023
v -0.006843 -0.000730 0.125211
v -0.002465 -0.004533 0.096585
v -0.004882 -0.005041 0.104343
v -0.005888 -0.005041 0.108823
v -0.005508 -0.002396 0.117209
v -0.007185 -0.002147 0.125134
v -0.004877 0.005038 0.104345
v -0.006277 -0.002396 0.120634
v -0.005882 0.005038 0.108824
v -0.008661 -0.005590 0.116501
v -0.000517 -0.000730 0.097023
v -0.003637 0.005363 0.096322
v -0.004503 -0.002396 0.112730
v -0.007847 -0.003441 0.124985
v -0.011297 -0.005881 0.124212
v -0.009429 -0.005590 0.119927
v -0.003735 -0.002396 0.109305
v -0.005768 0.004299 0.112447
v -0.006774 0.004299 0.116926
v -0.007655 -0.005590 0.112023
v -0.006824 -0.003414 0.120511
v -0.007543 0.004299 0.120350
v -0.006887 -0.005590 0.108598
v -0.002730 -0.002396 0.104827
v -0.005882 -0.005590 0.104119
v -0.003637 -0.005363 0.096322
v -0.004113 -0.005041 0.100920
v -0.006815 0.003400 0.120513
v -0.004970 -0.005881 0.096023
v -0.005113 -0.005590 0.100696
v -0.012710 -0.006057 0.123893
v -0.006383 -0.006057 0.095705
v -0.004108 0.005038 0.100920
v -0.007550 -0.004307 0.120349
v -0.014084 -0.011213 0.118883
v -0.012710 -0.011475 0.123893
v -0.014896 -0.011255 0.123404
v -0.013315 -0.011213 0.115457
v -0.012310 -0.011213 0.110978
v -0.011541 -0.011213 0.107554
v -0.006383 -0.011475 0.095705
v -0.016997 -0.010601 0.122932
v -0.010537 -0.011213 0.103075
v -0.016118 -0.010546 0.118425
v -0.009767 -0.011213 0.099650
v -0.015349 -0.010546 0.115001
v -0.008609 -0.011246 0.095206
v -0.014344 -0.010546 0.110522
v -0.013575 -0.010546 0.107096
v -0.018931 -0.009541 0.122498
v -0.012570 -0.010546 0.102619
v -0.017992 -0.009495 0.118004
v -0.017223 -0.009495 0.114579
v -0.010745 -0.010569 0.094727
v -0.011802 -0.010546 0.099193
v -0.016218 -0.009495 0.110101
v -0.015450 -0.009495 0.106676
v -0.020627 -0.008114 0.122117
v -0.014444 -0.009495 0.102198
v -0.019637 -0.008099 0.117635
v -0.018869 -0.008099 0.114210
v -0.012708 -0.009470 0.094286
v -0.013676 -0.009495 0.098773
v -0.017863 -0.008099 0.109732
v -0.017096 -0.008099 0.106306
v -0.016090 -0.008099 0.101829
v -0.020993 -0.006408 0.117330
v -0.022021 -0.006376 0.121804
v -0.015321 -0.008099 0.098403
v -0.014418 -0.007993 0.093902
v -0.019220 -0.006408 0.109428
v -0.020224 -0.006408 0.113906
v -0.017445 -0.006408 0.101525
v -0.018451 -0.006408 0.106002
v -0.022012 -0.004483 0.117102
v -0.023055 -0.004391 0.121572
v -0.016677 -0.006408 0.098099
v -0.015807 -0.006197 0.093590
v -0.020238 -0.004483 0.109199
v -0.021244 -0.004483 0.113678
v -0.018464 -0.004483 0.101295
v -0.019470 -0.004483 0.105774
v -0.022655 -0.002396 0.116958
v -0.023691 -0.002238 0.121429
v -0.017695 -0.004483 0.097871
v -0.020881 -0.002396 0.109055
v -0.021886 -0.002396 0.113533
v -0.016822 -0.004154 0.093363
v -0.023907 -0.000000 0.121381
v -0.019108 -0.002396 0.101151
v -0.020112 -0.002396 0.105629
v -0.017419 -0.001946 0.093229
v -0.018339 -0.002396 0.097727
v -0.017562 -0.000652 0.093196
v -0.022659 0.002374 0.116957
v -0.023691 0.002238 0.121429
v -0.021891 0.002374 0.113532
v -0.020885 0.002374 0.109053
v -0.017562 0.000652 0.093196
v -0.020116 0.002374 0.105629
v -0.023055 0.004391 0.121572
v -0.019112 0.002374 0.101150
v -0.022020 0.004467 0.117101
v -0.017419 0.001946 0.093229
v -0.018343 0.002374 0.097726
v -0.020246 0.004467 0.109197
v -0.021251 0.004467 0.113676
v -0.022021 0.006376 0.121804
v -0.018471 0.004467 0.101294
v -0.019477 0.004467 0.105772
v -0.021001 0.006395 0.117329
v -0.016822 0.004154 0.093363
v -0.019228 0.006395 0.109425
v -0.020232 0.006395 0.113904
v -0.017454 0.006395 0.101523
v -0.018459 0.006395 0.106001
v -0.019645 0.008091 0.117634
v -0.020627 0.008114 0.122117
v -0.015807 0.006197 0.093590
v -0.017703 0.004467 0.097869
v -0.016685 0.006395 0.098098
v -0.017870 0.008091 0.109731
v -0.018876 0.008091 0.114209
v -0.016097 0.008091 0.101827
v -0.017102 0.008091 0.106305
v -0.017998 0.009491 0.118004
v -0.018931 0.009541 0.122498
v -0.014418 0.007993 0.093902
v -0.015329 0.008091 0.098402
v -0.016225 0.009491 0.110099
v -0.017229 0.009491 0.114578
v -0.014450 0.009491 0.102196
v -0.015456 0.009491 0.106675
v -0.016122 0.010544 0.118424
v -0.016997 0.010601 0.122932
v -0.012708 0.009470 0.094286
v -0.013682 0.009491 0.098771
v -0.014348 0.010544 0.110521
v -0.015353 0.010544 0.115000
v -0.012574 0.010544 0.102618
v -0.013579 0.010544 0.107096
v -0.014084 0.011213 0.118883
v -0.014896 0.011254 0.123404
v -0.011805 0.010544 0.099193
v -0.010745 0.010569 0.094727
v -0.012310 0.011213 0.110978
v -0.013315 0.011213 0.115457
v -0.010537 0.011213 0.103075
v -0.011541 0.011213 0.107554
v -0.012710 0.011475 0.123893
v -0.009767 0.011213 0.099650
v -0.008609 0.011246 0.095206
v -0.006383 0.011475 0.095705
v 0.026177 -0.012327 0.078982
v 0.023166 -0.013820 0.078498
v 0.026081 -0.012799 0.078051
v 0.030808 -0.004973 0.079852
v 0.029802 -0.006425 0.080154
v 0.030508 -0.007225 0.079481
v 0.023554 -0.010282 0.082029
v 0.021153 -0.010202 0.082867
v 0.021033 -0.011343 0.082485
v 0.023616 -0.011698 0.081308
v 0.031608 -0.005584 0.079187
v 0.034386 -0.001925 0.076747
v 0.034562 -0.002382 0.075951
v 0.034772 -0.000000 0.075925
v 0.034411 -0.000000 0.076994
v 0.026180 -0.011707 0.079815
v 0.023539 -0.012715 0.080404
v 0.023388 -0.013365 0.079503
v 0.033946 -0.003906 0.076817
v 0.033215 -0.003528 0.078221
v 0.032157 -0.006054 0.078463
v 0.032506 -0.006395 0.077774
v 0.028719 -0.011232 0.077640
v 0.027371 -0.012362 0.076859
v 0.029593 -0.010831 0.076578
v 0.033629 -0.003729 0.077558
v 0.034043 -0.001837 0.077476
v 0.033835 -0.000000 0.077965
v 0.026061 -0.010779 0.080663
v 0.023346 -0.008786 0.082322
v 0.021194 -0.009000 0.082996
v 0.032592 -0.003255 0.078924
v 0.028687 -0.010783 0.078508
v 0.029887 -0.004334 0.080279
v 0.028614 -0.005972 0.080677
v 0.033606 -0.001737 0.078131
v 0.033070 -0.000000 0.078796
v 0.025757 -0.009517 0.081368
v 0.031711 -0.002903 0.079581
v 0.028554 -0.010226 0.079282
v 0.032955 -0.001603 0.078826
v 0.030571 -0.009614 0.077350
v 0.030587 -0.009925 0.076452
v 0.030710 -0.002535 0.080022
v 0.031017 -0.001250 0.079926
v 0.032044 -0.001431 0.079481
v 0.032150 -0.000000 0.079449
v 0.028261 -0.009422 0.080079
v 0.021715 -0.013939 0.079269
v 0.019583 -0.014400 0.077841
v 0.022211 -0.014183 0.077509
v 0.019941 -0.014265 0.078988
v 0.020282 -0.013865 0.080078
v 0.020587 -0.013222 0.081055
v 0.030442 -0.009210 0.078172
v 0.025314 -0.008187 0.081709
v 0.025314 -0.008187 0.081708
v 0.027111 -0.007223 0.081147
v 0.031428 -0.008645 0.077216
v 0.031491 -0.008939 0.076338
v 0.032868 -0.006979 0.076165
v 0.030210 -0.008726 0.078906
v 0.031253 -0.008274 0.078017
v 0.027753 -0.008350 0.080769
v 0.030974 -0.007836 0.078733
v 0.029798 -0.008044 0.079669
v 0.032755 -0.006692 0.077005
v 0.033893 -0.004826 0.076035
v 0.031112 -0.000000 0.079897
v 0.024904 -0.013487 0.077169
v 0.029153 -0.007146 0.080349
v 0.020842 -0.012367 0.081871
v 0.008200 0.006649 0.094694
v 0.008325 0.013277 0.094139
v 0.008175 0.013246 0.094806
v 0.008026 0.013217 0.095472
v 0.007876 0.013192 0.096139
v 0.008159 -0.000000 0.094879
v 0.007876 -0.013192 0.096139
v 0.008200 -0.006649 0.094694
v 0.008026 -0.013217 0.095472
v 0.008175 -0.013246 0.094806
v 0.008325 -0.013277 0.094139
v 0.008793 0.006726 0.092055
v 0.008683 0.013363 0.092538
v 0.008557 0.006692 0.093108
v 0.008920 0.013429 0.091488
v 0.008841 0.013406 0.091838
v 0.008763 0.013384 0.092188
v 0.008750 -0.000000 0.092244
v 0.008513 -0.000000 0.093298
v 0.008557 -0.006692 0.093108
v 0.008793 -0.006726 0.092055
v 0.008683 -0.013363 0.092538
v 0.008763 -0.013384 0.092188
v 0.008841 -0.013406 0.091838
v 0.008920 -0.013429 0.091488
v 0.007196 -0.015671 0.092954
v 0.007419 -0.015716 0.092029
v 0.007806 -0.015259 0.092800
v 0.007806 -0.013793 0.096144
v 0.008225 -0.014095 0.094008
v 0.009553 -0.014269 0.088360
v 0.009630 -0.013670 0.088324
v 0.009513 -0.013626 0.088844
v 0.008489 -0.014445 0.092391
v 0.008814 -0.014274 0.091349
v 0.008638 -0.013942 0.092459
v 0.007171 -0.015660 0.093092
v 0.007177 -0.015668 0.093024
v 0.007173 -0.015647 0.093158
v 0.007751 -0.015252 0.093014
v 0.007746 -0.015232 0.093113
v 0.008711 -0.014587 0.091255
v 0.007751 -0.015200 0.093209
v 0.007771 -0.015145 0.093331
v 0.009235 -0.014120 0.089803
v 0.009396 -0.013584 0.089364
v 0.009280 -0.013543 0.089883
v 0.007607 -0.014363 0.096120
v 0.008017 -0.014661 0.093805
v 0.008126 -0.014405 0.093919
v 0.006716 -0.015973 0.092152
v 0.005797 -0.016004 0.093076
v 0.006371 -0.016160 0.090514
v 0.007162 -0.015894 0.091682
v 0.009065 -0.014673 0.089731
v 0.009348 -0.014837 0.088361
v 0.008306 -0.014787 0.092384
v 0.006874 -0.015818 0.092965
v 0.007288 -0.014875 0.096066
v 0.007857 -0.014977 0.093567
v 0.007929 -0.014837 0.093692
v 0.008601 -0.014845 0.091137
v 0.006855 -0.015818 0.093019
v 0.006868 -0.015303 0.095988
v 0.008304 -0.013691 0.094084
v 0.008927 -0.014932 0.089723
v 0.009024 -0.015348 0.088333
v 0.006846 -0.015814 0.093071
v 0.008201 -0.014931 0.092408
v 0.008898 -0.013856 0.091430
v 0.006847 -0.015808 0.093121
v 0.008513 -0.015021 0.091019
v 0.006852 -0.015798 0.093170
v 0.007662 -0.016017 0.089661
v 0.008599 -0.015773 0.088275
v 0.008459 -0.015411 0.090030
v 0.006946 -0.016361 0.087956
v 0.007533 -0.016294 0.088081
v 0.008094 -0.016095 0.088190
v 0.008077 -0.015070 0.092468
v 0.008800 -0.015110 0.089749
v 0.006691 -0.015736 0.094076
v 0.008695 -0.015229 0.089798
v 0.008410 -0.015431 0.090123
v 0.007808 -0.015068 0.093455
v 0.008441 -0.015161 0.090887
v 0.005808 -0.015823 0.095768
v 0.005221 -0.015891 0.095639
v 0.006366 -0.015624 0.095887
v 0.007770 -0.015836 0.090379
v 0.008376 -0.015436 0.090220
v 0.008007 -0.015134 0.092520
v 0.008354 -0.015429 0.090320
v 0.008624 -0.015295 0.089844
v 0.008530 -0.015369 0.089933
v 0.007760 -0.015817 0.090513
v 0.007760 -0.015829 0.090446
v 0.008342 -0.015410 0.090421
v 0.008344 -0.015380 0.090519
v 0.007444 -0.015983 0.090397
v 0.007433 -0.015980 0.090447
v 0.007429 -0.015973 0.090497
v 0.007434 -0.015963 0.090547
v 0.007599 -0.015759 0.091271
v 0.008361 -0.015327 0.090643
v 0.008395 -0.015251 0.090773
v 0.007913 -0.015204 0.092616
v 0.007855 -0.015238 0.092699
v 0.007190 -0.015890 0.091634
v 0.007770 -0.015262 0.092908
v 0.009482 0.012175 0.088984
v 0.009630 0.013670 0.088324
v 0.009513 0.013626 0.088844
v 0.009396 0.013584 0.089364
v 0.009280 0.013543 0.089883
v 0.009392 0.010601 0.089387
v 0.009149 0.006783 0.090468
v 0.009361 0.009000 0.089521
v 0.009105 -0.000000 0.090663
v 0.009361 -0.009000 0.089521
v 0.009149 -0.006783 0.090468
v 0.009392 -0.010601 0.089387
v 0.009482 -0.012175 0.088984
v -0.017134 -0.002396 0.118197
v -0.016365 -0.002396 0.114772
v -0.013315 -0.005545 0.115457
v -0.014084 -0.005545 0.118883
v -0.009429 -0.011236 0.119927
v -0.008661 -0.011236 0.116501
v -0.000756 -0.002396 0.121873
v 0.000014 -0.002396 0.118448
v 0.000017 0.002374 0.118449
v -0.000751 0.002374 0.121875
v -0.008661 0.011236 0.116501
v -0.009429 0.011236 0.119927
v -0.013315 0.005545 0.115457
v -0.014084 0.005545 0.118883
v -0.016374 0.002374 0.114770
v -0.017143 0.002374 0.118195
v -0.015360 -0.002396 0.110293
v -0.014592 -0.002396 0.106869
v -0.011541 -0.005545 0.107554
v -0.012310 -0.005545 0.110978
v -0.007655 -0.011236 0.112023
v -0.006887 -0.011236 0.108598
v 0.001018 -0.002396 0.113970
v 0.001787 -0.002396 0.110545
v 0.001791 0.002374 0.110546
v 0.001022 0.002374 0.113971
v -0.006887 0.011236 0.108598
v -0.007655 0.011236 0.112023
v -0.011541 0.005545 0.107554
v -0.012310 0.005545 0.110978
v -0.014601 0.002374 0.106868
v -0.015370 0.002374 0.110291
v -0.013586 -0.002396 0.102390
v -0.012818 -0.002396 0.098966
v -0.009767 -0.005545 0.099650
v -0.010537 -0.005545 0.103075
v -0.005882 -0.011236 0.104119
v -0.005113 -0.011236 0.100696
v 0.002792 -0.002396 0.106066
v 0.003561 -0.002396 0.102642
v 0.003565 0.002374 0.102643
v 0.002796 0.002374 0.106067
v -0.005113 0.011236 0.100696
v -0.005882 0.011236 0.104119
v -0.009767 0.005545 0.099650
v -0.010537 0.005545 0.103075
v -0.012827 0.002374 0.098964
v -0.013596 0.002374 0.102388
v -0.012296 0.003377 0.099083
v -0.011592 0.004259 0.099241
v -0.010739 0.004990 0.099432
v 0.002917 0.004483 0.102497
v 0.001886 0.006425 0.102265
v 0.000512 0.008129 0.101958
v -0.001154 0.009531 0.101584
v -0.003054 0.010579 0.101157
v -0.001161 -0.009536 0.101581
v 0.000506 -0.008137 0.101956
v 0.001880 -0.006437 0.102264
v -0.003056 -0.010581 0.101156
v 0.002910 -0.004500 0.102496
v -0.010734 -0.004993 0.099433
v -0.011584 -0.004267 0.099242
v -0.012286 -0.003390 0.099085
v -0.013065 0.003377 0.102507
v -0.012361 0.004259 0.102665
v -0.011508 0.004990 0.102857
v -0.014070 0.003377 0.106987
v -0.013365 0.004259 0.107144
v -0.012513 0.004990 0.107335
v 0.002148 0.004483 0.105922
v 0.001118 0.006425 0.105691
v -0.000257 0.008129 0.105383
v -0.001923 0.009531 0.105008
v -0.003822 0.010579 0.104582
v 0.001143 0.004483 0.110400
v 0.000113 0.006425 0.110169
v -0.001261 0.008129 0.109861
v -0.002928 0.009531 0.109487
v -0.004828 0.010579 0.109060
v -0.001929 -0.009536 0.105007
v -0.000263 -0.008137 0.105380
v 0.001111 -0.006437 0.105689
v -0.003824 -0.010581 0.104581
v 0.002141 -0.004500 0.105920
v -0.002935 -0.009536 0.109485
v -0.001268 -0.008137 0.109859
v 0.000106 -0.006437 0.110167
v -0.004830 -0.010581 0.109060
v 0.001136 -0.004500 0.110399
v -0.012508 -0.004993 0.107336
v -0.013358 -0.004267 0.107146
v -0.014060 -0.003390 0.106988
v -0.011503 -0.004993 0.102858
v -0.012352 -0.004267 0.102667
v -0.013055 -0.003390 0.102510
v -0.014839 0.003377 0.110410
v -0.014134 0.004259 0.110568
v -0.013281 0.004990 0.110761
v -0.015844 0.003377 0.114889
v -0.015139 0.004259 0.115047
v -0.014286 0.004990 0.115239
v 0.000374 0.004483 0.113825
v -0.000656 0.006425 0.113594
v -0.002030 0.008129 0.113285
v -0.003697 0.009531 0.112911
v -0.005596 0.010579 0.112485
v -0.000631 0.004483 0.118303
v -0.001661 0.006425 0.118073
v -0.003035 0.008129 0.117764
v -0.004703 0.009531 0.117390
v -0.006601 0.010579 0.116965
v -0.003703 -0.009536 0.112910
v -0.002037 -0.008137 0.113284
v -0.000663 -0.006437 0.113592
v -0.005598 -0.010581 0.112485
v 0.000367 -0.004500 0.113824
v -0.004708 -0.009536 0.117389
v -0.003042 -0.008137 0.117762
v -0.001668 -0.006437 0.118071
v -0.006604 -0.010581 0.116963
v -0.000638 -0.004500 0.118302
v -0.014281 -0.004993 0.115240
v -0.015131 -0.004267 0.115049
v -0.015833 -0.003390 0.114891
v -0.013276 -0.004993 0.110761
v -0.014126 -0.004267 0.110570
v -0.014829 -0.003390 0.110413
v -0.015050 -0.004993 0.118665
v -0.015900 -0.004267 0.118474
v -0.016602 -0.003390 0.118316
v -0.005476 -0.009536 0.120814
v -0.003811 -0.008137 0.121188
v -0.002437 -0.006437 0.121496
v -0.007372 -0.010581 0.120388
v -0.001406 -0.004500 0.121728
v -0.001400 0.004483 0.121729
v -0.002430 0.006425 0.121498
v -0.003804 0.008129 0.121189
v -0.005470 0.009531 0.120815
v -0.007370 0.010579 0.120388
v -0.016612 0.003377 0.118315
v -0.015908 0.004259 0.118473
v -0.015055 0.004990 0.118663
v -0.017574 -0.003441 0.122803
v -0.006490 0.009541 0.125290
v -0.004794 0.008114 0.125671
v -0.018237 -0.002147 0.122654
v -0.008425 0.010601 0.124856
v -0.006490 -0.009541 0.125290
v -0.004794 -0.008114 0.125671
v -0.003401 -0.006376 0.125984
v -0.002366 -0.004391 0.126215
v -0.008425 -0.010601 0.124856
v -0.001730 -0.002238 0.126359
v -0.018577 -0.000730 0.122578
v -0.010526 -0.011255 0.124385
v -0.010526 0.011254 0.124385
v -0.001514 -0.000000 0.126407
v -0.018577 0.000730 0.122578
v -0.014125 0.005881 0.123577
v -0.001730 0.002238 0.126359
v -0.018237 0.002147 0.122654
v -0.014125 -0.005881 0.123577
v -0.015457 0.005363 0.123277
v -0.002366 0.004391 0.126215
v -0.017574 0.003441 0.122803
v -0.016629 0.004533 0.123015
v -0.015457 -0.005363 0.123277
v -0.003401 0.006376 0.125984
v -0.016629 -0.004533 0.123015
v -0.000060 -0.009470 0.097124
v 0.004650 -0.013192 0.098182
v 0.001649 -0.007993 0.097508
v 0.003039 -0.006197 0.097820
v -0.002023 -0.010569 0.096684
v 0.004052 -0.004154 0.098048
v -0.004160 -0.011246 0.096205
v 0.004650 -0.001946 0.098182
v -0.017419 -0.013192 0.093229
v 0.004650 0.013192 0.098182
v 0.004052 0.004154 0.098048
v 0.004650 0.001946 0.098182
v 0.003039 0.006197 0.097820
v 0.001649 0.007993 0.097508
v -0.000060 0.009470 0.097124
v -0.002023 0.010569 0.096684
v -0.004160 0.011246 0.096205
v -0.017419 0.013192 0.093229
v -0.007370 -0.019797 0.034607
v -0.011706 -0.018897 0.053926
v -0.011706 -0.018892 0.053926
v -0.007370 0.019797 0.034607
v -0.011706 0.018892 0.053926
v -0.011706 0.018897 0.053926
v 0.019671 -0.014400 0.068240
v 0.025561 -0.014400 0.041998
v 0.027528 -0.014400 0.042439
v 0.018488 -0.014400 0.073060
v 0.016912 -0.014400 0.078676
v 0.036560 -0.011031 0.044466
v 0.027528 0.014400 0.042439
v 0.019583 0.014400 0.077841
v 0.022176 0.014188 0.077514
v 0.034555 -0.012470 0.044016
v 0.029968 0.014181 0.042987
v 0.024832 0.013513 0.077179
v 0.032334 -0.013532 0.043517
v 0.032334 0.013531 0.043517
v 0.027144 0.012489 0.076888
v 0.034555 0.012470 0.044016
v 0.029219 0.011130 0.076624
v 0.029968 -0.014181 0.042987
v 0.036560 0.011031 0.044466
v 0.031011 0.009486 0.076400
v 0.038292 0.009256 0.044854
v 0.032619 0.007388 0.076196
v 0.039696 0.007200 0.045170
v 0.033793 0.005083 0.076048
v 0.040731 0.004925 0.045402
v 0.034513 0.002649 0.075957
v 0.041366 0.002500 0.045545
v 0.034709 0.001308 0.075933
v 0.041579 -0.000000 0.045592
v 0.041366 -0.002500 0.045545
v 0.040731 -0.004925 0.045402
v 0.039696 -0.007200 0.045170
v 0.038292 -0.009257 0.044854
v 0.018489 0.014400 0.073055
v 0.016912 0.014400 0.078676
v 0.019671 0.014400 0.068240
v 0.025561 0.014400 0.041998
v 0.018212 0.022440 0.040347
v 0.018743 0.022261 0.040466
v 0.019223 0.021973 0.040575
v 0.020263 0.020202 0.040809
v 0.019956 0.021119 0.040740
v 0.020174 0.020596 0.040789
v 0.017658 0.022500 0.040224
v 0.019634 0.021586 0.040667
v 0.020293 0.019798 0.040816
v 0.020425 0.018597 0.040845
v 0.032821 0.004735 0.043627
v 0.031576 0.005885 0.043347
v 0.033766 0.003315 0.043839
v 0.034354 0.001706 0.043971
v 0.034555 -0.000000 0.044016
v 0.034354 -0.001706 0.043971
v 0.022278 0.015577 0.041261
v 0.023276 0.014935 0.041484
v 0.024389 0.014535 0.041735
v 0.033766 -0.003315 0.043839
v 0.019103 0.011351 0.040548
v 0.021443 0.016432 0.041073
v 0.016926 0.012877 0.040060
v 0.020815 0.017455 0.040931
v 0.032821 -0.004735 0.043627
v 0.031576 -0.005885 0.043347
v -0.004734 0.022500 0.035198
v -0.005692 0.022315 0.034983
v -0.005208 0.022456 0.035091
v -0.006256 0.022003 0.034856
v -0.006740 0.021550 0.034748
v -0.007096 0.020995 0.034668
v -0.007304 0.020392 0.034621
v 0.024389 -0.014535 0.041735
v 0.023276 -0.014935 0.041484
v 0.022278 -0.015577 0.041261
v 0.019103 -0.011351 0.040548
v 0.021443 -0.016432 0.041073
v 0.016926 -0.012877 0.040060
v 0.020815 -0.017456 0.040931
v 0.020425 -0.018597 0.040845
v 0.018943 -0.022156 0.040512
v 0.019777 -0.021403 0.040699
v 0.019400 -0.021826 0.040614
v 0.018050 -0.022469 0.040312
v 0.020058 -0.020911 0.040762
v 0.018432 -0.022381 0.040397
v 0.017658 -0.022500 0.040224
v 0.020293 -0.019798 0.040816
v 0.020233 -0.020366 0.040802
v -0.004734 -0.022500 0.035198
v -0.007327 -0.020283 0.034616
v -0.007188 -0.020781 0.034647
v -0.005901 -0.022220 0.034936
v -0.005314 -0.022433 0.035068
v -0.006884 -0.021360 0.034716
v -0.006443 -0.021855 0.034814
v 0.026452 0.005885 0.066179
v 0.027697 0.004735 0.066459
v 0.028641 0.003315 0.066670
v 0.029229 0.001706 0.066802
v 0.029430 -0.000000 0.066847
v 0.029229 -0.001706 0.066802
v 0.028641 -0.003315 0.066670
v 0.027697 -0.004735 0.066459
v 0.026452 -0.005885 0.066179
v 0.013979 0.011351 0.063380
v 0.011801 0.012877 0.062891
v 0.011801 -0.012877 0.062891
v 0.013979 -0.011351 0.063380
v 0.013020 0.009000 0.085549
v 0.013020 -0.009000 0.085549
v 0.021194 0.009000 0.082996
v 0.022301 0.008944 0.082650
v 0.023438 0.008767 0.082295
v 0.030909 0.001814 0.079960
v 0.025080 0.008281 0.081782
v 0.030255 0.003662 0.080165
v 0.026653 0.007514 0.081290
v 0.029266 0.005231 0.080474
v 0.028074 0.006483 0.080847
v 0.005221 0.015891 0.095639
v 0.005797 0.016004 0.093076
v -0.016848 0.015891 0.090686
v -0.015167 0.016175 0.085462
v 0.006371 0.016160 0.090514
v 0.006946 0.016361 0.087956
v -0.013676 0.016648 0.080203
v 0.007641 0.016569 0.085791
v 0.008611 0.016805 0.083737
v 0.009409 0.017054 0.081782
v -0.012120 0.017479 0.073772
v 0.010052 0.017368 0.079532
v 0.010524 0.017719 0.077236
v -0.010915 0.018512 0.067708
v 0.011373 0.018621 0.072123
v -0.009882 0.019914 0.061099
v -0.009070 0.021600 0.054517
v -0.009140 0.021599 0.054505
v 0.012114 0.019665 0.067152
v 0.012702 0.020606 0.063242
v 0.013361 0.021600 0.059552
v 0.013371 0.021600 0.059554
v 0.013361 -0.021600 0.059552
v 0.013371 -0.021600 0.059554
v -0.009070 -0.021600 0.054517
v -0.009539 -0.020582 0.058351
v -0.009140 -0.021599 0.054505
v 0.012702 -0.020606 0.063242
v -0.010034 -0.019661 0.062200
v 0.012114 -0.019665 0.067152
v 0.011373 -0.018621 0.072123
v -0.011226 -0.018200 0.069399
v 0.010524 -0.017719 0.077236
v -0.012760 -0.017086 0.076560
v 0.009886 -0.017275 0.080184
v 0.009340 -0.017028 0.081984
v 0.008611 -0.016805 0.083737
v 0.007641 -0.016569 0.085791
v -0.014633 -0.016317 0.083656
v -0.016848 -0.015891 0.090686
v -0.019384 -0.013192 0.089727
v -0.019384 0.013192 0.089727
v -0.017757 -0.013470 0.084653
v -0.017179 0.013626 0.082695
v -0.016307 -0.013930 0.079547
v -0.015311 0.014407 0.075601
v -0.014740 -0.014761 0.073118
v -0.013776 0.015540 0.068442
v -0.013531 -0.015787 0.067119
v -0.012578 0.017025 0.061246
v -0.012475 -0.017195 0.060513
v -0.012098 0.017914 0.057584
v 0.013037 0.009481 0.085522
v 0.021153 0.010201 0.082867
v 0.013089 0.009963 0.085437
v 0.013294 0.010885 0.085108
v 0.021033 0.011343 0.082485
v 0.013656 0.011815 0.084521
v 0.020842 0.012367 0.081871
v 0.014278 0.012802 0.083516
v 0.020587 0.013222 0.081055
v 0.014705 0.013360 0.082703
v 0.020282 0.013865 0.080078
v 0.015852 0.014257 0.080300
v 0.019941 0.014265 0.078988
v 0.032913 0.004425 0.078290
v 0.033944 0.002433 0.077495
v 0.033307 0.004677 0.077619
v 0.025258 0.012126 0.080021
v 0.027263 0.011110 0.079572
v 0.027323 0.011706 0.078766
v 0.033513 0.002301 0.078153
v 0.032496 0.007132 0.077047
v 0.025203 0.012761 0.079166
v 0.022482 0.013970 0.078604
v 0.033605 0.004898 0.076871
v 0.031963 0.001894 0.079504
v 0.025060 0.013231 0.078208
v 0.026667 0.009050 0.081095
v 0.028169 0.008033 0.080644
v 0.028717 0.009058 0.079957
v 0.027064 0.010233 0.080396
v 0.032868 0.002123 0.078851
v 0.032310 0.004083 0.078999
v 0.025206 0.011162 0.080888
v 0.032262 0.006817 0.077822
v 0.022731 0.013524 0.079626
v 0.031927 0.006454 0.078516
v 0.022914 0.012873 0.080543
v 0.031451 0.003640 0.079659
v 0.024986 0.009840 0.081599
v 0.023040 0.011841 0.081461
v 0.030973 0.009182 0.077287
v 0.031392 0.005953 0.079244
v 0.023038 0.010395 0.082182
v 0.030822 0.008791 0.078098
v 0.030569 0.008329 0.078825
v 0.029268 0.010807 0.077555
v 0.030612 0.005301 0.079911
v 0.029208 0.010368 0.078407
v 0.030132 0.007679 0.079581
v 0.029046 0.009830 0.079171
v 0.027284 0.012172 0.077863
v 0.029457 0.006825 0.080257
v 0.034281 0.002550 0.076764
v 0.013076 -0.009872 0.085457
v 0.013250 -0.010736 0.085176
v 0.013538 -0.011558 0.084713
v 0.013875 -0.012218 0.084167
v 0.014278 -0.012803 0.083516
v 0.014982 -0.013692 0.082080
v 0.015735 -0.014216 0.080508
v 0.016294 -0.014358 0.079578
v 0.016082 0.019211 0.059724
v 0.014720 0.017954 0.067129
v 0.015303 0.016781 0.067260
v 0.016146 0.015788 0.067449
v 0.017198 0.015033 0.067685
v 0.018396 0.014560 0.067954
v 0.013542 0.015699 0.077686
v 0.013807 0.017263 0.072110
v 0.012715 0.016635 0.077443
v 0.013906 0.017215 0.071844
v 0.014557 0.014991 0.077984
v 0.014646 0.016145 0.072039
v 0.015765 0.015194 0.072335
v 0.017084 0.014599 0.072685
v 0.015701 0.014549 0.078320
v 0.013282 0.013159 0.083611
v 0.014713 0.014346 0.080673
v 0.013876 0.014672 0.080628
v 0.013105 0.015123 0.080631
v 0.013761 0.013630 0.082770
v 0.012367 0.013648 0.083844
v 0.011978 0.016159 0.080740
v 0.012414 0.015689 0.080679
v 0.011498 0.015681 0.082754
v 0.012885 0.014035 0.082934
v 0.012103 0.014557 0.083188
v 0.011572 0.014253 0.084208
v 0.010926 0.014949 0.084685
v 0.012202 0.009891 0.085813
v 0.011417 0.010002 0.086293
v 0.011983 0.009000 0.085997
v 0.011530 0.010982 0.085998
v 0.012330 0.010764 0.085550
v 0.009983 0.013099 0.087347
v 0.010073 0.014162 0.086822
v 0.010558 0.013558 0.086086
v 0.010400 0.012691 0.086686
v 0.010135 0.014070 0.086704
v 0.010251 0.011516 0.087254
v 0.010994 0.012274 0.086047
v 0.010831 0.011235 0.086573
v 0.011062 0.009000 0.086650
v 0.010730 0.010129 0.086894
v 0.010298 0.009000 0.087480
v 0.009839 0.011791 0.087954
v 0.010160 0.010271 0.087603
v 0.009722 0.009000 0.088452
v 0.010485 0.014555 0.085748
v 0.009751 0.010408 0.088327
v 0.012761 0.012191 0.084667
v 0.011909 0.012577 0.085016
v 0.012539 0.011586 0.085119
v 0.011168 0.013038 0.085494
v 0.011715 0.011902 0.085520
v 0.009722 -0.009000 0.088452
v 0.010298 -0.009000 0.087480
v 0.011062 -0.009000 0.086650
v 0.011983 -0.009000 0.085997
v 0.011561 -0.011165 0.085920
v 0.011058 -0.012580 0.085845
v 0.011786 -0.012173 0.085335
v 0.013282 -0.013159 0.083611
v 0.012050 -0.012967 0.084653
v 0.012367 -0.013649 0.083844
v 0.012620 -0.011829 0.084954
v 0.012921 -0.012542 0.084339
v 0.009862 -0.012051 0.087853
v 0.009757 -0.010534 0.088302
v 0.010165 -0.010383 0.087581
v 0.010276 -0.011750 0.087161
v 0.010457 -0.013038 0.086465
v 0.010858 -0.011443 0.086485
v 0.011293 -0.013479 0.085095
v 0.011572 -0.014253 0.084208
v 0.010926 -0.014949 0.084685
v 0.010073 -0.014162 0.086822
v 0.010038 -0.013487 0.087111
v 0.010485 -0.014555 0.085748
v 0.010672 -0.014062 0.085651
v 0.012209 -0.009970 0.085797
v 0.011424 -0.010091 0.086274
v 0.012364 -0.010928 0.085479
v 0.010737 -0.010229 0.086874
v 0.015701 -0.014549 0.078320
v 0.014071 -0.013926 0.082106
v 0.013221 -0.014291 0.082209
v 0.012450 -0.014775 0.082382
v 0.014880 -0.014408 0.080321
v 0.011443 -0.015617 0.082967
v 0.011778 -0.015366 0.082621
v 0.012094 -0.016252 0.080236
v 0.014037 -0.014729 0.080240
v 0.014557 -0.014991 0.077984
v 0.013256 -0.015179 0.080201
v 0.013542 -0.015699 0.077686
v 0.012557 -0.015748 0.080204
v 0.012715 -0.016635 0.077443
v 0.018396 -0.014560 0.067954
v 0.017198 -0.015033 0.067685
v 0.016146 -0.015788 0.067449
v 0.015303 -0.016781 0.067260
v 0.014720 -0.017954 0.067129
v 0.016082 -0.019211 0.059724
v 0.013807 -0.017263 0.072110
v 0.017358 -0.014528 0.072762
v 0.016299 -0.014898 0.072482
v 0.015347 -0.015486 0.072230
v 0.014538 -0.016268 0.072016
v 0.013930 -0.021541 0.059661
v 0.014467 -0.021363 0.059742
v 0.014958 -0.021078 0.059796
v 0.015382 -0.020697 0.059822
v 0.015720 -0.020237 0.059817
v 0.015951 -0.019743 0.059784
v 0.014344 -0.020921 0.061118
v 0.014410 -0.020680 0.061686
v 0.014064 -0.020849 0.061671
v 0.014752 -0.020677 0.061126
v 0.014910 -0.021023 0.060009
v 0.015407 -0.020588 0.059981
v 0.014747 -0.020452 0.061686
v 0.015158 -0.020322 0.061104
v 0.015849 -0.019936 0.059882
v 0.014829 -0.019594 0.063499
v 0.013689 -0.020219 0.064063
v 0.013389 -0.019955 0.065300
v 0.013711 -0.019814 0.065315
v 0.014028 -0.019621 0.065317
v 0.013842 -0.020352 0.063447
v 0.013915 -0.020515 0.062854
v 0.013775 -0.020948 0.061646
v 0.013872 -0.021464 0.059932
v 0.013897 -0.021496 0.059819
v 0.013924 -0.021533 0.059683
v 0.014437 -0.021326 0.059875
v 0.014413 -0.021296 0.059989
v 0.014936 -0.021052 0.059894
v 0.013803 -0.019552 0.065967
v 0.013393 -0.019374 0.067265
v 0.012770 -0.019598 0.067228
v 0.013947 -0.019011 0.067260
v 0.014184 -0.019268 0.065956
v 0.014399 -0.018527 0.067213
v 0.013437 -0.017718 0.072277
v 0.012274 -0.017093 0.077440
v 0.013003 -0.018104 0.072282
v 0.011742 -0.017438 0.077402
v 0.012502 -0.018391 0.072257
v 0.011149 -0.017650 0.077333
v 0.011951 -0.018566 0.072204
v -0.009590 -0.021547 0.054449
v -0.010022 -0.021421 0.054379
v -0.010496 -0.021179 0.054288
v -0.010913 -0.020843 0.054191
v -0.011252 -0.020431 0.054096
v -0.011502 -0.019957 0.054013
v -0.011654 -0.019440 0.053948
v 0.011672 -0.016563 0.080553
v 0.011279 -0.016863 0.080492
v 0.010844 -0.017086 0.080409
v 0.010377 -0.017225 0.080306
v 0.011115 -0.016076 0.082908
v 0.010646 -0.015546 0.084617
v 0.010713 -0.016452 0.082808
v 0.010248 -0.016057 0.084478
v 0.010252 -0.016735 0.082675
v 0.009756 -0.016451 0.084277
v 0.009200 -0.016706 0.084024
v 0.009748 -0.016915 0.082514
v -0.011380 -0.018964 0.064167
v -0.011309 -0.018742 0.065912
v -0.011564 -0.019024 0.062878
v -0.012058 -0.018654 0.061683
v -0.011656 -0.019069 0.061835
v -0.011169 -0.019385 0.061976
v -0.012370 -0.018197 0.063616
v -0.011752 -0.018771 0.063990
v -0.011284 -0.019181 0.062955
v -0.011065 -0.019328 0.062672
v -0.010620 -0.019586 0.062099
v -0.011772 -0.019037 0.060996
v -0.012415 -0.017939 0.061081
v -0.012154 -0.018489 0.060003
v -0.012353 -0.018158 0.061528
v -0.011417 -0.019481 0.060051
v -0.011518 -0.019494 0.059084
v -0.012157 -0.018396 0.059164
v -0.011555 -0.019575 0.057859
v -0.011156 -0.019987 0.058010
v -0.011310 -0.019928 0.057356
v -0.010670 -0.020301 0.058147
v -0.011378 -0.019890 0.057029
v -0.011768 -0.019235 0.055884
v -0.011767 -0.019238 0.055883
v -0.011038 -0.020373 0.056217
v -0.010291 -0.021244 0.054575
v -0.009746 -0.021446 0.054683
v -0.011187 -0.020363 0.055245
v -0.011466 -0.020035 0.054130
v -0.011055 -0.020557 0.054979
v -0.011172 -0.020521 0.054292
v -0.010775 -0.020930 0.054443
v -0.016961 -0.015498 0.085263
v -0.017149 -0.015503 0.086124
v -0.017702 -0.014558 0.085320
v -0.017550 -0.014594 0.084822
v -0.015904 -0.016060 0.084904
v -0.016869 -0.015496 0.084833
v -0.016904 -0.015404 0.084538
v -0.017122 -0.014938 0.083884
v -0.016594 -0.015534 0.083732
v -0.016954 -0.015198 0.083954
v -0.012976 -0.017479 0.067462
v -0.013447 -0.016769 0.068018
v -0.013261 -0.016848 0.066554
v -0.013319 -0.017029 0.068091
v -0.012736 -0.017736 0.067923
v -0.011927 -0.018215 0.068258
v -0.012364 -0.017932 0.069134
v -0.013192 -0.017246 0.068387
v -0.012852 -0.017615 0.068985
v -0.011986 -0.018246 0.067750
v -0.012786 -0.017692 0.067150
v -0.012737 -0.017746 0.066782
v -0.012639 -0.017856 0.066049
v -0.012292 -0.018224 0.065500
v -0.012692 -0.017735 0.064509
v -0.012110 -0.018396 0.065224
v -0.011990 -0.018521 0.064813
v -0.010746 -0.019716 0.061153
v -0.010498 -0.020174 0.059236
v -0.010122 -0.020504 0.058262
v -0.010319 -0.020637 0.057317
v -0.018511 -0.014587 0.088207
v -0.019371 -0.013496 0.089742
v -0.019327 -0.013794 0.089768
v -0.019142 -0.014366 0.089851
v -0.018843 -0.014878 0.089973
v -0.018305 -0.014923 0.088291
v -0.018429 -0.014168 0.087282
v -0.018331 -0.014439 0.087328
v -0.018041 -0.015231 0.088392
v -0.018441 -0.015305 0.090124
v -0.018201 -0.014704 0.087384
v -0.018034 -0.014965 0.087453
v -0.017065 -0.014891 0.083543
v -0.017348 -0.014403 0.083776
v -0.016946 -0.014797 0.082860
v -0.017250 -0.014673 0.083825
v -0.016647 -0.015308 0.082990
v -0.016858 -0.015226 0.083631
v -0.016244 -0.015735 0.083142
v -0.015757 -0.016054 0.083310
v -0.016579 -0.015038 0.081853
v -0.016620 -0.014626 0.081237
v -0.016524 -0.014895 0.081289
v -0.016372 -0.015373 0.081943
v -0.016393 -0.015161 0.081351
v -0.016108 -0.015680 0.082045
v -0.016227 -0.015421 0.081421
v -0.015685 -0.015008 0.077707
v -0.015333 -0.015549 0.077153
v -0.015588 -0.015278 0.077762
v -0.015459 -0.015541 0.077827
v -0.015126 -0.015882 0.077246
v -0.015292 -0.015800 0.077899
v -0.014786 -0.016079 0.075943
v -0.014862 -0.016188 0.077348
v -0.014383 -0.016502 0.076097
v -0.014909 -0.015430 0.074504
v -0.014819 -0.015830 0.075021
v -0.014813 -0.015697 0.074563
v -0.014612 -0.016162 0.075115
v -0.014685 -0.015960 0.074630
v -0.014349 -0.016468 0.075219
v -0.013894 -0.016821 0.076254
v -0.014519 -0.016218 0.074704
v -0.014128 -0.015979 0.070935
v -0.013552 -0.016691 0.068686
v -0.013786 -0.016565 0.070273
v -0.013254 -0.017194 0.068832
v -0.014033 -0.016245 0.070999
v -0.013905 -0.016507 0.071069
v -0.013580 -0.016895 0.070370
v -0.013738 -0.016764 0.071145
v -0.013316 -0.017199 0.070475
v -0.013542 -0.016504 0.067951
v -0.013398 -0.016917 0.068289
v -0.012915 -0.017214 0.064365
v -0.012530 -0.017608 0.061379
v -0.012821 -0.017477 0.064434
v -0.012575 -0.017870 0.063514
v -0.017454 -0.015782 0.089853
v -0.017418 -0.015826 0.090489
v -0.017958 -0.015627 0.090298
v -0.017473 -0.015751 0.089534
v -0.017367 -0.015689 0.088397
v -0.017945 -0.014425 0.085973
v -0.016999 -0.015840 0.088405
v -0.015210 -0.016252 0.083484
v -0.015403 -0.016190 0.082856
v -0.016216 -0.015005 0.080159
v -0.015316 -0.016054 0.079758
v -0.015379 -0.016166 0.081824
v -0.016065 -0.015063 0.079593
v -0.014983 -0.016332 0.081713
v -0.015903 -0.015133 0.078983
v -0.014342 -0.016590 0.077906
v -0.014048 -0.016714 0.078183
v -0.013847 -0.016826 0.076972
v -0.013680 -0.016897 0.076788
v -0.013343 -0.017019 0.076412
v -0.014572 -0.015849 0.073496
v -0.013662 -0.016953 0.072900
v -0.014454 -0.015927 0.072962
v -0.014347 -0.015943 0.072286
v -0.013223 -0.017166 0.074742
v -0.012763 -0.017595 0.070945
v -0.012452 -0.017717 0.071175
v -0.012308 -0.017886 0.069964
v -0.012142 -0.017972 0.069735
v -0.011812 -0.018131 0.069274
v 0.013900 0.021547 0.059655
v 0.014407 0.021389 0.059734
v 0.014908 0.021113 0.059792
v 0.015345 0.020738 0.059821
v 0.015693 0.020282 0.059819
v 0.015943 0.019765 0.059785
v 0.010022 -0.014784 0.086574
v 0.009787 -0.015275 0.086529
v 0.009469 -0.015706 0.086445
v 0.008991 -0.016127 0.086295
v 0.008336 -0.016452 0.086062
v -0.018742 -0.014597 0.091879
v -0.018003 -0.015160 0.092023
v -0.018128 -0.014477 0.092581
v -0.019078 -0.014684 0.090646
v -0.018960 -0.014780 0.090116
v -0.018458 -0.015344 0.090617
v -0.018615 -0.015084 0.091313
v -0.016976 -0.015806 0.091257
v -0.019301 -0.014014 0.089890
v -0.018825 -0.013940 0.092250
v -0.018503 -0.013192 0.092711
v -0.018932 -0.013192 0.092286
v -0.018195 -0.013639 0.092880
v -0.019181 -0.014408 0.091111
v -0.019365 -0.014014 0.090173
v -0.019259 -0.013986 0.091456
v -0.019424 -0.013915 0.090439
v -0.019301 -0.013469 0.091642
v -0.019255 -0.013192 0.091775
v -0.019458 -0.013192 0.091205
v -0.019473 -0.013729 0.090655
v -0.019504 -0.013478 0.090797
v -0.019527 -0.013192 0.090605
v -0.019472 -0.013379 0.090085
v -0.019462 -0.013192 0.090003
v -0.019413 -0.013192 0.089818
v -0.019439 -0.013192 0.089910
v -0.019481 -0.013469 0.090185
v -0.019500 -0.013464 0.090327
v -0.019509 -0.013404 0.090367
v -0.017989 -0.013192 0.093032
v -0.017405 -0.013780 0.093166
v -0.019516 -0.013337 0.090398
v -0.017834 -0.015606 0.091269
v -0.017097 -0.015595 0.091796
v -0.017205 -0.015269 0.092277
v -0.017294 -0.014845 0.092678
v -0.017363 -0.014340 0.092980
v -0.009701 0.021522 0.054432
v -0.010230 0.021330 0.054342
v -0.010704 0.021030 0.054243
v -0.011103 0.020634 0.054140
v -0.011408 0.020163 0.054046
v -0.011609 0.019635 0.053969
v -0.011681 0.019271 0.053935
v 0.014327 0.020929 0.061117
v 0.014354 0.021320 0.059985
v 0.013843 0.021469 0.059928
v 0.014860 0.021056 0.060008
v 0.014814 0.020640 0.061106
v 0.014505 0.020634 0.061657
v 0.014064 0.020848 0.061671
v 0.013747 0.020956 0.061643
v 0.013689 0.020218 0.064063
v 0.014028 0.019621 0.065317
v 0.014829 0.019594 0.063499
v 0.013389 0.019955 0.065300
v 0.013711 0.019813 0.065315
v 0.013842 0.020352 0.063448
v 0.013914 0.020515 0.062855
v 0.014747 0.020452 0.061686
v 0.015407 0.020588 0.059981
v 0.014886 0.021088 0.059890
v 0.014379 0.021352 0.059866
v 0.013867 0.021503 0.059809
v 0.013895 0.021541 0.059676
v 0.014183 0.019268 0.065956
v 0.014399 0.018527 0.067213
v 0.013947 0.019011 0.067260
v 0.013803 0.019552 0.065967
v 0.013393 0.019374 0.067265
v 0.012770 0.019597 0.067228
v 0.015209 0.020275 0.061078
v 0.004664 -0.013780 0.098119
v 0.004706 -0.014340 0.097932
v 0.004775 -0.014845 0.097632
v 0.004864 -0.015269 0.097231
v 0.004972 -0.015595 0.096749
v 0.005093 -0.015806 0.096209
v -0.019413 0.013192 0.089818
v -0.019439 0.013192 0.089910
v -0.019462 0.013192 0.090003
v -0.019527 0.013192 0.090605
v -0.019458 0.013192 0.091205
v -0.019255 0.013192 0.091775
v -0.018932 0.013192 0.092286
v -0.018503 0.013192 0.092711
v -0.017989 0.013192 0.093032
v -0.014909 0.016348 0.080448
v -0.015230 0.016230 0.081610
v -0.014972 0.016336 0.081691
v -0.014752 0.016411 0.079864
v -0.015678 0.015655 0.079511
v -0.015731 0.015913 0.081442
v -0.015483 0.016091 0.081527
v -0.016987 0.014398 0.082401
v -0.017170 0.013927 0.082724
v -0.017128 0.014226 0.082760
v -0.016947 0.014797 0.082861
v -0.016569 0.014648 0.081061
v -0.016868 0.014634 0.082249
v -0.016491 0.014979 0.081330
v -0.016809 0.014788 0.082277
v -0.016185 0.015579 0.081905
v -0.016647 0.015308 0.082990
v -0.017365 0.014348 0.083774
v -0.017300 0.014551 0.083810
v -0.016392 0.015706 0.083752
v -0.017429 0.014559 0.084309
v -0.017364 0.014712 0.084340
v -0.018105 0.014077 0.086100
v -0.016235 0.015972 0.085754
v -0.015720 0.016107 0.084306
v -0.016802 0.015872 0.087812
v -0.017245 0.015404 0.086032
v -0.018520 0.014337 0.087808
v -0.018866 0.014373 0.088986
v -0.018357 0.014733 0.087990
v -0.019064 0.014081 0.089227
v -0.019327 0.013794 0.089768
v -0.019142 0.014366 0.089851
v -0.019371 0.013495 0.089742
v -0.018794 0.014524 0.089014
v -0.018993 0.014284 0.089258
v -0.018843 0.014878 0.089973
v -0.018716 0.014665 0.089047
v -0.018441 0.015305 0.090124
v -0.017838 0.015403 0.088410
v -0.012104 0.018500 0.058755
v -0.011507 0.019498 0.059159
v -0.011578 0.019526 0.058050
v -0.011814 0.019066 0.059950
v -0.012050 0.018490 0.057734
v -0.012091 0.018203 0.057657
v -0.011872 0.019036 0.057891
v -0.012344 0.018060 0.060578
v -0.012571 0.017318 0.061314
v -0.012530 0.017606 0.061384
v -0.012354 0.018157 0.061535
v -0.011748 0.019064 0.060980
v -0.012579 0.017913 0.064485
v -0.012719 0.017577 0.063602
v -0.013101 0.016879 0.065197
v -0.011798 0.018671 0.064653
v -0.011903 0.018688 0.063668
v -0.012512 0.017986 0.063621
v -0.012613 0.017877 0.064918
v -0.012564 0.017946 0.065279
v -0.011469 0.020026 0.054163
v -0.012440 0.018066 0.065997
v -0.012610 0.017872 0.067055
v -0.013263 0.016999 0.067221
v -0.011711 0.018464 0.066879
v -0.011176 0.020512 0.054326
v -0.012551 0.017911 0.067448
v -0.012720 0.017737 0.068436
v -0.012418 0.017966 0.068234
v -0.012163 0.018104 0.068308
v -0.010777 0.020920 0.054476
v -0.011903 0.018211 0.068375
v -0.016694 0.015620 0.084726
v -0.015978 0.016001 0.084223
v -0.016231 0.015862 0.084138
v -0.010294 0.021235 0.054608
v -0.016920 0.015487 0.085020
v -0.009749 0.021437 0.054716
v -0.017027 0.015459 0.085357
v -0.017668 0.015114 0.086559
v -0.017312 0.015627 0.087637
v -0.017867 0.014958 0.086825
v -0.018031 0.014882 0.087214
v -0.011178 0.019939 0.058200
v -0.010692 0.020254 0.058337
v -0.010145 0.020455 0.058453
v -0.011814 0.018130 0.069278
v -0.013344 0.017019 0.076414
v -0.015210 0.016251 0.083484
v -0.010549 0.020067 0.059678
v -0.010927 0.019763 0.060405
v -0.010791 0.019637 0.061503
v -0.011657 0.019068 0.061841
v -0.011171 0.019384 0.061983
v -0.010621 0.019584 0.062106
v -0.011583 0.018906 0.063763
v -0.011544 0.018810 0.064723
v -0.011284 0.018916 0.064788
v -0.013256 0.017193 0.068837
v -0.012853 0.017614 0.068990
v -0.012401 0.017956 0.068536
v -0.012363 0.017931 0.069138
v -0.013401 0.017106 0.070337
v -0.013110 0.017383 0.070442
v -0.012789 0.017602 0.070543
v -0.013255 0.017262 0.071164
v -0.013007 0.017438 0.071245
v -0.012751 0.017578 0.071320
v -0.012492 0.017683 0.071391
v -0.014431 0.016372 0.075079
v -0.014787 0.016078 0.075946
v -0.014383 0.016502 0.076099
v -0.014138 0.016649 0.075185
v -0.013781 0.016892 0.074806
v -0.014030 0.016715 0.074724
v -0.013818 0.016870 0.075290
v -0.013527 0.017031 0.074884
v -0.013893 0.016821 0.076257
v -0.013266 0.017137 0.074958
v -0.014943 0.016090 0.077210
v -0.014651 0.016368 0.077317
v -0.014331 0.016589 0.077423
v -0.014800 0.016295 0.077920
v -0.014552 0.016474 0.078004
v -0.014297 0.016612 0.078084
v -0.014038 0.016718 0.078162
v -0.016244 0.015735 0.083142
v -0.015893 0.015858 0.082012
v -0.015573 0.016078 0.082121
v -0.015757 0.016054 0.083310
v -0.016074 0.015927 0.083862
v -0.017058 0.015766 0.087725
v -0.017522 0.015624 0.088526
v -0.017418 0.015826 0.090489
v -0.017958 0.015627 0.090298
v -0.012059 0.018652 0.061689
v -0.012555 0.017723 0.062058
v -0.012486 0.017919 0.062112
v -0.012500 0.017925 0.062437
v -0.012431 0.018071 0.062480
v -0.012354 0.018209 0.062521
v -0.013326 0.016850 0.067181
v -0.013498 0.016511 0.067614
v -0.013771 0.015837 0.068495
v -0.013729 0.016130 0.068556
v -0.013553 0.016690 0.068690
v -0.013433 0.016711 0.067662
v -0.013792 0.016179 0.069069
v -0.013719 0.016503 0.069398
v -0.013776 0.016352 0.069360
v -0.014043 0.016053 0.070523
v -0.013880 0.016425 0.070454
v -0.014027 0.016562 0.072654
v -0.014813 0.015494 0.074091
v -0.015304 0.014707 0.075642
v -0.012930 0.017412 0.072620
v -0.013152 0.017276 0.073235
v -0.013275 0.017193 0.073785
v -0.015000 0.015574 0.075333
v -0.015262 0.015004 0.075691
v -0.015085 0.015570 0.075809
v -0.015330 0.015088 0.076120
v -0.015257 0.015432 0.076399
v -0.015315 0.015279 0.076367
v -0.015637 0.015035 0.077530
v -0.015456 0.015408 0.077414
v -0.014598 0.016476 0.079272
v 0.011149 0.017650 0.077333
v 0.013462 0.017737 0.072147
v 0.012274 0.017093 0.077440
v 0.013029 0.018125 0.072153
v 0.011742 0.017437 0.077402
v 0.012525 0.018413 0.072129
v 0.011974 0.018590 0.072076
v 0.006445 -0.014711 0.097428
v 0.006562 -0.015115 0.096908
v 0.007163 -0.014457 0.096962
v 0.005867 -0.015611 0.096571
v 0.006700 -0.015339 0.096293
v 0.006361 -0.014164 0.097804
v 0.007090 -0.014108 0.097291
v 0.007042 -0.013673 0.097502
v 0.005716 -0.015238 0.097245
v 0.006317 -0.013527 0.098001
v 0.006422 -0.013192 0.097976
v 0.005852 -0.013192 0.098178
v 0.006932 -0.013192 0.097651
v 0.005596 -0.014673 0.097777
v 0.005520 -0.013969 0.098119
v 0.005252 -0.013192 0.098248
v 0.007806 -0.013578 0.096299
v 0.007615 -0.013772 0.096696
v 0.007659 -0.013927 0.096497
v 0.007713 -0.014012 0.096263
v 0.007758 -0.013351 0.096513
v 0.007678 -0.013192 0.096711
v 0.007583 -0.013564 0.096838
v 0.007567 -0.013320 0.096914
v 0.007257 -0.014688 0.096545
v 0.007358 -0.013192 0.097223
v -0.019301 0.013468 0.091642
v -0.018825 0.013940 0.092250
v -0.017405 0.013780 0.093166
v -0.018615 0.015084 0.091313
v -0.018742 0.014597 0.091879
v -0.018003 0.015160 0.092023
v -0.017834 0.015606 0.091269
v -0.019259 0.013986 0.091456
v -0.018458 0.015344 0.090617
v -0.019181 0.014408 0.091111
v -0.019504 0.013478 0.090797
v -0.019078 0.014683 0.090646
v -0.019473 0.013729 0.090655
v -0.018960 0.014780 0.090116
v -0.016976 0.015806 0.091257
v -0.019424 0.013915 0.090439
v -0.019365 0.014014 0.090173
v -0.019301 0.014014 0.089890
v -0.019516 0.013337 0.090398
v -0.019509 0.013404 0.090367
v -0.019500 0.013464 0.090327
v -0.019481 0.013468 0.090185
v -0.019472 0.013379 0.090085
v -0.018195 0.013639 0.092880
v -0.017363 0.014340 0.092980
v -0.018128 0.014476 0.092581
v -0.017294 0.014845 0.092678
v -0.017205 0.015269 0.092277
v -0.017097 0.015595 0.091796
v 0.010646 0.015546 0.084617
v 0.010248 0.016057 0.084478
v 0.009200 0.016706 0.084024
v 0.011266 0.016221 0.082293
v 0.010867 0.016568 0.082206
v 0.010415 0.016828 0.082090
v 0.009756 0.016451 0.084277
v 0.009925 0.016993 0.081947
v 0.011829 0.016678 0.079861
v 0.011437 0.016970 0.079810
v 0.011003 0.017186 0.079737
v 0.010540 0.017321 0.079643
v 0.005252 0.013192 0.098248
v 0.005852 0.013192 0.098178
v 0.006422 0.013192 0.097976
v 0.006932 0.013192 0.097651
v 0.007358 0.013192 0.097223
v 0.007678 0.013192 0.096711
v 0.005093 0.015806 0.096209
v 0.004972 0.015595 0.096749
v 0.004864 0.015269 0.097231
v 0.004775 0.014845 0.097632
v 0.004706 0.014340 0.097932
v 0.004664 0.013780 0.098119
v 0.009553 0.014269 0.088360
v 0.007533 0.016294 0.088081
v 0.010022 0.014784 0.086574
v 0.009787 0.015275 0.086529
v 0.009348 0.014837 0.088361
v 0.009469 0.015706 0.086445
v 0.009024 0.015348 0.088333
v 0.008599 0.015773 0.088275
v 0.008991 0.016127 0.086295
v 0.008094 0.016095 0.088190
v 0.008336 0.016452 0.086062
v 0.006445 0.014710 0.097428
v 0.006361 0.014164 0.097804
v 0.007090 0.014107 0.097291
v 0.005520 0.013969 0.098119
v 0.006317 0.013527 0.098001
v 0.006562 0.015115 0.096908
v 0.007163 0.014457 0.096962
v 0.007257 0.014688 0.096545
v 0.005596 0.014673 0.097777
v 0.006700 0.015339 0.096293
v 0.006868 0.015303 0.095988
v 0.006366 0.015624 0.095887
v 0.007288 0.014875 0.096066
v 0.005716 0.015238 0.097245
v 0.005867 0.015611 0.096571
v 0.005808 0.015823 0.095768
v 0.007758 0.013351 0.096513
v 0.007615 0.013772 0.096696
v 0.007583 0.013564 0.096838
v 0.007567 0.013320 0.096914
v 0.007806 0.013578 0.096299
v 0.007806 0.013793 0.096144
v 0.007713 0.014012 0.096263
v 0.007659 0.013927 0.096497
v 0.007042 0.013673 0.097502
v 0.007607 0.014363 0.096120
v 0.008927 0.014932 0.089723
v 0.009065 0.014673 0.089731
v 0.007770 0.015836 0.090379
v 0.007760 0.015817 0.090513
v 0.008354 0.015429 0.090320
v 0.008376 0.015436 0.090220
v 0.008410 0.015430 0.090123
v 0.007760 0.015829 0.090446
v 0.008800 0.015110 0.089749
v 0.008695 0.015229 0.089798
v 0.007434 0.015963 0.090547
v 0.007190 0.015890 0.091634
v 0.007599 0.015759 0.091271
v 0.008624 0.015295 0.089844
v 0.007429 0.015973 0.090497
v 0.008711 0.014587 0.091255
v 0.008306 0.014787 0.092384
v 0.008489 0.014445 0.092391
v 0.008530 0.015369 0.089933
v 0.008459 0.015411 0.090030
v 0.008304 0.013691 0.094084
v 0.007433 0.015979 0.090447
v 0.008814 0.014274 0.091349
v 0.007444 0.015983 0.090397
v 0.008601 0.014845 0.091137
v 0.008201 0.014931 0.092408
v 0.008225 0.014095 0.094008
v 0.007662 0.016017 0.089661
v 0.009235 0.014120 0.089803
v 0.008126 0.014404 0.093919
v 0.008513 0.015021 0.091019
v 0.008077 0.015070 0.092468
v 0.006691 0.015736 0.094076
v 0.007857 0.014977 0.093567
v 0.007808 0.015068 0.093455
v 0.007771 0.015145 0.093331
v 0.007173 0.015646 0.093158
v 0.007746 0.015232 0.093113
v 0.007751 0.015252 0.093014
v 0.008017 0.014661 0.093805
v 0.007751 0.015200 0.093209
v 0.008441 0.015160 0.090887
v 0.008007 0.015133 0.092520
v 0.008638 0.013942 0.092459
v 0.007929 0.014836 0.093692
v 0.007196 0.015671 0.092954
v 0.007770 0.015262 0.092908
v 0.007806 0.015259 0.092800
v 0.008898 0.013856 0.091430
v 0.007177 0.015668 0.093024
v 0.007171 0.015660 0.093092
v 0.006852 0.015798 0.093170
v 0.006847 0.015808 0.093121
v 0.006846 0.015814 0.093071
v 0.006855 0.015818 0.093019
v 0.006874 0.015818 0.092965
v 0.007419 0.015716 0.092029
v 0.007913 0.015204 0.092616
v 0.007855 0.015238 0.092699
v 0.008361 0.015327 0.090643
v 0.008344 0.015380 0.090519
v 0.008395 0.015250 0.090773
v 0.006716 0.015973 0.092152
v 0.007162 0.015894 0.091682
v 0.008342 0.015410 0.090421
v 0.004794 0.000652 0.098215
v 0.004794 -0.000652 0.098215
v -0.011910 0.002147 0.094466
v -0.011248 0.003441 0.094614
v -0.011248 -0.003441 0.094614
v -0.010302 -0.004533 0.094826
v -0.007798 -0.005881 0.095388
v -0.011910 -0.002147 0.094466
v -0.012250 -0.000730 0.094389
v -0.010302 0.004533 0.094826
v -0.009130 -0.005363 0.095089
v -0.012250 0.000730 0.094389
v -0.009130 0.005363 0.095089
v -0.007798 0.005881 0.095388
v 0.008150 -0.000000 0.091228
v 0.008276 0.006664 0.090849
v 0.008191 0.006676 0.091039
v 0.008444 0.006651 0.090651
v 0.008437 -0.006873 0.091864
v 0.008224 -0.000000 0.091854
v 0.008392 -0.000000 0.092061
v 0.008401 -0.000000 0.090838
v 0.008234 -0.000000 0.091035
v 0.008268 -0.006863 0.091656
v 0.008139 -0.000000 0.091634
v 0.008182 -0.006852 0.091437
v 0.008582 -0.000000 0.090721
v 0.008625 0.006642 0.090533
v 0.008903 -0.006785 0.090452
v 0.008627 -0.006793 0.090524
v 0.008902 0.006635 0.090461
v 0.009088 -0.006783 0.090456
v 0.008859 -0.000000 0.090646
v 0.009086 0.006632 0.090465
v 0.009044 -0.000000 0.090652
v 0.008163 -0.006840 0.091225
v 0.008118 -0.000000 0.091422
v 0.008194 -0.006828 0.091031
v 0.008277 -0.006816 0.090839
v 0.008553 0.006723 0.091959
v 0.008555 -0.006876 0.091950
v 0.008511 -0.000000 0.092148
v 0.008435 0.006719 0.091872
v 0.008446 -0.006802 0.090642
v 0.008266 0.006710 0.091665
v 0.008180 0.006699 0.091446
v 0.008161 0.006687 0.091235
v 0.007531 -0.000000 0.093996
v 0.007573 -0.006619 0.093999
v 0.007572 -0.006608 0.093813
v 0.008141 0.006699 0.093123
v 0.007860 -0.000000 0.093432
v 0.008098 -0.000000 0.093314
v 0.007635 -0.006630 0.094226
v 0.007593 -0.000000 0.094412
v 0.007532 -0.000000 0.094184
v 0.007765 0.006778 0.094424
v 0.007636 0.006768 0.094219
v 0.007902 0.006709 0.093243
v 0.007693 -0.000000 0.093596
v 0.007736 0.006720 0.093404
v 0.007722 -0.000000 0.094616
v 0.007764 -0.006640 0.094432
v 0.007974 0.006785 0.094596
v 0.007931 -0.000000 0.094789
v 0.007972 -0.006647 0.094604
v 0.007628 0.006732 0.093594
v 0.007585 -0.000000 0.093785
v 0.008169 -0.006649 0.094686
v 0.008128 -0.000000 0.094870
v 0.008171 0.006787 0.094679
v 0.007574 0.006745 0.093805
v 0.008289 -0.000000 0.093279
v 0.008330 -0.006558 0.093097
v 0.007575 0.006755 0.093990
v 0.008139 -0.006563 0.093131
v 0.008331 0.006694 0.093089
v 0.007901 -0.006573 0.093250
v 0.007734 -0.006584 0.093413
v 0.007626 -0.006595 0.093602
v 0.038587 0.000950 0.013063
v 0.038456 0.001400 0.013051
v 0.038584 0.000943 0.013080
v 0.038630 0.000710 0.013089
v 0.038635 0.000918 0.012845
v 0.038331 0.001825 0.012758
v 0.038278 0.001840 0.013011
v 0.038424 0.001711 0.012346
v 0.038681 0.000833 0.012642
v 0.037796 0.002646 0.012839
v 0.037131 0.003314 0.012753
v 0.037786 0.002643 0.012900
v 0.038509 0.001501 0.011972
v 0.038721 0.000703 0.012462
v 0.037932 0.002555 0.012234
v 0.038776 0.000332 0.012218
v 0.038753 0.000532 0.012319
v 0.038682 0.000238 0.013101
v 0.038579 0.001206 0.011657
v 0.038059 0.002321 0.011665
v 0.037231 0.003281 0.012292
v 0.038632 0.000844 0.011419
v 0.038171 0.001956 0.011168
v 0.037396 0.003076 0.011551
v 0.036365 0.003819 0.012486
v 0.035472 0.004133 0.012381
v 0.036347 0.003820 0.012577
v 0.038666 0.000434 0.011270
v 0.038787 0.000112 0.012167
v 0.038261 0.001481 0.010767
v 0.037548 0.002698 0.010880
v 0.036561 0.003687 0.011611
v 0.038678 -0.000000 0.011219
v 0.038787 -0.000113 0.012167
v 0.038324 0.000923 0.010488
v 0.037675 0.002168 0.010312
v 0.036744 0.003349 0.010792
v 0.035601 0.004090 0.011804
v 0.034552 0.004239 0.012174
v 0.034758 0.004131 0.011256
v 0.038753 -0.000532 0.012319
v 0.038776 -0.000332 0.012218
v 0.038682 -0.000238 0.013101
v 0.038666 -0.000434 0.011270
v 0.038356 0.000314 0.010344
v 0.037771 0.001517 0.009884
v 0.036905 0.002822 0.010074
v 0.035808 0.003833 0.010882
v 0.034954 0.003816 0.010383
v 0.038632 -0.000844 0.011419
v 0.038356 -0.000314 0.010344
v 0.037832 0.000780 0.009616
v 0.037036 0.002137 0.009496
v 0.035995 0.003362 0.010044
v 0.035129 0.003311 0.009601
v 0.038579 -0.001206 0.011657
v 0.038721 -0.000703 0.012462
v 0.038324 -0.000923 0.010488
v 0.037851 -0.000000 0.009524
v 0.037126 0.001333 0.009092
v 0.036154 0.002703 0.009338
v 0.035276 0.002640 0.008948
v 0.038509 -0.001501 0.011972
v 0.038681 -0.000833 0.012642
v 0.038261 -0.001481 0.010767
v 0.037832 -0.000780 0.009616
v 0.037173 0.000453 0.008883
v 0.036275 0.001891 0.008803
v 0.035386 0.001837 0.008455
v 0.038587 -0.000950 0.013063
v 0.038456 -0.001400 0.013051
v 0.038635 -0.000918 0.012845
v 0.038630 -0.000710 0.013089
v 0.038584 -0.000943 0.013080
v 0.038424 -0.001711 0.012346
v 0.038171 -0.001956 0.011168
v 0.037771 -0.001517 0.009884
v 0.037173 -0.000453 0.008883
v 0.036349 0.000973 0.008470
v 0.035455 0.000942 0.008150
v 0.038331 -0.001825 0.012758
v 0.038278 -0.001840 0.013011
v 0.038059 -0.002321 0.011665
v 0.037675 -0.002168 0.010312
v 0.037126 -0.001333 0.009092
v 0.036374 -0.000000 0.008357
v 0.035455 -0.000942 0.008150
v 0.035478 -0.000000 0.008046
v 0.037932 -0.002555 0.012234
v 0.037548 -0.002698 0.010880
v 0.037036 -0.002138 0.009496
v 0.036349 -0.000973 0.008470
v 0.035386 -0.001837 0.008455
v 0.037796 -0.002646 0.012839
v 0.037786 -0.002643 0.012900
v 0.037131 -0.003314 0.012753
v 0.037396 -0.003076 0.011551
v 0.036905 -0.002822 0.010074
v 0.036275 -0.001891 0.008803
v 0.035276 -0.002640 0.008948
v 0.037231 -0.003281 0.012292
v 0.036744 -0.003349 0.010792
v 0.036154 -0.002703 0.009338
v 0.035129 -0.003311 0.009601
v 0.036561 -0.003687 0.011611
v 0.035995 -0.003362 0.010044
v 0.034954 -0.003816 0.010383
v 0.036365 -0.003819 0.012486
v 0.036347 -0.003820 0.012577
v 0.035472 -0.004133 0.012381
v 0.035808 -0.003833 0.010882
v 0.034758 -0.004131 0.011256
v 0.035601 -0.004090 0.011804
v 0.034552 -0.004239 0.012174
v 0.038650 0.000688 0.013015
v 0.038662 0.000474 0.013097
v 0.038706 0.000541 0.012815
v 0.038736 0.000390 0.012727
v 0.038763 0.000085 0.012642
v 0.038688 -0.000000 0.013103
v 0.038763 -0.000086 0.012642
v 0.038736 -0.000390 0.012727
v 0.038706 -0.000541 0.012815
v 0.038662 -0.000474 0.013097
v 0.038650 -0.000689 0.013015
v 0.038710 0.000393 0.012898
v 0.038727 0.000240 0.012866
v 0.038727 -0.000240 0.012866
v 0.038710 -0.000393 0.012898
v 0.038709 0.000319 0.012940
v 0.038673 0.000356 0.013099
v 0.038718 0.000167 0.012938
v 0.038718 -0.000167 0.012938
v 0.038673 -0.000356 0.013099
v 0.038709 -0.000319 0.012940
v 0.032757 -0.003820 0.011772
v 0.033631 -0.004133 0.011968
v 0.033631 0.004133 0.011968
v 0.032757 0.003820 0.011772
v 0.031972 0.003314 0.011595
v 0.031318 0.002643 0.011449
v 0.030825 0.001840 0.011338
v 0.030647 0.001400 0.011298
v 0.030474 0.000710 0.011259
v 0.030442 0.000474 0.011252
v 0.030520 0.000943 0.011270
v 0.030431 -0.000356 0.011249
v 0.030442 -0.000474 0.011252
v 0.030422 -0.000238 0.011247
v 0.030416 -0.000000 0.011247
v 0.030422 0.000238 0.011247
v 0.030431 0.000356 0.011249
v 0.030520 -0.000943 0.011270
v 0.030647 -0.001400 0.011298
v 0.030474 -0.000710 0.011259
v 0.030825 -0.001840 0.011338
v 0.031318 -0.002643 0.011449
v 0.031972 -0.003314 0.011595
v 0.033655 0.004132 0.011869
v 0.033867 0.003990 0.010923
v 0.034066 0.003623 0.010037
v 0.032879 0.003780 0.011241
v 0.034240 0.003054 0.009259
v 0.033070 0.003543 0.010388
v 0.031994 0.003316 0.011519
v 0.034380 0.002313 0.008635
v 0.033244 0.003108 0.009614
v 0.032164 0.003201 0.010759
v 0.034478 0.001442 0.008197
v 0.033390 0.002497 0.008961
v 0.032323 0.002908 0.010048
v 0.031403 0.002619 0.011084
v 0.034529 0.000490 0.007973
v 0.033502 0.001748 0.008466
v 0.032463 0.002451 0.009425
v 0.031536 0.002455 0.010493
v 0.030837 0.001844 0.011300
v 0.034529 -0.000490 0.007973
v 0.033571 0.000899 0.008158
v 0.032577 0.001856 0.008923
v 0.031656 0.002154 0.009956
v 0.030932 0.001781 0.010877
v 0.034478 -0.001442 0.008197
v 0.033594 -0.000000 0.008053
v 0.032655 0.001156 0.008573
v 0.031757 0.001731 0.009504
v 0.031021 0.001617 0.010481
v 0.030549 0.000940 0.011144
v 0.034380 -0.002313 0.008635
v 0.033571 -0.000899 0.008158
v 0.032695 0.000393 0.008392
v 0.031835 0.001210 0.009162
v 0.031098 0.001363 0.010135
v 0.030597 0.000882 0.010932
v 0.034240 -0.003054 0.009259
v 0.033502 -0.001748 0.008466
v 0.032695 -0.000393 0.008392
v 0.031883 0.000623 0.008948
v 0.031161 0.001032 0.009856
v 0.030641 0.000773 0.010740
v 0.034066 -0.003623 0.010037
v 0.033390 -0.002498 0.008961
v 0.032655 -0.001157 0.008573
v 0.031899 -0.000000 0.008876
v 0.031205 0.000643 0.009661
v 0.030676 0.000622 0.010576
v 0.033867 -0.003990 0.010923
v 0.033244 -0.003108 0.009614
v 0.032577 -0.001856 0.008923
v 0.031883 -0.000623 0.008948
v 0.031228 0.000219 0.009560
v 0.030704 0.000435 0.010454
v 0.033655 -0.004132 0.011869
v 0.033070 -0.003543 0.010388
v 0.032463 -0.002451 0.009425
v 0.031835 -0.001211 0.009162
v 0.031228 -0.000219 0.009560
v 0.030721 0.000224 0.010377
v 0.032879 -0.003780 0.011241
v 0.032323 -0.002908 0.010048
v 0.031757 -0.001731 0.009504
v 0.031205 -0.000644 0.009661
v 0.030727 -0.000000 0.010351
v 0.032164 -0.003201 0.010759
v 0.031656 -0.002154 0.009956
v 0.031161 -0.001032 0.009856
v 0.030721 -0.000224 0.010377
v 0.031994 -0.003316 0.011519
v 0.031536 -0.002455 0.010493
v 0.031098 -0.001364 0.010135
v 0.030704 -0.000435 0.010454
v 0.031403 -0.002619 0.011084
v 0.031021 -0.001617 0.010481
v 0.030676 -0.000622 0.010576
v 0.030932 -0.001781 0.010877
v 0.030641 -0.000773 0.010740
v 0.030837 -0.001844 0.011300
v 0.030597 -0.000882 0.010932
v 0.030549 -0.000941 0.011144
v 0.030515 0.000558 0.011009
v 0.030529 0.000523 0.010947
v 0.030528 0.000412 0.010909
v 0.030538 0.000366 0.010864
v 0.030544 0.000113 0.010803
v 0.030546 0.000058 0.010792
v 0.030546 -0.000058 0.010792
v 0.030544 -0.000113 0.010803
v 0.030538 -0.000366 0.010864
v 0.030528 -0.000412 0.010909
v 0.030529 -0.000523 0.010947
v 0.030515 -0.000558 0.011009
v 0.030480 0.000400 0.011063
v 0.030486 0.000387 0.011042
v 0.030481 0.000247 0.011022
v 0.030484 0.000233 0.011008
v 0.030484 -0.000233 0.011008
v 0.030481 -0.000248 0.011022
v 0.030486 -0.000387 0.011042
v 0.030480 -0.000400 0.011063
v 0.030466 0.000321 0.011095
v 0.030467 0.000316 0.011085
v 0.030459 0.000170 0.011086
v 0.030460 0.000165 0.011082
v 0.030460 -0.000165 0.011082
v 0.030459 -0.000170 0.011086
v 0.030467 -0.000316 0.011085
v 0.030466 -0.000321 0.011095
v 0.009221 -0.012498 0.015182
v 0.009817 -0.012465 0.014761
v 0.009294 -0.012465 0.015244
v 0.009145 -0.012510 0.015117
v 0.009703 -0.012510 0.014602
v 0.009759 -0.012498 0.014684
v 0.008976 -0.012412 0.015877
v 0.009412 -0.012341 0.015346
v 0.009041 -0.012341 0.015908
v 0.008816 -0.012341 0.016544
v 0.008746 -0.012412 0.016529
v 0.009358 -0.012412 0.015300
v 0.008900 -0.012465 0.015839
v 0.008662 -0.012465 0.016509
v 0.008816 -0.012498 0.015797
v 0.008569 -0.012498 0.016489
v 0.008726 -0.012510 0.015751
v 0.008899 -0.012160 0.016563
v 0.009108 -0.012060 0.015994
v 0.008910 -0.012060 0.016565
v 0.008472 -0.012510 0.016467
v 0.014257 -0.012160 0.017147
v 0.014191 -0.012160 0.017751
v 0.014180 -0.012060 0.017749
v 0.014245 -0.012060 0.017147
v 0.014289 -0.012255 0.017146
v 0.014223 -0.012255 0.017758
v 0.014186 -0.012160 0.016545
v 0.014175 -0.012060 0.016547
v 0.014343 -0.012341 0.017146
v 0.014275 -0.012341 0.017769
v 0.014219 -0.012255 0.016537
v 0.014414 -0.012412 0.017147
v 0.014344 -0.012412 0.017786
v 0.013984 -0.012160 0.015972
v 0.013973 -0.012060 0.015977
v 0.014271 -0.012341 0.016525
v 0.014500 -0.012465 0.017146
v 0.014428 -0.012465 0.017804
v 0.014014 -0.012255 0.015958
v 0.014341 -0.012412 0.016509
v 0.014595 -0.012498 0.017146
v 0.014694 -0.012510 0.017091
v 0.014618 -0.012510 0.017847
v 0.014521 -0.012498 0.017824
v 0.013658 -0.012160 0.015459
v 0.013649 -0.012060 0.015466
v 0.014061 -0.012341 0.015934
v 0.014424 -0.012465 0.016489
v 0.013536 -0.012160 0.015318
v 0.013221 -0.012060 0.015041
v 0.013684 -0.012255 0.015438
v 0.014127 -0.012412 0.015903
v 0.014516 -0.012498 0.016467
v 0.014587 -0.012510 0.016339
v 0.013561 -0.012255 0.015294
v 0.013228 -0.012160 0.015032
v 0.013726 -0.012341 0.015405
v 0.014203 -0.012465 0.015866
v 0.013601 -0.012341 0.015258
v 0.013038 -0.012160 0.014894
v 0.012709 -0.012060 0.014721
v 0.013248 -0.012255 0.015005
v 0.013783 -0.012412 0.015359
v 0.014288 -0.012498 0.015823
v 0.014303 -0.012510 0.015635
v 0.013652 -0.012412 0.015210
v 0.013057 -0.012255 0.014866
v 0.012713 -0.012160 0.014710
v 0.013282 -0.012341 0.014964
v 0.013848 -0.012465 0.015306
v 0.013715 -0.012465 0.015151
v 0.013086 -0.012341 0.014821
v 0.012454 -0.012160 0.014602
v 0.012137 -0.012060 0.014523
v 0.012727 -0.012255 0.014680
v 0.013326 -0.012412 0.014907
v 0.013923 -0.012498 0.015247
v 0.013859 -0.012510 0.015019
v 0.013786 -0.012498 0.015087
v 0.013126 -0.012412 0.014762
v 0.012465 -0.012255 0.014571
v 0.012139 -0.012160 0.014511
v 0.012751 -0.012341 0.014632
v 0.013379 -0.012465 0.014840
v 0.013172 -0.012465 0.014691
v 0.012483 -0.012341 0.014521
v 0.012146 -0.012255 0.014479
v 0.011816 -0.012160 0.014459
v 0.011535 -0.012060 0.014457
v 0.012780 -0.012412 0.014568
v 0.013438 -0.012498 0.014766
v 0.013279 -0.012510 0.014528
v 0.011535 -0.012160 0.014445
v 0.013226 -0.012498 0.014611
v 0.012506 -0.012412 0.014453
v 0.012159 -0.012341 0.014427
v 0.011819 -0.012255 0.014426
v 0.012818 -0.012465 0.014490
v 0.011536 -0.012255 0.014413
v 0.012536 -0.012465 0.014374
v 0.012174 -0.012412 0.014358
v 0.011824 -0.012341 0.014373
v 0.011163 -0.012160 0.014472
v 0.010934 -0.012060 0.014527
v 0.012858 -0.012498 0.014405
v 0.012601 -0.012510 0.014189
v 0.010932 -0.012160 0.014516
v 0.011535 -0.012341 0.014359
v 0.012566 -0.012498 0.014284
v 0.012193 -0.012465 0.014274
v 0.011832 -0.012412 0.014302
v 0.011158 -0.012255 0.014440
v 0.010925 -0.012255 0.014484
v 0.011535 -0.012412 0.014288
v 0.012213 -0.012498 0.014181
v 0.011860 -0.012510 0.014023
v 0.011840 -0.012465 0.014217
v 0.011150 -0.012341 0.014386
v 0.010532 -0.012160 0.014644
v 0.010366 -0.012060 0.014730
v 0.010360 -0.012160 0.014718
v 0.010912 -0.012341 0.014432
v 0.011534 -0.012465 0.014202
v 0.011850 -0.012498 0.014122
v 0.011140 -0.012412 0.014317
v 0.010519 -0.012255 0.014612
v 0.010346 -0.012255 0.014689
v 0.010897 -0.012412 0.014361
v 0.011535 -0.012498 0.014107
v 0.011101 -0.012510 0.014039
v 0.011128 -0.012465 0.014232
v 0.010499 -0.012341 0.014562
v 0.009958 -0.012160 0.014958
v 0.009855 -0.012060 0.015053
v 0.010322 -0.012341 0.014641
v 0.010878 -0.012465 0.014278
v 0.011114 -0.012498 0.014137
v 0.010473 -0.012412 0.014496
v 0.009938 -0.012255 0.014932
v 0.010291 -0.012412 0.014576
v 0.010855 -0.012498 0.014186
v 0.010367 -0.012510 0.014237
v 0.010440 -0.012465 0.014416
v 0.009909 -0.012341 0.014887
v 0.009478 -0.012160 0.015402
v 0.009428 -0.012060 0.015481
v 0.010254 -0.012465 0.014499
v 0.010404 -0.012498 0.014328
v 0.009866 -0.012412 0.014831
v 0.009453 -0.012255 0.015381
v 0.010212 -0.012498 0.014414
v 0.009119 -0.012160 0.015947
v 0.009089 -0.012255 0.015932
v 0.008867 -0.012255 0.016556
v 0.014490 -0.009966 0.016366
v 0.014131 -0.009999 0.015730
v 0.014399 -0.009999 0.016390
v 0.014587 -0.009954 0.016339
v 0.014303 -0.009954 0.015635
v 0.014216 -0.009966 0.015684
v 0.014414 -0.010052 0.017097
v 0.014248 -0.010123 0.016430
v 0.014343 -0.010123 0.017098
v 0.014275 -0.010123 0.017769
v 0.014344 -0.010052 0.017786
v 0.014316 -0.010052 0.016412
v 0.014500 -0.009999 0.017095
v 0.014428 -0.009999 0.017804
v 0.014594 -0.009966 0.017094
v 0.014521 -0.009966 0.017824
v 0.014694 -0.009954 0.017091
v 0.014191 -0.010304 0.017751
v 0.014245 -0.010404 0.017147
v 0.014180 -0.010404 0.017749
v 0.014618 -0.009954 0.017847
v 0.009099 -0.010304 0.015990
v 0.008899 -0.010304 0.016563
v 0.008910 -0.010404 0.016565
v 0.009108 -0.010404 0.015994
v 0.009068 -0.010209 0.015975
v 0.008867 -0.010209 0.016556
v 0.009420 -0.010304 0.015474
v 0.009428 -0.010404 0.015481
v 0.009019 -0.010123 0.015952
v 0.008816 -0.010123 0.016544
v 0.009393 -0.010209 0.015454
v 0.008956 -0.010052 0.015922
v 0.008746 -0.010052 0.016529
v 0.009848 -0.010304 0.015044
v 0.009855 -0.010404 0.015053
v 0.009351 -0.010123 0.015420
v 0.008878 -0.009999 0.015884
v 0.008662 -0.009999 0.016509
v 0.009827 -0.010209 0.015018
v 0.009295 -0.010052 0.015377
v 0.008793 -0.009966 0.015844
v 0.008726 -0.009954 0.015751
v 0.008472 -0.009954 0.016467
v 0.008569 -0.009966 0.016489
v 0.010360 -0.010304 0.014718
v 0.010366 -0.010404 0.014730
v 0.009792 -0.010123 0.014976
v 0.009228 -0.009999 0.015324
v 0.010532 -0.010304 0.014644
v 0.010934 -0.010404 0.014527
v 0.010346 -0.010209 0.014689
v 0.009748 -0.010052 0.014920
v 0.009154 -0.009966 0.015264
v 0.009145 -0.009954 0.015117
v 0.010519 -0.010209 0.014612
v 0.010932 -0.010304 0.014516
v 0.010322 -0.010123 0.014641
v 0.009694 -0.009999 0.014854
v 0.010499 -0.010123 0.014562
v 0.011163 -0.010304 0.014472
v 0.011535 -0.010404 0.014457
v 0.010925 -0.010209 0.014484
v 0.010291 -0.010052 0.014576
v 0.009635 -0.009966 0.014780
v 0.009703 -0.009954 0.014602
v 0.010473 -0.010052 0.014496
v 0.011158 -0.010209 0.014440
v 0.011535 -0.010304 0.014445
v 0.010912 -0.010123 0.014432
v 0.010254 -0.009999 0.014499
v 0.010440 -0.009999 0.014416
v 0.011150 -0.010123 0.014386
v 0.011816 -0.010304 0.014459
v 0.012137 -0.010404 0.014523
v 0.011536 -0.010209 0.014413
v 0.010897 -0.010052 0.014361
v 0.010212 -0.009966 0.014414
v 0.010367 -0.009954 0.014237
v 0.010404 -0.009966 0.014328
v 0.011140 -0.010052 0.014317
v 0.011819 -0.010209 0.014426
v 0.012139 -0.010304 0.014511
v 0.011535 -0.010123 0.014359
v 0.010878 -0.009999 0.014278
v 0.011128 -0.009999 0.014232
v 0.011824 -0.010123 0.014373
v 0.012146 -0.010209 0.014479
v 0.012454 -0.010304 0.014602
v 0.012709 -0.010404 0.014721
v 0.011535 -0.010052 0.014288
v 0.010855 -0.009966 0.014186
v 0.011101 -0.009954 0.014039
v 0.012713 -0.010304 0.014710
v 0.011114 -0.009966 0.014137
v 0.011832 -0.010052 0.014302
v 0.012159 -0.010123 0.014427
v 0.012465 -0.010209 0.014571
v 0.011534 -0.009999 0.014202
v 0.012727 -0.010209 0.014680
v 0.011840 -0.009999 0.014217
v 0.012174 -0.010052 0.014358
v 0.012483 -0.010123 0.014521
v 0.013038 -0.010304 0.014894
v 0.013221 -0.010404 0.015041
v 0.011535 -0.009966 0.014107
v 0.011860 -0.009954 0.014023
v 0.013228 -0.010304 0.015032
v 0.012751 -0.010123 0.014632
v 0.011850 -0.009966 0.014122
v 0.012193 -0.009999 0.014274
v 0.012506 -0.010052 0.014453
v 0.013057 -0.010209 0.014866
v 0.013248 -0.010209 0.015005
v 0.012780 -0.010052 0.014568
v 0.012213 -0.009966 0.014181
v 0.012601 -0.009954 0.014189
v 0.012536 -0.009999 0.014374
v 0.013086 -0.010123 0.014821
v 0.013536 -0.010304 0.015318
v 0.013649 -0.010404 0.015466
v 0.013658 -0.010304 0.015459
v 0.013282 -0.010123 0.014964
v 0.012818 -0.009999 0.014490
v 0.012566 -0.009966 0.014284
v 0.013126 -0.010052 0.014762
v 0.013561 -0.010209 0.015294
v 0.013684 -0.010209 0.015438
v 0.013326 -0.010052 0.014907
v 0.012858 -0.009966 0.014405
v 0.013279 -0.009954 0.014528
v 0.013172 -0.009999 0.014691
v 0.013601 -0.010123 0.015258
v 0.013920 -0.010304 0.015847
v 0.013973 -0.010404 0.015977
v 0.013726 -0.010123 0.015405
v 0.013379 -0.009999 0.014840
v 0.013226 -0.009966 0.014611
v 0.013652 -0.010052 0.015210
v 0.013948 -0.010209 0.015832
v 0.013783 -0.010052 0.015359
v 0.013438 -0.009966 0.014766
v 0.013859 -0.009954 0.015019
v 0.013715 -0.009999 0.015151
v 0.013995 -0.010123 0.015806
v 0.014164 -0.010304 0.016453
v 0.014175 -0.010404 0.016547
v 0.013848 -0.009999 0.015306
v 0.013786 -0.009966 0.015087
v 0.014056 -0.010052 0.015771
v 0.014196 -0.010209 0.016445
v 0.013923 -0.009966 0.015247
v 0.014256 -0.010304 0.017100
v 0.014289 -0.010209 0.017100
v 0.014223 -0.010209 0.017758
v 0.010954 -0.010404 0.019792
v 0.011555 -0.010404 0.019857
v 0.010954 -0.012060 0.019792
v 0.011555 -0.012060 0.019857
v 0.012155 -0.010404 0.019788
v 0.012155 -0.012060 0.019788
v 0.012725 -0.010404 0.019585
v 0.012725 -0.012060 0.019585
v 0.013236 -0.010404 0.019261
v 0.013236 -0.012060 0.019261
v 0.013663 -0.010404 0.018833
v 0.013663 -0.012060 0.018833
v 0.013982 -0.010404 0.018321
v 0.013982 -0.012060 0.018321
v 0.018422 -0.012510 0.012244
v 0.014364 -0.012510 0.018563
v 0.018509 -0.012510 0.011487
v 0.018436 -0.012510 0.010728
v 0.008787 -0.012510 0.018679
v 0.009232 -0.012510 0.019295
v 0.018204 -0.012510 0.010004
v 0.008503 -0.012510 0.017975
v 0.017824 -0.012510 0.009343
v 0.009208 -0.012510 0.007409
v 0.007427 -0.012510 0.009777
v 0.008396 -0.012510 0.017224
v 0.009810 -0.012510 0.019787
v 0.010491 -0.012510 0.020124
v 0.011231 -0.012510 0.020290
v 0.011990 -0.012510 0.020276
v 0.012723 -0.012510 0.020078
v 0.013389 -0.012510 0.019712
v 0.013945 -0.012510 0.019196
v 0.007673 -0.012510 0.009055
v 0.008062 -0.012510 0.008400
v 0.008583 -0.012510 0.007844
v 0.007427 -0.009954 0.009777
v 0.017824 -0.009954 0.009343
v 0.018204 -0.009954 0.010004
v 0.008396 -0.009954 0.017224
v 0.013389 -0.009954 0.019712
v 0.012723 -0.009954 0.020078
v 0.007673 -0.009954 0.009055
v 0.008062 -0.009954 0.008400
v 0.013945 -0.009954 0.019196
v 0.008583 -0.009954 0.007844
v 0.011990 -0.009954 0.020276
v 0.009208 -0.009954 0.007409
v 0.014364 -0.009954 0.018563
v 0.018422 -0.009954 0.012244
v 0.011231 -0.009954 0.020290
v 0.010491 -0.009954 0.020124
v 0.009810 -0.009954 0.019787
v 0.009232 -0.009954 0.019295
v 0.008787 -0.009954 0.018679
v 0.008503 -0.009954 0.017975
v 0.018509 -0.009954 0.011487
v 0.018436 -0.009954 0.010728
v 0.011729 -0.011755 0.007052
v 0.011729 -0.010709 0.007052
v 0.015698 -0.010709 0.007943
v 0.015698 -0.011755 0.007943
v 0.009922 -0.012136 0.007112
v 0.010618 -0.011899 0.006979
v 0.011181 -0.011791 0.006973
v 0.016938 -0.011967 0.008481
v 0.016338 -0.011808 0.008151
v 0.017421 -0.012203 0.008877
v 0.017305 -0.010328 0.008769
v 0.016732 -0.010565 0.008352
v 0.016228 -0.010673 0.008105
v 0.010377 -0.010497 0.007009
v 0.011061 -0.010656 0.006967
v 0.009771 -0.010261 0.007159
v 0.008845 -0.010404 0.017168
v 0.008845 -0.012060 0.017168
v 0.008915 -0.010404 0.017768
v 0.008915 -0.012060 0.017768
v 0.009117 -0.010404 0.018338
v 0.009117 -0.012060 0.018338
v 0.009441 -0.010404 0.018848
v 0.009441 -0.012060 0.018848
v 0.009869 -0.010404 0.019275
v 0.009869 -0.012060 0.019275
v 0.010382 -0.010404 0.019594
v 0.010382 -0.012060 0.019594
v 0.008748 -0.010123 0.017215
v 0.008895 -0.010209 0.017869
v 0.008802 -0.010209 0.017214
v 0.008600 -0.009966 0.017949
v 0.008959 -0.009999 0.018585
v 0.008692 -0.009999 0.017924
v 0.008874 -0.009966 0.018630
v 0.008675 -0.010052 0.017218
v 0.008774 -0.010052 0.017902
v 0.008842 -0.010123 0.017884
v 0.008591 -0.009999 0.017220
v 0.008496 -0.009966 0.017221
v 0.013993 -0.010304 0.018325
v 0.014022 -0.010209 0.018339
v 0.013671 -0.010304 0.018840
v 0.014070 -0.010123 0.018363
v 0.013698 -0.010209 0.018861
v 0.014135 -0.010052 0.018392
v 0.013243 -0.010304 0.019271
v 0.013738 -0.010123 0.018895
v 0.014212 -0.009999 0.018429
v 0.013264 -0.010209 0.019297
v 0.013796 -0.010052 0.018938
v 0.014298 -0.009966 0.018470
v 0.012730 -0.010304 0.019595
v 0.013298 -0.010123 0.019338
v 0.013862 -0.009999 0.018990
v 0.012558 -0.010304 0.019671
v 0.012745 -0.010209 0.019625
v 0.013343 -0.010052 0.019394
v 0.013937 -0.009966 0.019050
v 0.012572 -0.010209 0.019702
v 0.012159 -0.010304 0.019798
v 0.012768 -0.010123 0.019674
v 0.013396 -0.009999 0.019461
v 0.012591 -0.010123 0.019753
v 0.011927 -0.010304 0.019841
v 0.012165 -0.010209 0.019831
v 0.012800 -0.010052 0.019739
v 0.013455 -0.009966 0.019535
v 0.012618 -0.010052 0.019818
v 0.011932 -0.010209 0.019874
v 0.011555 -0.010304 0.019868
v 0.012178 -0.010123 0.019883
v 0.012836 -0.009999 0.019814
v 0.012650 -0.009999 0.019897
v 0.011940 -0.010123 0.019927
v 0.011275 -0.010304 0.019855
v 0.011556 -0.010209 0.019901
v 0.012193 -0.010052 0.019953
v 0.012878 -0.009966 0.019900
v 0.012686 -0.009966 0.019986
v 0.011950 -0.010052 0.019997
v 0.011271 -0.010209 0.019888
v 0.010951 -0.010304 0.019803
v 0.011556 -0.010123 0.019956
v 0.012213 -0.009999 0.020036
v 0.011962 -0.009999 0.020083
v 0.011267 -0.010123 0.019941
v 0.010944 -0.010209 0.019835
v 0.010637 -0.010304 0.019713
v 0.011555 -0.010052 0.020026
v 0.012235 -0.009966 0.020128
v 0.010377 -0.010304 0.019604
v 0.011976 -0.009966 0.020177
v 0.011258 -0.010052 0.020012
v 0.010933 -0.010123 0.019886
v 0.010625 -0.010209 0.019742
v 0.011556 -0.009999 0.020112
v 0.010363 -0.010209 0.019634
v 0.011251 -0.009999 0.020096
v 0.010916 -0.010052 0.019957
v 0.010608 -0.010123 0.019793
v 0.010052 -0.010304 0.019419
v 0.011556 -0.009966 0.020207
v 0.009863 -0.010304 0.019283
v 0.010340 -0.010123 0.019683
v 0.011240 -0.009966 0.020192
v 0.010898 -0.009999 0.020040
v 0.010584 -0.010052 0.019861
v 0.010034 -0.010209 0.019447
v 0.009841 -0.010209 0.019309
v 0.010310 -0.010052 0.019747
v 0.010878 -0.009966 0.020133
v 0.010556 -0.009999 0.019940
v 0.010005 -0.010123 0.019493
v 0.009554 -0.010304 0.018996
v 0.009431 -0.010304 0.018854
v 0.009809 -0.010123 0.019351
v 0.010272 -0.009999 0.019825
v 0.010524 -0.009966 0.020030
v 0.009965 -0.010052 0.019552
v 0.009529 -0.010209 0.019020
v 0.009407 -0.010209 0.018876
v 0.009764 -0.010052 0.019407
v 0.010232 -0.009966 0.019909
v 0.009918 -0.009999 0.019624
v 0.009490 -0.010123 0.019056
v 0.009171 -0.010304 0.018468
v 0.009364 -0.010123 0.018910
v 0.009712 -0.009999 0.019474
v 0.009865 -0.009966 0.019703
v 0.009438 -0.010052 0.019104
v 0.009142 -0.010209 0.018483
v 0.009308 -0.010052 0.018955
v 0.009653 -0.009966 0.019548
v 0.009374 -0.009999 0.019162
v 0.009095 -0.010123 0.018509
v 0.008927 -0.010304 0.017861
v 0.009241 -0.009999 0.019007
v 0.009305 -0.009966 0.019227
v 0.009034 -0.010052 0.018543
v 0.009168 -0.009966 0.019067
v 0.008834 -0.010304 0.017214
v 0.013870 -0.012498 0.019131
v 0.013330 -0.012498 0.019629
v 0.013273 -0.012465 0.019553
v 0.014114 -0.012412 0.018438
v 0.013732 -0.012412 0.019015
v 0.013678 -0.012341 0.018968
v 0.014050 -0.012341 0.018405
v 0.014190 -0.012465 0.018476
v 0.013797 -0.012465 0.019070
v 0.014275 -0.012498 0.018517
v 0.008834 -0.012160 0.017167
v 0.008801 -0.012255 0.017167
v 0.008904 -0.012160 0.017770
v 0.008747 -0.012341 0.017168
v 0.008871 -0.012255 0.017777
v 0.008676 -0.012412 0.017167
v 0.009108 -0.012160 0.018343
v 0.008820 -0.012341 0.017790
v 0.008590 -0.012465 0.017167
v 0.009077 -0.012255 0.018356
v 0.008750 -0.012412 0.017805
v 0.008495 -0.012498 0.017168
v 0.009431 -0.012160 0.018854
v 0.009028 -0.012341 0.018380
v 0.008666 -0.012465 0.017825
v 0.009554 -0.012160 0.018996
v 0.009407 -0.012255 0.018876
v 0.008964 -0.012412 0.018411
v 0.008574 -0.012498 0.017846
v 0.009529 -0.012255 0.019020
v 0.009863 -0.012160 0.019283
v 0.009364 -0.012341 0.018910
v 0.008887 -0.012465 0.018448
v 0.009490 -0.012341 0.019056
v 0.010052 -0.012160 0.019419
v 0.009841 -0.012255 0.019309
v 0.009308 -0.012412 0.018955
v 0.008802 -0.012498 0.018491
v 0.009438 -0.012412 0.019104
v 0.010034 -0.012255 0.019447
v 0.010377 -0.012160 0.019604
v 0.009809 -0.012341 0.019351
v 0.009241 -0.012465 0.019007
v 0.009374 -0.012465 0.019162
v 0.010005 -0.012341 0.019493
v 0.010637 -0.012160 0.019713
v 0.010363 -0.012255 0.019634
v 0.009764 -0.012412 0.019407
v 0.009168 -0.012498 0.019067
v 0.009305 -0.012498 0.019227
v 0.009965 -0.012412 0.019552
v 0.010625 -0.012255 0.019742
v 0.010951 -0.012160 0.019803
v 0.010340 -0.012341 0.019683
v 0.009712 -0.012465 0.019474
v 0.009918 -0.012465 0.019624
v 0.010608 -0.012341 0.019793
v 0.010944 -0.012255 0.019835
v 0.011275 -0.012160 0.019855
v 0.010310 -0.012412 0.019747
v 0.009652 -0.012498 0.019548
v 0.011555 -0.012160 0.019868
v 0.009865 -0.012498 0.019703
v 0.010584 -0.012412 0.019861
v 0.010933 -0.012341 0.019886
v 0.011271 -0.012255 0.019888
v 0.010272 -0.012465 0.019825
v 0.011556 -0.012255 0.019901
v 0.010556 -0.012465 0.019940
v 0.010916 -0.012412 0.019957
v 0.011267 -0.012341 0.019941
v 0.011927 -0.012160 0.019841
v 0.010232 -0.012498 0.019909
v 0.012159 -0.012160 0.019798
v 0.011556 -0.012341 0.019956
v 0.010524 -0.012498 0.020030
v 0.010898 -0.012465 0.020040
v 0.011258 -0.012412 0.020012
v 0.011932 -0.012255 0.019874
v 0.012165 -0.012255 0.019831
v 0.011555 -0.012412 0.020026
v 0.010878 -0.012498 0.020133
v 0.011251 -0.012465 0.020096
v 0.011940 -0.012341 0.019927
v 0.012558 -0.012160 0.019671
v 0.012730 -0.012160 0.019595
v 0.012178 -0.012341 0.019883
v 0.011556 -0.012465 0.020112
v 0.011240 -0.012498 0.020192
v 0.011950 -0.012412 0.019997
v 0.012572 -0.012255 0.019702
v 0.012745 -0.012255 0.019625
v 0.012193 -0.012412 0.019953
v 0.011556 -0.012498 0.020207
v 0.011962 -0.012465 0.020083
v 0.012591 -0.012341 0.019753
v 0.013132 -0.012160 0.019357
v 0.012768 -0.012341 0.019674
v 0.012213 -0.012465 0.020036
v 0.011976 -0.012498 0.020177
v 0.012618 -0.012412 0.019818
v 0.013151 -0.012255 0.019383
v 0.012800 -0.012412 0.019739
v 0.012235 -0.012498 0.020128
v 0.012650 -0.012465 0.019897
v 0.013182 -0.012341 0.019427
v 0.013612 -0.012160 0.018912
v 0.012836 -0.012465 0.019814
v 0.012686 -0.012498 0.019986
v 0.013223 -0.012412 0.019484
v 0.013637 -0.012255 0.018933
v 0.012878 -0.012498 0.019900
v 0.013972 -0.012160 0.018367
v 0.014001 -0.012255 0.018382
v 0.009221 0.009966 0.015182
v 0.009759 0.009966 0.014684
v 0.009817 0.009999 0.014761
v 0.009703 0.009954 0.014602
v 0.008976 0.010052 0.015877
v 0.009412 0.010123 0.015346
v 0.009041 0.010123 0.015908
v 0.008816 0.010123 0.016544
v 0.008746 0.010052 0.016529
v 0.014245 0.010404 0.017147
v 0.014191 0.010304 0.017751
v 0.014180 0.010404 0.017749
v 0.009358 0.010052 0.015300
v 0.008900 0.009999 0.015839
v 0.009294 0.009999 0.015244
v 0.008662 0.009999 0.016509
v 0.008816 0.009966 0.015797
v 0.009145 0.009954 0.015117
v 0.008569 0.009966 0.016489
v 0.008726 0.009954 0.015751
v 0.008899 0.010304 0.016563
v 0.009108 0.010404 0.015994
v 0.008910 0.010404 0.016565
v 0.008472 0.009954 0.016467
v 0.014257 0.010304 0.017147
v 0.014175 0.010404 0.016547
v 0.014289 0.010209 0.017146
v 0.014223 0.010209 0.017758
v 0.014186 0.010304 0.016545
v 0.014343 0.010123 0.017146
v 0.014275 0.010123 0.017769
v 0.014219 0.010209 0.016537
v 0.014414 0.010052 0.017147
v 0.014344 0.010052 0.017786
v 0.013984 0.010304 0.015972
v 0.013973 0.010404 0.015977
v 0.014271 0.010123 0.016525
v 0.014500 0.009999 0.017146
v 0.014428 0.009999 0.017804
v 0.014014 0.010209 0.015958
v 0.014341 0.010052 0.016509
v 0.014595 0.009966 0.017146
v 0.014694 0.009954 0.017091
v 0.014618 0.009954 0.017847
v 0.014521 0.009966 0.017824
v 0.013658 0.010304 0.015459
v 0.013649 0.010404 0.015466
v 0.014061 0.010123 0.015934
v 0.014424 0.009999 0.016489
v 0.013536 0.010304 0.015318
v 0.013221 0.010404 0.015041
v 0.013684 0.010209 0.015438
v 0.014127 0.010052 0.015903
v 0.014516 0.009966 0.016467
v 0.014587 0.009954 0.016339
v 0.013561 0.010209 0.015294
v 0.013228 0.010304 0.015032
v 0.013726 0.010123 0.015405
v 0.014203 0.009999 0.015866
v 0.013601 0.010123 0.015258
v 0.013038 0.010304 0.014894
v 0.012709 0.010404 0.014721
v 0.013248 0.010209 0.015005
v 0.013783 0.010052 0.015359
v 0.014288 0.009966 0.015823
v 0.014303 0.009954 0.015635
v 0.013652 0.010052 0.015210
v 0.013057 0.010209 0.014866
v 0.012713 0.010304 0.014710
v 0.013282 0.010123 0.014964
v 0.013848 0.009999 0.015306
v 0.013715 0.009999 0.015151
v 0.013086 0.010123 0.014821
v 0.012454 0.010304 0.014602
v 0.012137 0.010404 0.014523
v 0.012727 0.010209 0.014680
v 0.013326 0.010052 0.014907
v 0.013923 0.009966 0.015247
v 0.013859 0.009954 0.015019
v 0.013786 0.009966 0.015087
v 0.013126 0.010052 0.014762
v 0.012465 0.010209 0.014571
v 0.012139 0.010304 0.014511
v 0.012751 0.010123 0.014632
v 0.013379 0.009999 0.014840
v 0.013172 0.009999 0.014691
v 0.012483 0.010123 0.014521
v 0.012146 0.010209 0.014479
v 0.011816 0.010304 0.014459
v 0.011535 0.010404 0.014457
v 0.012780 0.010052 0.014568
v 0.013438 0.009966 0.014766
v 0.013279 0.009954 0.014528
v 0.011535 0.010304 0.014445
v 0.013226 0.009966 0.014611
v 0.012506 0.010052 0.014453
v 0.012159 0.010123 0.014427
v 0.011819 0.010209 0.014426
v 0.012818 0.009999 0.014490
v 0.011536 0.010209 0.014413
v 0.012536 0.009999 0.014374
v 0.012174 0.010052 0.014358
v 0.011824 0.010123 0.014373
v 0.011163 0.010304 0.014472
v 0.010934 0.010404 0.014527
v 0.012858 0.009966 0.014405
v 0.012601 0.009954 0.014189
v 0.010932 0.010304 0.014516
v 0.011535 0.010123 0.014359
v 0.012566 0.009966 0.014284
v 0.012193 0.009999 0.014274
v 0.011832 0.010052 0.014302
v 0.011158 0.010209 0.014440
v 0.010925 0.010209 0.014484
v 0.011535 0.010052 0.014288
v 0.012213 0.009966 0.014181
v 0.011860 0.009954 0.014023
v 0.011840 0.009999 0.014217
v 0.011150 0.010123 0.014386
v 0.010532 0.010304 0.014644
v 0.010366 0.010404 0.014730
v 0.010360 0.010304 0.014718
v 0.010912 0.010123 0.014432
v 0.011534 0.009999 0.014202
v 0.011850 0.009966 0.014122
v 0.011140 0.010052 0.014317
v 0.010519 0.010209 0.014612
v 0.010346 0.010209 0.014689
v 0.010897 0.010052 0.014361
v 0.011535 0.009966 0.014107
v 0.011101 0.009954 0.014039
v 0.011128 0.009999 0.014232
v 0.010499 0.010123 0.014562
v 0.009958 0.010304 0.014958
v 0.009855 0.010404 0.015053
v 0.010322 0.010123 0.014641
v 0.010878 0.009999 0.014278
v 0.011114 0.009966 0.014137
v 0.010473 0.010052 0.014496
v 0.009938 0.010209 0.014932
v 0.010291 0.010052 0.014577
v 0.010855 0.009966 0.014186
v 0.010367 0.009954 0.014237
v 0.010440 0.009999 0.014416
v 0.009909 0.010123 0.014887
v 0.009478 0.010304 0.015402
v 0.009428 0.010404 0.015481
v 0.010254 0.009999 0.014499
v 0.010404 0.009966 0.014328
v 0.009866 0.010052 0.014831
v 0.009453 0.010209 0.015381
v 0.010212 0.009966 0.014414
v 0.009119 0.010304 0.015947
v 0.009089 0.010209 0.015932
v 0.008867 0.010209 0.016556
v 0.014491 0.012498 0.016365
v 0.014131 0.012465 0.015730
v 0.014399 0.012465 0.016390
v 0.014587 0.012510 0.016339
v 0.014303 0.012510 0.015635
v 0.014216 0.012498 0.015684
v 0.014414 0.012412 0.017097
v 0.014248 0.012341 0.016430
v 0.014343 0.012341 0.017098
v 0.014275 0.012341 0.017769
v 0.014344 0.012412 0.017786
v 0.014316 0.012412 0.016412
v 0.014500 0.012465 0.017095
v 0.014428 0.012465 0.017804
v 0.014594 0.012498 0.017094
v 0.014521 0.012498 0.017824
v 0.014694 0.012510 0.017091
v 0.014191 0.012160 0.017751
v 0.014245 0.012060 0.017147
v 0.014180 0.012060 0.017749
v 0.014618 0.012510 0.017847
v 0.009099 0.012160 0.015990
v 0.008899 0.012160 0.016563
v 0.008910 0.012060 0.016565
v 0.009108 0.012060 0.015994
v 0.009068 0.012255 0.015975
v 0.008867 0.012255 0.016556
v 0.009420 0.012160 0.015474
v 0.009428 0.012060 0.015481
v 0.009019 0.012341 0.015952
v 0.008816 0.012341 0.016544
v 0.009393 0.012255 0.015454
v 0.008956 0.012412 0.015922
v 0.008746 0.012412 0.016529
v 0.009848 0.012160 0.015044
v 0.009855 0.012060 0.015053
v 0.009351 0.012341 0.015420
v 0.008878 0.012465 0.015884
v 0.008662 0.012465 0.016509
v 0.009827 0.012255 0.015018
v 0.009295 0.012412 0.015377
v 0.008793 0.012498 0.015844
v 0.008726 0.012510 0.015751
v 0.008472 0.012510 0.016467
v 0.008569 0.012498 0.016489
v 0.010360 0.012160 0.014718
v 0.010366 0.012060 0.014730
v 0.009792 0.012341 0.014976
v 0.009228 0.012465 0.015324
v 0.010532 0.012160 0.014644
v 0.010934 0.012060 0.014527
v 0.010346 0.012255 0.014689
v 0.009748 0.012412 0.014920
v 0.009154 0.012498 0.015264
v 0.009145 0.012510 0.015117
v 0.010519 0.012255 0.014612
v 0.010932 0.012160 0.014516
v 0.010322 0.012341 0.014641
v 0.009694 0.012465 0.014854
v 0.010499 0.012341 0.014562
v 0.011163 0.012160 0.014472
v 0.011535 0.012060 0.014457
v 0.010925 0.012255 0.014484
v 0.010291 0.012412 0.014577
v 0.009635 0.012498 0.014780
v 0.009703 0.012510 0.014602
v 0.010473 0.012412 0.014496
v 0.011158 0.012255 0.014440
v 0.011535 0.012160 0.014445
v 0.010912 0.012341 0.014432
v 0.010254 0.012465 0.014499
v 0.010440 0.012465 0.014416
v 0.011150 0.012341 0.014386
v 0.011816 0.012160 0.014459
v 0.012137 0.012060 0.014523
v 0.011536 0.012255 0.014413
v 0.010897 0.012412 0.014361
v 0.010212 0.012498 0.014414
v 0.010367 0.012510 0.014237
v 0.010404 0.012498 0.014328
v 0.011140 0.012412 0.014317
v 0.011819 0.012255 0.014426
v 0.012139 0.012160 0.014511
v 0.011535 0.012341 0.014359
v 0.010878 0.012465 0.014278
v 0.011128 0.012465 0.014232
v 0.011824 0.012341 0.014373
v 0.012146 0.012255 0.014479
v 0.012454 0.012160 0.014602
v 0.012709 0.012060 0.014721
v 0.011535 0.012412 0.014288
v 0.010855 0.012498 0.014186
v 0.011101 0.012510 0.014039
v 0.012713 0.012160 0.014710
v 0.011114 0.012498 0.014137
v 0.011832 0.012412 0.014302
v 0.012159 0.012341 0.014427
v 0.012465 0.012255 0.014571
v 0.011534 0.012465 0.014202
v 0.012727 0.012255 0.014680
v 0.011840 0.012465 0.014217
v 0.012174 0.012412 0.014358
v 0.012483 0.012341 0.014521
v 0.013038 0.012160 0.014894
v 0.013221 0.012060 0.015041
v 0.011535 0.012498 0.014107
v 0.011860 0.012510 0.014023
v 0.013228 0.012160 0.015032
v 0.012751 0.012341 0.014632
v 0.011850 0.012498 0.014122
v 0.012193 0.012465 0.014274
v 0.012506 0.012412 0.014453
v 0.013057 0.012255 0.014866
v 0.013248 0.012255 0.015005
v 0.012780 0.012412 0.014568
v 0.012213 0.012498 0.014181
v 0.012601 0.012510 0.014189
v 0.012536 0.012465 0.014374
v 0.013086 0.012341 0.014821
v 0.013536 0.012160 0.015318
v 0.013649 0.012060 0.015466
v 0.013658 0.012160 0.015459
v 0.013282 0.012341 0.014964
v 0.012818 0.012465 0.014490
v 0.012566 0.012498 0.014284
v 0.013126 0.012412 0.014762
v 0.013561 0.012255 0.015294
v 0.013684 0.012255 0.015438
v 0.013326 0.012412 0.014907
v 0.012858 0.012498 0.014405
v 0.013279 0.012510 0.014528
v 0.013172 0.012465 0.014691
v 0.013601 0.012341 0.015258
v 0.013920 0.012160 0.015847
v 0.013973 0.012060 0.015977
v 0.013726 0.012341 0.015405
v 0.013379 0.012465 0.014840
v 0.013226 0.012498 0.014611
v 0.013652 0.012412 0.015210
v 0.013948 0.012255 0.015832
v 0.013783 0.012412 0.015359
v 0.013438 0.012498 0.014766
v 0.013859 0.012510 0.015019
v 0.013715 0.012465 0.015151
v 0.013995 0.012341 0.015806
v 0.014164 0.012160 0.016453
v 0.014175 0.012060 0.016547
v 0.013848 0.012465 0.015306
v 0.013786 0.012498 0.015087
v 0.014056 0.012412 0.015771
v 0.014196 0.012255 0.016445
v 0.013923 0.012498 0.015247
v 0.014256 0.012160 0.017100
v 0.014289 0.012255 0.017100
v 0.014223 0.012255 0.017758
v 0.010954 0.012060 0.019792
v 0.011555 0.012060 0.019857
v 0.010954 0.010404 0.019792
v 0.011555 0.010404 0.019857
v 0.012155 0.012060 0.019788
v 0.012155 0.010404 0.019788
v 0.012725 0.012060 0.019585
v 0.012725 0.010404 0.019585
v 0.013236 0.012060 0.019261
v 0.013236 0.010404 0.019261
v 0.013663 0.012060 0.018833
v 0.013663 0.010404 0.018833
v 0.013982 0.012060 0.018321
v 0.013982 0.010404 0.018321
v 0.018422 0.009954 0.012244
v 0.014364 0.009954 0.018563
v 0.018509 0.009954 0.011487
v 0.018436 0.009954 0.010728
v 0.008787 0.009954 0.018679
v 0.009232 0.009954 0.019295
v 0.018204 0.009954 0.010004
v 0.017824 0.009954 0.009343
v 0.008503 0.009954 0.017975
v 0.009208 0.009954 0.007409
v 0.007427 0.009954 0.009777
v 0.008396 0.009954 0.017224
v 0.009810 0.009954 0.019787
v 0.010491 0.009954 0.020124
v 0.011231 0.009954 0.020290
v 0.011990 0.009954 0.020276
v 0.012723 0.009954 0.020078
v 0.013389 0.009954 0.019712
v 0.013945 0.009954 0.019196
v 0.007673 0.009954 0.009055
v 0.008062 0.009954 0.008400
v 0.008583 0.009954 0.007844
v 0.007427 0.012510 0.009777
v 0.017824 0.012510 0.009343
v 0.018204 0.012510 0.010004
v 0.008396 0.012510 0.017224
v 0.013389 0.012510 0.019712
v 0.012723 0.012510 0.020078
v 0.007673 0.012510 0.009055
v 0.008062 0.012510 0.008400
v 0.013945 0.012510 0.019196
v 0.008583 0.012510 0.007844
v 0.011990 0.012510 0.020276
v 0.009208 0.012510 0.007409
v 0.014364 0.012510 0.018563
v 0.018422 0.012510 0.012244
v 0.011231 0.012510 0.020290
v 0.010491 0.012510 0.020124
v 0.009810 0.012510 0.019787
v 0.009232 0.012510 0.019295
v 0.008787 0.012510 0.018679
v 0.008503 0.012510 0.017975
v 0.018509 0.012510 0.011487
v 0.018436 0.012510 0.010728
v 0.011729 0.010709 0.007052
v 0.011729 0.011755 0.007052
v 0.015698 0.011755 0.007943
v 0.015698 0.010709 0.007943
v 0.017305 0.012136 0.008769
v 0.016732 0.011899 0.008352
v 0.016228 0.011791 0.008105
v 0.010377 0.011967 0.007009
v 0.011061 0.011808 0.006967
v 0.009771 0.012203 0.007159
v 0.009922 0.010328 0.007112
v 0.010618 0.010565 0.006979
v 0.011181 0.010673 0.006973
v 0.016938 0.010497 0.008481
v 0.016338 0.010656 0.008151
v 0.017421 0.010261 0.008877
v 0.008845 0.012060 0.017168
v 0.008845 0.010404 0.017168
v 0.008915 0.012060 0.017768
v 0.008915 0.010404 0.017768
v 0.009117 0.012060 0.018338
v 0.009117 0.010404 0.018338
v 0.009441 0.012060 0.018848
v 0.009441 0.010404 0.018848
v 0.009869 0.012060 0.019275
v 0.009869 0.010404 0.019275
v 0.010382 0.012060 0.019594
v 0.010382 0.010404 0.019594
v 0.008748 0.012341 0.017215
v 0.008802 0.012255 0.017214
v 0.008895 0.012255 0.017869
v 0.008600 0.012498 0.017949
v 0.008959 0.012465 0.018585
v 0.008692 0.012465 0.017924
v 0.008874 0.012498 0.018630
v 0.008675 0.012412 0.017218
v 0.008774 0.012412 0.017902
v 0.008842 0.012341 0.017884
v 0.008591 0.012465 0.017220
v 0.008496 0.012498 0.017221
v 0.013993 0.012160 0.018325
v 0.014022 0.012255 0.018339
v 0.013671 0.012160 0.018840
v 0.014070 0.012341 0.018363
v 0.013698 0.012255 0.018861
v 0.014135 0.012412 0.018392
v 0.013243 0.012160 0.019271
v 0.013738 0.012341 0.018895
v 0.014212 0.012465 0.018429
v 0.013264 0.012255 0.019297
v 0.013796 0.012412 0.018938
v 0.014298 0.012498 0.018470
v 0.012730 0.012160 0.019595
v 0.013298 0.012341 0.019338
v 0.013862 0.012465 0.018990
v 0.012558 0.012160 0.019671
v 0.012745 0.012255 0.019625
v 0.013343 0.012412 0.019394
v 0.013937 0.012498 0.019050
v 0.012572 0.012255 0.019702
v 0.012159 0.012160 0.019798
v 0.012768 0.012341 0.019674
v 0.013396 0.012465 0.019461
v 0.012591 0.012341 0.019753
v 0.011927 0.012160 0.019841
v 0.012165 0.012255 0.019831
v 0.012800 0.012412 0.019739
v 0.013455 0.012498 0.019535
v 0.012618 0.012412 0.019818
v 0.011932 0.012255 0.019874
v 0.011555 0.012160 0.019868
v 0.012178 0.012341 0.019883
v 0.012836 0.012465 0.019814
v 0.012650 0.012465 0.019897
v 0.011940 0.012341 0.019927
v 0.011275 0.012160 0.019855
v 0.011556 0.012255 0.019901
v 0.012193 0.012412 0.019953
v 0.012878 0.012498 0.019900
v 0.012686 0.012498 0.019986
v 0.011950 0.012412 0.019997
v 0.011271 0.012255 0.019888
v 0.010951 0.012160 0.019803
v 0.011556 0.012341 0.019956
v 0.012213 0.012465 0.020036
v 0.011962 0.012465 0.020083
v 0.011267 0.012341 0.019941
v 0.010944 0.012255 0.019835
v 0.010637 0.012160 0.019713
v 0.011555 0.012412 0.020026
v 0.012235 0.012498 0.020128
v 0.010377 0.012160 0.019604
v 0.011976 0.012498 0.020177
v 0.011258 0.012412 0.020012
v 0.010933 0.012341 0.019886
v 0.010625 0.012255 0.019742
v 0.011556 0.012465 0.020112
v 0.010363 0.012255 0.019634
v 0.011251 0.012465 0.020096
v 0.010916 0.012412 0.019957
v 0.010608 0.012341 0.019793
v 0.010052 0.012160 0.019419
v 0.011556 0.012498 0.020207
v 0.009863 0.012160 0.019283
v 0.010340 0.012341 0.019683
v 0.011240 0.012498 0.020192
v 0.010898 0.012465 0.020040
v 0.010584 0.012412 0.019861
v 0.010034 0.012255 0.019447
v 0.009841 0.012255 0.019309
v 0.010310 0.012412 0.019747
v 0.010878 0.012498 0.020133
v 0.010556 0.012465 0.019940
v 0.010005 0.012341 0.019493
v 0.009554 0.012160 0.018996
v 0.009431 0.012160 0.018854
v 0.009809 0.012341 0.019351
v 0.010272 0.012465 0.019825
v 0.010524 0.012498 0.020030
v 0.009965 0.012412 0.019552
v 0.009529 0.012255 0.019020
v 0.009407 0.012255 0.018876
v 0.009764 0.012412 0.019407
v 0.010232 0.012498 0.019909
v 0.009918 0.012465 0.019624
v 0.009490 0.012341 0.019056
v 0.009171 0.012160 0.018468
v 0.009364 0.012341 0.018910
v 0.009712 0.012465 0.019474
v 0.009865 0.012498 0.019703
v 0.009438 0.012412 0.019104
v 0.009142 0.012255 0.018483
v 0.009308 0.012412 0.018955
v 0.009653 0.012498 0.019548
v 0.009374 0.012465 0.019162
v 0.009095 0.012341 0.018509
v 0.008927 0.012160 0.017861
v 0.009241 0.012465 0.019007
v 0.009305 0.012498 0.019227
v 0.009034 0.012412 0.018543
v 0.009168 0.012498 0.019067
v 0.008834 0.012160 0.017214
v 0.014050 0.010123 0.018405
v 0.014001 0.010209 0.018382
v 0.013637 0.010209 0.018933
v 0.013870 0.009966 0.019131
v 0.013273 0.009999 0.019553
v 0.013797 0.009999 0.019070
v 0.013330 0.009966 0.019629
v 0.014114 0.010052 0.018438
v 0.013732 0.010052 0.019015
v 0.013678 0.010123 0.018968
v 0.014190 0.009999 0.018476
v 0.014275 0.009966 0.018517
v 0.008834 0.010304 0.017167
v 0.008801 0.010209 0.017167
v 0.008904 0.010304 0.017770
v 0.008747 0.010123 0.017168
v 0.008871 0.010209 0.017777
v 0.008676 0.010052 0.017167
v 0.009108 0.010304 0.018343
v 0.008820 0.010123 0.017790
v 0.008590 0.009999 0.017167
v 0.009077 0.010209 0.018356
v 0.008750 0.010052 0.017805
v 0.008495 0.009966 0.017168
v 0.009431 0.010304 0.018854
v 0.009028 0.010123 0.018380
v 0.008666 0.009999 0.017825
v 0.009554 0.010304 0.018996
v 0.009407 0.010209 0.018876
v 0.008964 0.010052 0.018411
v 0.008574 0.009966 0.017846
v 0.009529 0.010209 0.019020
v 0.009863 0.010304 0.019283
v 0.009364 0.010123 0.018910
v 0.008887 0.009999 0.018448
v 0.009490 0.010123 0.019056
v 0.010052 0.010304 0.019419
v 0.009841 0.010209 0.019309
v 0.009308 0.010052 0.018955
v 0.008802 0.009966 0.018491
v 0.009438 0.010052 0.019104
v 0.010034 0.010209 0.019447
v 0.010377 0.010304 0.019604
v 0.009809 0.010123 0.019351
v 0.009241 0.009999 0.019007
v 0.009374 0.009999 0.019162
v 0.010005 0.010123 0.019493
v 0.010637 0.010304 0.019713
v 0.010363 0.010209 0.019634
v 0.009764 0.010052 0.019407
v 0.009168 0.009966 0.019067
v 0.009305 0.009966 0.019227
v 0.009965 0.010052 0.019552
v 0.010625 0.010209 0.019742
v 0.010951 0.010304 0.019803
v 0.010340 0.010123 0.019683
v 0.009712 0.009999 0.019474
v 0.009918 0.009999 0.019624
v 0.010608 0.010123 0.019793
v 0.010944 0.010209 0.019835
v 0.011275 0.010304 0.019855
v 0.010310 0.010052 0.019747
v 0.009653 0.009966 0.019548
v 0.011555 0.010304 0.019868
v 0.009865 0.009966 0.019703
v 0.010584 0.010052 0.019861
v 0.010933 0.010123 0.019886
v 0.011271 0.010209 0.019888
v 0.010272 0.009999 0.019825
v 0.011556 0.010209 0.019901
v 0.010556 0.009999 0.019940
v 0.010916 0.010052 0.019957
v 0.011267 0.010123 0.019941
v 0.011927 0.010304 0.019841
v 0.010232 0.009966 0.019909
v 0.012159 0.010304 0.019798
v 0.011556 0.010123 0.019956
v 0.010524 0.009966 0.020030
v 0.010898 0.009999 0.020040
v 0.011258 0.010052 0.020012
v 0.011932 0.010209 0.019874
v 0.012165 0.010209 0.019831
v 0.011555 0.010052 0.020026
v 0.010878 0.009966 0.020133
v 0.011251 0.009999 0.020096
v 0.011940 0.010123 0.019927
v 0.012558 0.010304 0.019671
v 0.012730 0.010304 0.019595
v 0.012178 0.010123 0.019883
v 0.011556 0.009999 0.020112
v 0.011240 0.009966 0.020192
v 0.011950 0.010052 0.019997
v 0.012572 0.010209 0.019702
v 0.012745 0.010209 0.019625
v 0.012193 0.010052 0.019953
v 0.011556 0.009966 0.020207
v 0.011962 0.009999 0.020083
v 0.012591 0.010123 0.019753
v 0.013132 0.010304 0.019357
v 0.012768 0.010123 0.019674
v 0.012213 0.009999 0.020036
v 0.011976 0.009966 0.020177
v 0.012618 0.010052 0.019818
v 0.013151 0.010209 0.019383
v 0.012800 0.010052 0.019739
v 0.012235 0.009966 0.020128
v 0.012650 0.009999 0.019897
v 0.013182 0.010123 0.019427
v 0.013612 0.010304 0.018912
v 0.012836 0.009999 0.019814
v 0.012686 0.009966 0.019986
v 0.013223 0.010052 0.019484
v 0.012878 0.009966 0.019900
v 0.013972 0.010304 0.018367
v -0.021002 -0.003586 0.138544
v -0.011682 -0.002684 0.094516
v -0.011147 -0.003586 0.094636
v -0.021537 -0.002684 0.138424
v -0.020321 -0.004379 0.138696
v -0.010467 -0.004379 0.094789
v -0.019518 -0.005039 0.138877
v -0.009663 -0.005039 0.094969
v -0.018613 -0.005547 0.139080
v -0.008759 -0.005547 0.095173
v -0.017638 -0.005885 0.139299
v -0.007784 -0.005885 0.095392
v -0.016620 -0.006044 0.139527
v -0.006764 -0.006044 0.095620
v -0.005735 -0.006020 0.095851
v -0.015591 -0.006020 0.139758
v -0.004724 -0.005813 0.096078
v -0.014579 -0.005813 0.139985
v -0.003765 -0.005430 0.096293
v -0.013620 -0.005430 0.140201
v -0.002886 -0.004882 0.096490
v -0.012740 -0.004882 0.140398
v -0.002111 -0.004184 0.096665
v -0.011966 -0.004184 0.140572
v -0.011322 -0.003361 0.140717
v -0.001467 -0.003361 0.096809
v -0.000973 -0.002435 0.096920
v -0.010827 -0.002435 0.140827
v -0.010496 -0.001435 0.140902
v -0.000642 -0.001435 0.096994
v -0.000486 -0.000391 0.097029
v -0.010341 -0.000391 0.140937
v -0.010364 0.000665 0.140932
v -0.000510 0.000665 0.097024
v -0.000712 0.001700 0.096979
v -0.010566 0.001700 0.140886
v -0.010940 0.002684 0.140803
v -0.001086 0.002684 0.096895
v -0.011476 0.003586 0.140682
v -0.001622 0.003586 0.096774
v -0.012156 0.004379 0.140530
v -0.002301 0.004379 0.096622
v -0.012961 0.005039 0.140349
v -0.003106 0.005039 0.096441
v -0.013864 0.005547 0.140146
v -0.004009 0.005547 0.096238
v -0.014840 0.005885 0.139927
v -0.004984 0.005885 0.096020
v -0.015857 0.006044 0.139699
v -0.006003 0.006044 0.095791
v -0.007032 0.006020 0.095560
v -0.016887 0.006020 0.139468
v -0.008044 0.005813 0.095332
v -0.017898 0.005813 0.139241
v -0.009002 0.005430 0.095118
v -0.018858 0.005430 0.139025
v -0.019738 0.004882 0.138829
v -0.009884 0.004882 0.094920
v -0.010657 0.004184 0.094747
v -0.020511 0.004184 0.138654
v -0.011301 0.003361 0.094601
v -0.021156 0.003361 0.138510
v -0.021651 0.002434 0.138399
v -0.011796 0.002434 0.094491
v -0.012125 0.001435 0.094417
v -0.021980 0.001435 0.138324
v -0.022137 0.000391 0.138289
v -0.012282 0.000391 0.094382
v -0.012258 -0.000665 0.094387
v -0.022113 -0.000665 0.138294
v -0.021911 -0.001700 0.138340
v -0.012056 -0.001700 0.094432
vn -0.1090 0.9937 -0.0245
vn -0.5192 0.8467 -0.1165
vn -0.5193 0.8466 -0.1165
vn -0.3217 0.9441 -0.0722
vn -0.5192 0.8467 -0.1164
vn -0.6901 0.7070 -0.1550
vn -0.6898 0.7073 -0.1548
vn -0.8263 0.5318 -0.1855
vn -0.8260 0.5323 -0.1854
vn -0.9210 0.3301 -0.2067
vn -0.9211 0.3298 -0.2067
vn -0.9695 0.1123 -0.2177
vn -0.9696 0.1116 -0.2176
vn -0.9696 -0.1123 -0.2176
vn -0.9697 -0.1113 -0.2177
vn -0.9210 -0.3301 -0.2067
vn -0.9209 -0.3304 -0.2068
vn -0.8260 -0.5324 -0.1854
vn -0.8260 -0.5323 -0.1854
vn -0.6898 -0.7073 -0.1548
vn -0.5192 -0.8467 -0.1165
vn -0.5192 -0.8467 -0.1164
vn -0.3220 -0.9440 -0.0723
vn -0.3217 -0.9441 -0.0722
vn -0.1090 -0.9937 -0.0245
vn -0.0000 1.0000 0.0000
vn -0.9757 0.0000 -0.2190
vn 0.0000 -1.0000 -0.0000
vn 0.3570 -0.9307 0.0801
vn 0.4332 0.8960 0.0972
vn 0.4331 0.8961 0.0972
vn 0.5756 0.8074 0.1292
vn 0.5759 0.8073 0.1293
vn 0.5758 0.8073 0.1292
vn 0.5755 0.8075 0.1292
vn 0.7014 0.6951 0.1574
vn 0.7013 0.6953 0.1574
vn 0.7011 0.6955 0.1573
vn 0.7012 0.6954 0.1575
vn 0.8062 0.5633 0.1809
vn 0.8061 0.5634 0.1809
vn 0.8060 0.5636 0.1809
vn 0.8882 0.4139 0.1994
vn 0.8880 0.4144 0.1993
vn 0.9438 0.2536 0.2118
vn 0.9438 0.2537 0.2118
vn 0.9441 0.2527 0.2119
vn 0.9721 0.0861 0.2182
vn 0.9721 0.0862 0.2182
vn 0.9722 0.0856 0.2181
vn 0.9722 0.0855 0.2181
vn 0.9721 -0.0859 0.2183
vn 0.9721 -0.0859 0.2182
vn 0.9722 -0.0856 0.2181
vn 0.9438 -0.2536 0.2118
vn 0.9441 -0.2527 0.2119
vn 0.9438 -0.2538 0.2118
vn 0.8882 -0.4139 0.1994
vn 0.8880 -0.4144 0.1993
vn 0.8881 -0.4142 0.1993
vn 0.8064 -0.5631 0.1808
vn 0.8061 -0.5634 0.1809
vn 0.8063 -0.5632 0.1808
vn 0.7014 -0.6951 0.1574
vn 0.7013 -0.6953 0.1574
vn 0.7012 -0.6954 0.1575
vn 0.5756 -0.8074 0.1292
vn 0.5758 -0.8073 0.1292
vn 0.5758 -0.8073 0.1293
vn 0.5757 -0.8074 0.1292
vn 0.4332 -0.8961 0.0973
vn 0.4334 -0.8960 0.0973
vn 0.3571 0.9306 0.0801
vn -0.2192 0.0001 0.9757
vn -0.2188 0.0001 0.9758
vn -0.2192 -0.0001 0.9757
vn -0.2189 0.0001 0.9757
vn -0.2190 0.0001 0.9757
vn -0.2189 0.0002 0.9758
vn -0.2192 -0.0003 0.9757
vn -0.2190 0.0002 0.9757
vn -0.2189 0.0002 0.9757
vn -0.2190 0.0000 0.9757
vn -0.2187 -0.0000 0.9758
vn -0.2191 -0.0000 0.9757
vn -0.2189 0.0000 0.9758
vn -0.2192 0.0002 0.9757
vn -0.2189 -0.0001 0.9758
vn -0.2189 0.0000 0.9757
vn -0.2190 -0.0001 0.9757
vn -0.2188 -0.0001 0.9758
vn -0.2192 0.0003 0.9757
vn -0.2187 0.0001 0.9758
vn -0.2190 -0.0002 0.9757
vn -0.2189 -0.0002 0.9758
vn -0.2189 -0.0002 0.9757
vn -0.2189 -0.0001 0.9757
vn -0.2191 0.0002 0.9757
vn -0.2193 -0.0003 0.9757
vn -0.2188 0.0002 0.9758
vn -0.2191 0.0003 0.9757
vn -0.2191 -0.0001 0.9757
vn -0.2192 0.0000 0.9757
vn -0.2194 0.0005 0.9756
vn -0.2187 -0.0002 0.9758
vn -0.2190 0.0003 0.9757
vn -0.2185 -0.0000 0.9758
vn -0.2188 0.0000 0.9758
vn -0.2191 0.0001 0.9757
vn -0.2190 -0.0003 0.9757
vn -0.2191 -0.0002 0.9757
vn -0.2189 0.0001 0.9758
vn -0.2186 -0.0000 0.9758
vn -0.2192 -0.0002 0.9757
vn 0.2189 0.0000 -0.9757
vn 0.2192 0.0001 -0.9757
vn 0.2188 0.0001 -0.9758
vn 0.2190 -0.0000 -0.9757
vn 0.2191 0.0001 -0.9757
vn 0.2190 0.0001 -0.9757
vn 0.2190 0.0003 -0.9757
vn 0.2191 -0.0000 -0.9757
vn 0.2192 -0.0001 -0.9757
vn 0.2188 0.0000 -0.9758
vn 0.2189 0.0001 -0.9758
vn 0.2191 -0.0001 -0.9757
vn 0.2187 -0.0003 -0.9758
vn 0.2190 -0.0001 -0.9757
vn 0.2189 -0.0001 -0.9757
vn 0.2189 -0.0000 -0.9758
vn 0.2189 -0.0001 -0.9758
vn 0.2189 -0.0002 -0.9758
vn 0.2189 0.0001 -0.9757
vn 0.2189 0.0002 -0.9758
vn 0.2190 -0.0003 -0.9757
vn 0.2191 0.0005 -0.9757
vn 0.2188 0.0002 -0.9758
vn 0.2190 -0.0002 -0.9757
vn 0.2190 0.0002 -0.9757
vn 0.2187 0.0003 -0.9758
vn 0.2185 0.0000 -0.9758
vn 0.2188 -0.0001 -0.9758
vn 0.2192 -0.0003 -0.9757
vn 0.2188 0.0003 -0.9758
vn 0.6452 -0.7502 0.1448
vn 0.6452 -0.7501 0.1448
vn 0.4811 -0.8700 0.1080
vn 0.4813 -0.8698 0.1080
vn 0.4813 -0.8699 0.1080
vn 0.4814 -0.8698 0.1080
vn 0.2973 -0.9525 0.0666
vn 0.2976 -0.9524 0.0668
vn 0.2974 -0.9524 0.0667
vn 0.2972 -0.9525 0.0666
vn 0.1003 -0.9947 0.0225
vn 0.1005 -0.9947 0.0226
vn 0.1002 -0.9947 0.0225
vn 0.1003 0.9947 0.0225
vn 0.1001 0.9947 0.0225
vn 0.1002 0.9947 0.0225
vn 0.1004 0.9947 0.0226
vn 0.2975 0.9524 0.0668
vn 0.2977 0.9523 0.0668
vn 0.2974 0.9524 0.0667
vn 0.2973 0.9525 0.0667
vn 0.4816 0.8697 0.1081
vn 0.4814 0.8698 0.1081
vn 0.4815 0.8698 0.1080
vn 0.4811 0.8700 0.1080
vn 0.6452 0.7502 0.1448
vn 0.6451 0.7503 0.1448
vn -0.1088 -0.9938 -0.0244
vn -0.3222 -0.9439 -0.0723
vn -0.5188 -0.8469 -0.1164
vn -0.6897 -0.7074 -0.1548
vn -0.6900 -0.7071 -0.1548
vn -0.6900 -0.7070 -0.1549
vn -0.6899 -0.7072 -0.1549
vn -0.8263 -0.5318 -0.1855
vn -0.8264 -0.5316 -0.1855
vn -0.8262 -0.5320 -0.1854
vn -0.9697 -0.1113 -0.2176
vn -0.9211 -0.3299 -0.2067
vn -0.9208 -0.3306 -0.2067
vn -0.9696 -0.1116 -0.2176
vn -0.9210 0.3302 -0.2067
vn -0.9696 0.1117 -0.2176
vn -0.9696 0.1115 -0.2176
vn -0.9697 0.1113 -0.2176
vn -0.8264 0.5317 -0.1855
vn -0.9210 0.3303 -0.2067
vn -0.6900 0.7070 -0.1549
vn -0.8262 0.5320 -0.1854
vn -0.5188 0.8469 -0.1164
vn -0.6899 0.7072 -0.1549
vn -0.3222 0.9439 -0.0723
vn -0.1088 0.9938 -0.0244
vn 0.6784 -0.7187 0.1523
vn 0.6783 -0.7188 0.1522
vn 0.5953 -0.7923 0.1336
vn 0.5952 -0.7924 0.1336
vn 0.5051 -0.8556 0.1134
vn 0.5044 -0.8560 0.1132
vn 0.4080 -0.9084 0.0916
vn 0.4080 0.9084 0.0916
vn 0.5051 0.8556 0.1134
vn 0.5048 0.8558 0.1133
vn 0.5953 0.7923 0.1336
vn 0.5952 0.7924 0.1336
vn 0.5044 0.8560 0.1132
vn 0.6783 0.7188 0.1522
vn 0.6784 0.7187 0.1523
vn 0.9757 0.0000 0.2190
vn 0.1089 -0.9937 0.0244
vn 0.5195 -0.8465 0.1166
vn 0.5192 -0.8467 0.1165
vn 0.3220 -0.9440 0.0723
vn 0.3222 -0.9439 0.0723
vn 0.6904 -0.7066 0.1550
vn 0.6901 -0.7070 0.1549
vn 0.8262 -0.5320 0.1854
vn 0.8262 -0.5321 0.1854
vn 0.9211 -0.3298 0.2068
vn 0.9209 -0.3307 0.2066
vn 0.9697 -0.1113 0.2176
vn 0.9696 0.1122 0.2176
vn 0.9697 0.1113 0.2176
vn 0.9211 0.3298 0.2067
vn 0.9210 0.3301 0.2067
vn 0.8262 0.5319 0.1854
vn 0.8262 0.5321 0.1854
vn 0.6904 0.7066 0.1549
vn 0.6901 0.7070 0.1549
vn 0.5195 0.8465 0.1166
vn 0.3223 0.9439 0.0723
vn 0.3225 0.9438 0.0724
vn 0.1089 0.9937 0.0244
vn -0.8628 -0.4647 -0.1991
vn -0.7495 0.6403 -0.1682
vn -0.7498 0.6399 -0.1682
vn -0.7511 -0.6383 -0.1686
vn -0.7509 -0.6385 -0.1685
vn -0.1181 -0.9926 -0.0265
vn -0.1183 -0.9926 -0.0265
vn -0.1177 -0.9927 -0.0264
vn -0.7497 0.6401 -0.1682
vn -0.8653 0.4645 -0.1882
vn -0.8549 0.4822 -0.1913
vn -0.3435 -0.9352 -0.0863
vn -0.9051 -0.3735 -0.2031
vn -0.3051 -0.9498 -0.0685
vn -0.3054 -0.9498 -0.0686
vn -0.3051 -0.9499 -0.0684
vn -0.8567 -0.4787 -0.1924
vn -0.8566 -0.4788 -0.1922
vn -0.8564 -0.4793 -0.1920
vn -0.8567 -0.4787 -0.1923
vn -0.3052 -0.9498 -0.0685
vn -0.7495 0.6403 -0.1683
vn -0.7496 0.6402 -0.1682
vn -0.3051 -0.9499 -0.0685
vn -0.7496 0.6401 -0.1682
vn -0.7511 -0.6380 -0.1698
vn -0.7317 -0.6633 -0.1571
vn -0.1182 -0.9926 -0.0265
vn -0.5526 0.8226 -0.1338
vn -0.3059 -0.9496 -0.0686
vn -0.9423 -0.2595 -0.2115
vn -0.9424 -0.2593 -0.2114
vn -0.9425 -0.2590 -0.2114
vn -0.9424 -0.2590 -0.2114
vn -0.9483 -0.2394 -0.2085
vn -0.7494 0.6402 -0.1690
vn -0.8567 -0.4787 -0.1920
vn -0.8565 -0.4790 -0.1923
vn -0.5523 -0.8229 -0.1336
vn -0.6160 0.7755 -0.1382
vn -0.6158 0.7757 -0.1382
vn -0.8565 -0.4793 -0.1915
vn -0.3056 -0.9497 -0.0687
vn -0.6161 0.7754 -0.1383
vn -0.9051 -0.3736 -0.2031
vn -0.8653 -0.4644 -0.1887
vn -0.4609 -0.8814 -0.1034
vn -0.4612 -0.8813 -0.1035
vn -0.4608 -0.8815 -0.1033
vn -0.4612 -0.8812 -0.1036
vn -0.9424 -0.2591 -0.2116
vn -0.9425 -0.2587 -0.2114
vn -0.9464 -0.2397 -0.2167
vn -0.7316 0.6634 -0.1570
vn -0.6160 0.7755 -0.1383
vn -0.6159 0.7756 -0.1383
vn -0.6156 0.7758 -0.1382
vn -0.9482 0.2400 -0.2082
vn -0.4608 -0.8815 -0.1034
vn -0.9045 0.3750 -0.2030
vn -0.4611 -0.8813 -0.1035
vn -0.4610 0.8813 -0.1035
vn -0.4608 0.8815 -0.1034
vn -0.4607 0.8815 -0.1033
vn -0.3479 -0.9350 -0.0689
vn -0.9420 0.2607 -0.2114
vn -0.9420 0.2608 -0.2114
vn -0.9421 0.2604 -0.2114
vn -0.8627 0.4648 -0.1993
vn -0.3057 0.9497 -0.0685
vn -0.3056 0.9497 -0.0685
vn -0.3055 0.9497 -0.0686
vn -0.3435 0.9352 -0.0863
vn -0.6175 -0.7742 -0.1386
vn -0.6174 -0.7743 -0.1386
vn -0.6173 -0.7745 -0.1385
vn -0.4603 0.8817 -0.1033
vn -0.8547 0.4820 -0.1926
vn -0.7285 -0.6634 -0.1707
vn -0.4608 0.8815 -0.1033
vn -0.4606 0.8816 -0.1033
vn -0.9419 0.2610 -0.2113
vn -0.8548 0.4822 -0.1918
vn -0.8550 0.4819 -0.1918
vn -0.5564 0.8229 -0.1154
vn -0.7515 -0.6381 -0.1675
vn -0.9461 0.2402 -0.2170
vn -0.9045 0.3751 -0.2030
vn -0.6174 -0.7744 -0.1386
vn -0.6172 -0.7746 -0.1384
vn -0.6172 -0.7745 -0.1385
vn -0.8550 0.4818 -0.1918
vn -0.3052 0.9498 -0.0685
vn -0.3058 0.9496 -0.0687
vn -0.3479 0.9350 -0.0689
vn -0.1177 0.9927 -0.0264
vn -0.1180 0.9927 -0.0265
vn -0.8549 0.4820 -0.1919
vn -0.8548 0.4821 -0.1919
vn -0.5564 -0.8229 -0.1151
vn -0.4621 -0.8814 -0.0976
vn -0.6182 -0.7745 -0.1338
vn -0.6173 0.7753 -0.1335
vn -0.4620 0.8815 -0.0976
vn -0.7512 -0.6382 -0.1686
vn -0.7510 -0.6385 -0.1685
vn -0.6152 0.7753 -0.1431
vn -0.7497 0.6402 -0.1675
vn -0.4597 0.8813 -0.1094
vn -0.4594 -0.8814 -0.1098
vn -0.6162 -0.7745 -0.1433
vn -0.7289 0.6631 -0.1704
vn -0.8563 -0.4791 -0.1932
vn -0.0969 -0.9950 -0.0254
vn -0.1036 -0.9943 -0.0236
vn -0.0943 -0.9952 -0.0262
vn -0.1043 -0.9943 -0.0234
vn -0.1042 -0.9943 -0.0234
vn -0.1037 -0.9943 -0.0230
vn -0.2844 -0.9568 -0.0599
vn -0.2966 -0.9525 -0.0695
vn -0.0998 -0.9948 -0.0195
vn -0.2974 -0.9524 -0.0667
vn -0.0983 -0.9950 -0.0182
vn -0.2973 -0.9524 -0.0667
vn -0.2974 -0.9524 -0.0668
vn -0.2973 -0.9525 -0.0667
vn -0.4667 -0.8781 -0.1056
vn -0.4619 -0.8811 -0.1016
vn -0.4607 -0.8819 -0.1006
vn -0.2975 -0.9524 -0.0668
vn -0.4681 -0.8772 -0.1068
vn -0.4684 -0.8772 -0.1051
vn -0.4683 -0.8773 -0.1051
vn -0.2958 -0.9530 -0.0660
vn -0.2894 -0.9548 -0.0675
vn -0.2975 -0.9525 -0.0655
vn -0.2876 -0.9554 -0.0678
vn -0.4683 -0.8773 -0.1050
vn -0.4683 -0.8773 -0.1052
vn -0.6219 -0.7706 -0.1394
vn -0.6199 -0.7725 -0.1374
vn -0.6191 -0.7732 -0.1373
vn -0.4681 -0.8774 -0.1049
vn -0.6225 -0.7700 -0.1401
vn -0.6224 -0.7701 -0.1396
vn -0.6223 -0.7703 -0.1397
vn -0.6225 -0.7701 -0.1397
vn -0.4677 -0.8775 -0.1060
vn -0.4681 -0.8773 -0.1059
vn -0.4683 -0.8772 -0.1059
vn -0.4680 -0.8773 -0.1063
vn -0.6223 -0.7702 -0.1397
vn -0.6221 -0.7704 -0.1397
vn -0.6225 -0.7700 -0.1397
vn -0.7540 -0.6348 -0.1687
vn -0.7543 -0.6345 -0.1686
vn -0.7540 -0.6349 -0.1687
vn -0.6270 -0.7657 -0.1432
vn -0.6235 -0.7692 -0.1398
vn -0.6224 -0.7704 -0.1385
vn -0.6281 -0.7647 -0.1441
vn -0.7538 -0.6350 -0.1692
vn -0.7539 -0.6349 -0.1691
vn -0.7540 -0.6348 -0.1691
vn -0.7540 -0.6347 -0.1692
vn -0.7539 -0.6348 -0.1693
vn -0.8604 -0.4724 -0.1913
vn -0.8575 -0.4767 -0.1934
vn -0.8583 -0.4757 -0.1927
vn -0.8610 -0.4712 -0.1912
vn -0.7546 -0.6348 -0.1664
vn -0.7635 -0.6213 -0.1763
vn -0.8577 -0.4768 -0.1924
vn -0.8576 -0.4769 -0.1925
vn -0.8575 -0.4770 -0.1925
vn -0.8578 -0.4767 -0.1924
vn -0.8577 -0.4768 -0.1926
vn -0.8577 -0.4767 -0.1926
vn -0.8576 -0.4768 -0.1926
vn -0.9337 -0.2921 -0.2070
vn -0.9301 -0.3010 -0.2107
vn -0.9308 -0.2992 -0.2098
vn -0.9345 -0.2900 -0.2063
vn -0.8588 -0.4765 -0.1882
vn -0.9305 -0.3010 -0.2089
vn -0.8682 -0.4535 -0.2014
vn -0.9701 -0.1087 -0.2169
vn -0.9702 -0.0997 -0.2207
vn -0.9702 -0.0982 -0.2214
vn -0.9702 -0.1078 -0.2172
vn -0.9703 -0.1047 -0.2179
vn -0.9304 -0.3013 -0.2088
vn -0.9304 -0.3011 -0.2089
vn -0.9305 -0.3009 -0.2090
vn -0.9305 -0.3010 -0.2087
vn -0.9580 -0.1896 -0.2149
vn -0.9385 -0.2672 -0.2187
vn -0.9697 -0.1151 -0.2156
vn -0.9670 -0.1335 -0.2171
vn -0.9669 -0.1337 -0.2171
vn -0.9670 -0.1335 -0.2170
vn -0.9704 -0.1132 -0.2132
vn -0.9671 -0.1327 -0.2169
vn -0.9704 0.0996 -0.2201
vn -0.9706 0.1025 -0.2177
vn -0.9703 0.0982 -0.2210
vn -0.9704 0.1039 -0.2179
vn -0.9702 0.1069 -0.2172
vn -0.9756 0.0000 -0.2196
vn -0.9697 0.1146 -0.2156
vn -0.9671 0.1330 -0.2171
vn -0.9671 0.1324 -0.2171
vn -0.9671 0.1325 -0.2171
vn -0.9313 0.2979 -0.2096
vn -0.9338 0.2918 -0.2071
vn -0.9344 0.2900 -0.2069
vn -0.9306 0.2993 -0.2106
vn -0.9583 0.1883 -0.2151
vn -0.9704 0.1129 -0.2135
vn -0.9311 0.2989 -0.2090
vn -0.9310 0.2992 -0.2089
vn -0.9311 0.2990 -0.2090
vn -0.8588 0.4747 -0.1927
vn -0.8604 0.4722 -0.1916
vn -0.8610 0.4712 -0.1915
vn -0.9310 0.2993 -0.2088
vn -0.9310 0.2994 -0.2088
vn -0.8581 0.4757 -0.1933
vn -0.9386 0.2672 -0.2183
vn -0.8584 0.4753 -0.1927
vn -0.8581 0.4759 -0.1925
vn -0.8584 0.4755 -0.1926
vn -0.8584 0.4754 -0.1926
vn -0.8582 0.4758 -0.1927
vn -0.7545 0.6342 -0.1691
vn -0.7546 0.6342 -0.1687
vn -0.7542 0.6346 -0.1688
vn -0.7540 0.6349 -0.1686
vn -0.8591 0.4759 -0.1882
vn -0.8683 0.4535 -0.2013
vn -0.7544 0.6342 -0.1693
vn -0.7545 0.6341 -0.1693
vn -0.7545 0.6340 -0.1694
vn -0.7545 0.6341 -0.1695
vn -0.7544 0.6343 -0.1693
vn -0.7546 0.6340 -0.1694
vn -0.7546 0.6339 -0.1694
vn -0.6200 0.7724 -0.1378
vn -0.6222 0.7702 -0.1399
vn -0.6194 0.7730 -0.1373
vn -0.6227 0.7697 -0.1405
vn -0.7552 0.6339 -0.1666
vn -0.7636 0.6213 -0.1759
vn -0.6232 0.7695 -0.1399
vn -0.6231 0.7696 -0.1398
vn -0.6230 0.7697 -0.1397
vn -0.6232 0.7694 -0.1399
vn -0.6230 0.7696 -0.1398
vn -0.6231 0.7695 -0.1398
vn -0.4619 0.8811 -0.1014
vn -0.4670 0.8779 -0.1058
vn -0.4607 0.8819 -0.1005
vn -0.4684 0.8770 -0.1070
vn -0.6240 0.7688 -0.1400
vn -0.6282 0.7647 -0.1438
vn -0.6272 0.7656 -0.1433
vn -0.6232 0.7697 -0.1389
vn -0.4686 0.8771 -0.1051
vn -0.4687 0.8771 -0.1052
vn -0.4685 0.8772 -0.1051
vn -0.4685 0.8772 -0.1052
vn -0.4690 0.8769 -0.1051
vn -0.4686 0.8771 -0.1052
vn -0.4688 0.8770 -0.1052
vn -0.2969 0.9524 -0.0696
vn -0.2840 0.9570 -0.0597
vn -0.4682 0.8773 -0.1059
vn -0.4682 0.8772 -0.1062
vn -0.4687 0.8770 -0.1058
vn -0.4675 0.8776 -0.1061
vn -0.2976 0.9523 -0.0668
vn -0.2976 0.9524 -0.0668
vn -0.2977 0.9523 -0.0668
vn -0.2976 0.9524 -0.0667
vn -0.2977 0.9523 -0.0669
vn -0.1036 0.9943 -0.0236
vn -0.1043 0.9943 -0.0234
vn -0.1042 0.9943 -0.0234
vn -0.0969 0.9950 -0.0254
vn -0.0945 0.9952 -0.0261
vn -0.2895 0.9548 -0.0676
vn -0.2960 0.9529 -0.0660
vn -0.2979 0.9524 -0.0654
vn -0.2876 0.9554 -0.0678
vn -0.1037 0.9943 -0.0230
vn -0.0998 0.9948 -0.0195
vn -0.0983 0.9950 -0.0182
vn -0.9323 0.2991 -0.2031
vn -0.9318 -0.3011 -0.2027
vn 0.3571 -0.8479 0.3919
vn 0.5424 -0.2064 0.8144
vn 0.3012 -0.3300 0.8946
vn 0.3288 -0.4165 0.8476
vn 0.5277 -0.2060 0.8241
vn 0.9622 -0.0817 0.2599
vn 0.9463 -0.0531 0.3190
vn 0.4040 -0.7723 0.4902
vn 0.9280 -0.1948 0.3176
vn 0.3797 -0.7430 0.5512
vn 0.7931 -0.2804 0.5407
vn 0.5736 -0.8015 0.1690
vn 0.7747 -0.2799 0.5670
vn 0.5222 -0.8092 0.2693
vn 0.8596 -0.0383 0.5095
vn 0.8884 -0.1766 0.4237
vn 0.4103 -0.6237 0.6653
vn 0.8814 -0.1804 0.4366
vn 0.3845 -0.5951 0.7057
vn 0.8998 -0.0670 0.4312
vn 0.3065 -0.1119 0.9453
vn 0.3012 -0.1093 0.9473
vn 0.3054 -0.1105 0.9458
vn 0.3230 -0.1398 0.9360
vn 0.3225 -0.1400 0.9362
vn 0.3295 -0.1319 0.9349
vn 0.6861 -0.2209 0.6932
vn 0.7029 -0.2207 0.6762
vn 0.5120 -0.7549 0.4098
vn 0.3795 -0.0710 0.9224
vn 0.3793 -0.0707 0.9225
vn 0.3792 -0.0712 0.9226
vn 0.3791 -0.0707 0.9227
vn 0.7353 -0.0322 0.6770
vn 0.5387 -0.7726 0.3360
vn 0.8265 -0.0554 0.5602
vn 0.8167 -0.1514 0.5569
vn 0.8121 -0.1533 0.5631
vn 0.8109 -0.1533 0.5647
vn 0.8181 -0.1507 0.5550
vn 0.3679 -0.3843 0.8467
vn 0.3887 -0.4039 0.8281
vn 0.3913 -0.0498 0.9189
vn 0.3896 -0.0474 0.9198
vn 0.3912 -0.0502 0.9189
vn 0.5668 -0.1410 0.8117
vn 0.5360 -0.6778 0.5033
vn 0.5545 -0.1419 0.8200
vn 0.5085 -0.6551 0.5589
vn 0.7258 -0.0389 0.6868
vn 0.7188 -0.1183 0.6851
vn 0.7198 -0.1181 0.6841
vn 0.7142 -0.1203 0.6895
vn 0.7130 -0.1210 0.6907
vn 0.6683 -0.6990 0.2546
vn 0.6568 -0.7024 0.2743
vn 0.3956 -0.0257 0.9181
vn 0.3952 -0.0270 0.9182
vn 0.3955 -0.0265 0.9181
vn 0.3889 -0.0464 0.9201
vn 0.5787 -0.0248 0.8151
vn 0.5790 -0.0252 0.8150
vn 0.5782 -0.0245 0.8155
vn 0.3941 -0.0267 0.9187
vn 0.5797 -0.0261 0.8144
vn 0.5760 -0.0758 0.8139
vn 0.5765 -0.0749 0.8137
vn 0.5722 -0.0777 0.8164
vn 0.5115 -0.5429 0.6661
vn 0.5720 -0.0777 0.8166
vn 0.3967 -0.0092 0.9179
vn 0.3967 -0.0086 0.9179
vn 0.3969 -0.0084 0.9178
vn 0.4832 -0.5213 0.7034
vn 0.1018 -0.9811 0.1648
vn 0.1705 -0.9834 0.0626
vn 0.1247 -0.9435 0.3070
vn 0.2293 -0.8443 0.4843
vn 0.2519 -0.8326 0.4932
vn 0.2008 -0.8097 0.5514
vn 0.1777 -0.9667 0.1841
vn 0.2599 -0.9002 0.3494
vn 0.6593 -0.6574 0.3648
vn 0.6338 -0.6501 0.4191
vn 0.3019 -0.0050 0.9533
vn 0.2961 -0.0027 0.9551
vn 0.2981 -0.0001 0.9545
vn 0.2993 0.0004 0.9542
vn 0.3327 -0.1366 0.9331
vn 0.3263 -0.1312 0.9361
vn 0.8043 -0.5438 0.2396
vn 0.7260 -0.6348 0.2646
vn 0.7446 -0.6264 0.2307
vn 0.6096 -0.5600 0.5610
vn 0.6348 -0.5709 0.5206
vn 0.7269 -0.5641 0.3917
vn 0.7087 -0.5683 0.4181
vn 0.3497 -0.1202 0.9291
vn 0.3505 -0.1120 0.9298
vn 0.3504 -0.1135 0.9297
vn 0.3497 -0.1215 0.9290
vn 0.4298 -0.3360 0.8380
vn 0.4510 -0.3500 0.8211
vn 0.6710 -0.4881 0.5582
vn 0.6887 -0.4866 0.5375
vn 0.5856 -0.4535 0.6719
vn 0.5606 -0.4439 0.6991
vn 0.8788 -0.4029 0.2558
vn 0.8067 -0.5174 0.2855
vn 0.7879 -0.4749 0.3921
vn 0.7670 -0.4747 0.4318
vn 0.6074 -0.3864 0.6940
vn 0.6243 -0.3843 0.6801
vn 0.3965 -0.0084 0.9180
vn 0.2606 -0.9601 0.1011
vn 0.4774 -0.2857 0.8309
vn 0.4963 -0.2915 0.8177
vn 0.3653 -0.1005 0.9255
vn 0.3654 -0.0915 0.9263
vn 0.3654 -0.0921 0.9263
vn 0.3651 -0.1014 0.9254
vn 0.7388 -0.4089 0.5357
vn 0.7179 -0.4062 0.5653
vn 0.5058 -0.2483 0.8261
vn 0.3738 -0.0864 0.9235
vn 0.2661 -0.7058 0.6565
vn 0.5194 -0.2460 0.8184
vn 0.9406 -0.2496 0.2300
vn 0.8695 -0.3478 0.3508
vn 0.4250 -0.8956 0.1316
vn 0.3532 -0.9053 0.2360
vn 0.6424 -0.3209 0.6959
vn 0.6624 -0.3226 0.6761
vn 0.2895 -0.5316 0.7959
vn 0.2982 -0.6474 0.7014
vn 0.8372 -0.3282 0.4375
vn 0.8548 -0.3267 0.4032
vn 0.3820 -0.8708 0.3095
vn 0.9758 0.0001 0.2188
vn 0.9757 -0.0001 0.2192
vn 0.9757 -0.0001 0.2193
vn 0.9756 0.0000 0.2194
vn 0.9757 0.0001 0.2193
vn 0.9758 -0.0001 0.2184
vn 0.9758 0.0000 0.2188
vn 0.9758 -0.0000 0.2185
vn 0.9757 -0.0000 0.2189
vn 0.9756 0.0000 0.2195
vn 0.9757 0.0000 0.2192
vn 0.9757 0.0001 0.2191
vn 0.9758 -0.0000 0.2187
vn 0.9757 -0.0001 0.2191
vn 0.9758 -0.0001 0.2185
vn 0.5811 -0.7939 0.1789
vn 0.9687 -0.1113 0.2218
vn 0.9687 -0.1114 0.2217
vn 0.9688 -0.1114 0.2215
vn 0.9687 -0.1110 0.2218
vn 0.9678 -0.1393 0.2096
vn 0.9678 -0.1121 0.2254
vn 0.9676 -0.1113 0.2265
vn 0.9680 -0.1071 0.2268
vn 0.9215 -0.3068 0.2382
vn 0.4742 -0.8668 0.1539
vn 0.4724 -0.8679 0.1538
vn 0.4755 -0.8661 0.1543
vn 0.5852 -0.7853 0.2020
vn 0.9038 -0.3653 0.2228
vn 0.5837 -0.7808 0.2228
vn 0.5774 -0.7758 0.2543
vn 0.4777 -0.8648 0.1545
vn 0.9687 -0.1054 0.2249
vn 0.9683 -0.1063 0.2259
vn 0.9686 -0.1060 0.2251
vn 0.8620 -0.4604 0.2121
vn 0.9075 -0.3573 0.2209
vn 0.5826 -0.7972 0.1583
vn 0.9163 -0.3300 0.2271
vn 0.1211 -0.9888 0.0873
vn 0.2361 -0.9698 0.0610
vn 0.2354 -0.9699 0.0617
vn 0.2359 -0.9698 0.0614
vn 0.9159 -0.3299 0.2287
vn 0.3675 -0.9091 0.1960
vn 0.8548 -0.4683 0.2236
vn 0.8570 -0.4635 0.2253
vn 0.8580 -0.4612 0.2260
vn 0.4199 -0.8963 0.1426
vn 0.4179 -0.8969 0.1448
vn 0.4187 -0.8969 0.1420
vn 0.7806 -0.5918 0.2013
vn 0.9199 -0.3142 0.2345
vn 0.3583 -0.9275 0.1068
vn 0.8164 -0.5372 0.2120
vn 0.8150 -0.5395 0.2114
vn 0.8184 -0.5337 0.2130
vn 0.8196 -0.5316 0.2136
vn 0.8537 -0.4708 0.2227
vn 0.4189 -0.8976 0.1372
vn 0.3191 -0.9405 0.1169
vn 0.6834 -0.7065 0.1841
vn 0.9722 -0.0758 0.2217
vn 0.8193 -0.5313 0.2157
vn 0.1784 -0.9732 0.1453
vn 0.3588 -0.9242 0.1306
vn 0.3572 -0.9248 0.1308
vn 0.3598 -0.9238 0.1309
vn 0.1772 -0.9787 0.1038
vn 0.8562 -0.4616 0.2321
vn 0.8084 -0.5475 0.2162
vn 0.8071 -0.5495 0.2160
vn 0.8058 -0.5517 0.2152
vn 0.9717 -0.0782 0.2231
vn 0.1768 -0.9749 0.1355
vn 0.8092 -0.5461 0.2166
vn 0.3621 -0.9229 0.1312
vn 0.1745 -0.9707 0.1650
vn 0.9196 -0.2384 0.3122
vn 0.4191 -0.8978 0.1354
vn 0.4279 -0.8906 0.1539
vn 0.4286 -0.8896 0.1578
vn 0.4257 -0.8903 0.1616
vn 0.5276 -0.8227 0.2117
vn 0.4247 -0.8925 0.1518
vn 0.1863 -0.9753 0.1185
vn 0.0774 -0.9831 0.1658
vn 0.3648 -0.9217 0.1316
vn 0.3071 -0.9414 0.1397
vn 0.7708 -0.6008 0.2120
vn 0.7688 -0.6036 0.2112
vn 0.7685 -0.6039 0.2114
vn 0.8098 -0.5444 0.2190
vn 0.5847 -0.7774 0.2320
vn 0.5024 -0.8431 0.1915
vn 0.7699 -0.5984 0.2218
vn 0.4266 -0.8938 0.1382
vn 0.5650 -0.8162 0.1203
vn 0.5651 -0.8162 0.1201
vn 0.6024 -0.7464 0.2830
vn 0.6118 -0.7197 0.3282
vn 0.7711 -0.6003 0.2122
vn 0.1130 -0.9936 0.0073
vn 0.3129 -0.9429 0.1141
vn 0.5135 -0.8459 0.1441
vn 0.1964 -0.9766 0.0871
vn 0.1819 -0.9782 0.0999
vn 0.5652 -0.8162 0.1198
vn 0.5799 -0.8045 0.1286
vn 0.5735 -0.8029 0.1624
vn 0.7383 -0.6419 0.2069
vn 0.5755 -0.7958 0.1885
vn 0.7426 -0.6331 0.2185
vn 0.7426 -0.6331 0.2184
vn 0.6789 -0.7053 0.2042
vn 0.7110 -0.6757 0.1947
vn 0.4743 -0.8642 0.1681
vn 0.5809 -0.7869 0.2083
vn 0.5808 -0.7815 0.2280
vn 0.5766 -0.7999 0.1666
vn 0.4129 -0.8961 0.1629
vn 0.4129 -0.8961 0.1630
vn 0.4129 -0.8961 0.1626
vn 0.6888 -0.6971 0.1990
vn 0.4130 -0.8959 0.1636
vn 0.1727 -0.9791 0.1078
vn 0.1731 -0.9792 0.1056
vn 0.1724 -0.9803 0.0965
vn 0.1735 -0.9788 0.1089
vn 0.9687 -0.1069 0.2241
vn 0.9687 -0.1070 0.2240
vn 0.9687 -0.1068 0.2242
vn 0.9687 -0.1070 0.2239
vn 0.1748 -0.9745 0.1404
vn 0.9471 -0.2334 0.2202
vn 0.3576 -0.9223 0.1463
vn 0.3543 -0.9237 0.1455
vn 0.3570 -0.9225 0.1468
vn 0.9672 -0.0909 0.2372
vn 0.1741 -0.9700 0.1697
vn 0.4159 -0.8974 0.1474
vn 0.3605 -0.9212 0.1466
vn 0.4210 -0.8904 0.1729
vn 0.5865 -0.7887 0.1842
vn 0.6204 -0.7471 0.2385
vn 0.6313 -0.7292 0.2641
vn 0.6400 -0.7070 0.3009
vn 0.6231 -0.7615 0.1784
vn 0.4206 -0.8936 0.1568
vn 0.4239 -0.8921 0.1563
vn 0.4207 -0.8935 0.1570
vn 0.6609 -0.7447 0.0930
vn 0.6363 -0.7608 0.1278
vn 0.6182 -0.7721 0.1475
vn 0.6077 -0.7715 0.1882
vn 0.4253 -0.8919 0.1538
vn 0.4221 -0.8939 0.1510
vn 0.1781 -0.9783 0.1056
vn 0.4025 -0.9005 0.1650
vn 0.2351 -0.9700 0.0620
vn 0.5797 -0.7995 0.1574
vn 0.5782 -0.7953 0.1822
vn 0.9758 0.0002 0.2188
vn 0.9757 -0.0000 0.2191
vn 0.9756 -0.0001 0.2194
vn 0.9757 -0.0001 0.2190
vn 0.9757 -0.0002 0.2193
vn 0.9759 -0.0000 0.2183
vn 0.9758 0.0000 0.2189
vn 0.9757 0.0002 0.2193
vn 0.9758 -0.0002 0.2188
vn 0.9757 -0.0002 0.2189
vn 0.9756 0.0001 0.2194
vn -0.9757 0.0000 -0.2189
vn -0.9757 0.0000 -0.2191
vn -0.9757 0.0000 -0.2193
vn -0.2193 -0.0002 0.9757
vn -0.2188 -0.0003 0.9758
vn -0.2186 -0.0001 0.9758
vn -0.2193 0.0000 0.9757
vn -0.2193 0.0002 0.9757
vn 0.2191 0.0003 -0.9757
vn 0.2187 0.0000 -0.9758
vn -0.2194 -0.0003 0.9756
vn -0.2195 0.0000 0.9756
vn -0.2188 0.0004 0.9758
vn 0.2192 0.0000 -0.9757
vn 0.2194 0.0000 -0.9756
vn -0.2194 0.0001 0.9756
vn -0.2193 -0.0001 0.9757
vn -0.2193 0.0001 0.9757
vn 0.2187 -0.0002 -0.9758
vn 0.2186 0.0000 -0.9758
vn 0.2188 -0.0002 -0.9758
vn 0.2193 -0.0002 -0.9757
vn -0.2188 -0.0002 0.9758
vn -0.2194 0.0000 0.9756
vn 0.2192 0.0002 -0.9757
vn 0.2191 -0.0003 -0.9757
vn 0.2196 -0.0002 -0.9756
vn 0.2194 -0.0002 -0.9756
vn 0.2192 -0.0002 -0.9757
vn 0.2187 0.0002 -0.9758
vn 0.2189 0.0002 -0.9757
vn 0.2193 0.0004 -0.9757
vn 0.2196 0.0004 -0.9756
vn 0.2195 0.0000 -0.9756
vn 0.2189 -0.0002 -0.9757
vn 0.2188 -0.0004 -0.9758
vn -0.2187 -0.0001 0.9758
vn -0.2191 -0.0003 0.9757
vn 0.6758 -0.7214 0.1511
vn 0.5737 -0.8088 0.1295
vn 0.0840 0.9963 0.0189
vn 0.0838 0.9963 0.0188
vn 0.0843 0.9963 0.0189
vn 0.5597 -0.8192 0.1251
vn 0.4200 -0.9026 0.0945
vn 0.4229 -0.9011 0.0955
vn 0.4154 -0.9049 0.0931
vn 0.2526 0.9659 0.0568
vn 0.0851 0.9962 0.0190
vn 0.4127 -0.9062 0.0923
vn 0.4126 0.9062 0.0925
vn 0.4131 0.9060 0.0925
vn 0.5558 0.8219 0.1247
vn 0.5545 0.8228 0.1245
vn 0.5582 0.8202 0.1250
vn 0.4123 0.9063 0.0924
vn 0.2554 -0.9651 0.0574
vn 0.2525 -0.9659 0.0570
vn 0.2536 -0.9656 0.0572
vn 0.2562 -0.9649 0.0574
vn 0.6785 0.7185 0.1527
vn 0.0851 -0.9962 0.0191
vn 0.0847 -0.9962 0.0190
vn 0.0846 -0.9962 0.0190
vn 0.5597 0.8192 0.1252
vn 0.7890 0.5882 0.1777
vn 0.6900 0.7072 0.1541
vn 0.8802 0.4314 0.1979
vn 0.8786 0.4348 0.1978
vn 0.8828 0.4260 0.1981
vn 0.7993 0.5738 0.1787
vn 0.9404 0.2666 0.2112
vn 0.9396 0.2692 0.2113
vn 0.9417 0.2618 0.2112
vn 0.8844 0.4227 0.1980
vn 0.9665 0.1374 0.2170
vn 0.9426 0.2586 0.2111
vn 0.9747 0.0454 0.2188
vn 0.9723 -0.0841 0.2181
vn 0.9724 -0.0831 0.2182
vn 0.9721 -0.0860 0.2180
vn 0.9724 0.0876 0.2164
vn 0.9439 -0.2533 0.2120
vn 0.9444 -0.2511 0.2123
vn 0.9431 -0.2567 0.2115
vn 0.9720 -0.0876 0.2179
vn 0.8880 -0.4144 0.1994
vn 0.8893 -0.4114 0.1998
vn 0.8858 -0.4195 0.1985
vn 0.9425 -0.2590 0.2112
vn 0.8121 -0.5541 0.1829
vn 0.8844 -0.4227 0.1978
vn 0.7363 -0.6560 0.1657
vn 0.7995 -0.5736 0.1785
vn 0.6902 -0.7071 0.1534
vn 0.2189 0.0003 -0.9758
vn 0.2193 -0.0001 -0.9757
vn 0.2189 0.0003 -0.9757
vn 0.2190 -0.0005 -0.9757
vn 0.2192 0.0003 -0.9757
vn 0.2187 0.0001 -0.9758
vn 0.2193 0.0001 -0.9757
vn 0.2189 -0.0003 -0.9757
vn 0.2191 -0.0004 -0.9757
vn 0.2186 0.0003 -0.9758
vn 0.2192 -0.0004 -0.9757
vn 0.2194 0.0006 -0.9756
vn 0.2188 0.0004 -0.9758
vn 0.2193 -0.0004 -0.9757
vn 0.2191 0.0002 -0.9757
vn -0.4628 -0.8803 -0.1039
vn -0.4628 -0.8804 -0.1039
vn -0.4631 -0.8802 -0.1039
vn -0.6531 -0.7429 -0.1466
vn -0.8063 -0.5631 -0.1810
vn -0.8065 -0.5629 -0.1809
vn -0.8062 -0.5633 -0.1809
vn -0.9136 -0.3511 -0.2051
vn -0.9136 -0.3512 -0.2050
vn -0.9135 -0.3513 -0.2050
vn -0.9137 -0.3508 -0.2051
vn -0.9687 -0.1198 -0.2174
vn -0.9688 -0.1193 -0.2174
vn -0.9687 0.1198 -0.2174
vn -0.9688 0.1192 -0.2174
vn -0.9687 0.1195 -0.2174
vn -0.9137 0.3508 -0.2051
vn -0.9136 0.3512 -0.2051
vn -0.8065 0.5629 -0.1809
vn -0.8062 0.5633 -0.1810
vn -0.8063 0.5631 -0.1810
vn -0.6531 0.7429 -0.1466
vn -0.4629 0.8803 -0.1039
vn -0.4633 0.8801 -0.1040
vn -0.4632 0.8801 -0.1040
vn -0.4246 -0.9003 -0.0953
vn -0.5508 -0.8254 -0.1236
vn -0.5508 -0.8255 -0.1236
vn -0.6653 -0.7315 -0.1493
vn 0.6900 0.7070 0.1550
vn 0.6901 0.7069 0.1549
vn 0.6899 0.7071 0.1549
vn 0.6899 0.7072 0.1549
vn -0.6653 0.7315 -0.1493
vn -0.5508 0.8254 -0.1236
vn -0.5508 0.8255 -0.1236
vn -0.5511 0.8252 -0.1237
vn -0.4246 0.9003 -0.0953
vn 0.2196 -0.0004 -0.9756
vn 0.2185 0.0003 -0.9758
vn 0.2187 -0.0001 -0.9758
vn 0.2195 0.0001 -0.9756
vn 0.2194 0.0002 -0.9756
vn 0.2189 -0.0004 -0.9758
vn 0.2188 -0.0003 -0.9758
vn 0.2186 -0.0004 -0.9758
vn 0.2981 -0.0000 0.9545
vn 0.2984 -0.0000 0.9544
vn 0.2983 -0.0000 0.9545
vn 0.2987 0.0000 0.9543
vn 0.2978 -0.0002 0.9546
vn 0.2987 0.0001 0.9544
vn 0.2983 -0.0001 0.9545
vn 0.2982 -0.0000 0.9545
vn 0.2978 -0.0001 0.9546
vn 0.2979 -0.0000 0.9546
vn 0.2986 -0.0000 0.9544
vn 0.2982 -0.0001 0.9545
vn -0.0094 0.9991 0.0419
vn -0.0081 0.9984 0.0560
vn -0.0096 0.9990 0.0443
vn -0.0122 0.9983 0.0562
vn -0.0129 0.9982 0.0579
vn -0.0170 0.9969 0.0771
vn -0.0176 0.9965 0.0822
vn -0.0179 0.9963 0.0845
vn -0.0168 0.9971 0.0746
vn -0.0200 0.9958 0.0897
vn -0.0201 0.9957 0.0899
vn -0.0242 0.9944 0.1026
vn -0.0234 0.9944 0.1032
vn -0.0255 0.9927 0.1181
vn -0.0244 0.9926 0.1186
vn -0.0280 0.9914 0.1278
vn -0.0255 0.9928 0.1167
vn -0.0288 0.9911 0.1300
vn -0.0351 0.9863 0.1610
vn -0.0357 0.9861 0.1626
vn -0.0373 0.9854 0.1659
vn -0.0326 0.9890 0.1445
vn -0.0380 0.9851 0.1675
vn -0.0546 0.9689 0.2414
vn -0.0558 0.9675 0.2466
vn -0.0554 0.9689 0.2413
vn -0.0441 0.9789 0.1995
vn -0.0441 0.9788 0.2002
vn -0.0441 0.9787 0.2007
vn -0.0442 0.9790 0.1990
vn -0.0534 0.9684 0.2436
vn -0.0513 0.9727 0.2264
vn -0.0562 0.9665 0.2503
vn -0.0099 0.9990 0.0443
vn -0.0103 0.9990 0.0442
vn -0.0100 0.9990 0.0445
vn -0.0092 0.9990 0.0445
vn -0.0189 0.9989 0.0422
vn -0.0100 -0.9990 0.0443
vn -0.0099 -0.9990 0.0443
vn -0.0095 -0.9990 0.0445
vn -0.0091 -0.9990 0.0444
vn -0.0189 -0.9989 0.0422
vn -0.0566 -0.9666 0.2498
vn -0.0561 -0.9667 0.2498
vn -0.0569 -0.9666 0.2498
vn -0.0560 -0.9666 0.2500
vn -0.0508 -0.9728 0.2262
vn -0.0508 -0.9727 0.2265
vn -0.0508 -0.9727 0.2263
vn -0.0561 -0.9665 0.2503
vn -0.0438 -0.9794 0.1973
vn -0.0422 -0.9802 0.1936
vn -0.0414 -0.9805 0.1921
vn -0.0447 -0.9790 0.1989
vn -0.0311 -0.9886 0.1471
vn -0.0312 -0.9888 0.1462
vn -0.0312 -0.9891 0.1437
vn -0.0385 -0.9851 0.1674
vn -0.0311 -0.9893 0.1426
vn -0.0286 -0.9914 0.1273
vn -0.0265 -0.9929 0.1160
vn -0.0298 -0.9915 0.1266
vn -0.0258 -0.9930 0.1156
vn -0.0215 -0.9944 0.1032
vn -0.0193 -0.9944 0.1038
vn -0.0202 -0.9955 0.0927
vn -0.0218 -0.9943 0.1039
vn -0.0198 -0.9958 0.0893
vn -0.0169 -0.9971 0.0746
vn -0.0115 -0.9983 0.0579
vn -0.0111 -0.9983 0.0572
vn -0.0110 -0.9983 0.0570
vn -0.0115 -0.9982 0.0582
vn -0.0094 -0.9991 0.0419
vn -0.9524 0.0000 -0.3048
vn -0.9525 -0.0006 -0.3046
vn -0.9537 -0.0010 -0.3007
vn -0.9620 0.0008 -0.2732
vn -0.9542 -0.0013 -0.2993
vn -0.9715 0.0012 -0.2370
vn -0.9670 -0.0015 -0.2548
vn -0.9784 -0.0008 -0.2068
vn -0.9796 0.0002 -0.2007
vn -0.9803 0.0007 -0.1977
vn -0.9777 -0.0013 -0.2098
vn -0.9867 -0.0005 -0.1628
vn -0.9872 0.0001 -0.1595
vn -0.9875 0.0004 -0.1579
vn -0.9864 -0.0008 -0.1644
vn -0.9920 0.0001 -0.1261
vn -0.9938 0.0028 -0.1109
vn -0.9940 0.0003 -0.1094
vn -0.9915 -0.0002 -0.1300
vn -0.9943 -0.0000 -0.1070
vn 0.2979 0.0444 0.9536
vn 0.3000 0.1123 0.9473
vn 0.3005 0.1119 0.9472
vn 0.3008 0.1115 0.9472
vn 0.2974 0.1335 0.9454
vn 0.2853 0.3305 0.8996
vn 0.2864 0.3326 0.8985
vn 0.2910 0.3311 0.8976
vn 0.2857 0.2655 0.9208
vn 0.2567 0.5321 0.8069
vn 0.2650 0.4385 0.8588
vn 0.2157 0.7073 0.6732
vn 0.2292 0.6197 0.7506
vn 0.1619 0.8466 0.5070
vn 0.1920 0.7593 0.6217
vn 0.0992 0.9438 0.3152
vn 0.1006 0.9154 0.3898
vn 0.0335 0.9937 0.1074
vn 0.0333 0.9935 0.1086
vn 0.0333 0.9938 0.1065
vn 0.0330 0.9935 0.1090
vn 0.8101 0.1995 0.5513
vn 0.4727 0.6913 0.5464
vn 0.8027 0.1901 0.5654
vn 0.7740 0.5662 0.2833
vn 0.4581 0.7276 0.5107
vn 0.1013 0.9805 0.1682
vn 0.1265 0.9890 0.0768
vn 0.8746 0.4143 0.2519
vn 0.5788 0.0327 0.8148
vn 0.5781 0.0325 0.8153
vn 0.5802 0.0339 0.8138
vn 0.9467 0.0436 0.3191
vn 0.2894 0.9510 0.1093
vn 0.3959 0.0120 0.9182
vn 0.3959 0.0119 0.9182
vn 0.3961 0.0122 0.9181
vn 0.3956 0.0122 0.9183
vn 0.4601 0.3106 0.8318
vn 0.3517 0.1145 0.9291
vn 0.3475 0.1148 0.9306
vn 0.3471 0.1151 0.9308
vn 0.4563 0.3337 0.8249
vn 0.5804 0.0345 0.8136
vn 0.3560 0.1143 0.9275
vn 0.7086 0.1499 0.6895
vn 0.7069 0.1487 0.6915
vn 0.7129 0.1556 0.6837
vn 0.7136 0.1576 0.6826
vn 0.4597 0.5508 0.6967
vn 0.4476 0.5848 0.6765
vn 0.8247 0.3617 0.4349
vn 0.1839 0.9399 0.2877
vn 0.8310 0.3806 0.4056
vn 0.1614 0.9184 0.3613
vn 0.3366 0.8643 0.3737
vn 0.3060 0.8978 0.3166
vn 0.7732 0.3262 0.5438
vn 0.2329 0.8439 0.4833
vn 0.7647 0.3086 0.5656
vn 0.2515 0.7063 0.6617
vn 0.3392 0.7975 0.4990
vn 0.3931 0.0338 0.9189
vn 0.3901 0.0361 0.9201
vn 0.3904 0.0356 0.9200
vn 0.3623 0.7597 0.5401
vn 0.2126 0.8157 0.5380
vn 0.5689 0.0955 0.8168
vn 0.5722 0.1001 0.8140
vn 0.5727 0.1016 0.8134
vn 0.5680 0.0946 0.8176
vn 0.3943 0.0346 0.9183
vn 0.3307 0.1287 0.9349
vn 0.3307 0.1293 0.9349
vn 0.3399 0.1290 0.9316
vn 0.3402 0.1295 0.9314
vn 0.4175 0.3539 0.8370
vn 0.4089 0.3782 0.8305
vn 0.2766 0.5319 0.8004
vn 0.7942 0.5635 0.2273
vn 0.3561 0.6449 0.6762
vn 0.2872 0.6559 0.6981
vn 0.6867 0.2580 0.6796
vn 0.3755 0.6089 0.6987
vn 0.6787 0.2419 0.6934
vn 0.2920 0.3305 0.8975
vn 0.3169 0.1375 0.9384
vn 0.3159 0.1354 0.9391
vn 0.3201 0.1401 0.9370
vn 0.7602 0.5190 0.3908
vn 0.3651 0.3925 0.8442
vn 0.3272 0.4217 0.8457
vn 0.3521 0.4177 0.8376
vn 0.3209 0.1436 0.9362
vn 0.7574 0.4924 0.4288
vn 0.3257 0.1358 0.9357
vn 0.7165 0.4476 0.5350
vn 0.7102 0.4216 0.5637
vn 0.5523 0.7960 0.2477
vn 0.6755 0.7068 0.2100
vn 0.6873 0.6776 0.2618
vn 0.3886 0.0573 0.9196
vn 0.3825 0.0593 0.9220
vn 0.3831 0.0589 0.9218
vn 0.5563 0.1659 0.8143
vn 0.5510 0.1537 0.8202
vn 0.3893 0.0574 0.9193
vn 0.6696 0.6400 0.3768
vn 0.6747 0.6088 0.4173
vn 0.6382 0.3305 0.6953
vn 0.6442 0.3549 0.6775
vn 0.6429 0.5545 0.5284
vn 0.6430 0.5238 0.5587
vn 0.4182 0.8801 0.2250
vn 0.5763 0.7980 0.1761
vn 0.5304 0.2279 0.8166
vn 0.3802 0.0782 0.9216
vn 0.3735 0.0804 0.9241
vn 0.3739 0.0796 0.9241
vn 0.3807 0.0793 0.9213
vn 0.5262 0.2110 0.8238
vn 0.5661 0.7422 0.3586
vn 0.5791 0.7074 0.4052
vn 0.5881 0.4133 0.6952
vn 0.5886 0.4412 0.6774
vn 0.3017 0.1123 0.9468
vn 0.5645 0.6124 0.5534
vn 0.9190 0.2606 0.2958
vn 0.9480 0.1334 0.2890
vn 0.9297 0.0799 0.3595
vn 0.8586 0.0598 0.5091
vn 0.5579 0.6469 0.5199
vn 0.2653 0.9433 0.1998
vn 0.8999 0.0844 0.4279
vn 0.7335 0.0487 0.6779
vn 0.7286 0.0511 0.6831
vn 0.7349 0.0479 0.6765
vn 0.4435 0.8845 0.1445
vn 0.8274 0.0705 0.5571
vn 0.4956 0.2640 0.8275
vn 0.4958 0.2839 0.8207
vn 0.3672 0.0949 0.9253
vn 0.3611 0.0985 0.9273
vn 0.3624 0.0961 0.9271
vn 0.8598 0.4191 0.2917
vn 0.3691 0.0976 0.9243
vn 0.5294 0.4849 0.6961
vn 0.9283 0.2550 0.2705
vn 0.5241 0.5172 0.6766
vn 0.7267 0.0517 0.6850
vn 0.8778 0.2333 0.4184
vn 0.4464 0.8278 0.3398
vn 0.8716 0.2231 0.4366
vn 0.4680 0.7933 0.3894
vn 0.2973 -0.0808 0.9514
vn 0.2872 -0.2434 0.9264
vn 0.2993 -0.1122 0.9475
vn 0.2716 -0.3996 0.8755
vn 0.2548 -0.5340 0.8062
vn 0.2548 -0.5349 0.8056
vn 0.2548 -0.5329 0.8069
vn 0.2854 -0.3304 0.8997
vn 0.2246 -0.6526 0.7237
vn 0.2548 -0.5321 0.8075
vn 0.1726 -0.7973 0.5783
vn 0.2158 -0.7070 0.6735
vn 0.1056 -0.9271 0.3597
vn 0.1636 -0.8469 0.5061
vn 0.0545 -0.9817 0.1825
vn 0.1026 -0.9437 0.3145
vn 0.0185 -0.9981 0.0595
vn 0.0421 -0.9937 0.1037
vn 0.9692 0.1125 0.2193
vn 0.9207 0.3304 0.2079
vn 0.9528 0.2172 0.2121
vn 0.8257 0.5324 0.1865
vn 0.8697 0.4540 0.1937
vn 0.6895 0.7074 0.1558
vn 0.7366 0.6561 0.1640
vn 0.5186 0.8469 0.1171
vn 0.5598 0.8193 0.1245
vn 0.3223 0.9438 0.0727
vn 0.3442 0.9350 0.0850
vn 0.3439 0.9354 0.0823
vn 0.3500 0.9335 0.0777
vn 0.1161 0.9929 0.0257
vn 0.1131 0.9933 0.0257
vn 0.1093 0.9937 0.0246
vn 0.1197 0.9924 0.0283
vn 0.7010 0.6773 0.2233
vn 0.1180 0.9926 0.0290
vn 0.8510 0.4760 0.2218
vn 0.8636 0.4535 0.2205
vn 0.5304 0.8307 0.1693
vn 0.7311 0.6559 0.1878
vn 0.7929 0.5814 0.1826
vn 0.7925 0.5818 0.1831
vn 0.7916 0.5819 0.1863
vn 0.7902 0.5792 0.2003
vn 0.7927 0.5819 0.1818
vn 0.5555 0.8191 0.1429
vn 0.6191 0.7723 0.1422
vn 0.6150 0.7723 0.1593
vn 0.1337 0.9906 0.0295
vn 0.1319 0.9906 0.0364
vn 0.1306 0.9908 0.0367
vn 0.1116 0.9931 0.0362
vn 0.3347 0.9380 0.0904
vn 0.3476 0.9334 0.0887
vn 0.3828 0.9167 0.1147
vn 0.3897 0.9167 0.0884
vn 0.1327 0.9907 0.0287
vn 0.0807 0.9869 0.1396
vn 0.3116 0.6994 0.6432
vn 0.2087 0.8794 0.4279
vn 0.1212 0.9833 0.1361
vn 0.3039 0.9334 0.1909
vn 0.3429 0.9126 0.2229
vn 0.5079 0.8281 0.2374
vn 0.4918 0.8403 0.2281
vn 0.4876 0.6131 0.6215
vn 0.2775 0.8637 0.4208
vn 0.2619 0.7707 0.5809
vn 0.7261 0.6387 0.2546
vn 0.7258 0.6391 0.2545
vn 0.7261 0.6388 0.2546
vn 0.7157 0.6217 0.3182
vn 0.6886 0.6762 0.2618
vn 0.6204 0.7339 0.2765
vn 0.6257 0.7427 0.2384
vn 0.3182 0.8697 0.3773
vn 0.4417 0.7687 0.4627
vn 0.4324 0.7158 0.5483
vn 0.6559 0.5583 0.5079
vn 0.7753 0.3678 0.5135
vn 0.7198 0.5510 0.4222
vn 0.5760 0.5825 0.5735
vn 0.7290 0.5500 0.4074
vn 0.5929 0.6739 0.4409
vn 0.4709 0.8044 0.3622
vn 0.5252 0.0460 0.8497
vn 0.5193 0.1902 0.8331
vn 0.5308 0.1731 0.8297
vn 0.9505 0.0691 0.3030
vn 0.8762 0.1577 0.4555
vn 0.8736 0.1666 0.4572
vn 0.8761 0.1566 0.4560
vn 0.9153 0.1093 0.3876
vn 0.9154 0.1127 0.3864
vn 0.9155 0.1094 0.3872
vn 0.8729 0.1671 0.4585
vn 0.7776 0.1917 0.5989
vn 0.7846 0.1772 0.5941
vn 0.7337 0.0691 0.6759
vn 0.6626 0.0325 0.7483
vn 0.6599 0.1541 0.7354
vn 0.6676 0.1421 0.7309
vn 0.9486 0.0442 0.3134
vn 0.9476 0.0435 0.3164
vn 0.9486 0.0441 0.3135
vn 0.9476 0.0427 0.3166
vn 0.8721 0.1243 0.4734
vn 0.8725 0.1237 0.4726
vn 0.8751 0.1173 0.4695
vn 0.8752 0.1166 0.4694
vn 0.8592 0.0445 0.5098
vn 0.7805 0.0246 0.6247
vn 0.7796 0.1148 0.6157
vn 0.7801 0.1151 0.6150
vn 0.7839 0.1082 0.6114
vn 0.7843 0.1069 0.6111
vn 0.7833 0.4024 0.4739
vn 0.9475 0.0043 0.3196
vn 0.9474 0.0087 0.3201
vn 0.9475 0.0086 0.3197
vn 0.9473 0.0089 0.3204
vn 0.9479 0.0269 0.3173
vn 0.9475 0.0257 0.3189
vn 0.9479 0.0258 0.3177
vn 0.9473 0.0262 0.3193
vn 0.8728 0.0249 0.4875
vn 0.8722 0.0748 0.4833
vn 0.8724 0.0739 0.4832
vn 0.8741 0.0708 0.4806
vn 0.8745 0.0704 0.4799
vn 0.3960 0.0390 0.9174
vn 0.3536 0.5485 0.7577
vn 0.2936 0.6281 0.7206
vn 0.4643 0.5269 0.7119
vn 0.5156 0.5222 0.6793
vn 0.3724 0.3869 0.8436
vn 0.3342 0.4828 0.8095
vn 0.6319 0.4542 0.6280
vn 0.6599 0.4076 0.6311
vn 0.8097 0.2780 0.5169
vn 0.5012 0.4197 0.7567
vn 0.5182 0.3828 0.7648
vn 0.3805 0.2348 0.8945
vn 0.3500 0.3631 0.8635
vn 0.7759 0.2525 0.5781
vn 0.7750 0.2570 0.5774
vn 0.7746 0.2548 0.5789
vn 0.6500 0.3437 0.6778
vn 0.6614 0.3163 0.6800
vn 0.5269 0.2845 0.8009
vn 0.5096 0.3143 0.8010
vn 0.3795 0.1200 0.9174
vn 0.3709 0.0987 0.9234
vn 0.3659 0.2197 0.9043
vn 0.9146 0.1080 0.3898
vn 0.8792 0.2093 0.4280
vn 0.7832 0.2386 0.5742
vn 0.7765 0.2572 0.5753
vn 0.6539 0.2567 0.7117
vn 0.6660 0.2347 0.7081
vn 0.5766 0.0857 0.8125
vn 0.9472 -0.0088 0.3205
vn 0.9475 -0.0002 0.3197
vn 0.8605 0.0000 0.5095
vn 0.8602 0.0000 0.5099
vn 0.7356 0.0000 0.6774
vn 0.7354 0.0000 0.6776
vn 0.5787 0.0000 0.8155
vn 0.3961 0.0000 0.9182
vn 0.3965 0.0000 0.9181
vn 0.6484 -0.2683 0.7125
vn 0.4765 -0.5712 0.6684
vn 0.5185 -0.4516 0.7261
vn 0.5028 -0.5207 0.6900
vn 0.4873 -0.4426 0.7528
vn 0.9481 -0.0460 0.3146
vn 0.9485 -0.0464 0.3133
vn 0.9482 -0.0448 0.3146
vn 0.9478 -0.0271 0.3178
vn 0.9482 -0.0278 0.3164
vn 0.9478 -0.0273 0.3177
vn 0.8722 -0.0782 0.4828
vn 0.8742 -0.0796 0.4790
vn 0.8716 -0.0787 0.4838
vn 0.8748 -0.0803 0.4779
vn 0.7851 -0.2046 0.5846
vn 0.7742 -0.2020 0.5999
vn 0.6366 -0.4705 0.6110
vn 0.7679 -0.3428 0.5411
vn 0.6541 -0.4322 0.6208
vn 0.6409 -0.3661 0.6747
vn 0.6628 -0.3700 0.6510
vn 0.9482 -0.0828 0.3068
vn 0.8741 -0.1525 0.4612
vn 0.9487 -0.0456 0.3128
vn 0.8762 -0.1328 0.4633
vn 0.8754 -0.1326 0.4648
vn 0.8716 -0.1322 0.4720
vn 0.8711 -0.1324 0.4730
vn 0.8733 -0.2425 0.4226
vn 0.8712 -0.2470 0.4242
vn 0.8720 -0.2457 0.4233
vn 0.8625 -0.2389 0.4462
vn 0.8839 -0.1636 0.4381
vn 0.7839 -0.3407 0.5190
vn 0.7845 -0.2772 0.5547
vn 0.7720 -0.2761 0.5725
vn 0.9476 -0.0090 0.3193
vn 0.2906 -0.6163 0.7319
vn 0.3943 -0.0963 0.9139
vn 0.3712 -0.0740 0.9256
vn 0.5764 -0.0889 0.8123
vn 0.5242 -0.0524 0.8500
vn 0.3580 -0.2228 0.9068
vn 0.3696 -0.3558 0.8584
vn 0.3775 -0.2365 0.8953
vn 0.7338 -0.0708 0.6757
vn 0.6619 -0.0383 0.7486
vn 0.5161 -0.1937 0.8343
vn 0.5310 -0.2035 0.8225
vn 0.3528 -0.4818 0.8021
vn 0.3413 -0.3993 0.8509
vn 0.8596 -0.0453 0.5090
vn 0.7799 -0.0292 0.6252
vn 0.6678 -0.1663 0.7255
vn 0.6568 -0.1597 0.7370
vn 0.5012 -0.3253 0.8019
vn 0.5276 -0.3350 0.7806
vn 0.9477 -0.0271 0.3181
vn 0.8725 -0.0275 0.4878
vn 0.9475 -0.0092 0.3195
vn 0.3395 -0.6278 0.7004
vn 0.3224 -0.5358 0.7804
vn 0.7845 -0.1239 0.6076
vn 0.7838 -0.1243 0.6085
vn 0.7787 -0.1209 0.6157
vn 0.7780 -0.1201 0.6166
vn 0.6664 -0.2737 0.6936
vn 0.0915 -0.9898 0.1088
vn 0.0918 -0.9898 0.1086
vn 0.0902 -0.9900 0.1082
vn 0.2176 -0.7786 0.5886
vn 0.2388 -0.8810 0.4085
vn 0.3259 -0.7620 0.5596
vn 0.5015 -0.6837 0.5302
vn 0.6503 -0.5278 0.5463
vn 0.3807 -0.7276 0.5707
vn 0.5439 -0.7006 0.4618
vn 0.1622 -0.9563 0.2434
vn 0.1415 -0.9376 0.3175
vn 0.0923 -0.9899 0.1078
vn 0.7807 -0.4661 0.4162
vn 0.7561 -0.5743 0.3138
vn 0.7905 -0.4486 0.4170
vn 0.6683 -0.5657 0.4831
vn 0.3073 -0.9345 0.1796
vn 0.4044 -0.8431 0.3545
vn 0.2977 -0.8790 0.3725
vn 0.3303 -0.9223 0.2007
vn 0.5111 -0.8283 0.2295
vn 0.4800 -0.8518 0.2096
vn 0.4509 -0.8134 0.3675
vn 0.5535 -0.7582 0.3446
vn 0.6903 -0.6764 0.2568
vn 0.7201 -0.6476 0.2490
vn 0.6865 -0.6508 0.3244
vn 0.7054 -0.6287 0.3272
vn 0.6158 -0.7547 0.2262
vn 0.5924 -0.7243 0.3527
vn 0.1093 -0.9937 0.0246
vn 0.1099 -0.9936 0.0261
vn 0.1161 -0.9929 0.0257
vn 0.3226 -0.9437 0.0728
vn 0.1211 -0.9922 0.0299
vn 0.5189 -0.8468 0.1172
vn 0.3481 -0.9341 0.0794
vn 0.3480 -0.9341 0.0799
vn 0.3501 -0.9335 0.0778
vn 0.6897 -0.7071 0.1558
vn 0.5598 -0.8193 0.1245
vn 0.8257 -0.5325 0.1865
vn 0.7366 -0.6561 0.1642
vn 0.7366 -0.6561 0.1640
vn 0.9206 -0.3306 0.2079
vn 0.8710 -0.4520 0.1924
vn 0.8712 -0.4526 0.1901
vn 0.8697 -0.4540 0.1937
vn 0.9692 -0.1124 0.2193
vn 0.9698 -0.1069 0.2194
vn 0.9690 -0.1119 0.2201
vn 0.9528 -0.2174 0.2121
vn 0.7008 -0.6775 0.2234
vn 0.1069 -0.9938 0.0295
vn 0.1135 -0.9931 0.0304
vn 0.1053 -0.9941 0.0277
vn 0.3493 -0.9334 0.0818
vn 0.1137 -0.9931 0.0300
vn 0.3353 -0.9378 0.0903
vn 0.3076 -0.9474 0.0882
vn 0.3063 -0.9480 0.0867
vn 0.3077 -0.9477 0.0846
vn 0.3082 -0.9476 0.0841
vn 0.7365 -0.6561 0.1644
vn 0.5552 -0.8191 0.1445
vn 0.5373 -0.8308 0.1453
vn 0.4995 -0.8582 0.1178
vn 0.4934 -0.8582 0.1416
vn 0.8710 -0.4536 0.1890
vn 0.7961 -0.5624 0.2236
vn 0.7962 -0.5623 0.2236
vn 0.7962 -0.5622 0.2235
vn 0.7992 -0.5677 0.1974
vn 0.6563 -0.7306 0.1886
vn 0.6568 -0.7301 0.1886
vn 0.6577 -0.7302 0.1849
vn 0.6576 -0.7304 0.1844
vn 0.0928 -0.9934 0.0668
vn 0.2963 -0.9489 0.1087
vn 0.0632 -0.9961 0.0613
vn 0.4847 -0.8626 0.1447
vn 0.2060 -0.9741 0.0935
vn 0.6517 -0.7378 0.1759
vn 0.3740 -0.9185 0.1287
vn 0.7900 -0.5798 0.1994
vn 0.5548 -0.8156 0.1640
vn 0.8907 -0.4015 0.2134
vn 0.7119 -0.6755 0.1922
vn 0.9532 -0.2090 0.2186
vn 0.8367 -0.5051 0.2117
vn 0.9235 -0.3130 0.2217
vn 0.9699 -0.1055 0.2193
vn 0.4041 -0.8581 0.3170
vn 0.4819 -0.8155 0.3205
vn 0.6352 -0.7078 0.3090
vn 0.6351 -0.7080 0.3089
vn 0.6350 -0.7079 0.3092
vn 0.5309 -0.7850 0.3193
vn 0.4871 -0.8231 0.2921
vn 0.8791 -0.1862 0.4387
vn 0.8105 -0.5036 0.2992
vn 0.8737 -0.4189 0.2474
vn 0.6360 -0.7073 0.3085
vn 0.6495 -0.6980 0.3016
vn 0.6389 -0.7123 0.2907
vn 0.1695 -0.9538 0.2481
vn 0.1718 -0.9542 0.2451
vn 0.1717 -0.9536 0.2473
vn 0.3755 -0.8837 0.2793
vn 0.4981 -0.8276 0.2588
vn 0.4973 -0.8276 0.2603
vn 0.4973 -0.8275 0.2605
vn 0.5529 -0.8006 0.2310
vn 0.1685 -0.9540 0.2480
vn 0.5696 -0.7624 0.3070
vn 0.5752 -0.7680 0.2815
vn 0.1716 -0.9333 0.3153
vn 0.2880 -0.9115 0.2935
vn 0.5285 -0.7803 0.3345
vn 0.4074 -0.8642 0.2951
vn 0.5369 -0.7717 0.3409
vn 0.1613 -0.9465 0.2797
vn -0.0971 -0.8881 0.4493
vn -0.0973 -0.8881 0.4493
vn 0.0499 -0.9590 0.2791
vn 0.0499 -0.9591 0.2788
vn 0.0482 -0.9579 0.2831
vn 0.0489 -0.9582 0.2819
vn 0.0479 -0.9571 0.2857
vn 0.2541 -0.9162 0.3098
vn 0.2530 -0.9144 0.3160
vn 0.2538 -0.9147 0.3145
vn 0.4481 -0.8343 0.3211
vn 0.4479 -0.8329 0.3251
vn 0.4498 -0.8336 0.3206
vn 0.2537 -0.9168 0.3083
vn 0.2538 -0.9165 0.3092
vn 0.2527 -0.9175 0.3072
vn 0.2536 -0.9179 0.3051
vn 0.6207 -0.7132 0.3257
vn 0.6206 -0.7129 0.3265
vn 0.6207 -0.7132 0.3258
vn 0.4487 -0.8347 0.3195
vn 0.4490 -0.8358 0.3160
vn 0.4475 -0.8352 0.3196
vn 0.6208 -0.7133 0.3252
vn 0.7779 -0.5705 0.2633
vn 0.6223 -0.6899 0.3698
vn 0.9021 -0.4122 0.1277
vn 0.9022 -0.4120 0.1277
vn 0.8083 -0.1338 0.5734
vn 0.7477 -0.4297 0.5063
vn 0.3157 -0.9217 0.2254
vn 0.5298 -0.8018 0.2765
vn 0.0769 -0.9756 0.2057
vn 0.0794 -0.9736 0.2140
vn 0.0790 -0.9751 0.2073
vn 0.1503 -0.9558 0.2527
vn 0.3893 -0.8753 0.2870
vn 0.3724 -0.8782 0.3001
vn 0.7179 -0.6463 0.2585
vn 0.7172 -0.6475 0.2575
vn 0.7167 -0.6483 0.2569
vn 0.8729 -0.4706 0.1287
vn 0.5808 -0.7721 0.2582
vn 0.4977 -0.8269 0.2618
vn 0.5769 -0.7662 0.2830
vn 0.8531 -0.4654 0.2358
vn 0.7763 -0.5653 0.2787
vn 0.6171 -0.7426 0.2601
vn 0.1067 -0.9551 0.2763
vn 0.0389 -0.9562 0.2900
vn 0.4491 -0.8393 0.3064
vn 0.2506 -0.9141 0.3188
vn 0.3122 -0.9046 0.2903
vn 0.2923 -0.9179 0.2682
vn 0.8641 -0.4521 0.2210
vn 0.0757 -0.9735 0.2157
vn 0.7920 -0.5615 0.2396
vn 0.7922 -0.5651 0.2303
vn 0.7930 -0.5645 0.2291
vn 0.6990 -0.6740 0.2390
vn 0.6956 -0.6760 0.2433
vn 0.6955 -0.6757 0.2444
vn 0.7924 -0.5606 0.2403
vn 0.7190 -0.6478 0.2520
vn 0.5170 -0.8232 0.2345
vn 0.5186 -0.8229 0.2320
vn 0.5187 -0.8228 0.2324
vn 0.6462 -0.7257 0.2364
vn 0.6472 -0.7240 0.2387
vn 0.6463 -0.7257 0.2361
vn 0.6476 -0.7253 0.2336
vn 0.5324 -0.8074 0.2542
vn 0.3062 -0.9269 0.2169
vn 0.4718 -0.8479 0.2418
vn 0.4737 -0.8508 0.2274
vn 0.3141 -0.9180 0.2421
vn 0.0761 -0.9795 0.1864
vn 0.0794 -0.9791 0.1873
vn 0.0716 -0.9801 0.1851
vn 0.0685 -0.9805 0.1843
vn 0.0640 -0.9750 0.2127
vn 0.2782 -0.9371 0.2108
vn 0.2749 -0.9328 0.2330
vn -0.0226 -0.9989 0.0414
vn -0.2780 -0.9604 -0.0175
vn -0.1173 -0.9929 0.0195
vn -0.1176 -0.9929 0.0195
vn -0.1168 -0.9930 0.0199
vn -0.1185 -0.9928 0.0193
vn -0.4451 -0.8936 -0.0576
vn -0.3345 -0.9419 -0.0322
vn -0.6094 -0.7866 -0.0996
vn -0.5444 -0.8346 -0.0843
vn -0.8602 -0.4804 -0.1709
vn -0.8588 -0.4831 -0.1704
vn -0.8623 -0.4764 -0.1718
vn -0.7495 -0.6475 -0.1378
vn -0.7264 -0.6744 -0.1324
vn -0.9344 -0.2976 -0.1956
vn -0.9345 -0.2976 -0.1955
vn -0.8631 -0.4748 -0.1721
vn -0.9720 -0.0982 -0.2133
vn -0.9718 -0.1011 -0.2133
vn -0.9724 -0.0932 -0.2138
vn -0.9412 -0.2731 -0.1988
vn -0.9726 -0.0904 -0.2141
vn 0.6979 -0.6722 0.2472
vn 0.7047 -0.6355 0.3157
vn 0.5175 -0.8240 0.2308
vn 0.6050 -0.7958 0.0262
vn 0.6303 -0.7313 0.2606
vn 0.3087 -0.9297 0.2010
vn 0.4094 -0.8840 0.2258
vn 0.0838 -0.9832 0.1623
vn 0.0640 -0.9853 0.1584
vn 0.0640 -0.9852 0.1589
vn 0.0602 -0.9850 0.1614
vn 0.0618 -0.9861 0.1540
vn 0.2397 -0.9504 0.1981
vn 0.2253 -0.9417 0.2498
vn 0.7066 -0.5611 0.4312
vn 0.8286 -0.4287 0.3601
vn 0.7575 -0.5803 0.2991
vn 0.6937 -0.6333 0.3430
vn 0.6126 -0.7327 0.2964
vn 0.5794 -0.7199 0.3821
vn 0.5563 -0.7841 0.2751
vn 0.3030 -0.9178 0.2564
vn 0.3012 -0.9207 0.2481
vn 0.3004 -0.9199 0.2520
vn 0.5177 -0.8004 0.3023
vn 0.1651 -0.9672 0.1930
vn 0.4048 -0.8818 0.2420
vn 0.4491 -0.8544 0.2614
vn 0.4270 -0.8461 0.3190
vn 0.0841 -0.9824 0.1665
vn 0.0827 -0.9828 0.1651
vn 0.0825 -0.9835 0.1611
vn 0.0715 -0.9853 0.1554
vn 0.2624 -0.9383 0.2254
vn 0.3568 -0.9311 -0.0762
vn -0.2960 -0.9460 0.1325
vn -0.7333 -0.6734 0.0943
vn -0.5592 -0.8246 0.0852
vn -0.6879 -0.7233 0.0599
vn -0.6948 -0.7177 0.0460
vn -0.5016 -0.8574 0.1148
vn -0.5002 -0.8582 0.1156
vn -0.5059 -0.8554 0.1111
vn -0.5098 -0.8535 0.1079
vn -0.5019 -0.8629 0.0593
vn -0.3659 -0.9216 0.1299
vn -0.4721 -0.8701 0.1418
vn -0.1705 -0.9416 0.2905
vn -0.2233 -0.9568 0.1862
vn -0.4359 -0.8912 0.1254
vn -0.7308 -0.6785 0.0746
vn -0.5529 -0.8320 0.0446
vn -0.5528 -0.8321 0.0445
vn -0.5524 -0.8324 0.0444
vn -0.8598 -0.5082 0.0499
vn -0.8603 -0.4948 -0.1226
vn -0.8486 -0.5257 -0.0597
vn -0.8018 -0.5972 -0.0209
vn -0.8650 -0.4990 -0.0521
vn -0.8013 -0.5910 0.0928
vn -0.8608 -0.5054 0.0593
vn -0.7287 -0.6816 0.0664
vn -0.7338 -0.6698 0.1131
vn -0.5544 -0.8303 0.0562
vn -0.8646 -0.5023 0.0069
vn -0.9434 -0.2945 0.1524
vn -0.7594 -0.6452 0.0838
vn -0.8376 -0.5456 -0.0261
vn -0.3835 -0.8767 0.2903
vn -0.8683 -0.4905 0.0739
vn -0.8512 -0.5099 0.1244
vn -0.7302 -0.6775 0.0884
vn -0.5745 -0.7817 0.2427
vn -0.5736 -0.7848 0.2346
vn -0.5729 -0.7831 0.2419
vn -0.8083 -0.5880 0.0298
vn -0.6264 -0.7697 0.1230
vn -0.7491 -0.6538 0.1072
vn -0.8662 -0.4846 0.1217
vn -0.7785 -0.6033 -0.1730
vn -0.7812 -0.6011 -0.1687
vn -0.7790 -0.6029 -0.1724
vn -0.7762 -0.6002 -0.1930
vn -0.4951 -0.8618 -0.1101
vn -0.4950 -0.8619 -0.1099
vn -0.4957 -0.8611 -0.1127
vn -0.7850 -0.5954 -0.1713
vn -0.4950 -0.8619 -0.1096
vn -0.7972 -0.5845 -0.1509
vn -0.5300 -0.8453 -0.0671
vn -0.4810 -0.8508 -0.2116
vn -0.7935 -0.6010 -0.0955
vn -0.8200 -0.5586 -0.1250
vn -0.7255 -0.6667 -0.1710
vn -0.7230 -0.6719 -0.1607
vn -0.7255 -0.6679 -0.1659
vn -0.8586 -0.5062 -0.0814
vn -0.8718 -0.4690 -0.1413
vn -0.5154 -0.8567 0.0209
vn -0.7669 -0.6406 0.0391
vn -0.7801 -0.6143 -0.1182
vn -0.7328 -0.6804 -0.0017
vn -0.5398 -0.8344 0.1117
vn -0.5518 -0.8332 0.0355
vn -0.7432 -0.6689 0.0108
vn -0.5631 -0.8263 -0.0103
vn -0.8265 -0.5498 -0.1211
vn -0.8579 -0.5121 -0.0415
vn -0.8582 -0.5117 -0.0412
vn -0.8587 -0.5110 -0.0382
vn -0.5658 -0.8244 0.0141
vn -0.5500 -0.8336 0.0519
vn -0.8581 -0.5117 -0.0419
vn -0.5870 -0.8087 0.0385
vn -0.5250 -0.8224 0.2193
vn -0.7473 -0.6640 -0.0264
vn -0.7223 -0.6899 -0.0492
vn -0.5158 -0.8376 0.1796
vn -0.7566 -0.6508 0.0639
vn -0.6876 -0.7257 0.0217
vn -0.4823 -0.8671 0.1250
vn -0.4884 -0.8628 0.1302
vn -0.4822 -0.8671 0.1250
vn -0.4998 -0.8583 0.1162
vn -0.7434 -0.6687 -0.0128
vn -0.4814 -0.8677 0.1239
vn -0.5565 -0.8294 0.0479
vn -0.3723 -0.9114 0.1755
vn -0.1519 -0.9762 0.1550
vn -0.5621 -0.8098 0.1683
vn -0.3714 -0.9135 0.1662
vn -0.2197 -0.9549 0.1996
vn -0.2218 -0.9544 0.1998
vn -0.2212 -0.9545 0.1999
vn -0.5699 -0.8010 0.1834
vn -0.5714 -0.8003 0.1816
vn -0.5710 -0.7999 0.1846
vn -0.5182 -0.8447 0.1341
vn -0.1670 -0.9516 0.2580
vn -0.5599 -0.8256 0.0707
vn -0.5632 -0.8065 0.1796
vn -0.2190 -0.9551 0.1996
vn -0.3761 -0.9035 0.2056
vn -0.2327 -0.9459 0.2262
vn -0.5773 -0.8123 0.0832
vn -0.1650 -0.9523 0.2566
vn -0.5805 -0.8138 0.0271
vn -0.1563 -0.9729 0.1701
vn -0.6004 -0.7721 0.2080
vn -0.5258 -0.8384 0.1433
vn -0.9570 -0.2657 0.1162
vn -0.8804 -0.4721 -0.0443
vn -0.7756 -0.6305 0.0294
vn -0.8666 -0.4801 0.1360
vn -0.6365 -0.7662 0.0886
vn -0.7378 -0.6490 0.1857
vn -0.4712 -0.8709 0.1398
vn -0.5739 -0.7852 0.2326
vn -0.3041 -0.9320 0.1974
vn -0.1475 -0.9406 0.3058
vn -0.3822 -0.8829 0.2729
vn -0.8887 -0.0605 -0.4546
vn -0.9065 -0.1702 -0.3864
vn -0.8951 -0.3309 -0.2988
vn -0.8120 -0.5321 -0.2397
vn -0.7973 -0.5537 -0.2405
vn -0.9377 -0.1911 -0.2901
vn -0.9178 -0.3243 -0.2292
vn -0.8940 -0.3669 -0.2573
vn -0.8964 -0.3678 -0.2472
vn -0.8966 -0.3666 -0.2484
vn -0.6811 -0.7079 -0.1872
vn -0.7149 -0.6694 -0.2023
vn -0.7088 -0.6738 -0.2089
vn -0.7143 -0.6692 -0.2050
vn -0.8022 -0.5529 -0.2255
vn -0.8462 -0.4707 -0.2500
vn -0.8460 -0.4686 -0.2542
vn -0.8461 -0.4705 -0.2506
vn -0.7923 -0.5662 -0.2276
vn -0.7131 -0.6729 -0.1967
vn -0.8857 -0.4141 -0.2100
vn -0.8810 -0.3720 -0.2922
vn -0.8601 -0.4669 -0.2056
vn -0.8180 -0.5335 -0.2149
vn -0.8062 -0.5537 -0.2085
vn -0.8104 -0.5526 -0.1947
vn -0.8023 -0.5654 -0.1916
vn -0.5403 -0.8408 -0.0343
vn -0.6863 -0.7082 -0.1657
vn -0.7261 -0.6695 -0.1570
vn -0.7252 -0.6716 -0.1516
vn -0.8295 -0.5301 -0.1759
vn -0.9502 -0.1784 -0.2557
vn -0.9497 -0.1851 -0.2526
vn -0.9494 -0.1866 -0.2527
vn -0.8919 -0.3947 -0.2209
vn -0.9504 -0.1751 -0.2572
vn -0.8804 -0.4195 -0.2212
vn -0.9133 -0.3644 -0.1820
vn -0.8154 -0.5538 -0.1686
vn -0.8141 -0.5521 -0.1803
vn -0.8128 -0.5550 -0.1770
vn -0.8599 -0.4715 -0.1955
vn -0.8603 -0.4676 -0.2029
vn -0.8597 -0.4709 -0.1981
vn -0.8177 -0.5508 -0.1671
vn -0.6990 -0.7047 -0.1216
vn -0.7291 -0.6690 -0.1445
vn -0.7253 -0.6720 -0.1495
vn -0.7287 -0.6690 -0.1464
vn -0.7278 -0.6712 -0.1406
vn -0.8072 -0.5645 -0.1724
vn -0.9597 -0.1896 -0.2076
vn -0.9579 -0.1981 -0.2080
vn -0.9583 -0.1966 -0.2075
vn -0.9046 -0.3695 -0.2125
vn -0.8716 -0.4645 -0.1566
vn -0.8675 -0.4699 -0.1630
vn -0.8687 -0.4690 -0.1594
vn -0.8157 -0.5623 -0.1361
vn -0.8238 -0.5480 -0.1450
vn -0.8216 -0.5509 -0.1466
vn -0.8269 -0.5451 -0.1379
vn -0.8252 -0.5490 -0.1328
vn -0.7378 -0.6673 -0.1019
vn -0.7363 -0.6688 -0.1028
vn -0.7394 -0.6656 -0.1012
vn -0.7388 -0.6676 -0.0925
vn -0.7038 -0.7043 -0.0932
vn -0.9602 -0.1865 -0.2077
vn -0.8955 -0.4147 -0.1617
vn -0.8964 -0.4127 -0.1619
vn -0.8951 -0.4152 -0.1622
vn -0.8166 -0.5640 -0.1229
vn -0.8968 -0.4116 -0.1621
vn -0.9263 -0.3586 -0.1160
vn -0.8315 -0.5452 -0.1066
vn -0.8281 -0.5480 -0.1179
vn -0.8298 -0.5457 -0.1169
vn -0.8732 -0.4649 -0.1461
vn -0.8733 -0.4649 -0.1458
vn -0.8311 -0.5463 -0.1043
vn -0.7397 -0.6681 -0.0805
vn -0.7395 -0.6675 -0.0876
vn -0.7383 -0.6695 -0.0820
vn -0.7130 -0.6990 -0.0546
vn -0.5345 -0.8435 -0.0530
vn -0.5348 -0.8432 -0.0550
vn -0.5333 -0.8442 -0.0534
vn -0.8204 -0.5607 -0.1119
vn -0.7413 -0.6665 -0.0793
vn -0.9674 -0.1953 -0.1615
vn -0.9524 -0.2582 -0.1621
vn -0.9035 -0.4169 -0.0996
vn -0.8470 -0.5250 -0.0828
vn -0.9180 -0.3664 -0.1519
vn -0.9189 -0.3687 -0.1404
vn -0.9172 -0.3702 -0.1474
vn -0.8825 -0.4598 -0.0987
vn -0.8806 -0.4628 -0.1015
vn -0.8811 -0.4621 -0.1005
vn -0.8366 -0.5432 -0.0710
vn -0.8335 -0.5460 -0.0849
vn -0.8270 -0.5570 -0.0758
vn -0.7162 -0.6973 -0.0289
vn -0.7148 -0.6989 -0.0255
vn -0.7167 -0.6971 -0.0209
vn -0.7458 -0.6651 -0.0379
vn -0.7468 -0.6642 -0.0318
vn -0.7501 -0.6606 -0.0303
vn -0.7480 -0.6624 -0.0416
vn -0.9999 0.0019 -0.0128
vn -0.8552 -0.5170 -0.0374
vn -0.9044 -0.4104 -0.1169
vn -0.9386 -0.3443 -0.0214
vn -0.8820 -0.4614 -0.0956
vn -0.8390 -0.5413 -0.0543
vn -0.7181 -0.6957 -0.0193
vn -0.8422 -0.5380 -0.0362
vn -0.9727 -0.2030 -0.1122
vn -0.9877 -0.1074 -0.1134
vn -0.9419 -0.3349 0.0269
vn -0.8952 -0.4456 -0.0042
vn -0.8901 -0.4538 -0.0425
vn -0.9460 -0.3185 -0.0594
vn -0.9188 -0.3889 -0.0674
vn -0.9277 -0.3617 -0.0921
vn -0.8555 -0.5175 -0.0204
vn -0.8422 -0.5386 -0.0252
vn -0.8446 -0.5353 -0.0098
vn -0.9508 -0.3093 -0.0192
vn -0.9687 -0.1948 -0.1540
vn -0.9724 -0.1858 -0.1413
vn -0.9723 -0.2326 -0.0226
vn -0.9941 -0.0966 -0.0487
vn -0.9804 -0.1847 -0.0683
vn -0.9808 -0.1821 -0.0697
vn -0.9796 -0.1901 -0.0655
vn -0.8836 -0.4680 0.0150
vn -0.9793 -0.1917 -0.0650
vn -0.9995 -0.0014 -0.0324
vn -0.9520 -0.3050 -0.0238
vn -0.9524 -0.3038 -0.0238
vn -0.9522 -0.3045 -0.0242
vn -0.9514 -0.3070 -0.0239
vn -0.3303 -0.9427 -0.0459
vn -0.0929 -0.9937 -0.0631
vn -0.4990 -0.8482 -0.1776
vn -0.0555 -0.9944 -0.0904
vn -0.3474 -0.9353 -0.0677
vn -0.4875 -0.8603 -0.1491
vn -0.5585 -0.8238 -0.0976
vn -0.5452 -0.8054 -0.2325
vn -0.9269 -0.2288 -0.2974
vn -0.9268 -0.2291 -0.2975
vn -0.9270 -0.2287 -0.2973
vn -0.8932 -0.3686 -0.2577
vn -0.8487 -0.4681 -0.2462
vn -0.7834 -0.5673 -0.2539
vn -0.7575 -0.5973 -0.2634
vn -0.2052 -0.9787 -0.0084
vn -0.2125 -0.9771 -0.0078
vn -0.2032 -0.9791 -0.0088
vn -0.3391 -0.8469 -0.4096
vn -0.2029 -0.9792 -0.0086
vn -0.3770 -0.9222 -0.0859
vn -0.6008 -0.7956 -0.0782
vn -0.7815 -0.6008 -0.1681
vn -0.9270 -0.2288 -0.2973
vn -0.9385 -0.2139 -0.2711
vn -0.8978 -0.3686 -0.2409
vn -0.8558 -0.4679 -0.2206
vn -0.9523 -0.2091 -0.2225
vn -0.1316 -0.9888 0.0698
vn -0.4841 -0.8697 -0.0968
vn -0.1992 -0.9800 -0.0008
vn -0.3306 -0.9432 -0.0334
vn -0.5466 -0.8357 -0.0534
vn -0.0910 -0.9934 -0.0697
vn -0.5087 -0.8492 -0.1419
vn -0.3437 -0.9390 0.0136
vn -0.5012 -0.8590 -0.1048
vn -0.7801 -0.5922 -0.2017
vn -0.8012 -0.5662 -0.1937
vn -0.9346 -0.2327 -0.2690
vn -0.8639 -0.4665 -0.1899
vn -0.9059 -0.3673 -0.2110
vn -0.5860 -0.7816 -0.2137
vn -0.6422 -0.7641 -0.0611
vn -0.5612 -0.8270 -0.0322
vn -0.9503 -0.2111 -0.2290
vn -0.9494 -0.2125 -0.2314
vn -0.9504 -0.2113 -0.2285
vn -0.7771 -0.6139 -0.1387
vn -0.7766 -0.6137 -0.1424
vn -0.7778 -0.6118 -0.1441
vn -0.3932 -0.9189 -0.0304
vn -0.2074 -0.9772 0.0452
vn -0.4006 -0.9142 -0.0617
vn -0.8203 -0.5598 -0.1174
vn -0.9102 -0.3672 -0.1917
vn -0.8686 -0.4658 -0.1691
vn -0.8036 -0.5882 -0.0907
vn -0.7790 -0.6118 -0.1376
vn -0.9502 -0.2123 -0.2281
vn -0.9544 -0.2334 -0.1861
vn -0.6346 -0.7646 -0.1126
vn -0.6384 -0.7685 0.0435
vn -0.2142 -0.9754 0.0520
vn -0.2200 -0.9744 0.0460
vn -0.2214 -0.9740 0.0472
vn -0.2195 -0.9745 0.0473
vn -0.4984 -0.8661 -0.0382
vn -0.4218 -0.9058 0.0399
vn -0.5294 -0.8483 0.0101
vn -0.5517 -0.8300 -0.0820
vn -0.2111 -0.9759 0.0558
vn -0.4041 -0.9145 0.0180
vn -0.5522 -0.8332 0.0295
vn -0.1557 -0.9716 0.1784
vn -0.3390 -0.9408 0.0038
vn -0.1400 -0.9620 0.2345
vn -0.3675 -0.9299 0.0170
vn -0.8765 -0.4630 -0.1319
vn -0.9183 -0.3642 -0.1553
vn -0.7998 -0.5832 -0.1424
vn -0.8147 -0.5637 -0.1359
vn -0.9486 -0.2237 -0.2238
vn -0.7905 -0.6066 -0.0846
vn -0.9607 -0.2109 -0.1806
vn -0.9209 -0.3644 -0.1384
vn -0.8810 -0.4611 -0.1058
vn -0.8327 -0.5518 -0.0462
vn -0.8200 -0.5717 -0.0255
vn -0.9650 -0.2153 -0.1498
vn -0.9650 -0.2156 -0.1494
vn -0.9650 -0.2156 -0.1495
vn -0.7891 -0.6038 -0.1129
vn -0.9650 -0.2157 -0.1494
vn -0.5750 -0.7943 -0.1962
vn -0.5910 -0.8053 0.0476
vn -0.5409 -0.8397 -0.0485
vn -0.1320 -0.9882 0.0774
vn -0.3522 -0.9342 0.0568
vn -0.6332 -0.7676 0.0988
vn -0.2268 -0.9684 0.1037
vn -0.2349 -0.9668 0.1006
vn -0.2345 -0.9669 0.1003
vn -0.2274 -0.9686 0.1005
vn -0.5933 -0.8027 -0.0605
vn -0.5610 -0.7455 0.3599
vn -0.5109 -0.8593 0.0223
vn -0.2251 -0.9684 0.1076
vn -0.5381 -0.8403 0.0664
vn -0.5702 -0.8213 -0.0205
vn -0.5601 -0.8242 0.0833
vn -0.4145 -0.9068 0.0768
vn -0.1411 -0.9549 0.2611
vn -0.1601 -0.9634 0.2152
vn -0.3532 -0.9332 0.0664
vn -0.3792 -0.9221 0.0767
vn -0.9755 -0.1820 -0.1238
vn -0.9278 -0.3599 -0.0982
vn -0.9741 -0.1646 -0.1553
vn -0.8611 -0.5059 -0.0515
vn -0.1378 -0.9856 0.0979
vn -0.3633 -0.9241 0.1181
vn -0.0923 -0.9933 0.0698
vn -0.2768 -0.9485 0.1540
vn -0.2407 -0.9582 0.1546
vn 0.0917 0.9936 0.0663
vn 0.0931 0.9934 0.0667
vn 0.0893 0.9938 0.0660
vn 0.0876 0.9940 0.0656
vn 0.2962 0.9489 0.1094
vn 0.2793 0.9543 0.1065
vn 0.4845 0.8623 0.1473
vn 0.4648 0.8736 0.1441
vn 0.6524 0.7365 0.1787
vn 0.6351 0.7521 0.1761
vn 0.7910 0.5775 0.2020
vn 0.7779 0.5955 0.2005
vn 0.8930 0.3946 0.2162
vn 0.8846 0.4135 0.2157
vn 0.9500 0.2201 0.2214
vn 0.9493 0.2233 0.2215
vn 0.9510 0.2158 0.2214
vn 0.9728 0.0752 0.2190
vn 0.9516 0.2134 0.2213
vn 0.7743 -0.4169 0.4761
vn 0.9442 -0.1038 0.3125
vn 0.0871 -0.9886 0.1230
vn 0.8735 -0.2408 0.4232
vn 0.9325 -0.1982 0.3020
vn 0.6717 -0.6293 0.3910
vn 0.8997 -0.3236 0.2929
vn 0.8353 -0.3491 0.4248
vn 0.8342 -0.4295 0.3459
vn 0.8331 -0.4304 0.3475
vn 0.8345 -0.4293 0.3455
vn 0.8347 -0.4306 0.3434
vn 0.4992 -0.7970 0.3399
vn 0.6578 -0.6962 0.2874
vn 0.8013 -0.5241 0.2885
vn 0.7321 -0.6018 0.3193
vn 0.7053 -0.5949 0.3855
vn 0.4890 -0.8368 0.2462
vn 0.5937 -0.7637 0.2537
vn 0.5621 -0.7565 0.3344
vn 0.0876 -0.9833 0.1597
vn 0.3090 -0.9188 0.2454
vn 0.2954 -0.9362 0.1906
vn 0.1027 -0.9816 0.1609
vn 0.3792 -0.9045 0.1952
vn 0.3467 -0.8967 0.2754
vn 0.1178 -0.9853 0.1239
vn -0.5587 -0.5843 0.5885
vn -0.7298 -0.6825 -0.0405
vn -0.7245 -0.6831 0.0925
vn -0.1519 -0.9820 0.1124
vn -0.8429 -0.3324 -0.4230
vn -0.6985 -0.1335 0.7030
vn -0.6531 -0.1739 0.7370
vn -0.5933 -0.3109 0.7425
vn -0.6384 -0.4376 0.6332
vn -0.7795 -0.6000 0.1802
vn -0.7724 -0.5569 0.3054
vn -0.8793 -0.4631 -0.1110
vn -0.8817 -0.4599 -0.1052
vn -0.8812 -0.4605 -0.1068
vn -0.9013 -0.3830 -0.2023
vn -0.8811 -0.4588 -0.1149
vn -0.8080 -0.3637 0.4636
vn -0.8196 -0.4457 0.3599
vn -0.9144 -0.4035 0.0337
vn -0.9058 -0.4211 -0.0466
vn -0.9427 -0.0071 0.3337
vn -0.9431 -0.0050 0.3324
vn -0.9432 -0.0036 0.3323
vn -0.8386 -0.1200 0.5313
vn -0.8307 -0.1443 0.5377
vn -0.8460 -0.2370 0.4775
vn -0.9416 -0.2994 0.1544
vn -0.9354 -0.3431 0.0855
vn -0.9933 -0.0011 0.1156
vn -0.9933 -0.0006 0.1153
vn -0.9933 -0.0003 0.1155
vn -0.9567 -0.1748 0.2328
vn -0.9593 -0.1595 0.2332
vn -0.9573 -0.2241 0.1827
vn -0.9600 -0.1640 -0.2271
vn -0.9630 -0.0614 -0.2626
vn -0.9631 -0.2065 -0.1727
vn -0.9576 -0.1922 -0.2147
vn -0.9511 -0.0556 -0.3040
vn -0.9713 -0.1857 -0.1489
vn -0.9607 -0.0656 -0.2699
vn -0.9681 -0.0863 -0.2354
vn -0.8701 -0.3237 -0.3718
vn -0.9970 0.0234 -0.0740
vn -0.9734 -0.1944 -0.1214
vn -0.9916 -0.0129 -0.1289
vn -0.9813 -0.1812 -0.0641
vn -0.9927 -0.1204 -0.0095
vn -0.9865 -0.0410 -0.1583
vn -0.9865 -0.0416 -0.1581
vn -0.9868 -0.0450 -0.1555
vn -0.3247 -0.1087 0.9396
vn -0.9906 -0.1344 -0.0256
vn -0.9910 0.0788 -0.1081
vn -0.9884 -0.0334 -0.1484
vn -0.9969 -0.0784 0.0016
vn -0.9951 -0.0989 -0.0056
vn -0.3651 -0.9286 0.0668
vn -0.2117 -0.9256 0.3138
vn -0.2225 -0.9629 0.1525
vn -0.3057 -0.6865 0.6597
vn -0.2723 -0.8242 0.4964
vn -0.2997 -0.8490 0.4352
vn -0.5300 -0.8438 -0.0845
vn -0.4529 -0.8882 0.0768
vn -0.3203 -0.5166 0.7940
vn -0.3583 -0.6302 0.6888
vn -0.5383 -0.8220 0.1859
vn -0.5058 -0.7874 0.3525
vn -0.7987 -0.5335 -0.2784
vn -0.7105 -0.6988 -0.0826
vn -0.7089 -0.6992 -0.0926
vn -0.7100 -0.6985 -0.0898
vn -0.7097 -0.6999 -0.0801
vn -0.5282 -0.0462 0.8478
vn -0.3728 -0.3179 0.8718
vn -0.3863 -0.3359 0.8590
vn -0.3598 -0.1480 0.9212
vn -0.5962 -0.6698 0.4427
vn -0.0981 0.9949 0.0240
vn -0.0224 0.9989 0.0414
vn -0.2752 0.9612 -0.0175
vn -0.1378 0.9903 0.0158
vn -0.4713 0.8795 -0.0657
vn -0.3371 0.9409 -0.0311
vn -0.6654 0.7375 -0.1156
vn -0.5214 0.8498 -0.0770
vn -0.6831 0.7204 -0.1197
vn -0.6831 0.7204 -0.1196
vn -0.8186 0.5521 -0.1583
vn -0.8159 0.5563 -0.1574
vn -0.8203 0.5494 -0.1590
vn -0.8141 0.5591 -0.1568
vn -0.9228 0.3339 -0.1922
vn -0.9090 0.3729 -0.1863
vn -0.9706 0.1109 -0.2135
vn -0.9569 0.2061 -0.2048
vn -0.9740 0.0700 -0.2153
vn 0.2332 0.9175 0.3222
vn 0.4291 0.8507 0.3037
vn 0.4892 0.8084 0.3275
vn 0.4956 0.8207 0.2843
vn 0.4211 0.8473 0.3237
vn 0.3033 0.9080 0.2890
vn 0.2869 0.9190 0.2704
vn 0.5529 0.8006 0.2310
vn 0.1695 0.9538 0.2482
vn 0.1718 0.9538 0.2463
vn 0.1717 0.9542 0.2451
vn 0.4981 0.8276 0.2588
vn 0.4973 0.8275 0.2605
vn 0.4973 0.8276 0.2603
vn 0.3760 0.8836 0.2792
vn 0.5695 0.7624 0.3073
vn 0.1683 0.9539 0.2484
vn 0.1716 0.9332 0.3158
vn 0.1612 0.9463 0.2802
vn 0.5382 0.7701 0.3425
vn 0.5368 0.7716 0.3414
vn 0.5369 0.7713 0.3419
vn 0.5752 0.7681 0.2812
vn 0.5389 0.7695 0.3428
vn 0.4247 0.8560 0.2949
vn 0.2830 0.9132 0.2933
vn 0.7698 0.5894 0.2449
vn 0.6066 0.6871 0.3999
vn 0.6040 0.7269 0.3267
vn 0.6044 0.7268 0.3263
vn 0.6041 0.7267 0.3270
vn 0.6043 0.7271 0.3259
vn 0.4272 0.8459 0.3193
vn 0.4276 0.8446 0.3223
vn 0.4274 0.8439 0.3243
vn 0.4288 0.8452 0.3190
vn 0.4277 0.8462 0.3178
vn 0.4254 0.8454 0.3230
vn -0.0932 0.8980 0.4300
vn -0.0931 0.8980 0.4300
vn 0.2369 0.9223 0.3053
vn 0.2360 0.9221 0.3066
vn 0.2367 0.9223 0.3055
vn 0.0440 0.9595 0.2783
vn 0.0438 0.9594 0.2785
vn 0.0444 0.9596 0.2780
vn 0.2371 0.9222 0.3053
vn 0.2374 0.9216 0.3072
vn 0.2385 0.9216 0.3062
vn 0.2371 0.9205 0.3106
vn 0.0436 0.9592 0.2795
vn 0.0433 0.9588 0.2809
vn 0.8729 0.4708 0.1282
vn 0.7182 0.6463 0.2580
vn 0.7167 0.6486 0.2564
vn 0.7170 0.6478 0.2573
vn 0.5298 0.8018 0.2765
vn 0.3158 0.9216 0.2255
vn 0.5808 0.7720 0.2582
vn 0.5772 0.7662 0.2827
vn 0.4977 0.8268 0.2619
vn 0.1503 0.9558 0.2527
vn 0.0771 0.9755 0.2058
vn 0.0694 0.9746 0.2131
vn 0.0799 0.9739 0.2123
vn 0.3894 0.8751 0.2873
vn 0.3723 0.8782 0.3002
vn 0.8531 0.4654 0.2358
vn 0.7763 0.5654 0.2787
vn 0.6174 0.7424 0.2601
vn 0.8843 0.1724 0.4340
vn 0.8576 0.3929 0.3317
vn 0.7712 0.5617 0.2995
vn 0.8806 0.4015 0.2517
vn 0.6573 0.6923 0.2978
vn 0.6572 0.6922 0.2981
vn 0.6574 0.6922 0.2978
vn 0.6286 0.7179 0.2991
vn 0.6539 0.6881 0.3145
vn 0.6570 0.6925 0.2980
vn 0.5474 0.7762 0.3128
vn 0.1022 0.9558 0.2756
vn 0.0330 0.9568 0.2887
vn -0.2177 -0.1094 0.9699
vn -0.2177 -0.1097 0.9698
vn -0.2177 -0.1091 0.9699
vn -0.2072 -0.3233 0.9233
vn -0.2072 -0.3228 0.9235
vn -0.2073 -0.3232 0.9233
vn -0.1868 -0.5215 0.8325
vn -0.1869 -0.5214 0.8326
vn -0.1868 -0.5215 0.8326
vn -0.1575 -0.6949 0.7017
vn -0.1575 -0.6949 0.7016
vn -0.1206 -0.8346 0.5375
vn -0.1206 -0.8348 0.5372
vn -0.1205 -0.8349 0.5371
vn -0.1205 -0.8349 0.5370
vn -0.0781 -0.9343 0.3478
vn -0.0780 -0.9344 0.3475
vn -0.0782 -0.9344 0.3475
vn -0.0315 -0.9896 0.1404
vn -0.0316 -0.9895 0.1407
vn -0.9525 -0.0000 -0.3044
vn -0.9525 0.0000 -0.3046
vn -0.9627 0.0000 -0.2706
vn -0.9627 0.0000 -0.2705
vn -0.9628 0.0000 -0.2704
vn -0.9717 -0.0000 -0.2362
vn -0.9717 0.0000 -0.2364
vn -0.9941 -0.0000 -0.1085
vn -0.9941 0.0000 -0.1087
vn -0.9933 0.0003 0.1154
vn -0.9434 0.0028 0.3318
vn -0.9430 0.0050 0.3328
vn -0.8449 0.0000 0.5349
vn -0.7043 0.0000 0.7099
vn -0.7044 -0.0000 0.7098
vn -0.3263 -0.0000 0.9453
vn -0.3267 0.0000 0.9451
vn -0.3262 0.0000 0.9453
vn -0.5288 -0.0000 0.8488
vn -0.5288 0.0000 0.8487
vn -0.3268 -0.0000 0.9451
vn -0.3762 0.9265 -0.0094
vn -0.2280 0.9727 0.0435
vn -0.2290 0.9724 0.0440
vn -0.2291 0.9724 0.0440
vn -0.5769 0.8073 -0.1239
vn -0.5566 0.8248 -0.0993
vn -0.6118 0.7869 -0.0803
vn -0.6107 0.7880 -0.0784
vn -0.6109 0.7878 -0.0787
vn -0.4710 0.8812 -0.0402
vn -0.4734 0.8796 -0.0481
vn -0.4722 0.8801 -0.0498
vn -0.2368 0.9716 -0.0023
vn -0.9071 0.0678 -0.4154
vn -0.9203 0.3311 -0.2083
vn -0.9223 0.3280 -0.2042
vn -0.9205 0.3311 -0.2076
vn -0.9531 0.1336 -0.2717
vn -0.9427 0.1697 -0.2871
vn -0.8959 0.3857 -0.2203
vn -0.8959 0.3852 -0.2214
vn -0.8943 0.3902 -0.2192
vn -0.9201 0.3197 -0.2265
vn -0.9202 0.3316 -0.2079
vn -0.8101 0.5649 -0.1571
vn -0.8970 0.3828 -0.2209
vn -0.8973 0.3833 -0.2189
vn -0.8217 0.5325 -0.2031
vn -0.8136 0.5417 -0.2112
vn -0.9780 0.0499 -0.2027
vn -0.9076 0.3387 -0.2481
vn -0.9079 0.3350 -0.2519
vn -0.9086 0.3325 -0.2529
vn -0.9552 0.1662 -0.2449
vn -0.9083 0.3390 -0.2451
vn -0.8302 0.5300 -0.1727
vn -0.7859 0.6156 -0.0581
vn -0.9110 0.3352 -0.2401
vn -0.8779 0.4219 -0.2265
vn -0.8776 0.4189 -0.2329
vn -0.8779 0.4219 -0.2263
vn -0.7634 0.5867 -0.2701
vn -0.9381 0.2014 -0.2818
vn -0.9028 0.3527 -0.2460
vn -0.8814 0.4179 -0.2202
vn -0.9440 0.1746 -0.2800
vn -0.1789 0.9835 0.0279
vn -0.1877 0.9822 -0.0040
vn -0.1897 0.9818 -0.0056
vn -0.1934 0.9811 -0.0083
vn -0.5088 0.8559 -0.0924
vn -0.5069 0.8567 -0.0953
vn -0.5085 0.8554 -0.0985
vn -0.9294 0.2565 -0.2653
vn -0.8437 0.4690 -0.2613
vn -0.8430 0.4698 -0.2622
vn -0.8429 0.4699 -0.2622
vn -0.9065 0.3296 -0.2637
vn -0.9195 0.1692 -0.3547
vn -0.8868 0.0607 -0.4582
vn -0.9320 0.1487 -0.3305
vn -0.8843 0.3808 -0.2704
vn -0.8498 0.4527 -0.2702
vn -0.7996 0.5334 -0.2757
vn -0.7992 0.5331 -0.2776
vn -0.7994 0.5334 -0.2765
vn -0.8924 0.3581 -0.2746
vn -0.8848 0.3592 -0.2969
vn -0.8553 0.4520 -0.2532
vn -0.6588 0.7088 -0.2521
vn -0.8441 0.4861 -0.2261
vn -0.7142 0.6667 -0.2130
vn -0.8254 0.5068 -0.2488
vn -0.7105 0.6749 -0.1991
vn -0.8425 0.5032 -0.1922
vn -0.9823 0.1646 -0.0899
vn -0.9820 0.1671 -0.0881
vn -0.9819 0.1674 -0.0891
vn -0.8654 0.4954 0.0750
vn -0.8684 0.4911 0.0680
vn -0.8649 0.4963 0.0751
vn -0.8501 0.5249 -0.0422
vn -0.9865 0.1547 -0.0535
vn -0.9455 0.3212 -0.0531
vn -0.8651 0.4957 0.0766
vn -0.9992 0.0328 -0.0207
vn -0.9770 0.1683 -0.1308
vn -0.8469 0.5280 -0.0627
vn -0.8480 0.5262 -0.0633
vn -0.8479 0.5264 -0.0635
vn -0.9719 0.0757 -0.2228
vn -0.8854 0.4648 -0.0049
vn -0.8681 0.4933 0.0557
vn -0.9824 0.1635 -0.0904
vn -0.9484 0.3143 -0.0418
vn -0.9010 0.4326 -0.0319
vn -0.8990 0.4373 -0.0239
vn -0.9011 0.4325 -0.0320
vn -0.7034 0.7054 0.0871
vn -0.7550 0.6557 -0.0032
vn -0.8911 0.4528 -0.0305
vn -0.8915 0.4519 -0.0320
vn -0.8914 0.4520 -0.0320
vn -0.6971 0.7170 0.0053
vn -0.9011 0.4323 -0.0336
vn -0.7043 0.7088 -0.0400
vn -0.8932 0.4482 0.0360
vn -0.9301 0.3624 -0.0595
vn -0.8923 0.4446 0.0783
vn -0.9188 0.1462 0.3665
vn -0.6889 0.7248 -0.0031
vn -0.8032 0.5954 -0.0203
vn -0.5398 0.8392 0.0664
vn -0.5426 0.8373 0.0672
vn -0.5417 0.8379 0.0666
vn -0.8416 0.5394 0.0297
vn -0.8661 0.4860 0.1172
vn -0.5849 0.8100 0.0425
vn -0.4832 0.8753 0.0207
vn -0.7942 0.6047 0.0595
vn -0.5500 0.8351 0.0001
vn -0.7126 0.6945 0.0992
vn -0.3678 0.9289 -0.0435
vn -0.7850 0.6189 -0.0254
vn -0.5101 0.8564 0.0794
vn -0.4786 0.8779 -0.0168
vn -0.7360 0.6599 0.1512
vn -0.4074 0.9071 0.1063
vn -0.5559 0.8252 -0.0999
vn -0.7542 0.6319 -0.1784
vn -0.5515 0.8189 0.1588
vn -0.4749 0.8757 -0.0875
vn -0.5711 0.7980 0.1923
vn -0.7211 0.6421 -0.2602
vn -0.5479 0.8355 -0.0412
vn -0.1642 0.9525 0.2563
vn -0.3660 0.9069 0.2089
vn -0.8233 0.5218 -0.2237
vn -0.7679 0.6106 -0.1936
vn -0.3789 0.8967 0.2286
vn -0.5095 0.8556 -0.0912
vn -0.5094 0.8558 -0.0903
vn -0.8160 0.5605 -0.1415
vn -0.9947 0.0009 -0.1026
vn -0.7911 0.4935 -0.3615
vn -0.9943 0.0511 -0.0932
vn -0.6663 0.7344 -0.1291
vn -0.6967 0.7093 -0.1071
vn -0.8120 0.4857 -0.3236
vn -0.9943 0.0677 -0.0827
vn -0.6364 0.7395 -0.2194
vn -0.6706 0.7283 -0.1410
vn -0.9596 0.2789 -0.0361
vn -0.8494 0.4526 -0.2714
vn -0.8501 0.4521 -0.2699
vn -0.8450 0.4586 -0.2751
vn -0.8425 0.4698 -0.2636
vn -0.7225 0.6689 -0.1749
vn -0.9846 0.1591 -0.0719
vn -0.9496 0.3129 -0.0196
vn -0.8609 0.5071 0.0412
vn -0.8616 0.5060 0.0410
vn -0.8619 0.5055 0.0410
vn -0.8604 0.5080 0.0413
vn -0.7323 0.6737 0.0992
vn -0.7315 0.6746 0.0991
vn -0.7322 0.6739 0.0989
vn -0.7326 0.6734 0.0992
vn -0.5675 0.8092 0.1520
vn -0.5675 0.8092 0.1521
vn -0.5674 0.8093 0.1522
vn -0.5676 0.8091 0.1521
vn -0.2284 0.9491 0.2169
vn -0.3756 0.9054 0.1980
vn -0.3759 0.9053 0.1980
vn -0.3748 0.9057 0.1983
vn -0.1732 0.9569 0.2332
vn -0.3758 0.9053 0.1981
vn -0.1913 0.9732 0.1279
vn -0.1995 0.9768 0.0779
vn -0.1658 0.9853 0.0417
vn -0.2467 0.9443 0.2177
vn -0.3717 0.9133 0.1668
vn -0.2906 0.9272 0.2365
vn -0.5461 0.8377 0.0107
vn -0.3734 0.9091 0.1846
vn -0.2324 0.9623 0.1414
vn -0.2279 0.9623 0.1483
vn -0.2293 0.9622 0.1472
vn -0.2318 0.9627 0.1397
vn -0.5606 0.8230 0.0909
vn -0.3696 0.9153 0.1598
vn -0.5807 0.8091 0.0907
vn -0.5784 0.8123 0.0751
vn -0.4988 0.8601 0.1068
vn -0.1568 0.9668 0.2020
vn -0.2494 0.9545 0.1635
vn -0.4294 0.8955 0.1168
vn -0.3991 0.9105 0.1078
vn -0.5041 0.8517 0.1430
vn -0.4161 0.8817 0.2223
vn -0.7185 0.6953 -0.0170
vn -0.7169 0.6969 -0.0189
vn -0.7138 0.6999 -0.0242
vn -0.5769 0.8146 0.0602
vn -0.4905 0.8696 0.0568
vn -0.5740 0.8177 0.0449
vn -0.5575 0.8273 0.0687
vn -0.4383 0.8965 0.0645
vn -0.4085 0.8985 0.1606
vn -0.2217 0.9690 0.1094
vn -0.3633 0.9239 0.1197
vn -0.3603 0.9253 0.1183
vn -0.3578 0.9271 0.1117
vn -0.7166 0.6969 -0.0290
vn -0.6813 0.7320 -0.0103
vn -0.6864 0.7272 -0.0056
vn -0.6822 0.7310 -0.0139
vn -0.5501 0.8346 0.0288
vn -0.3611 0.9263 0.1077
vn -0.5715 0.8200 0.0295
vn -0.6840 0.7293 -0.0163
vn -0.5824 0.8127 0.0179
vn -0.5689 0.8223 0.0156
vn -0.4871 0.8720 0.0479
vn -0.4897 0.8704 0.0511
vn -0.4871 0.8721 0.0472
vn -0.4149 0.9080 0.0586
vn -0.2518 0.9601 0.1217
vn -0.2523 0.9600 0.1217
vn -0.2521 0.9600 0.1217
vn -0.3878 0.9205 0.0478
vn -0.7125 0.6995 -0.0558
vn -0.6786 0.7321 -0.0588
vn -0.6783 0.7325 -0.0570
vn -0.6753 0.7349 -0.0624
vn -0.5757 0.8175 -0.0185
vn -0.6772 0.7338 -0.0541
vn -0.4805 0.8770 0.0044
vn -0.4842 0.8749 0.0064
vn -0.4868 0.8734 0.0099
vn -0.5615 0.8273 -0.0165
vn -0.5650 0.8251 -0.0060
vn -0.5633 0.8261 -0.0178
vn -0.5655 0.8247 -0.0045
vn -0.5454 0.8382 -0.0008
vn -0.3431 0.9391 0.0202
vn -0.2207 0.9730 0.0673
vn -0.3954 0.9150 0.0801
vn -0.4098 0.9107 0.0520
vn -0.7034 0.7046 -0.0940
vn -0.6759 0.7331 -0.0758
vn -0.6745 0.7351 -0.0677
vn -0.6739 0.7349 -0.0767
vn -0.5609 0.8272 -0.0338
vn -0.5599 0.8280 -0.0323
vn -0.5577 0.8288 -0.0450
vn -0.5379 0.8423 -0.0340
vn -0.3514 0.9346 0.0543
vn -0.6720 0.7365 -0.0775
vn -0.5707 0.8200 -0.0424
vn -0.5565 0.8296 -0.0460
vn -0.4809 0.8767 -0.0111
vn -0.4786 0.8780 -0.0067
vn -0.4816 0.8763 -0.0134
vn -0.2327 0.9697 0.0742
vn -0.4002 0.9164 -0.0012
vn -0.3740 0.9273 -0.0136
vn -0.6988 0.7048 -0.1223
vn -0.6611 0.7411 -0.1168
vn -0.6639 0.7388 -0.1156
vn -0.6623 0.7402 -0.1165
vn -0.5623 0.8232 -0.0786
vn -0.6614 0.7396 -0.1245
vn -0.2159 0.9763 0.0172
vn -0.3830 0.9236 0.0161
vn -0.3991 0.9168 -0.0100
vn -0.5323 0.8441 -0.0647
vn -0.3306 0.9432 -0.0317
vn -0.4676 0.8823 -0.0528
vn -0.5540 0.8290 -0.0767
vn -0.5549 0.8288 -0.0716
vn -0.5490 0.8320 -0.0798
vn -0.5526 0.8307 -0.0667
vn -0.6947 0.7062 -0.1365
vn -0.5455 0.8328 -0.0943
vn -0.5203 0.8477 -0.1035
vn -0.3446 0.9386 0.0178
vn -0.5410 0.8339 -0.1095
vn -0.4679 0.8820 -0.0559
vn -0.3782 0.9229 -0.0719
vn -0.3509 0.9314 -0.0967
vn -0.2089 0.9770 0.0424
vn -0.4424 0.8857 -0.1408
vn -0.1946 0.9808 -0.0091
vn -0.3291 0.9301 -0.1629
vn -0.0812 0.9919 -0.0972
vn -0.3191 0.9444 -0.0798
vn -0.5162 0.8469 -0.1280
vn -0.5379 0.8336 -0.1253
vn -0.4543 0.8846 -0.1053
vn -0.3680 0.9286 -0.0475
vn -0.3367 0.9415 -0.0115
vn -0.5330 0.8344 -0.1402
vn -0.5377 0.8401 0.0722
vn -0.5704 0.8029 0.1733
vn -0.5705 0.8029 0.1727
vn -0.5700 0.8031 0.1733
vn -0.5696 0.8033 0.1739
vn -0.7280 0.6826 0.0639
vn -0.6581 0.7380 0.1495
vn -0.8476 0.5266 -0.0648
vn -0.6310 0.7747 0.0409
vn -0.5341 0.8438 0.0519
vn -0.5709 0.8047 0.1631
vn -0.7309 0.6785 0.0738
vn -0.9863 0.1526 -0.0620
vn -0.9997 0.0232 0.0088
vn -0.9411 0.3257 -0.0904
vn -0.8603 0.5095 0.0146
vn -0.9348 0.3483 -0.0688
vn -0.9378 0.3440 -0.0476
vn -0.8967 0.4400 -0.0476
vn -0.8766 0.4778 -0.0568
vn -0.8613 0.5020 -0.0787
vn -0.7640 0.6445 0.0316
vn -0.7335 0.6725 0.0984
vn -0.9859 0.1401 -0.0920
vn -0.9267 0.3704 -0.0639
vn -0.8991 0.4365 -0.0318
vn -0.8707 0.4912 -0.0257
vn -0.7558 0.6544 0.0239
vn -0.8911 0.4526 -0.0327
vn -0.9731 0.1959 -0.1216
vn -0.9594 0.2564 -0.1176
vn -0.8394 0.5344 -0.0985
vn -0.9092 0.4064 -0.0911
vn -0.9061 0.4118 -0.0967
vn -0.9091 0.4065 -0.0916
vn -0.9709 0.1672 -0.1714
vn -0.9407 0.3215 -0.1083
vn -0.9416 0.3209 -0.1021
vn -0.9399 0.3256 -0.1030
vn -0.9668 0.0675 -0.2464
vn -0.9770 0.1652 -0.1351
vn -0.9332 0.3449 -0.1007
vn -0.9394 0.3247 -0.1102
vn -0.8460 0.5259 -0.0880
vn -0.8336 0.5512 0.0374
vn -0.9084 0.4095 -0.0845
vn -0.9373 0.3293 -0.1143
vn -0.7568 0.6369 -0.1471
vn -0.5426 0.8370 0.0700
vn -0.2024 0.9695 0.1385
vn -0.2262 0.9606 0.1614
vn -0.9777 0.1609 -0.1350
vn -0.9332 0.3286 -0.1455
vn -0.9976 0.0340 -0.0600
vn -0.8512 0.5215 -0.0587
vn -0.8484 0.5269 -0.0517
vn -0.8526 0.5197 -0.0552
vn -0.8513 0.5212 -0.0612
vn -0.9311 0.3421 -0.1265
vn -0.9046 0.3877 -0.1774
vn -0.9641 0.1982 -0.1766
vn -0.9631 0.2053 -0.1740
vn -0.9633 0.2043 -0.1741
vn -0.9790 0.1297 -0.1575
vn -0.9386 0.3179 -0.1340
vn -0.7596 0.6440 -0.0912
vn -0.8222 0.5630 -0.0841
vn -0.8149 0.5785 0.0354
vn -0.9179 0.3874 -0.0860
vn -0.9188 0.3783 -0.1127
vn -0.9193 0.3771 -0.1127
vn -0.9180 0.3803 -0.1127
vn -0.9174 0.3817 -0.1131
vn -0.8310 0.5546 -0.0421
vn -0.7493 0.6118 -0.2533
vn -0.9603 0.0620 -0.2721
vn -0.9646 0.1951 -0.1776
vn -0.8658 0.4881 -0.1103
vn -0.5882 0.8073 0.0482
vn -0.6103 0.7902 0.0547
vn -0.4882 0.8716 0.0437
vn -0.3909 0.9183 0.0630
vn -0.2525 0.9599 0.1220
vn -0.6126 0.7890 -0.0464
vn -0.2387 0.9666 0.0933
vn -0.5860 0.8080 -0.0604
vn -0.4834 0.8752 0.0176
vn -0.5699 0.8207 -0.0407
vn -0.6235 0.7815 -0.0209
vn -0.2398 0.9696 0.0480
vn -0.3882 0.9204 0.0466
vn -0.9482 0.2740 -0.1606
vn -0.8264 0.5405 -0.1582
vn -0.8266 0.5405 -0.1566
vn -0.8266 0.5397 -0.1596
vn -0.9312 0.3260 -0.1631
vn -0.8266 0.5407 -0.1564
vn -0.8356 0.5300 -0.1444
vn -0.9098 0.1858 -0.3711
vn -0.9958 0.0368 -0.0836
vn -0.9696 0.1629 -0.1827
vn -0.8867 0.3899 -0.2484
vn -0.9197 0.3460 -0.1855
vn -0.8412 0.5275 -0.1190
vn -0.8416 0.5267 -0.1195
vn -0.8413 0.5269 -0.1206
vn -0.8389 0.5332 -0.1091
vn -0.9522 0.2024 -0.2289
vn -0.9517 0.2056 -0.2279
vn -0.9518 0.2047 -0.2283
vn -0.9695 0.1316 -0.2069
vn -0.9280 0.3197 -0.1910
vn -0.8111 0.5664 -0.1461
vn -0.9069 0.3965 -0.1425
vn -0.9079 0.3828 -0.1708
vn -0.9066 0.3855 -0.1715
vn -0.9061 0.3870 -0.1708
vn -0.9086 0.3812 -0.1705
vn -0.7500 0.6429 -0.1551
vn -0.8008 0.5988 -0.0117
vn -0.6071 0.7945 -0.0150
vn -0.5755 0.8175 -0.0229
vn -0.2595 0.9625 0.0791
vn -0.4755 0.8795 -0.0194
vn -0.3801 0.9249 0.0099
vn -0.9524 0.2007 -0.2294
vn -0.8536 0.4920 -0.1713
vn -0.2286 0.9724 0.0467
vn -0.6137 0.7861 -0.0737
vn -0.8809 0.4059 -0.2433
vn -0.7650 0.6352 -0.1062
vn -0.7327 0.6275 -0.2635
vn 0.0753 0.9797 0.1859
vn 0.0793 0.9794 0.1859
vn 0.0693 0.9801 0.1858
vn 0.8641 0.4521 0.2210
vn 0.6990 0.6740 0.2391
vn 0.6973 0.6750 0.2411
vn 0.6972 0.6749 0.2417
vn 0.7906 0.5650 0.2362
vn 0.7949 0.5618 0.2292
vn 0.7906 0.5652 0.2355
vn 0.7932 0.5597 0.2401
vn 0.7189 0.6477 0.2521
vn 0.5168 0.8234 0.2344
vn 0.5213 0.8216 0.2308
vn 0.5209 0.8227 0.2277
vn 0.6478 0.7238 0.2377
vn 0.6478 0.7244 0.2356
vn 0.6491 0.7222 0.2388
vn 0.6498 0.7232 0.2339
vn 0.5328 0.8071 0.2546
vn 0.3063 0.9269 0.2170
vn 0.4759 0.8494 0.2279
vn 0.4735 0.8468 0.2421
vn 0.3138 0.9181 0.2423
vn 0.0734 0.9739 0.2147
vn 0.0672 0.9744 0.2146
vn 0.0652 0.9805 0.1855
vn 0.2795 0.9366 0.2113
vn 0.2765 0.9322 0.2335
vn 0.5790 -0.5757 0.5774
vn 0.0577 -0.9256 0.3740
vn 0.2852 -0.9318 0.2246
vn 0.3849 -0.8740 0.2967
vn 0.4016 -0.8277 0.3920
vn 0.1271 -0.9614 0.2442
vn 0.5636 -0.3095 0.7658
vn 0.5450 -0.4164 0.7277
vn 0.0213 -0.8257 0.5636
vn 0.0834 -0.8637 0.4970
vn 0.3497 -0.6999 0.6227
vn 0.3198 -0.7966 0.5129
vn 0.3334 -0.0328 0.9422
vn 0.5324 -0.1025 0.8403
vn 0.5437 -0.1362 0.8282
vn 0.5237 -0.2183 0.8235
vn -0.0442 -0.5162 0.8553
vn 0.0134 -0.6843 0.7290
vn 0.0134 -0.6843 0.7291
vn 0.0132 -0.6841 0.7293
vn 0.0132 -0.6843 0.7291
vn 0.3085 -0.5065 0.8052
vn 0.2722 -0.6290 0.7282
vn -0.0704 -0.3200 0.9448
vn 0.1149 -0.1241 0.9856
vn 0.2370 -0.1742 0.9558
vn -0.0392 -0.1766 0.9835
vn -0.0068 -0.4369 0.8995
vn 0.2827 -0.2656 0.9217
vn 0.2371 -0.4031 0.8839
vn 0.9814 -0.1140 0.1543
vn 0.9180 -0.1855 0.3506
vn 0.9301 -0.2245 0.2907
vn 0.9301 -0.2245 0.2908
vn 0.9245 -0.2246 0.3079
vn 0.9429 0.0683 0.3261
vn 0.9589 -0.0588 0.2778
vn 0.9073 -0.1342 0.3986
vn 0.8961 -0.0901 0.4346
vn 0.8978 -0.0720 0.4344
vn 0.9178 -0.1515 0.3670
vn 0.0774 -0.9834 0.1640
vn -0.1081 -0.1089 0.9882
vn 0.9360 -0.3319 0.1176
vn 0.8076 -0.5287 0.2613
vn 0.8388 -0.4232 0.3425
vn 0.8333 -0.4052 0.3762
vn 0.8123 -0.3579 0.4605
vn 0.8166 -0.4072 0.4092
vn 0.5051 -0.8447 0.1769
vn 0.6588 -0.6992 0.2777
vn 0.6596 -0.6839 0.3118
vn 0.8442 0.1016 0.5263
vn 0.7920 -0.3217 0.5189
vn 0.7915 -0.2590 0.5536
vn 0.6279 -0.6122 0.4805
vn 0.6214 -0.6808 0.3877
vn 0.7083 -0.0595 0.7034
vn 0.7739 -0.2059 0.5989
vn 0.7834 -0.1703 0.5978
vn 0.7781 -0.1358 0.6133
vn 0.5912 -0.4837 0.6454
vn -0.9427 0.0071 0.3337
vn -0.8387 0.1200 0.5313
vn -0.8307 0.1443 0.5377
vn -0.3247 0.1086 0.9396
vn -0.5957 0.6703 0.4425
vn -0.5058 0.7874 0.3525
vn -0.8460 0.2370 0.4775
vn -0.8080 0.3637 0.4636
vn -0.5300 0.8438 -0.0844
vn -0.4529 0.8882 0.0768
vn -0.5384 0.8219 0.1859
vn -0.8196 0.4457 0.3599
vn -0.7724 0.5569 0.3054
vn -0.9933 0.0011 0.1156
vn -0.9567 0.1748 0.2328
vn -0.9593 0.1595 0.2332
vn -0.7794 0.6001 0.1801
vn -0.7246 0.6830 0.0925
vn -0.9416 0.2994 0.1544
vn -0.9573 0.2240 0.1827
vn -0.7105 0.6988 -0.0826
vn -0.7100 0.6985 -0.0898
vn -0.7088 0.6993 -0.0926
vn -0.7987 0.5335 -0.2784
vn -0.7097 0.6999 -0.0801
vn -0.1519 0.9820 0.1124
vn -0.7299 0.6824 -0.0402
vn -0.9144 0.4035 0.0337
vn -0.9354 0.3431 0.0853
vn -0.9058 0.4211 -0.0464
vn -0.8793 0.4631 -0.1110
vn -0.8812 0.4605 -0.1068
vn -0.8817 0.4599 -0.1052
vn -0.8811 0.4588 -0.1149
vn -0.8430 0.3324 -0.4230
vn -0.9013 0.3833 -0.2020
vn -0.9910 -0.0788 -0.1081
vn -0.9969 0.0784 0.0016
vn -0.9951 0.0989 -0.0057
vn -0.9927 0.1204 -0.0095
vn -0.9865 0.0410 -0.1583
vn -0.9865 0.0416 -0.1581
vn -0.9883 0.0335 -0.1485
vn -0.9906 0.1344 -0.0256
vn -0.9868 0.0451 -0.1554
vn -0.9813 0.1812 -0.0641
vn -0.9734 0.1944 -0.1214
vn -0.9916 0.0129 -0.1289
vn -0.9631 0.2065 -0.1727
vn -0.9576 0.1922 -0.2147
vn -0.9600 0.1639 -0.2271
vn -0.9970 -0.0233 -0.0741
vn -0.9713 0.1857 -0.1489
vn -0.8699 0.3237 -0.3721
vn -0.9629 0.0614 -0.2627
vn -0.9511 0.0556 -0.3040
vn -0.9607 0.0655 -0.2699
vn -0.9680 0.0863 -0.2355
vn -0.5282 0.0462 0.8478
vn -0.3728 0.3179 0.8718
vn -0.3598 0.1480 0.9212
vn -0.3203 0.5166 0.7940
vn -0.3863 0.3360 0.8590
vn -0.2725 0.8243 0.4963
vn -0.3057 0.6865 0.6597
vn -0.3582 0.6300 0.6890
vn -0.6985 0.1335 0.7030
vn -0.5933 0.3108 0.7425
vn -0.6531 0.1739 0.7370
vn -0.3651 0.9286 0.0668
vn -0.2117 0.9256 0.3138
vn -0.2996 0.8490 0.4352
vn -0.2225 0.9629 0.1525
vn -0.6383 0.4378 0.6331
vn -0.5587 0.5844 0.5885
vn 0.8109 0.4256 0.4016
vn 0.6867 0.6318 0.3596
vn 0.0867 0.9832 0.1609
vn 0.0866 0.9833 0.1603
vn 0.0868 0.9832 0.1605
vn 0.7433 0.5890 0.3171
vn 0.6048 0.7571 0.2470
vn 0.6601 0.6742 0.3313
vn 0.4693 0.6807 0.5624
vn 0.5208 0.8011 0.2950
vn 0.4147 0.8571 0.3057
vn 0.3131 0.9198 0.2366
vn 0.3069 0.9205 0.2417
vn 0.3086 0.9210 0.2377
vn 0.2471 0.9397 0.2365
vn 0.0667 0.9850 0.1588
vn 0.0629 0.9857 0.1561
vn 0.0661 0.9850 0.1592
vn 0.6977 0.6736 0.2438
vn 0.7259 0.6390 0.2545
vn 0.5183 0.8248 0.2260
vn 0.6273 0.7298 0.2718
vn 0.5244 0.7689 0.3657
vn 0.5594 0.7937 0.2389
vn 0.3097 0.9300 0.1980
vn 0.4047 0.8867 0.2234
vn 0.4368 0.8666 0.2411
vn 0.3998 0.8837 0.2433
vn 0.0835 0.9832 0.1621
vn 0.0646 0.9852 0.1586
vn 0.0624 0.9853 0.1592
vn 0.0587 0.9850 0.1625
vn 0.2334 0.9513 0.2012
vn 0.2336 0.9516 0.1996
vn 0.2365 0.9513 0.1979
vn 0.2356 0.9503 0.2035
vn 0.2580 0.9446 0.2031
vn -0.1086 0.0000 0.9941
vn -0.1091 0.0000 0.9940
vn -0.1087 0.0000 0.9941
vn 0.1154 -0.0000 0.9933
vn 0.1162 0.0000 0.9932
vn 0.1156 -0.0000 0.9933
vn 0.1153 -0.0000 0.9933
vn 0.3335 -0.0000 0.9427
vn 0.3337 0.0000 0.9427
vn 0.3334 -0.0000 0.9428
vn 0.3340 -0.0000 0.9426
vn 0.5351 0.0000 0.8448
vn 0.5353 0.0000 0.8447
vn 0.5352 -0.0000 0.8447
vn 0.7098 -0.0000 0.7044
vn 0.7097 0.0000 0.7045
vn 0.8488 -0.0000 0.5288
vn 0.8488 0.0000 0.5286
vn 0.8487 0.0000 0.5289
vn 0.8486 0.0000 0.5290
vn 0.9451 -0.0000 0.3268
vn 0.9452 0.0000 0.3266
vn -0.0315 0.9896 0.1404
vn -0.0780 0.9345 0.3474
vn -0.0780 0.9343 0.3478
vn -0.1206 0.8346 0.5375
vn -0.1206 0.8348 0.5372
vn -0.1575 0.6949 0.7016
vn -0.1575 0.6949 0.7017
vn -0.1869 0.5215 0.8325
vn -0.1869 0.5219 0.8323
vn -0.1868 0.5216 0.8325
vn -0.2073 0.3231 0.9234
vn -0.2072 0.3231 0.9234
vn -0.2072 0.3228 0.9235
vn -0.2072 0.3233 0.9233
vn -0.2177 0.1091 0.9699
vn -0.2177 0.1096 0.9698
vn -0.2177 0.1090 0.9699
vn 0.9443 0.1041 0.3122
vn 0.7745 0.4170 0.4757
vn 0.0869 0.9886 0.1229
vn 0.8735 0.2411 0.4229
vn 0.9325 0.1982 0.3020
vn 0.6717 0.6293 0.3910
vn 0.8997 0.3236 0.2929
vn 0.8342 0.4295 0.3459
vn 0.8345 0.4293 0.3455
vn 0.8331 0.4304 0.3475
vn 0.8353 0.3491 0.4248
vn 0.8347 0.4306 0.3434
vn 0.4992 0.7970 0.3399
vn 0.8013 0.5241 0.2885
vn 0.6578 0.6962 0.2874
vn 0.7321 0.6018 0.3193
vn 0.7053 0.5949 0.3855
vn 0.4890 0.8368 0.2462
vn 0.5937 0.7637 0.2537
vn 0.5621 0.7565 0.3344
vn 0.3090 0.9188 0.2454
vn 0.0876 0.9833 0.1597
vn 0.1027 0.9816 0.1609
vn 0.2954 0.9362 0.1906
vn 0.3467 0.8967 0.2754
vn 0.3792 0.9045 0.1952
vn 0.1178 0.9853 0.1239
vn 0.5451 0.4166 0.7275
vn -0.0704 0.3200 0.9448
vn 0.1149 0.1241 0.9856
vn 0.2370 0.1742 0.9558
vn 0.2828 0.2656 0.9217
vn -0.0392 0.1766 0.9835
vn 0.6279 0.6122 0.4807
vn 0.5791 0.5755 0.5775
vn -0.0443 0.5162 0.8553
vn -0.0069 0.4366 0.8996
vn 0.3089 0.5066 0.8049
vn 0.2370 0.4027 0.8841
vn 0.5051 0.8447 0.1769
vn 0.6588 0.6992 0.2777
vn 0.6596 0.6839 0.3118
vn 0.6214 0.6808 0.3877
vn 0.0213 0.8257 0.5636
vn 0.0134 0.6844 0.7290
vn 0.0135 0.6844 0.7289
vn 0.0131 0.6845 0.7289
vn 0.0134 0.6842 0.7292
vn 0.3497 0.6999 0.6228
vn 0.2721 0.6288 0.7284
vn 0.0577 0.9256 0.3740
vn 0.2853 0.9318 0.2246
vn 0.3849 0.8740 0.2967
vn 0.1271 0.9614 0.2442
vn 0.0834 0.8637 0.4970
vn 0.4015 0.8277 0.3920
vn 0.3198 0.7966 0.5129
vn 0.9429 -0.0683 0.3261
vn 0.9073 0.1343 0.3986
vn 0.8978 0.0720 0.4344
vn 0.8961 0.0901 0.4346
vn 0.9814 0.1140 0.1544
vn 0.9589 0.0588 0.2777
vn 0.9245 0.2246 0.3079
vn 0.9180 0.1855 0.3506
vn 0.9301 0.2245 0.2907
vn 0.9301 0.2245 0.2908
vn 0.9178 0.1515 0.3670
vn -0.1081 0.1089 0.9882
vn 0.0773 0.9834 0.1640
vn 0.8442 -0.1016 0.5263
vn 0.7083 0.0595 0.7034
vn 0.7781 0.1358 0.6133
vn 0.7834 0.1703 0.5978
vn 0.7915 0.2590 0.5536
vn 0.7739 0.2059 0.5990
vn 0.3334 0.0328 0.9422
vn 0.5324 0.1025 0.8403
vn 0.5437 0.1362 0.8282
vn 0.9360 0.3319 0.1176
vn 0.7920 0.3218 0.5188
vn 0.8123 0.3579 0.4605
vn 0.5239 0.2186 0.8233
vn 0.5640 0.3096 0.7656
vn 0.8076 0.5287 0.2613
vn 0.8166 0.4072 0.4091
vn 0.8333 0.4052 0.3762
vn 0.8388 0.4232 0.3425
vn 0.5909 0.4838 0.6455
vn 0.8562 0.4616 0.2321
vn 0.5766 0.7999 0.1667
vn 0.5736 0.8029 0.1624
vn 0.5755 0.7958 0.1885
vn 0.9687 0.1111 0.2218
vn 0.9688 0.1114 0.2215
vn 0.9687 0.1114 0.2219
vn 0.9160 0.3296 0.2287
vn 0.4743 0.8642 0.1682
vn 0.4743 0.8641 0.1682
vn 0.8095 0.5446 0.2193
vn 0.7699 0.5984 0.2218
vn 0.9687 0.1110 0.2218
vn 0.4240 0.8921 0.1563
vn 0.4253 0.8919 0.1538
vn 0.4206 0.8936 0.1568
vn 0.7426 0.6331 0.2185
vn 0.1781 0.9783 0.1056
vn 0.4210 0.8905 0.1727
vn 0.4207 0.8935 0.1571
vn 0.8194 0.5310 0.2159
vn 0.1741 0.9700 0.1696
vn 0.8570 0.4635 0.2253
vn 0.8548 0.4683 0.2236
vn 0.8580 0.4614 0.2259
vn 0.7111 0.6757 0.1946
vn 0.6888 0.6971 0.1990
vn 0.9721 0.0765 0.2217
vn 0.1748 0.9745 0.1406
vn 0.6788 0.7054 0.2042
vn 0.9038 0.3653 0.2228
vn 0.1727 0.9791 0.1077
vn 0.1731 0.9792 0.1056
vn 0.1735 0.9788 0.1089
vn 0.3570 0.9225 0.1469
vn 0.3541 0.9238 0.1458
vn 0.3576 0.9223 0.1463
vn 0.4129 0.8961 0.1628
vn 0.4129 0.8961 0.1626
vn 0.4129 0.8961 0.1630
vn 0.8071 0.5496 0.2157
vn 0.8084 0.5475 0.2162
vn 0.8058 0.5516 0.2154
vn 0.9163 0.3299 0.2271
vn 0.4160 0.8974 0.1473
vn 0.9678 0.1393 0.2096
vn 0.3604 0.9212 0.1465
vn 0.9196 0.2384 0.3122
vn 0.1724 0.9803 0.0965
vn 0.8537 0.4707 0.2228
vn 0.5651 0.8162 0.1202
vn 0.5652 0.8162 0.1201
vn 0.5652 0.8161 0.1202
vn 0.5024 0.8431 0.1915
vn 0.3071 0.9414 0.1397
vn 0.0774 0.9831 0.1658
vn 0.1863 0.9753 0.1185
vn 0.4129 0.8960 0.1636
vn 0.5276 0.8227 0.2117
vn 0.5653 0.8160 0.1208
vn 0.9687 0.1054 0.2249
vn 0.9685 0.1060 0.2251
vn 0.9683 0.1063 0.2259
vn 0.9680 0.1071 0.2268
vn 0.9075 0.3572 0.2210
vn 0.7688 0.6036 0.2112
vn 0.7708 0.6008 0.2120
vn 0.7686 0.6039 0.2113
vn 0.5799 0.8045 0.1286
vn 0.6024 0.7464 0.2829
vn 0.6117 0.7197 0.3283
vn 0.1964 0.9766 0.0871
vn 0.1130 0.9936 0.0073
vn 0.8093 0.5461 0.2166
vn 0.3129 0.9429 0.1141
vn 0.5135 0.8459 0.1441
vn 0.5853 0.7853 0.2020
vn 0.8184 0.5337 0.2129
vn 0.8164 0.5372 0.2120
vn 0.8195 0.5316 0.2139
vn 0.5838 0.7808 0.2228
vn 0.7383 0.6420 0.2069
vn 0.5773 0.7759 0.2544
vn 0.8620 0.4604 0.2121
vn 0.5846 0.7773 0.2325
vn 0.7710 0.6004 0.2123
vn 0.9687 0.1069 0.2241
vn 0.9687 0.1070 0.2240
vn 0.9687 0.1068 0.2242
vn 0.8151 0.5394 0.2114
vn 0.7805 0.5918 0.2013
vn 0.6833 0.7065 0.1840
vn 0.5796 0.7996 0.1574
vn 0.5783 0.7952 0.1822
vn 0.5825 0.7972 0.1584
vn 0.9717 0.0782 0.2231
vn 0.9672 0.0909 0.2372
vn 0.4754 0.8661 0.1542
vn 0.4724 0.8679 0.1537
vn 0.4742 0.8668 0.1541
vn 0.4776 0.8649 0.1545
vn 0.4267 0.8938 0.1381
vn 0.1821 0.9782 0.0997
vn 0.4278 0.8907 0.1539
vn 0.4286 0.8896 0.1578
vn 0.4246 0.8926 0.1517
vn 0.4256 0.8903 0.1616
vn 0.1745 0.9707 0.1650
vn 0.9198 0.3144 0.2346
vn 0.9678 0.1120 0.2253
vn 0.9676 0.1113 0.2265
vn 0.1769 0.9749 0.1355
vn 0.1772 0.9787 0.1038
vn 0.4200 0.8963 0.1426
vn 0.4193 0.8977 0.1353
vn 0.4189 0.8976 0.1371
vn 0.3598 0.9238 0.1309
vn 0.3622 0.9228 0.1313
vn 0.3650 0.9217 0.1317
vn 0.3573 0.9248 0.1307
vn 0.3586 0.9243 0.1306
vn 0.4187 0.8970 0.1419
vn 0.6608 0.7447 0.0930
vn 0.6363 0.7608 0.1278
vn 0.6182 0.7720 0.1475
vn 0.9215 0.3068 0.2381
vn 0.4179 0.8969 0.1448
vn 0.9473 0.2330 0.2200
vn 0.5811 0.7939 0.1789
vn 0.6204 0.7471 0.2385
vn 0.6313 0.7291 0.2642
vn 0.6400 0.7070 0.3009
vn 0.6230 0.7616 0.1786
vn 0.6078 0.7714 0.1884
vn 0.1782 0.9732 0.1451
vn 0.3192 0.9405 0.1169
vn 0.1211 0.9888 0.0873
vn 0.3584 0.9274 0.1066
vn 0.3675 0.9091 0.1960
vn 0.2358 0.9699 0.0615
vn 0.2354 0.9699 0.0617
vn 0.2361 0.9698 0.0610
vn 0.4221 0.8939 0.1510
vn 0.4025 0.9005 0.1650
vn 0.2351 0.9700 0.0620
vn 0.5866 0.7887 0.1841
vn 0.5810 0.7868 0.2083
vn 0.5807 0.7815 0.2280
vn 0.0969 0.9951 0.0201
vn 0.0996 0.9948 0.0223
vn 0.0961 0.9952 0.0194
vn 0.0998 0.9948 0.0224
vn 0.0995 0.9948 0.0223
vn 0.0996 0.9948 0.0225
vn 0.2886 0.9553 0.0640
vn 0.2840 0.9566 0.0650
vn 0.2827 0.9570 0.0657
vn 0.2902 0.9548 0.0639
vn 0.0979 0.9949 0.0230
vn 0.0973 0.9950 0.0229
vn 0.2900 0.9548 0.0651
vn 0.2899 0.9548 0.0650
vn 0.4622 0.8807 0.1036
vn 0.4602 0.8817 0.1042
vn 0.4597 0.8819 0.1043
vn 0.2900 0.9548 0.0650
vn 0.2898 0.9549 0.0651
vn 0.4626 0.8805 0.1035
vn 0.2894 0.9550 0.0644
vn 0.2891 0.9552 0.0640
vn 0.2897 0.9549 0.0644
vn 0.2886 0.9554 0.0634
vn 0.4629 0.8803 0.1040
vn 0.4626 0.8805 0.1037
vn 0.4627 0.8804 0.1039
vn 0.4628 0.8804 0.1039
vn 0.4628 0.8803 0.1039
vn 0.4626 0.8805 0.1039
vn 0.4625 0.8805 0.1039
vn 0.4625 0.8805 0.1038
vn 0.6190 0.7730 0.1393
vn 0.6189 0.7730 0.1393
vn 0.6190 0.7729 0.1393
vn 0.4674 0.8780 0.1031
vn 0.4636 0.8799 0.1042
vn 0.4624 0.8805 0.1045
vn 0.4682 0.8776 0.1029
vn 0.6191 0.7729 0.1388
vn 0.6189 0.7731 0.1389
vn 0.6188 0.7732 0.1389
vn 0.6191 0.7729 0.1390
vn 0.6189 0.7731 0.1388
vn 0.7535 0.6350 0.1702
vn 0.7523 0.6368 0.1690
vn 0.7541 0.6342 0.1703
vn 0.7522 0.6370 0.1683
vn 0.6184 0.7731 0.1410
vn 0.6297 0.7646 0.1375
vn 0.7521 0.6370 0.1688
vn 0.7521 0.6371 0.1688
vn 0.7519 0.6373 0.1688
vn 0.7520 0.6372 0.1687
vn 0.7521 0.6371 0.1689
vn 0.7521 0.6370 0.1689
vn 0.8596 0.4725 0.1946
vn 0.8579 0.4765 0.1921
vn 0.8602 0.4713 0.1950
vn 0.8576 0.4776 0.1909
vn 0.7514 0.6369 0.1725
vn 0.7657 0.6213 0.1667
vn 0.8573 0.4775 0.1924
vn 0.8573 0.4775 0.1925
vn 0.8573 0.4776 0.1924
vn 0.8573 0.4776 0.1925
vn 0.8571 0.4779 0.1922
vn 0.9328 0.2920 0.2112
vn 0.9310 0.3007 0.2067
vn 0.9315 0.2985 0.2077
vn 0.9330 0.2906 0.2123
vn 0.9307 0.3003 0.2089
vn 0.8712 0.4532 0.1887
vn 0.9699 0.1076 0.2186
vn 0.9714 0.0995 0.2156
vn 0.9717 0.0980 0.2150
vn 0.9700 0.1069 0.2183
vn 0.9705 0.1039 0.2177
vn 0.9307 0.3002 0.2089
vn 0.9307 0.3002 0.2090
vn 0.9583 0.1883 0.2151
vn 0.9419 0.2672 0.2034
vn 0.9672 0.1322 0.2171
vn 0.9672 0.1320 0.2171
vn 0.9685 0.1136 0.2215
vn 0.9689 0.1143 0.2194
vn 0.9715 -0.0997 0.2151
vn 0.9704 -0.1034 0.2181
vn 0.9718 -0.0980 0.2143
vn 0.9704 -0.1049 0.2177
vn 0.9699 -0.1078 0.2183
vn 0.9759 0.0000 0.2184
vn 0.9688 -0.1151 0.2194
vn 0.9670 -0.1331 0.2171
vn 0.9671 -0.1328 0.2171
vn 0.9670 -0.1332 0.2171
vn 0.9311 -0.2999 0.2075
vn 0.9326 -0.2924 0.2115
vn 0.9331 -0.2901 0.2127
vn 0.9671 -0.1326 0.2171
vn 0.9308 -0.3018 0.2065
vn 0.9685 -0.1136 0.2217
vn 0.9581 -0.1892 0.2150
vn 0.9302 -0.3019 0.2088
vn 0.9303 -0.3016 0.2088
vn 0.9302 -0.3018 0.2088
vn 0.9301 -0.3023 0.2086
vn 0.8575 -0.4775 0.1918
vn 0.8594 -0.4728 0.1947
vn 0.8601 -0.4713 0.1955
vn 0.9302 -0.3019 0.2086
vn 0.9301 -0.3022 0.2088
vn 0.8569 -0.4790 0.1906
vn 0.9420 -0.2672 0.2030
vn 0.8567 -0.4786 0.1923
vn 0.8566 -0.4788 0.1922
vn 0.8568 -0.4785 0.1923
vn 0.7519 -0.6374 0.1685
vn 0.7535 -0.6350 0.1706
vn 0.7539 -0.6344 0.1707
vn 0.8565 -0.4790 0.1922
vn 0.7516 -0.6378 0.1681
vn 0.8711 -0.4534 0.1888
vn 0.7515 -0.6379 0.1687
vn 0.7514 -0.6379 0.1687
vn 0.7515 -0.6378 0.1687
vn 0.6186 -0.7733 0.1392
vn 0.6185 -0.7733 0.1393
vn 0.6187 -0.7732 0.1394
vn 0.6182 -0.7736 0.1390
vn 0.7658 -0.6213 0.1661
vn 0.7502 -0.6383 0.1725
vn 0.6184 -0.7735 0.1388
vn 0.6183 -0.7736 0.1388
vn 0.6185 -0.7734 0.1387
vn 0.6186 -0.7734 0.1387
vn 0.4603 -0.8817 0.1040
vn 0.4619 -0.8809 0.1036
vn 0.4596 -0.8819 0.1045
vn 0.4623 -0.8806 0.1037
vn 0.6178 -0.7736 0.1410
vn 0.6297 -0.7646 0.1371
vn 0.4626 -0.8805 0.1039
vn 0.4624 -0.8806 0.1038
vn 0.4621 -0.8808 0.1037
vn 0.4620 -0.8807 0.1040
vn 0.4623 -0.8807 0.1038
vn 0.4622 -0.8807 0.1038
vn 0.4626 -0.8805 0.1038
vn 0.4623 -0.8806 0.1038
vn 0.2839 -0.9566 0.0651
vn 0.2883 -0.9554 0.0640
vn 0.2828 -0.9569 0.0656
vn 0.2896 -0.9550 0.0640
vn 0.4633 -0.8800 0.1043
vn 0.4675 -0.8779 0.1032
vn 0.4622 -0.8806 0.1043
vn 0.4683 -0.8776 0.1026
vn 0.2895 -0.9550 0.0650
vn 0.0994 -0.9948 0.0221
vn 0.0998 -0.9948 0.0224
vn 0.0969 -0.9951 0.0201
vn 0.0965 -0.9951 0.0195
vn 0.0995 -0.9948 0.0223
vn 0.2894 -0.9550 0.0649
vn 0.2894 -0.9550 0.0650
vn 0.2892 -0.9551 0.0649
vn 0.2895 -0.9550 0.0649
vn 0.2893 -0.9551 0.0640
vn 0.2889 -0.9553 0.0637
vn 0.2896 -0.9550 0.0643
vn 0.2886 -0.9554 0.0634
vn 0.0995 -0.9948 0.0225
vn 0.0996 -0.9948 0.0223
vn 0.0973 -0.9950 0.0229
vn 0.0979 -0.9949 0.0230
vn 0.8553 -0.4790 0.1974
vn 0.9288 -0.3017 0.2151
vn 0.9293 0.3003 0.2149
vn 0.8560 0.4777 0.1974
vn 0.7549 -0.6335 0.1694
vn 0.7550 -0.6335 0.1694
vn 0.7537 0.6351 0.1691
vn 0.7540 0.6347 0.1693
vn 0.7539 0.6348 0.1693
vn 0.7537 0.6350 0.1693
vn 0.7550 -0.6334 0.1695
vn 0.8558 0.4803 0.1921
vn 0.8559 0.4801 0.1922
vn 0.8558 0.4805 0.1919
vn 0.1176 0.9927 0.0264
vn 0.9045 0.3750 0.2030
vn 0.3479 0.9349 0.0700
vn 0.8629 -0.4644 0.1993
vn 0.8588 -0.4737 0.1954
vn 0.8617 -0.4672 0.1980
vn 0.8574 -0.4765 0.1944
vn 0.3143 0.9467 0.0705
vn 0.3142 0.9467 0.0705
vn 0.3144 0.9467 0.0705
vn 0.8558 0.4804 0.1920
vn 0.7551 -0.6334 0.1694
vn 0.7543 0.6346 0.1680
vn 0.3138 0.9469 0.0705
vn 0.7549 -0.6336 0.1693
vn 0.7287 0.6631 0.1712
vn 0.8560 0.4799 0.1921
vn 0.8559 0.4802 0.1921
vn 0.8557 0.4805 0.1922
vn 0.3144 0.9467 0.0706
vn 0.1179 0.9927 0.0265
vn 0.5568 -0.8226 0.1150
vn 0.9464 0.2391 0.2172
vn 0.9421 0.2602 0.2115
vn 0.9420 0.2606 0.2114
vn 0.7553 -0.6334 0.1682
vn 0.3139 0.9468 0.0705
vn 0.8561 0.4798 0.1921
vn 0.6262 -0.7669 0.1405
vn 0.6264 -0.7668 0.1405
vn 0.6263 -0.7668 0.1406
vn 0.8559 0.4797 0.1934
vn 0.5568 0.8226 0.1151
vn 0.6265 -0.7667 0.1406
vn 0.8627 0.4648 0.1993
vn 0.3143 0.9467 0.0706
vn 0.4744 0.8739 0.1065
vn 0.4748 0.8736 0.1065
vn 0.4747 0.8737 0.1065
vn 0.9421 0.2603 0.2115
vn 0.9421 0.2604 0.2115
vn 0.4745 0.8738 0.1065
vn 0.7287 -0.6631 0.1713
vn 0.9484 0.2393 0.2082
vn 0.6263 -0.7668 0.1405
vn 0.6264 -0.7667 0.1406
vn 0.6265 -0.7666 0.1407
vn 0.9465 -0.2392 0.2167
vn 0.9052 -0.3733 0.2031
vn 0.3445 0.9349 0.0854
vn 0.4752 -0.8734 0.1067
vn 0.4747 -0.8737 0.1066
vn 0.4749 0.8736 0.1065
vn 0.4744 0.8738 0.1065
vn 0.4747 0.8737 0.1066
vn 0.9426 -0.2582 0.2116
vn 0.9425 -0.2588 0.2116
vn 0.9427 -0.2582 0.2115
vn 0.9426 -0.2583 0.2115
vn 0.3479 -0.9349 0.0700
vn 0.8637 -0.4672 0.1892
vn 0.8598 -0.4738 0.1904
vn 0.8652 -0.4646 0.1886
vn 0.3142 -0.9467 0.0705
vn 0.3143 -0.9467 0.0705
vn 0.3140 -0.9468 0.0705
vn 0.9425 -0.2587 0.2116
vn 0.4747 -0.8737 0.1065
vn 0.6251 0.7678 0.1404
vn 0.6253 0.7677 0.1403
vn 0.6252 0.7677 0.1403
vn 0.8581 -0.4767 0.1908
vn 0.7317 0.6634 0.1564
vn 0.9426 -0.2582 0.2115
vn 0.4746 -0.8737 0.1066
vn 0.5524 -0.8227 0.1340
vn 0.7534 0.6351 0.1704
vn 0.9482 -0.2396 0.2085
vn 0.9052 -0.3734 0.2031
vn 0.6248 0.7681 0.1403
vn 0.1176 -0.9927 0.0264
vn 0.3143 -0.9467 0.0706
vn 0.3141 -0.9468 0.0705
vn 0.3136 -0.9469 0.0703
vn 0.3147 -0.9465 0.0707
vn 0.8579 -0.4765 0.1924
vn 0.6251 0.7678 0.1403
vn 0.3445 -0.9349 0.0854
vn 0.6274 -0.7668 0.1356
vn 0.4760 -0.8736 0.1013
vn 0.5525 0.8227 0.1339
vn 0.4758 0.8737 0.1013
vn 0.6259 0.7681 0.1354
vn 0.4735 0.8737 0.1118
vn 0.6240 0.7678 0.1454
vn 0.6253 -0.7667 0.1457
vn 0.4734 -0.8737 0.1118
vn 0.7547 -0.6334 0.1708
vn 0.7538 0.6349 0.1692
vn 0.7539 0.6348 0.1692
vn 0.7538 0.6350 0.1691
vn 0.7318 -0.6633 0.1563
vn 0.8578 -0.4765 0.1925
vn 0.8653 0.4646 0.1883
vn 0.8563 0.4799 0.1909
vn -0.2192 -0.0005 0.9757
vn -0.2196 0.0000 0.9756
vn -0.2191 -0.0005 0.9757
vn -0.2189 0.0003 0.9758
vn 0.9154 0.0043 0.4026
vn 0.9154 0.0062 0.4025
vn 0.9140 0.0127 0.4055
vn 0.4752 0.0733 0.8768
vn 0.7755 0.0231 -0.6309
vn 0.7751 0.0232 -0.6314
vn 0.5938 0.0624 0.8022
vn 0.0611 0.1032 0.9928
vn 0.7630 0.0441 0.6449
vn 0.3770 0.1037 -0.9204
vn 0.7628 0.0134 0.6465
vn 0.7624 0.0134 0.6470
vn 0.9318 0.0164 -0.3625
vn 0.9318 0.0164 -0.3627
vn 0.9317 0.0165 -0.3628
vn 0.7627 0.0134 0.6467
vn 0.9318 0.0166 -0.3627
vn 0.5419 0.0202 0.8402
vn 0.5412 0.0211 0.8406
vn 0.5421 0.0202 0.8401
vn 0.2592 -0.0665 0.9635
vn 0.5402 0.0243 0.8412
vn 0.5544 0.0667 -0.8296
vn 0.5428 0.0276 0.8394
vn -0.0860 0.0875 0.9924
vn -0.1815 -0.0882 0.9794
vn -0.1815 -0.0883 0.9794
vn 0.2588 0.0254 0.9656
vn 0.2589 0.0255 0.9656
vn 0.2588 0.0255 0.9656
vn -0.0301 -0.0854 0.9959
vn 0.7188 0.0102 -0.6952
vn 0.2592 0.0662 0.9635
vn -0.1109 0.0293 0.9934
vn -0.0312 -0.0038 0.9995
vn -0.1823 0.0288 0.9828
vn -0.0309 0.0283 0.9991
vn -0.0310 0.0283 0.9991
vn 0.9956 0.0091 -0.0931
vn 0.9956 0.0091 -0.0932
vn -0.0311 0.0283 0.9991
vn 0.9956 0.0091 -0.0929
vn 0.9873 0.0039 0.1586
vn 0.9873 0.0010 0.1589
vn 0.9873 0.0028 0.1588
vn 0.9873 -0.0007 0.1589
vn 0.9154 -0.0064 0.4025
vn 0.9154 -0.0044 0.4026
vn 0.9140 -0.0128 0.4055
vn 0.3713 -0.0284 -0.9281
vn 0.3712 -0.0285 -0.9281
vn 0.3711 -0.0285 -0.9282
vn 0.3705 -0.0853 -0.9249
vn 0.3004 0.1836 0.9360
vn 0.4854 0.2202 0.8461
vn 0.0181 0.1374 0.9903
vn 0.3552 0.0854 -0.9309
vn 0.3712 -0.0284 -0.9281
vn 0.5895 -0.0264 -0.8074
vn 0.5897 -0.0264 -0.8072
vn 0.5896 -0.0264 -0.8072
vn 0.5895 -0.0264 -0.8073
vn 0.5884 0.0895 -0.8036
vn 0.5885 -0.0886 -0.8036
vn 0.7627 -0.0137 0.6466
vn 0.7627 -0.0137 0.6467
vn 0.7626 -0.0137 0.6467
vn 0.5642 -0.0766 -0.8221
vn 0.8400 0.0674 -0.5384
vn 0.7475 0.0741 -0.6602
vn 0.5631 0.0770 -0.8228
vn 0.7740 0.0928 -0.6264
vn 0.8404 -0.0669 -0.5379
vn 0.7735 -0.0919 -0.6271
vn 0.7479 -0.0736 -0.6597
vn 0.7750 -0.0227 -0.6315
vn 0.7753 -0.0227 -0.6312
vn 0.7751 -0.0227 -0.6314
vn 0.0181 -0.1374 0.9903
vn 0.3005 -0.1836 0.9360
vn 0.4854 -0.2202 0.8461
vn 0.9583 0.0465 -0.2820
vn 0.5404 -0.0239 0.8411
vn 0.5424 -0.0207 0.8399
vn 0.5411 -0.0217 0.8407
vn 0.9096 0.0555 -0.4118
vn 0.9101 0.0543 -0.4108
vn 0.5423 -0.0207 0.8399
vn 0.9313 0.0528 -0.3604
vn 0.9953 0.0296 -0.0923
vn 0.9317 -0.0161 -0.3628
vn 0.9317 -0.0163 -0.3629
vn 0.9318 -0.0159 -0.3626
vn 0.9584 -0.0462 -0.2817
vn 0.9996 0.0226 -0.0158
vn 0.9100 -0.0551 -0.4109
vn 0.9895 0.0327 -0.1407
vn 0.9314 -0.0524 -0.3602
vn 0.9316 -0.0160 -0.3632
vn 0.9871 0.0058 0.1599
vn 0.2587 -0.0261 0.9656
vn 0.2588 -0.0261 0.9656
vn 0.2585 -0.0261 0.9657
vn 0.9414 -0.0119 0.3372
vn 0.9754 -0.0001 0.2204
vn 0.9949 0.0102 0.1001
vn 0.9164 -0.0191 0.3999
vn 0.9996 -0.0224 -0.0157
vn 0.7075 -0.0537 0.7047
vn 0.9895 -0.0325 -0.1406
vn 0.8132 -0.0375 0.5808
vn 0.8897 -0.0241 0.4559
vn 0.3768 -0.1037 -0.9205
vn 0.9953 -0.0293 -0.0920
vn 0.3711 0.0284 -0.9282
vn 0.5542 -0.0668 -0.8297
vn 0.3867 0.0290 -0.9217
vn 0.9956 -0.0089 -0.0930
vn 0.9956 -0.0089 -0.0932
vn 0.9956 -0.0089 -0.0931
vn 0.9956 -0.0089 -0.0928
vn -0.1822 -0.0295 0.9828
vn -0.1824 -0.0295 0.9828
vn -0.1821 -0.0295 0.9828
vn -0.1823 -0.0295 0.9828
vn 0.7188 -0.0102 -0.6951
vn -0.0306 -0.0289 0.9991
vn -0.0310 -0.0289 0.9991
vn 0.9413 0.0118 0.3372
vn 0.9754 0.0001 0.2204
vn 0.9949 -0.0101 0.1001
vn 0.5897 0.0270 -0.8072
vn 0.5893 0.0270 -0.8074
vn 0.5898 0.0270 -0.8071
vn 0.9873 -0.0028 0.1588
vn 0.4757 -0.0737 0.8765
vn 0.9873 -0.0038 0.1589
vn 0.9872 -0.0058 0.1597
vn 0.5941 -0.0628 0.8020
vn 0.7630 -0.0444 0.6449
vn 0.0637 -0.1038 0.9926
vn 0.7073 0.0534 0.7049
vn 0.5426 -0.0273 0.8395
vn 0.8130 0.0373 0.5811
vn 0.8896 0.0240 0.4560
vn 0.9164 0.0190 0.3998
vn 0.7755 0.0231 -0.6310
vn 1.0000 0.0063 -0.0024
vn 1.0000 0.0063 -0.0025
vn 0.4472 0.0225 0.8941
vn 0.4468 0.0226 0.8944
vn 0.4472 0.0225 0.8942
vn 0.9648 0.0435 -0.2593
vn 0.9652 0.0133 -0.2610
vn 0.8460 -0.0685 -0.5288
vn 0.5375 -0.0830 -0.8392
vn 0.8962 0.0586 -0.4397
vn 0.8270 0.0662 -0.5583
vn 0.7358 0.0703 -0.6736
vn 0.6987 0.0159 0.7153
vn 0.6984 0.0159 0.7155
vn 0.0030 0.1349 0.9909
vn 0.9653 0.0133 -0.2610
vn 0.6986 0.0159 0.7154
vn 0.8467 0.0201 -0.5317
vn 0.8467 0.0202 -0.5317
vn 0.8467 0.0201 -0.5316
vn 0.3035 0.1817 0.9353
vn 0.5389 0.0825 -0.8383
vn 0.6372 -0.0884 -0.7656
vn 0.8460 0.0680 -0.5288
vn 0.8466 0.0200 -0.5318
vn 0.6379 0.0254 -0.7697
vn 0.6378 0.0254 -0.7698
vn 0.6380 0.0254 -0.7697
vn 0.8686 0.0085 0.4955
vn 0.8685 0.0085 0.4955
vn 0.8685 0.0085 0.4956
vn 0.6370 0.0876 -0.7659
vn 0.6374 0.0254 -0.7701
vn 0.2381 0.0285 -0.9708
vn 0.2382 0.0285 -0.9708
vn 0.2367 0.0285 -0.9712
vn 0.2369 0.0854 -0.9678
vn 0.1176 -0.0849 -0.9894
vn 0.3823 0.0281 -0.9236
vn 0.3820 0.0281 -0.9237
vn 0.3823 0.0282 -0.9236
vn 0.3777 -0.0272 -0.9255
vn 0.3820 -0.0223 -0.9239
vn 0.3818 -0.0290 -0.9238
vn 0.3821 0.0281 -0.9237
vn 0.3812 -0.0854 -0.9205
vn 0.3814 0.0848 -0.9205
vn 0.9695 0.0021 0.2452
vn 0.9693 0.0003 0.2458
vn 0.9694 0.0015 0.2454
vn 0.9693 -0.0003 0.2459
vn -0.0811 -0.0282 0.9963
vn -0.0979 -0.0865 0.9914
vn -0.0637 -0.0288 0.9976
vn 0.7023 0.0155 -0.7117
vn 0.5394 0.0693 -0.8392
vn 0.3698 0.1031 -0.9234
vn 1.0000 -0.0064 -0.0025
vn 1.0000 -0.0064 -0.0024
vn 0.1780 -0.0713 0.9814
vn -0.0806 0.0863 0.9930
vn 0.1771 -0.0263 0.9838
vn 0.1775 -0.0263 0.9838
vn 0.1781 0.0717 0.9814
vn 0.3342 0.0830 0.9388
vn 0.4916 0.0702 0.8680
vn 0.9652 -0.0136 -0.2610
vn 0.9653 -0.0136 -0.2607
vn 0.9653 -0.0136 -0.2609
vn 0.9653 -0.0136 -0.2610
vn -0.0090 -0.1053 0.9944
vn 0.3337 -0.0825 0.9391
vn 0.4913 -0.0697 0.8682
vn 0.4477 0.0420 0.8932
vn -0.0062 0.1061 0.9943
vn 0.6253 0.0617 0.7780
vn 0.4471 -0.0221 0.8942
vn 0.4475 -0.0221 0.8940
vn 0.4474 -0.0221 0.8941
vn 0.7341 0.0477 0.6774
vn 0.8296 0.0345 0.5573
vn 0.4476 -0.0420 0.8932
vn 0.6988 0.0515 0.7135
vn 0.7022 -0.0155 -0.7118
vn 0.8468 -0.0205 -0.5315
vn 0.8469 -0.0205 -0.5314
vn 0.5390 -0.0694 -0.8394
vn 0.5391 -0.0694 -0.8394
vn 0.3700 -0.1031 -0.9233
vn 0.8998 0.0217 0.4358
vn 0.9513 0.0088 0.3081
vn 0.6255 -0.0613 0.7778
vn 0.7339 -0.0474 0.6776
vn 0.8297 -0.0343 0.5571
vn 0.8688 0.0288 0.4944
vn 0.9837 -0.0038 0.1797
vn 0.9983 -0.0156 0.0565
vn 0.6988 -0.0512 0.7135
vn 0.9982 -0.0246 -0.0545
vn 0.6985 -0.0155 0.7154
vn 0.6983 -0.0155 0.7157
vn 0.6380 -0.0259 -0.7696
vn 0.6381 -0.0259 -0.7695
vn 0.9693 0.0035 0.2458
vn 0.3800 -0.0287 -0.9246
vn 0.8689 -0.0284 0.4942
vn 0.8999 -0.0216 0.4355
vn 0.9514 -0.0087 0.3080
vn -0.0815 0.0287 0.9963
vn -0.0813 0.0288 0.9963
vn 0.0031 -0.1349 0.9909
vn -0.0811 0.0288 0.9963
vn 0.9833 -0.0370 -0.1783
vn 0.3036 -0.1817 0.9353
vn 0.9486 -0.0468 -0.3130
vn 0.8685 -0.0084 0.4957
vn 0.8686 -0.0084 0.4955
vn 0.8685 -0.0084 0.4956
vn 0.9998 -0.0209 -0.0014
vn 0.2371 -0.0285 -0.9711
vn 0.3819 -0.0287 -0.9238
vn 0.9694 -0.0021 0.2454
vn 0.9694 -0.0015 0.2455
vn 0.9693 -0.0034 0.2460
vn 0.1770 0.0269 0.9838
vn 0.1773 0.0268 0.9838
vn 0.1774 0.0268 0.9838
vn 0.9837 0.0038 0.1796
vn 0.9983 0.0155 0.0567
vn 0.9982 0.0245 -0.0550
vn 0.1771 0.0268 0.9838
vn 0.8960 -0.0590 -0.4402
vn 0.8268 -0.0666 -0.5586
vn 0.7354 -0.0708 -0.6739
vn 0.9648 -0.0437 -0.2592
vn 0.9998 0.0209 -0.0016
vn 0.4471 0.0225 0.8942
vn 0.9834 0.0367 -0.1779
vn 0.9487 0.0465 -0.3127
vn 0.9327 0.2769 0.2311
vn 0.9608 0.1952 0.1967
vn 0.9605 0.1951 0.1987
vn 0.9609 0.1949 0.1967
vn 0.9452 0.2785 0.1705
vn 0.9077 0.3825 0.1728
vn 0.9444 0.3216 0.0686
vn 0.9482 0.3058 0.0862
vn 0.9380 0.3248 0.1207
vn 0.6902 0.7071 0.1535
vn 0.6902 0.7071 0.1539
vn 0.6901 0.7071 0.1542
vn 0.8298 0.5320 0.1684
vn 0.8344 0.5306 0.1492
vn 0.9632 0.2682 0.0197
vn 0.9543 0.2949 0.0484
vn 0.8593 0.5089 0.0518
vn 0.8371 0.5364 0.1075
vn 0.9922 0.0556 0.1114
vn 0.9758 0.2157 -0.0366
vn 0.9685 0.2484 -0.0149
vn 0.8644 0.5026 -0.0137
vn 0.8847 0.4622 -0.0610
vn 0.6983 0.7085 0.1018
vn 0.7206 0.6909 0.0584
vn 0.9854 0.1510 -0.0791
vn 0.9799 0.1883 -0.0658
vn 0.9070 0.3895 -0.1604
vn 0.8888 0.4412 -0.1238
vn 0.7182 0.6951 -0.0316
vn 0.7553 0.6481 -0.0980
vn 0.3246 0.9438 0.0621
vn 0.3243 0.9437 0.0648
vn 0.3228 0.9438 0.0707
vn 0.5225 0.8466 0.1015
vn 0.5355 0.8426 0.0569
vn 0.9914 0.0775 -0.1058
vn 0.9879 0.1173 -0.1012
vn 0.9097 0.3545 -0.2163
vn 0.9249 0.2949 -0.2400
vn 0.7875 0.5679 -0.2393
vn 0.7525 0.6317 -0.1862
vn 0.5833 0.8069 -0.0930
vn 0.5255 0.8507 -0.0100
vn 0.9920 0.0401 -0.1196
vn 0.9933 0.0000 -0.1154
vn 0.9374 0.1839 -0.2956
vn 0.9255 0.2478 -0.2863
vn 0.8143 0.4564 -0.3587
vn 0.7830 0.5323 -0.3218
vn 0.6235 0.7330 -0.2720
vn 0.5687 0.7974 -0.2018
vn 0.1249 0.9911 -0.0469
vn 0.3315 0.9435 0.0027
vn 0.3761 0.9250 -0.0545
vn 0.1085 0.9898 -0.0920
vn 0.9922 -0.0556 0.1114
vn 0.9914 -0.0775 -0.1058
vn 0.9920 -0.0401 -0.1195
vn 0.9353 0.1276 -0.3300
vn 0.9439 0.0628 -0.3243
vn 0.8075 0.4031 -0.4306
vn 0.8346 0.3193 -0.4489
vn 0.6588 0.6177 -0.4295
vn 0.6076 0.6995 -0.3763
vn 0.1586 0.9395 -0.3035
vn 0.4230 0.8671 -0.2631
vn 0.1921 0.9559 -0.2222
vn 0.3494 0.9201 -0.1768
vn 0.3494 0.9202 -0.1768
vn 0.9879 -0.1174 -0.1011
vn 0.9854 -0.1510 -0.0791
vn 0.9439 -0.0628 -0.3243
vn 0.9386 0.0000 -0.3450
vn 0.8473 0.1642 -0.5052
vn 0.8248 0.2512 -0.5066
vn 0.6872 0.4678 -0.5558
vn 0.6408 0.5623 -0.5227
vn 0.2053 0.8426 -0.4978
vn 0.2372 0.8687 -0.4349
vn 0.4652 0.7606 -0.4529
vn 0.3954 0.8358 -0.3808
vn 0.9758 -0.2157 -0.0366
vn 0.9800 -0.1881 -0.0656
vn 0.9374 -0.1839 -0.2956
vn 0.9353 -0.1276 -0.3301
vn 0.8335 0.0852 -0.5459
vn 0.8514 0.0000 -0.5245
vn 0.7068 0.2919 -0.6444
vn 0.6657 0.3931 -0.6343
vn 0.2470 0.7032 -0.6667
vn 0.5011 0.6113 -0.6125
vn 0.2757 0.7325 -0.6225
vn 0.4355 0.7044 -0.5605
vn 0.9632 -0.2682 0.0197
vn 0.9685 -0.2484 -0.0149
vn 0.9249 -0.2949 -0.2400
vn 0.9254 -0.2481 -0.2864
vn 0.8473 -0.1642 -0.5052
vn 0.8335 -0.0856 -0.5459
vn 0.7171 0.0991 -0.6899
vn 0.6811 0.2025 -0.7037
vn 0.5283 0.4277 -0.7335
vn 0.2815 0.5290 -0.8006
vn 0.3054 0.5549 -0.7738
vn 0.4677 0.5334 -0.7048
vn 0.9452 -0.2785 0.1705
vn 0.9608 -0.1952 0.1967
vn 0.9609 -0.1949 0.1967
vn 0.9605 -0.1951 0.1987
vn 0.9327 -0.2767 0.2312
vn 0.9482 -0.3058 0.0862
vn 0.9542 -0.2952 0.0491
vn 0.9097 -0.3544 -0.2163
vn 0.9070 -0.3895 -0.1604
vn 0.8246 -0.2515 -0.5067
vn 0.8346 -0.3193 -0.4489
vn 0.7171 -0.0991 -0.6899
vn 0.6864 -0.0000 -0.7273
vn 0.4905 0.3323 -0.8056
vn 0.3241 0.3461 -0.8804
vn 0.3080 0.3278 -0.8931
vn 0.5452 0.2202 -0.8089
vn 0.9444 -0.3216 0.0686
vn 0.9077 -0.3825 0.1728
vn 0.9381 -0.3248 0.1206
vn 0.8847 -0.4622 -0.0610
vn 0.8888 -0.4412 -0.1238
vn 0.8143 -0.4564 -0.3587
vn 0.8073 -0.4033 -0.4308
vn 0.6811 -0.2024 -0.7037
vn 0.7068 -0.2919 -0.6444
vn 0.5508 0.0000 -0.8346
vn 0.5022 0.1130 -0.8573
vn 0.3280 -0.1146 -0.9377
vn 0.3248 -0.1112 -0.9392
vn 0.3250 -0.1113 -0.9392
vn 0.3280 0.1146 -0.9377
vn 0.3249 0.1113 -0.9392
vn 0.3248 0.1112 -0.9392
vn 0.3307 0.1176 -0.9364
vn 0.8593 -0.5089 0.0518
vn 0.8644 -0.5026 -0.0137
vn 0.7830 -0.5323 -0.3218
vn 0.7875 -0.5679 -0.2393
vn 0.6870 -0.4679 -0.5560
vn 0.6656 -0.3933 -0.6343
vn 0.3304 -0.1176 -0.9365
vn 0.5022 -0.1130 -0.8573
vn 0.3080 -0.3278 -0.8931
vn 0.5451 -0.2202 -0.8089
vn 0.8298 -0.5320 0.1684
vn 0.6903 -0.7070 0.1535
vn 0.6902 -0.7071 0.1540
vn 0.6902 -0.7071 0.1539
vn 0.8344 -0.5306 0.1492
vn 0.8371 -0.5364 0.1073
vn 0.7553 -0.6481 -0.0980
vn 0.7525 -0.6317 -0.1862
vn 0.6588 -0.6177 -0.4295
vn 0.6408 -0.5623 -0.5227
vn 0.2815 -0.5290 -0.8006
vn 0.5283 -0.4277 -0.7335
vn 0.3242 -0.3462 -0.8804
vn 0.4907 -0.3321 -0.8055
vn 0.6983 -0.7085 0.1018
vn 0.7206 -0.6909 0.0584
vn 0.7182 -0.6951 -0.0316
vn 0.6235 -0.7330 -0.2720
vn 0.6076 -0.6995 -0.3763
vn 0.2470 -0.7032 -0.6667
vn 0.3053 -0.5549 -0.7739
vn 0.5012 -0.6113 -0.6125
vn 0.4676 -0.5334 -0.7048
vn 0.5687 -0.7974 -0.2018
vn 0.5833 -0.8069 -0.0930
vn 0.2757 -0.7325 -0.6225
vn 0.2053 -0.8426 -0.4978
vn 0.4652 -0.7606 -0.4529
vn 0.4354 -0.7044 -0.5606
vn 0.5255 -0.8507 -0.0099
vn 0.5225 -0.8466 0.1015
vn 0.3246 -0.9438 0.0621
vn 0.3232 -0.9438 0.0697
vn 0.3243 -0.9437 0.0648
vn 0.5355 -0.8426 0.0569
vn 0.2370 -0.8687 -0.4349
vn 0.3953 -0.8357 -0.3813
vn 0.1586 -0.9395 -0.3035
vn 0.4230 -0.8671 -0.2631
vn 0.1919 -0.9558 -0.2229
vn 0.3492 -0.9202 -0.1768
vn 0.1249 -0.9911 -0.0469
vn 0.1085 -0.9898 -0.0920
vn 0.3761 -0.9250 -0.0545
vn 0.3315 -0.9435 0.0027
vn 0.9670 0.1399 0.2130
vn 0.9666 0.1398 0.2147
vn 0.9667 0.1398 0.2145
vn 0.9984 0.0570 -0.0067
vn 0.9621 0.1958 0.1897
vn 0.9625 0.1968 0.1866
vn 0.9740 0.1726 0.1468
vn 0.9823 0.1516 0.1097
vn 0.9670 0.1673 0.1923
vn 0.9896 0.1171 0.0830
vn 0.9861 0.1320 0.1011
vn 0.9978 0.0402 0.0532
vn 0.9798 0.1589 0.1216
vn 0.9858 0.0278 0.1657
vn 0.9858 -0.0278 0.1657
vn 0.9870 0.0000 0.1607
vn 0.9987 0.0000 0.0513
vn 0.9987 -0.0000 0.0506
vn 0.9987 0.0000 0.0509
vn 0.9978 -0.0402 0.0533
vn 0.9798 -0.1588 0.1215
vn 0.9987 -0.0000 0.0512
vn 0.9896 -0.1171 0.0830
vn 0.9823 -0.1516 0.1097
vn 0.9740 -0.1726 0.1468
vn 0.9670 -0.1673 0.1923
vn 0.9861 -0.1320 0.1010
vn 0.9670 -0.1399 0.2129
vn 0.9667 -0.1398 0.2145
vn 0.9666 -0.1398 0.2147
vn 0.9621 -0.1958 0.1897
vn 0.9625 -0.1968 0.1866
vn 0.9984 -0.0570 -0.0067
vn 0.9752 0.1241 0.1832
vn 0.9835 0.1041 0.1481
vn 0.9990 -0.0320 0.0315
vn 0.9990 0.0320 0.0315
vn 0.9752 -0.1241 0.1832
vn 0.9835 -0.1042 0.1482
vn 0.9763 0.0969 0.1936
vn 0.9763 0.0968 0.1936
vn 0.9763 0.0980 0.1929
vn 0.9774 0.0274 0.2096
vn 0.9761 0.0959 0.1949
vn 0.9849 0.0781 0.1543
vn 0.9849 0.0781 0.1542
vn 0.9863 0.0700 0.1492
vn 0.9848 0.0823 0.1530
vn 0.9795 0.0690 0.1890
vn 0.9796 0.0691 0.1888
vn 0.9797 0.0699 0.1879
vn 0.9794 0.0685 0.1897
vn 0.9882 -0.1498 -0.0315
vn -0.9760 -0.1588 -0.1492
vn 0.9795 -0.0690 0.1890
vn 0.9797 -0.0700 0.1879
vn 0.9796 -0.0691 0.1888
vn 0.9794 -0.0685 0.1897
vn 0.9882 0.1498 -0.0315
vn -0.9760 0.1588 -0.1492
vn 0.9763 -0.0969 0.1936
vn 0.9763 -0.0980 0.1929
vn 0.9763 -0.0968 0.1936
vn 0.9761 -0.0959 0.1949
vn 0.9774 -0.0274 0.2096
vn 0.9849 -0.0781 0.1544
vn 0.9849 -0.0781 0.1543
vn 0.9848 -0.0823 0.1530
vn 0.9863 -0.0700 0.1492
vn -0.1089 -0.9937 -0.0244
vn -0.1106 -0.9936 -0.0237
vn -0.1073 -0.9937 -0.0336
vn -0.1094 0.9937 -0.0245
vn -0.1077 0.9937 -0.0321
vn -0.1071 0.9936 -0.0358
vn -0.1089 0.9937 -0.0244
vn -0.5195 0.8465 -0.1166
vn -0.5177 0.8469 -0.1213
vn -0.5168 0.8474 -0.1217
vn -0.3220 0.9440 -0.0723
vn -0.6904 0.7066 -0.1549
vn -0.8262 0.5319 -0.1854
vn -0.8277 0.5318 -0.1792
vn -0.8274 0.5319 -0.1802
vn -0.9014 0.3828 -0.2023
vn -0.8263 0.5319 -0.1854
vn -0.9662 0.1399 -0.2164
vn -0.9569 0.1953 -0.2148
vn -0.9376 0.2767 -0.2104
vn -0.9213 0.3298 -0.2059
vn -0.9711 -0.0986 -0.2173
vn -0.9734 -0.0703 -0.2181
vn -0.9753 -0.0280 -0.2189
vn -0.9753 0.0280 -0.2189
vn -0.9734 0.0703 -0.2181
vn -0.9734 0.0702 -0.2180
vn -0.9708 0.1020 -0.2172
vn -0.9702 0.1082 -0.2170
vn -0.9711 0.0986 -0.2173
vn -0.9698 0.1113 -0.2168
vn -0.9376 -0.2767 -0.2104
vn -0.9569 -0.1953 -0.2148
vn -0.9662 -0.1399 -0.2164
vn -0.9698 -0.1113 -0.2168
vn -0.9014 -0.3828 -0.2023
vn -0.9213 -0.3298 -0.2059
vn -0.8263 -0.5319 -0.1854
vn -0.8270 -0.5320 -0.1816
vn -0.8278 -0.5317 -0.1792
vn -0.6904 -0.7066 -0.1549
vn -0.6899 -0.7072 -0.1548
vn -0.5191 -0.8467 -0.1165
vn -0.5166 -0.8481 -0.1180
vn -0.5177 -0.8469 -0.1213
vn -0.5195 -0.8465 -0.1166
vn 0.3217 0.9441 0.0722
vn 0.3223 0.9439 0.0724
vn 0.1090 0.9937 0.0245
vn 0.1090 -0.9937 0.0245
vn 0.5195 -0.8465 0.1165
vn 0.3223 -0.9439 0.0724
vn 0.6898 -0.7073 0.1548
vn 0.5191 -0.8467 0.1165
vn 0.8261 -0.5321 0.1854
vn 0.9014 -0.3828 0.2023
vn 0.8263 -0.5318 0.1855
vn 0.9661 -0.1397 0.2172
vn 0.9570 -0.1950 0.2148
vn 0.9376 -0.2768 0.2105
vn 0.9208 -0.3301 0.2075
vn 0.9709 0.0982 0.2185
vn 0.9733 0.0701 0.2187
vn 0.9753 0.0279 0.2189
vn 0.9753 -0.0279 0.2189
vn 0.9733 -0.0701 0.2187
vn 0.9732 -0.0701 0.2188
vn 0.9705 -0.1020 0.2185
vn 0.9698 -0.1082 0.2185
vn 0.9709 -0.0982 0.2185
vn 0.9694 -0.1118 0.2184
vn 0.9376 0.2768 0.2105
vn 0.9570 0.1950 0.2148
vn 0.9661 0.1397 0.2172
vn 0.9694 0.1116 0.2185
vn 0.9014 0.3828 0.2023
vn 0.9208 0.3301 0.2075
vn 0.8260 0.5323 0.1854
vn 0.8263 0.5318 0.1855
vn 0.8261 0.5322 0.1854
vn 0.8261 0.5321 0.1854
vn 0.6900 0.7071 0.1549
vn 0.6898 0.7073 0.1548
vn 0.5191 0.8467 0.1165
vn 0.5192 0.8467 0.1165
vn 0.5195 0.8465 0.1165
vn -0.0732 0.9885 -0.1326
vn -0.3189 0.9438 -0.0871
vn -0.1064 0.9936 -0.0370
vn -0.0211 0.9390 -0.3434
vn -0.0932 0.9813 -0.1683
vn 0.0266 0.8425 -0.5380
vn -0.0475 0.9194 -0.3906
vn -0.3117 0.9397 -0.1408
vn -0.2650 0.9431 -0.2010
vn -0.0065 0.8059 -0.5920
vn 0.0679 0.7035 -0.7074
vn -0.2930 0.9023 -0.3161
vn -0.2168 0.8842 -0.4139
vn -0.6863 0.7070 -0.1705
vn -0.5175 0.8467 -0.1235
vn -0.5004 0.8475 -0.1773
vn 0.1005 0.5295 -0.8424
vn 0.0291 0.6478 -0.7613
vn -0.1738 0.7758 -0.6066
vn -0.2477 0.8197 -0.5165
vn -0.5090 0.8270 -0.2387
vn -0.4487 0.8300 -0.3314
vn 0.1233 0.3284 -0.9365
vn 0.0559 0.4530 -0.8897
vn -0.2084 0.6908 -0.6924
vn -0.1369 0.6234 -0.7698
vn -0.4669 0.7758 -0.4244
vn -0.4075 0.7539 -0.5153
vn -0.6797 0.7043 -0.2049
vn -0.6539 0.7128 -0.2538
vn 0.0726 0.2331 -0.9697
vn 0.1349 0.1112 -0.9846
vn -0.1765 0.5231 -0.8338
vn -0.1092 0.4365 -0.8930
vn -0.4289 0.6801 -0.5946
vn -0.3711 0.6355 -0.6770
vn -0.6179 0.6680 -0.4146
vn -0.6583 0.6742 -0.3348
vn -0.8981 0.3826 -0.2170
vn -0.8282 0.5320 -0.1764
vn -0.8154 0.5333 -0.2253
vn 0.1349 -0.1112 -0.9846
vn 0.0780 -0.0000 -0.9970
vn -0.1543 0.3261 -0.9327
vn -0.0924 0.2239 -0.9702
vn -0.3970 0.5465 -0.7374
vn -0.3425 0.4814 -0.8068
vn -0.5852 0.5859 -0.5606
vn -0.6252 0.6121 -0.4842
vn -0.7890 0.5232 -0.3222
vn -0.8125 0.5213 -0.2609
vn -0.8890 0.3792 -0.2567
vn 0.1233 -0.3284 -0.9365
vn 0.0727 -0.2326 -0.9698
vn -0.0859 0.0000 -0.9963
vn -0.1429 0.1106 -0.9835
vn -0.3220 0.2999 -0.8980
vn -0.3729 0.3821 -0.8455
vn -0.5960 0.5157 -0.6156
vn -0.5573 0.4711 -0.6837
vn -0.7862 0.4887 -0.3783
vn -0.7628 0.4753 -0.4385
vn -0.9334 0.1387 -0.3310
vn -0.9531 0.1951 -0.2313
vn -0.9335 0.2768 -0.2281
vn -0.8945 0.3023 -0.3294
vn 0.1005 -0.5295 -0.8424
vn 0.0557 -0.4533 -0.8896
vn -0.0924 -0.2239 -0.9702
vn -0.1429 -0.1106 -0.9835
vn -0.3577 0.1965 -0.9129
vn -0.3112 0.1016 -0.9449
vn -0.5366 0.3297 -0.7768
vn -0.5720 0.3907 -0.7212
vn -0.7621 0.4289 -0.4850
vn -0.7397 0.4009 -0.5405
vn -0.9527 0.1601 -0.2582
vn -0.9023 0.3183 -0.2908
vn -0.8912 0.3123 -0.3289
vn 0.0679 -0.7035 -0.7074
vn 0.0294 -0.6476 -0.7614
vn -0.1544 -0.3262 -0.9326
vn -0.1092 -0.4365 -0.8930
vn -0.3112 -0.1016 -0.9449
vn -0.3525 0.0000 -0.9358
vn -0.5233 0.1695 -0.8351
vn -0.5554 0.2435 -0.7951
vn -0.7217 0.3033 -0.6222
vn -0.7419 0.3442 -0.5754
vn -0.8760 0.2738 -0.3970
vn -0.8865 0.2890 -0.3613
vn 0.0266 -0.8425 -0.5380
vn -0.0064 -0.8059 -0.5920
vn -0.1369 -0.6234 -0.7698
vn -0.1765 -0.5233 -0.8337
vn -0.3220 -0.3000 -0.8979
vn -0.3577 -0.1968 -0.9129
vn -0.5467 0.0824 -0.8333
vn -0.5191 0.0000 -0.8547
vn -0.7085 0.1890 -0.6800
vn -0.7267 0.2408 -0.6433
vn -0.8632 0.2199 -0.4544
vn -0.8725 0.2435 -0.4235
vn -0.8726 0.2435 -0.4234
vn -0.0211 -0.9390 -0.3434
vn -0.0479 -0.9194 -0.3904
vn -0.1738 -0.7758 -0.6066
vn -0.2084 -0.6909 -0.6923
vn -0.3729 -0.3817 -0.8457
vn -0.3425 -0.4814 -0.8068
vn -0.5233 -0.1695 -0.8351
vn -0.5467 -0.0823 -0.8333
vn -0.7020 0.0642 -0.7093
vn -0.7169 0.1240 -0.6860
vn -0.8534 0.1537 -0.4981
vn -0.8613 0.1845 -0.4734
vn -0.0732 -0.9885 -0.1326
vn -0.0930 -0.9813 -0.1684
vn -0.1064 -0.9936 -0.0370
vn -0.3189 -0.9438 -0.0871
vn -0.2168 -0.8842 -0.4139
vn -0.2477 -0.8197 -0.5165
vn -0.3970 -0.5465 -0.7373
vn -0.3711 -0.6355 -0.6771
vn -0.5366 -0.3295 -0.7768
vn -0.5553 -0.2437 -0.7951
vn -0.7137 0.0000 -0.7005
vn -0.7020 -0.0642 -0.7093
vn -0.8473 0.0792 -0.5251
vn -0.8535 0.1151 -0.5082
vn -0.2650 -0.9431 -0.2010
vn -0.3117 -0.9397 -0.1408
vn -0.2931 -0.9023 -0.3162
vn -0.4075 -0.7539 -0.5153
vn -0.4076 -0.7539 -0.5153
vn -0.4290 -0.6801 -0.5945
vn -0.5718 -0.3905 -0.7215
vn -0.5573 -0.4711 -0.6837
vn -0.7085 -0.1891 -0.6799
vn -0.7170 -0.1240 -0.6860
vn -0.8453 0.0000 -0.5343
vn -0.8495 0.0390 -0.5261
vn -0.4487 -0.8300 -0.3314
vn -0.4669 -0.7758 -0.4244
vn -0.5852 -0.5859 -0.5606
vn -0.5954 -0.5159 -0.6159
vn -0.7217 -0.3032 -0.6222
vn -0.7268 -0.2409 -0.6432
vn -0.8473 -0.0792 -0.5252
vn -0.8495 -0.0390 -0.5261
vn -0.5175 -0.8467 -0.1235
vn -0.6863 -0.7070 -0.1705
vn -0.5004 -0.8475 -0.1773
vn -0.5090 -0.8270 -0.2387
vn -0.6179 -0.6680 -0.4146
vn -0.6252 -0.6121 -0.4843
vn -0.7399 -0.4007 -0.5404
vn -0.7418 -0.3445 -0.5753
vn -0.8534 -0.1539 -0.4980
vn -0.8535 -0.1150 -0.5082
vn -0.6583 -0.6742 -0.3348
vn -0.6797 -0.7043 -0.2049
vn -0.6539 -0.7127 -0.2538
vn -0.7628 -0.4753 -0.4385
vn -0.7621 -0.4289 -0.4850
vn -0.8632 -0.2199 -0.4545
vn -0.8613 -0.1845 -0.4734
vn -0.7890 -0.5232 -0.3222
vn -0.7862 -0.4887 -0.3783
vn -0.8760 -0.2738 -0.3970
vn -0.8725 -0.2435 -0.4235
vn -0.8124 -0.5216 -0.2605
vn -0.8282 -0.5320 -0.1764
vn -0.8981 -0.3826 -0.2170
vn -0.8891 -0.3791 -0.2564
vn -0.8154 -0.5333 -0.2253
vn -0.8912 -0.3123 -0.3289
vn -0.8864 -0.2890 -0.3616
vn -0.9527 -0.1600 -0.2582
vn -0.9335 -0.2768 -0.2281
vn -0.9531 -0.1951 -0.2313
vn -0.8944 -0.3024 -0.3295
vn -0.9334 -0.1387 -0.3310
vn -0.9023 -0.3182 -0.2907
vn -0.9562 0.1881 -0.2242
vn -0.9386 0.1649 -0.3031
vn -0.9387 0.1650 -0.3027
vn -0.9386 0.1650 -0.3030
vn -0.9385 0.1649 -0.3035
vn -0.9320 0.1323 -0.3373
vn -0.9307 0.1284 -0.3425
vn -0.9328 0.1283 -0.3368
vn -0.9300 0.1265 -0.3451
vn -0.9327 0.1264 -0.3377
vn -0.9280 0.0995 -0.3592
vn -0.9624 0.0280 -0.2702
vn -0.9265 0.0595 -0.3717
vn -0.9615 0.0103 -0.2746
vn -0.9615 0.0102 -0.2745
vn -0.9237 0.0227 -0.3823
vn -0.9251 0.0299 -0.3786
vn -0.9246 0.0274 -0.3800
vn -0.9239 0.0203 -0.3821
vn -0.9626 -0.0043 -0.2707
vn -0.9618 -0.0083 -0.2737
vn -0.9612 -0.0000 -0.2757
vn -0.9248 0.0000 -0.3805
vn -0.9237 -0.0228 -0.3823
vn -0.9239 -0.0203 -0.3821
vn -0.9246 -0.0274 -0.3800
vn -0.9624 -0.0280 -0.2702
vn -0.9251 -0.0301 -0.3786
vn -0.9615 -0.0103 -0.2747
vn -0.9265 -0.0595 -0.3717
vn -0.9280 -0.0995 -0.3592
vn -0.9320 -0.1323 -0.3373
vn -0.9327 -0.1262 -0.3378
vn -0.9328 -0.1283 -0.3368
vn -0.9307 -0.1284 -0.3425
vn -0.9386 -0.1650 -0.3030
vn -0.9385 -0.1649 -0.3035
vn -0.9300 -0.1267 -0.3451
vn -0.9562 -0.1882 -0.2241
vn -0.9562 -0.1881 -0.2242
vn -0.9387 -0.1650 -0.3027
vn -0.9610 0.1215 -0.2485
vn -0.9550 0.1090 -0.2760
vn -0.9548 0.1106 -0.2760
vn -0.9549 0.1075 -0.2769
vn -0.9534 0.1057 -0.2827
vn -0.9548 0.1110 -0.2756
vn -0.9562 0.0769 -0.2824
vn -0.9542 0.0761 -0.2894
vn -0.9537 0.0738 -0.2914
vn -0.9571 0.0770 -0.2795
vn -0.9243 -0.0348 -0.3802
vn -0.9366 0.1054 -0.3341
vn -0.9536 0.0732 -0.2919
vn -0.9366 -0.1054 -0.3341
vn -0.9243 0.0348 -0.3802
vn -0.9564 -0.0756 -0.2821
vn -0.9537 -0.0738 -0.2914
vn -0.9541 -0.0760 -0.2898
vn -0.9536 -0.0732 -0.2920
vn -0.9571 -0.0770 -0.2795
vn -0.9550 -0.1090 -0.2760
vn -0.9534 -0.1057 -0.2826
vn -0.9549 -0.1075 -0.2769
vn -0.9547 -0.1106 -0.2761
vn -0.9610 -0.1215 -0.2485
vn -0.9548 -0.1110 -0.2756
vn -0.9657 0.0962 -0.2412
vn -0.9653 0.0980 -0.2420
vn -0.9657 0.0958 -0.2412
vn -0.9664 0.0946 -0.2389
vn -0.9746 0.0040 -0.2239
vn -0.9746 0.0044 -0.2240
vn -0.9746 0.0043 -0.2240
vn -0.9612 0.0840 -0.2628
vn -0.9613 0.0840 -0.2625
vn -0.9612 0.0837 -0.2627
vn -0.9729 0.0306 -0.2290
vn -0.9584 0.0753 -0.2752
vn -0.9612 0.0840 -0.2629
vn -0.9668 0.0682 -0.2464
vn -0.9662 0.0700 -0.2482
vn -0.9667 0.0686 -0.2467
vn -0.9670 0.0675 -0.2455
vn -0.9623 0.0513 -0.2673
vn -0.9624 0.0474 -0.2674
vn -0.9624 0.0472 -0.2676
vn -0.9750 0.0026 -0.2223
vn -0.9750 0.0027 -0.2223
vn 0.9091 -0.2647 0.3218
vn -0.9565 0.0210 -0.2911
vn -0.9622 0.0515 -0.2675
vn 0.9091 0.2647 0.3218
vn -0.9565 -0.0210 -0.2911
vn -0.9668 -0.0682 -0.2464
vn -0.9667 -0.0687 -0.2467
vn -0.9662 -0.0700 -0.2482
vn -0.9670 -0.0675 -0.2455
vn -0.9622 -0.0514 -0.2676
vn -0.9623 -0.0472 -0.2677
vn -0.9624 -0.0474 -0.2674
vn -0.9621 -0.0514 -0.2677
vn -0.9750 -0.0043 -0.2223
vn -0.9584 -0.0753 -0.2752
vn -0.9729 -0.0306 -0.2290
vn -0.9612 -0.0839 -0.2627
vn -0.9612 -0.0837 -0.2627
vn -0.9613 -0.0839 -0.2625
vn -0.9657 -0.0962 -0.2412
vn -0.9657 -0.0958 -0.2412
vn -0.9653 -0.0980 -0.2420
vn -0.9664 -0.0946 -0.2389
vn -0.9746 -0.0043 -0.2238
vn -0.9746 -0.0044 -0.2238
vn -0.9747 -0.0040 -0.2236
vn -0.9612 -0.0840 -0.2628
vn -0.2191 0.0006 0.9757
vn 0.2256 -0.9431 0.2442
vn 0.2256 -0.9432 0.2440
vn 0.0765 -0.9936 0.0828
vn 0.0765 -0.9936 0.0829
vn 0.5923 -0.7045 0.3910
vn 0.6686 -0.7046 0.2377
vn 0.6687 -0.7047 0.2371
vn 0.6687 -0.7045 0.2376
vn 0.5922 -0.7047 0.3909
vn 0.6686 -0.7046 0.2376
vn 0.4465 -0.8449 0.2946
vn 0.4464 -0.8450 0.2945
vn 0.4463 -0.8450 0.2945
vn 0.4464 -0.8450 0.2946
vn 0.5038 -0.8450 0.1792
vn 0.5039 -0.8450 0.1792
vn 0.0942 -0.9936 0.0621
vn 0.0942 -0.9936 0.0622
vn 0.2776 -0.9431 0.1832
vn 0.2773 -0.9432 0.1829
vn 0.2775 -0.9431 0.1832
vn 0.3133 -0.9431 0.1114
vn 0.3124 -0.9434 0.1113
vn 0.3132 -0.9431 0.1113
vn 0.1064 -0.9936 0.0378
vn 0.1064 -0.9936 0.0379
vn 0.0941 -0.9936 0.0621
vn 0.9392 -0.1114 0.3249
vn 0.1063 -0.9936 0.0378
vn -0.9879 -0.1114 -0.1077
vn -0.9879 -0.1113 -0.1077
vn -0.9880 -0.1112 -0.1076
vn -0.9390 -0.3283 -0.1022
vn -0.9391 -0.3283 -0.1018
vn -0.9390 -0.3284 -0.1024
vn -0.9391 -0.3282 -0.1023
vn -0.9872 -0.1111 0.1147
vn -0.9871 -0.1113 0.1149
vn -0.9871 -0.1113 0.1148
vn -0.9871 -0.1112 0.1149
vn -0.8432 -0.5296 -0.0919
vn -0.8435 -0.5292 -0.0915
vn -0.8433 -0.5295 -0.0918
vn -0.8432 -0.5297 -0.0919
vn -0.9382 -0.3284 0.1092
vn -0.9382 -0.3285 0.1092
vn -0.9382 -0.3284 0.1093
vn -0.9382 -0.3284 0.1091
vn -0.7051 -0.7050 -0.0769
vn -0.7051 -0.7049 -0.0765
vn -0.7054 -0.7047 -0.0766
vn -0.7051 -0.7049 -0.0769
vn -0.9368 -0.1113 0.3316
vn -0.9369 -0.1112 0.3316
vn -0.8426 -0.5295 0.0981
vn -0.8426 -0.5294 0.0985
vn -0.8426 -0.5296 0.0981
vn -0.5313 -0.8452 -0.0579
vn -0.5312 -0.8452 -0.0581
vn -0.5313 -0.8452 -0.0580
vn -0.8904 -0.3285 0.3150
vn -0.8904 -0.3284 0.3152
vn -0.8904 -0.3285 0.3152
vn -0.8904 -0.3286 0.3150
vn -0.7045 -0.7049 0.0820
vn -0.7047 -0.7048 0.0818
vn -0.7046 -0.7049 0.0820
vn -0.7046 -0.7049 0.0819
vn -0.1148 -0.9933 -0.0121
vn -0.1192 -0.9928 -0.0121
vn -0.1134 -0.9935 -0.0113
vn -0.3305 -0.9431 -0.0362
vn -0.3298 -0.9434 -0.0360
vn -0.3302 -0.9432 -0.0359
vn -0.3303 -0.9432 -0.0360
vn -0.1121 -0.9936 -0.0122
vn -0.8395 -0.1112 0.5318
vn -0.8395 -0.1113 0.5318
vn -0.8395 -0.1114 0.5318
vn -0.7996 -0.5297 0.2831
vn -0.7996 -0.5297 0.2830
vn -0.7996 -0.5295 0.2832
vn -0.5308 -0.8453 0.0616
vn -0.5308 -0.8452 0.0617
vn -0.5309 -0.8452 0.0617
vn -0.5309 -0.8452 0.0618
vn -0.6823 -0.2489 0.6874
vn -0.7528 -0.1119 0.6487
vn -0.7979 -0.3283 0.5055
vn -0.7979 -0.3286 0.5054
vn -0.7979 -0.3284 0.5054
vn -0.6687 -0.7049 0.2367
vn -0.6686 -0.7049 0.2367
vn -0.1252 -0.9920 0.0178
vn -0.3300 -0.9432 0.0384
vn -0.3301 -0.9432 0.0385
vn -0.3299 -0.9432 0.0384
vn -0.1060 -0.9943 0.0123
vn -0.3300 -0.9432 0.0385
vn -0.7150 -0.3302 0.6163
vn -0.7151 -0.3300 0.6163
vn -0.7151 -0.3301 0.6162
vn -0.6754 -0.1117 0.7290
vn -0.7166 -0.5296 0.4538
vn -0.7168 -0.5297 0.4536
vn -0.5038 -0.8452 0.1784
vn -0.5037 -0.8452 0.1784
vn -0.6415 -0.5318 0.5529
vn -0.6415 -0.5317 0.5529
vn -0.5104 -0.2627 0.8188
vn -0.5822 -0.1123 0.8052
vn -0.6417 -0.3294 0.6926
vn -0.6416 -0.3294 0.6927
vn -0.6418 -0.3293 0.6926
vn -0.5992 -0.7049 0.3796
vn -0.5992 -0.7050 0.3795
vn -0.1228 -0.9912 0.0495
vn -0.3129 -0.9433 0.1108
vn -0.3130 -0.9433 0.1108
vn -0.3131 -0.9432 0.1108
vn -0.0963 -0.9948 0.0342
vn -0.5361 -0.7066 0.4619
vn -0.5357 -0.7069 0.4618
vn -0.5358 -0.7069 0.4618
vn -0.5358 -0.7070 0.4616
vn -0.5535 -0.3299 0.7647
vn -0.5534 -0.3301 0.7647
vn -0.4888 -0.1117 0.8652
vn -0.5760 -0.5309 0.6216
vn -0.5759 -0.5307 0.6218
vn -0.5760 -0.5307 0.6217
vn -0.5760 -0.5308 0.6217
vn -0.4515 -0.8452 0.2860
vn -0.4033 -0.8466 0.3474
vn -0.4032 -0.8466 0.3474
vn -0.4032 -0.8465 0.3476
vn -0.4965 -0.5317 0.6861
vn -0.4964 -0.5317 0.6862
vn -0.4965 -0.5316 0.6862
vn -0.3809 -0.1118 0.9178
vn -0.3147 -0.2708 0.9097
vn -0.4644 -0.3294 0.8221
vn -0.4644 -0.3296 0.8220
vn -0.4643 -0.3295 0.8221
vn -0.4812 -0.7060 0.5196
vn -0.4813 -0.7059 0.5197
vn -0.4813 -0.7059 0.5196
vn -0.1116 -0.9905 0.0805
vn -0.2807 -0.9432 0.1778
vn -0.2806 -0.9432 0.1777
vn -0.2806 -0.9432 0.1778
vn -0.0835 -0.9951 0.0530
vn -0.0783 -0.9941 0.0756
vn -0.0786 -0.9940 0.0755
vn -0.0848 -0.9937 0.0731
vn -0.2505 -0.9438 0.2157
vn -0.2502 -0.9438 0.2157
vn -0.2502 -0.9438 0.2159
vn -0.2503 -0.9438 0.2158
vn -0.4147 -0.7069 0.5730
vn -0.4147 -0.7068 0.5730
vn -0.4148 -0.7068 0.5730
vn -0.4147 -0.7068 0.5731
vn -0.3619 -0.3300 0.8719
vn -0.3618 -0.3298 0.8719
vn -0.3620 -0.3299 0.8719
vn -0.2757 -0.1116 0.9547
vn -0.4168 -0.5309 0.7378
vn -0.4166 -0.5311 0.7378
vn -0.4168 -0.5311 0.7377
vn -0.4168 -0.5310 0.7378
vn -0.3623 -0.8460 0.3912
vn -0.3623 -0.8460 0.3911
vn -0.3624 -0.8460 0.3911
vn -0.3122 -0.8465 0.4313
vn -0.3121 -0.8465 0.4313
vn -0.3121 -0.8466 0.4312
vn -0.3248 -0.5314 0.7824
vn -0.3246 -0.5314 0.7824
vn -0.3248 -0.5313 0.7824
vn -0.3247 -0.5315 0.7823
vn -0.2619 -0.3297 0.9070
vn -0.2620 -0.3296 0.9070
vn -0.2620 -0.3297 0.9070
vn -0.1043 -0.2707 0.9570
vn -0.1587 -0.1120 0.9810
vn -0.3483 -0.7061 0.6165
vn -0.3482 -0.7063 0.6163
vn -0.3482 -0.7062 0.6164
vn -0.2250 -0.9436 0.2429
vn -0.2251 -0.9435 0.2430
vn -0.2252 -0.9436 0.2429
vn -0.0915 -0.9900 0.1078
vn -0.0763 -0.9937 0.0824
vn -0.2248 -0.9437 0.2428
vn -0.0478 -0.1118 0.9926
vn -0.1938 -0.9438 0.2677
vn -0.1937 -0.9438 0.2676
vn -0.1937 -0.9438 0.2678
vn -0.0587 -0.9941 0.0916
vn -0.0588 -0.9941 0.0914
vn -0.0657 -0.9937 0.0908
vn -0.2713 -0.7066 0.6535
vn -0.2712 -0.7067 0.6535
vn -0.2716 -0.7067 0.6533
vn -0.2351 -0.5313 0.8139
vn -0.2352 -0.5313 0.8139
vn -0.2353 -0.5313 0.8139
vn -0.1507 -0.3296 0.9320
vn -0.1507 -0.3297 0.9320
vn -0.1508 -0.3296 0.9320
vn -0.2621 -0.8462 0.4640
vn -0.2622 -0.8462 0.4640
vn -0.2621 -0.8462 0.4639
vn -0.0455 -0.3299 0.9429
vn -0.0453 -0.3299 0.9429
vn -0.0454 -0.3299 0.9429
vn -0.2041 -0.8465 0.4918
vn -0.2041 -0.8464 0.4919
vn -0.2042 -0.8464 0.4919
vn -0.2041 -0.8464 0.4918
vn -0.1964 -0.7065 0.6799
vn -0.1964 -0.7066 0.6798
vn -0.1964 -0.7065 0.6800
vn -0.1352 -0.5313 0.8363
vn -0.1353 -0.5313 0.8363
vn 0.1115 -0.2633 0.9582
vn 0.0720 -0.1118 0.9911
vn -0.0641 -0.9896 0.1288
vn -0.0551 -0.9937 0.0977
vn -0.1628 -0.9436 0.2882
vn -0.1624 -0.9438 0.2878
vn -0.1628 -0.9436 0.2884
vn -0.1627 -0.9437 0.2881
vn 0.1826 -0.1119 0.9768
vn -0.0407 -0.5313 0.8462
vn -0.0408 -0.5315 0.8461
vn -0.0409 -0.5314 0.8461
vn -0.0407 -0.5316 0.8460
vn -0.0360 -0.9941 0.1026
vn -0.0361 -0.9941 0.1026
vn -0.0430 -0.9937 0.1036
vn -0.1262 -0.9436 0.3060
vn -0.1267 -0.9437 0.3056
vn -0.1266 -0.9437 0.3056
vn -0.1267 -0.9437 0.3057
vn -0.1478 -0.8463 0.5117
vn -0.1478 -0.8464 0.5117
vn -0.1479 -0.8463 0.5117
vn -0.1130 -0.7065 0.6986
vn -0.1135 -0.7065 0.6986
vn 0.0685 -0.3297 0.9416
vn 0.0685 -0.3296 0.9416
vn 0.0686 -0.3296 0.9416
vn 0.1734 -0.3301 0.9279
vn 0.1735 -0.3299 0.9279
vn 0.1735 -0.3300 0.9279
vn 0.1736 -0.3299 0.9279
vn -0.0346 -0.7065 0.7069
vn -0.0341 -0.7066 0.7068
vn -0.0342 -0.7065 0.7069
vn -0.0317 -0.9895 0.1413
vn -0.0311 -0.9937 0.1078
vn -0.0919 -0.9437 0.3177
vn -0.0920 -0.9437 0.3177
vn -0.0921 -0.9437 0.3177
vn -0.0917 -0.9437 0.3178
vn -0.0851 -0.8463 0.5259
vn -0.0850 -0.8463 0.5260
vn -0.0850 -0.8463 0.5259
vn 0.0617 -0.5311 0.8451
vn 0.0615 -0.5310 0.8451
vn 0.0616 -0.5310 0.8451
vn 0.0615 -0.5312 0.8450
vn 0.3232 -0.2489 0.9130
vn 0.2990 -0.1116 0.9477
vn 0.4033 -0.1119 0.9082
vn 0.1557 -0.5317 0.8325
vn 0.1556 -0.5317 0.8325
vn -0.0256 -0.8464 0.5319
vn -0.0255 -0.8464 0.5319
vn -0.0257 -0.8465 0.5318
vn -0.0113 -0.9941 0.1081
vn -0.0179 -0.9937 0.1108
vn -0.0525 -0.9438 0.3264
vn -0.0527 -0.9438 0.3264
vn -0.0526 -0.9437 0.3266
vn 0.0514 -0.7062 0.7061
vn 0.0514 -0.7063 0.7061
vn 0.0515 -0.7062 0.7061
vn 0.2842 -0.3294 0.9004
vn 0.2843 -0.3294 0.9004
vn 0.3830 -0.3300 0.8628
vn 0.3831 -0.3301 0.8627
vn 0.3831 -0.3300 0.8627
vn 0.1301 -0.7068 0.6954
vn 0.1300 -0.7069 0.6953
vn 0.1300 -0.7068 0.6954
vn -0.0160 -0.9437 0.3304
vn -0.0161 -0.9437 0.3304
vn 0.0029 -0.9896 0.1438
vn -0.0054 -0.9937 0.1120
vn 0.0387 -0.8461 0.5316
vn 0.0387 -0.8461 0.5317
vn 0.2553 -0.5308 0.8081
vn 0.2550 -0.5309 0.8082
vn 0.2551 -0.5308 0.8082
vn 0.2550 -0.5309 0.8081
vn 0.5212 -0.2267 0.8228
vn 0.5099 -0.1116 0.8530
vn 0.3438 -0.5319 0.7739
vn 0.3438 -0.5318 0.7739
vn 0.3437 -0.5318 0.7740
vn 0.0979 -0.8465 0.5233
vn 0.0978 -0.8465 0.5233
vn 0.0980 -0.8465 0.5233
vn 0.0240 -0.9437 0.3299
vn 0.0239 -0.9437 0.3300
vn 0.0240 -0.9437 0.3300
vn 0.0139 -0.9941 0.1077
vn 0.0141 -0.9941 0.1078
vn 0.0082 -0.9937 0.1119
vn 0.2131 -0.7059 0.6755
vn 0.2131 -0.7060 0.6754
vn 0.4845 -0.3292 0.8105
vn 0.4844 -0.3292 0.8106
vn 0.4844 -0.3291 0.8106
vn 0.4844 -0.3292 0.8105
vn 0.2871 -0.7069 0.6464
vn 0.2870 -0.7069 0.6465
vn 0.2870 -0.7069 0.6464
vn 0.2872 -0.7069 0.6464
vn 0.0367 -0.9899 0.1366
vn 0.0607 -0.9438 0.3249
vn 0.0607 -0.9438 0.3248
vn 0.0608 -0.9437 0.3250
vn 0.0206 -0.9937 0.1102
vn 0.0608 -0.9438 0.3248
vn 0.1605 -0.8460 0.5085
vn 0.1605 -0.8460 0.5084
vn 0.4349 -0.5304 0.7277
vn 0.4349 -0.5306 0.7276
vn 0.6785 0.0205 0.7344
vn 0.6959 -0.1965 0.6908
vn 0.2160 -0.8466 0.4864
vn 0.2160 -0.8466 0.4865
vn 0.0385 -0.9941 0.1018
vn 0.0388 -0.9941 0.1018
vn 0.0337 -0.9937 0.1072
vn 0.0998 -0.9436 0.3157
vn 0.0997 -0.9436 0.3157
vn 0.0997 -0.9436 0.3158
vn 0.3634 -0.7060 0.6079
vn 0.3635 -0.7058 0.6080
vn 0.3634 -0.7059 0.6080
vn 0.3634 -0.7058 0.6081
vn 0.6410 -0.3281 0.6939
vn 0.6411 -0.3281 0.6938
vn 0.6410 -0.3280 0.6940
vn 0.0664 -0.9905 0.1205
vn 0.0455 -0.9937 0.1025
vn 0.1342 -0.9438 0.3021
vn 0.1343 -0.9438 0.3020
vn 0.2736 -0.8458 0.4580
vn 0.2736 -0.8459 0.4579
vn 0.2737 -0.8458 0.4579
vn 0.5757 -0.5292 0.6232
vn 0.5758 -0.5292 0.6233
vn 0.5758 -0.5292 0.6232
vn 0.8380 -0.1583 0.5222
vn 0.9405 -0.0595 0.3346
vn 0.8345 -0.0157 0.5508
vn 0.1701 -0.9435 0.2844
vn 0.1701 -0.9434 0.2846
vn 0.0576 -0.9937 0.0964
vn 0.4817 -0.7045 0.5212
vn 0.4814 -0.7046 0.5214
vn 0.4816 -0.7045 0.5212
vn 0.4816 -0.7046 0.5211
vn 0.8899 -0.3281 0.3170
vn 0.8901 -0.3280 0.3166
vn 0.8900 -0.3281 0.3165
vn 0.7884 -0.3282 0.5203
vn 0.7884 -0.3282 0.5202
vn 0.7883 -0.3282 0.5204
vn 0.3629 -0.8449 0.3929
vn 0.3629 -0.8450 0.3928
vn 0.7995 -0.5290 0.2845
vn 0.7995 -0.5292 0.2842
vn 0.7995 -0.5292 0.2843
vn 0.7993 -0.5293 0.2846
vn 0.7081 -0.5290 0.4677
vn 0.7082 -0.5293 0.4673
vn 0.7082 -0.5292 0.4673
vn -0.3084 0.9431 0.1244
vn -0.3082 0.9432 0.1242
vn -0.1047 0.9936 0.0422
vn -0.1045 0.9936 0.0422
vn -0.3083 0.9431 0.1242
vn -0.7024 0.7047 0.1003
vn -0.7024 0.7047 0.1005
vn -0.7026 0.7045 0.1003
vn -0.7057 0.7049 -0.0712
vn -0.7060 0.7046 -0.0713
vn -0.7061 0.7045 -0.0710
vn -0.7026 0.7044 0.1002
vn -0.7059 0.7047 -0.0709
vn -0.5294 0.8450 0.0755
vn -0.5294 0.8450 0.0756
vn -0.5295 0.8449 0.0755
vn -0.5321 0.8450 -0.0533
vn -0.5322 0.8450 -0.0533
vn -0.1116 0.9936 0.0159
vn -0.1117 0.9936 0.0159
vn -0.3292 0.9431 0.0470
vn -0.3291 0.9431 0.0470
vn -0.3310 0.9430 -0.0332
vn -0.3308 0.9431 -0.0331
vn -0.3307 0.9432 -0.0331
vn -0.3305 0.9432 -0.0333
vn -0.1123 0.9936 -0.0113
vn -0.1122 0.9936 -0.0113
vn -0.1114 0.9936 0.0160
vn -0.3295 0.9430 0.0471
vn -0.9879 0.1113 -0.1077
vn 0.9392 0.1113 0.3249
vn 0.9392 0.1114 0.3249
vn 0.9392 0.1112 0.3249
vn 0.8926 0.3284 0.3088
vn 0.8926 0.3283 0.3089
vn 0.8927 0.3284 0.3087
vn 0.8434 0.1113 0.5257
vn 0.8434 0.1112 0.5256
vn 0.8433 0.1113 0.5258
vn 0.8016 0.5296 0.2774
vn 0.8016 0.5296 0.2773
vn 0.8017 0.5294 0.2774
vn 0.8015 0.3284 0.4997
vn 0.8016 0.3285 0.4996
vn 0.8016 0.3284 0.4997
vn 0.8016 0.3284 0.4996
vn 0.6703 0.7049 0.2319
vn 0.6704 0.7048 0.2319
vn 0.6703 0.7050 0.2317
vn 0.7052 0.1113 0.7002
vn 0.7053 0.1112 0.7002
vn 0.7053 0.1113 0.7001
vn 0.7199 0.5296 0.4487
vn 0.7198 0.5297 0.4487
vn 0.7199 0.5295 0.4487
vn 0.5051 0.8452 0.1746
vn 0.5050 0.8453 0.1747
vn 0.5051 0.8452 0.1745
vn 0.6705 0.3284 0.6653
vn 0.6703 0.3284 0.6654
vn 0.6704 0.3284 0.6654
vn 0.6702 0.3282 0.6656
vn 0.6020 0.7048 0.3753
vn 0.6020 0.7048 0.3752
vn 0.6021 0.7047 0.3753
vn 0.6020 0.7049 0.3752
vn 0.1089 0.9933 0.0382
vn 0.1129 0.9928 0.0401
vn 0.1074 0.9935 0.0382
vn 0.3145 0.9430 0.1085
vn 0.3138 0.9433 0.1085
vn 0.3144 0.9431 0.1086
vn 0.3138 0.9433 0.1086
vn 0.1064 0.9936 0.0368
vn 0.5318 0.1113 0.8395
vn 0.6020 0.5295 0.5977
vn 0.6020 0.5296 0.5976
vn 0.6020 0.5297 0.5976
vn 0.6019 0.5296 0.5977
vn 0.4535 0.8452 0.2827
vn 0.4536 0.8452 0.2827
vn 0.4534 0.8453 0.2826
vn 0.3232 0.2489 0.9130
vn 0.3231 0.2489 0.9130
vn 0.4033 0.1119 0.9082
vn 0.5054 0.3284 0.7979
vn 0.5054 0.3285 0.7979
vn 0.5055 0.3283 0.7979
vn 0.5032 0.7049 0.5000
vn 0.5034 0.7049 0.4997
vn 0.5033 0.7047 0.5000
vn 0.1055 0.9920 0.0696
vn 0.2816 0.9432 0.1760
vn 0.2819 0.9433 0.1756
vn 0.2820 0.9432 0.1757
vn 0.0905 0.9943 0.0564
vn 0.2821 0.9432 0.1758
vn 0.3831 0.3302 0.8627
vn 0.3831 0.3301 0.8627
vn 0.2990 0.1116 0.9477
vn 0.4538 0.5296 0.7166
vn 0.4538 0.5296 0.7167
vn 0.4540 0.5296 0.7165
vn 0.4539 0.5296 0.7166
vn 0.3792 0.8452 0.3766
vn 0.3792 0.8453 0.3764
vn 0.3793 0.8452 0.3765
vn 0.3437 0.5318 0.7740
vn 0.3438 0.5318 0.7740
vn 0.1115 0.2634 0.9582
vn 0.1826 0.1119 0.9768
vn 0.2841 0.3294 0.9004
vn 0.2842 0.3294 0.9004
vn 0.2843 0.3294 0.9004
vn 0.3795 0.7049 0.5993
vn 0.3796 0.7048 0.5993
vn 0.3796 0.7049 0.5992
vn 0.0899 0.9912 0.0973
vn 0.2356 0.9433 0.2338
vn 0.2358 0.9432 0.2341
vn 0.2356 0.9433 0.2339
vn 0.0725 0.9948 0.0720
vn 0.2870 0.7072 0.6462
vn 0.2871 0.7069 0.6464
vn 0.2870 0.7070 0.6464
vn 0.1735 0.3300 0.9279
vn 0.1737 0.3298 0.9279
vn 0.1735 0.3299 0.9279
vn 0.1734 0.3301 0.9279
vn 0.0719 0.1118 0.9911
vn 0.2551 0.5309 0.8081
vn 0.2549 0.5308 0.8083
vn 0.2552 0.5308 0.8082
vn 0.2550 0.5309 0.8082
vn 0.2860 0.8452 0.4515
vn 0.2860 0.8452 0.4514
vn 0.2160 0.8466 0.4864
vn 0.2159 0.8466 0.4864
vn 0.1558 0.5316 0.8326
vn 0.1556 0.5318 0.8325
vn 0.1556 0.5317 0.8325
vn -0.0478 0.1118 0.9926
vn -0.0479 0.1118 0.9926
vn -0.1042 0.2706 0.9570
vn -0.1043 0.2706 0.9570
vn 0.0684 0.3295 0.9417
vn 0.0685 0.3296 0.9416
vn 0.2131 0.7060 0.6754
vn 0.2130 0.7061 0.6753
vn 0.2132 0.7060 0.6753
vn 0.0664 0.9905 0.1205
vn 0.1778 0.9431 0.2808
vn 0.1777 0.9432 0.2807
vn 0.1777 0.9432 0.2806
vn 0.0530 0.9951 0.0835
vn 0.1778 0.9432 0.2807
vn 0.0386 0.9941 0.1018
vn 0.0388 0.9941 0.1016
vn 0.0455 0.9937 0.1024
vn 0.1341 0.9438 0.3021
vn 0.1341 0.9438 0.3020
vn 0.1341 0.9437 0.3023
vn 0.1342 0.9438 0.3021
vn 0.1301 0.7068 0.6954
vn -0.0455 0.3299 0.9429
vn -0.0454 0.3300 0.9429
vn -0.1587 0.1119 0.9810
vn 0.0615 0.5310 0.8452
vn 0.0614 0.5312 0.8450
vn 0.0615 0.5311 0.8451
vn 0.0616 0.5310 0.8451
vn 0.1605 0.8460 0.5085
vn 0.0979 0.8465 0.5233
vn 0.0980 0.8465 0.5233
vn -0.0408 0.5315 0.8461
vn -0.0409 0.5315 0.8461
vn -0.0407 0.5315 0.8461
vn -0.1507 0.3297 0.9320
vn -0.1508 0.3297 0.9320
vn -0.1507 0.3295 0.9321
vn -0.3147 0.2708 0.9097
vn -0.2758 0.1117 0.9547
vn 0.0514 0.7063 0.7060
vn 0.0514 0.7063 0.7061
vn 0.0514 0.7064 0.7060
vn 0.0996 0.9435 0.3159
vn 0.0997 0.9436 0.3157
vn 0.0367 0.9899 0.1366
vn 0.0337 0.9937 0.1070
vn -0.3809 0.1118 0.9178
vn 0.0607 0.9438 0.3249
vn 0.0609 0.9438 0.3249
vn 0.0608 0.9438 0.3249
vn 0.0607 0.9438 0.3248
vn 0.0139 0.9941 0.1078
vn 0.0141 0.9941 0.1078
vn 0.0206 0.9937 0.1102
vn -0.0341 0.7066 0.7068
vn -0.0340 0.7065 0.7069
vn -0.0340 0.7066 0.7068
vn -0.1353 0.5315 0.8362
vn -0.1353 0.5313 0.8363
vn -0.1352 0.5313 0.8363
vn -0.2619 0.3298 0.9070
vn -0.2620 0.3296 0.9070
vn -0.2620 0.3297 0.9070
vn 0.0387 0.8461 0.5316
vn 0.0387 0.8461 0.5317
vn -0.3618 0.3299 0.8719
vn -0.3619 0.3299 0.8719
vn -0.0256 0.8464 0.5319
vn -0.0256 0.8464 0.5320
vn -0.0256 0.8465 0.5318
vn -0.1129 0.7066 0.6986
vn -0.1130 0.7065 0.6987
vn -0.1130 0.7065 0.6986
vn -0.1131 0.7065 0.6986
vn -0.2351 0.5313 0.8139
vn -0.2350 0.5313 0.8139
vn -0.2352 0.5313 0.8139
vn -0.5103 0.2634 0.8187
vn -0.4888 0.1117 0.8652
vn 0.0029 0.9896 0.1439
vn 0.0082 0.9937 0.1119
vn 0.0241 0.9436 0.3302
vn 0.0240 0.9437 0.3300
vn -0.5822 0.1122 0.8052
vn -0.3248 0.5314 0.7824
vn -0.3246 0.5315 0.7824
vn -0.3247 0.5314 0.7825
vn -0.0113 0.9941 0.1082
vn -0.0055 0.9937 0.1119
vn -0.0158 0.9437 0.3304
vn -0.0161 0.9437 0.3305
vn -0.0160 0.9437 0.3303
vn -0.0159 0.9437 0.3304
vn -0.0851 0.8463 0.5259
vn -0.0850 0.8463 0.5259
vn -0.1964 0.7066 0.6798
vn -0.1962 0.7065 0.6800
vn -0.1964 0.7065 0.6799
vn -0.4644 0.3297 0.8220
vn -0.4644 0.3296 0.8220
vn -0.5535 0.3300 0.7647
vn -0.5533 0.3300 0.7648
vn -0.2709 0.7067 0.6536
vn -0.2712 0.7067 0.6535
vn -0.2712 0.7066 0.6536
vn -0.0318 0.9895 0.1411
vn -0.0179 0.9937 0.1108
vn -0.0528 0.9437 0.3266
vn -0.0530 0.9437 0.3265
vn -0.0523 0.9438 0.3264
vn -0.1479 0.8463 0.5118
vn -0.1478 0.8463 0.5117
vn -0.1479 0.8463 0.5117
vn -0.4168 0.5312 0.7377
vn -0.4168 0.5309 0.7379
vn -0.4168 0.5309 0.7378
vn -0.4171 0.5311 0.7376
vn -0.6823 0.2490 0.6873
vn -0.6754 0.1117 0.7289
vn -0.7528 0.1119 0.6487
vn -0.4965 0.5316 0.6862
vn -0.4964 0.5317 0.6862
vn -0.2042 0.8464 0.4918
vn -0.2042 0.8464 0.4919
vn -0.2041 0.8464 0.4918
vn -0.0360 0.9941 0.1027
vn -0.0360 0.9941 0.1026
vn -0.0311 0.9937 0.1078
vn -0.0918 0.9438 0.3176
vn -0.0917 0.9437 0.3179
vn -0.0919 0.9436 0.3179
vn -0.3482 0.7062 0.6164
vn -0.3482 0.7063 0.6164
vn -0.3482 0.7062 0.6165
vn -0.3483 0.7063 0.6164
vn -0.6418 0.3293 0.6926
vn -0.6417 0.3294 0.6926
vn -0.6418 0.3295 0.6925
vn -0.7150 0.3302 0.6163
vn -0.7150 0.3301 0.6162
vn -0.4147 0.7068 0.5730
vn -0.4148 0.7068 0.5731
vn -0.4147 0.7068 0.5731
vn -0.1267 0.9437 0.3057
vn -0.1264 0.9438 0.3055
vn -0.1265 0.9436 0.3058
vn -0.0641 0.9896 0.1288
vn -0.0429 0.9937 0.1035
vn -0.1268 0.9438 0.3054
vn -0.2621 0.8462 0.4640
vn -0.2622 0.8462 0.4640
vn -0.5759 0.5310 0.6216
vn -0.5759 0.5309 0.6217
vn -0.5760 0.5308 0.6216
vn -0.8228 0.2268 0.5212
vn -0.8255 0.1116 0.5533
vn -0.6415 0.5318 0.5529
vn -0.6417 0.5317 0.5528
vn -0.6416 0.5318 0.5528
vn -0.3121 0.8466 0.4312
vn -0.3121 0.8465 0.4313
vn -0.3121 0.8465 0.4312
vn -0.1627 0.9437 0.2881
vn -0.1627 0.9436 0.2882
vn -0.1626 0.9436 0.2883
vn -0.0587 0.9941 0.0916
vn -0.0588 0.9941 0.0914
vn -0.0552 0.9937 0.0977
vn -0.4813 0.7059 0.5196
vn -0.4813 0.7060 0.5196
vn -0.4813 0.7061 0.5194
vn -0.4812 0.7060 0.5196
vn -0.7844 0.3290 0.5257
vn -0.7842 0.3296 0.5257
vn -0.7843 0.3292 0.5258
vn -0.5357 0.7070 0.4617
vn -0.5356 0.7070 0.4618
vn -0.5358 0.7069 0.4618
vn -0.0915 0.9900 0.1078
vn -0.1937 0.9438 0.2677
vn -0.1938 0.9438 0.2678
vn -0.0657 0.9937 0.0908
vn -0.3623 0.8460 0.3912
vn -0.7040 0.5307 0.4719
vn -0.7039 0.5307 0.4720
vn -0.7041 0.5305 0.4721
vn -0.9272 -0.0206 0.3739
vn -0.9243 0.1965 0.3272
vn -0.4032 0.8466 0.3474
vn -0.4032 0.8466 0.3475
vn -0.0783 0.9941 0.0754
vn -0.0785 0.9941 0.0754
vn -0.0763 0.9937 0.0824
vn -0.2251 0.9435 0.2432
vn -0.2250 0.9436 0.2430
vn -0.2252 0.9435 0.2431
vn -0.2253 0.9436 0.2427
vn -0.5885 0.7058 0.3944
vn -0.5884 0.7058 0.3945
vn -0.5885 0.7058 0.3943
vn -0.8762 0.3281 0.3531
vn -0.8761 0.3281 0.3533
vn -0.8761 0.3280 0.3533
vn -0.1116 0.9905 0.0805
vn -0.0849 0.9937 0.0731
vn -0.2504 0.9438 0.2158
vn -0.2504 0.9438 0.2157
vn -0.2503 0.9438 0.2158
vn -0.2508 0.9438 0.2154
vn -0.4432 0.8458 0.2970
vn -0.4431 0.8458 0.2970
vn -0.4432 0.8458 0.2971
vn -0.7869 0.5292 0.3175
vn -0.7869 0.5292 0.3174
vn -0.7868 0.5294 0.3173
vn -0.9808 0.1582 0.1141
vn -0.9932 0.0597 -0.0997
vn -0.9899 0.0157 0.1412
vn -0.2752 0.9435 0.1844
vn -0.2754 0.9435 0.1845
vn -0.0934 0.9937 0.0626
vn -0.2753 0.9435 0.1845
vn -0.6582 0.7045 0.2655
vn -0.6583 0.7044 0.2655
vn -0.6580 0.7046 0.2656
vn -0.9399 0.3281 -0.0941
vn -0.9400 0.3281 -0.0938
vn -0.9399 0.3283 -0.0939
vn -0.9352 0.3281 0.1334
vn -0.9351 0.3282 0.1336
vn -0.9351 0.3282 0.1335
vn -0.4959 0.8450 0.2000
vn -0.4959 0.8451 0.2000
vn -0.8444 0.5291 -0.0845
vn -0.8441 0.5293 -0.0851
vn -0.8443 0.5291 -0.0848
vn -0.8442 0.5293 -0.0844
vn -0.8400 0.5292 0.1198
vn -0.8399 0.5293 0.1198
vn 0.1088 0.0000 -0.9941
vn -0.1157 0.0000 -0.9933
vn -0.1158 0.0000 -0.9933
vn -0.3336 -0.0000 -0.9427
vn -0.3338 0.0000 -0.9427
vn -0.3338 0.0000 -0.9426
vn -0.5354 0.0000 -0.8446
vn -0.5353 0.0000 -0.8447
vn -0.5352 0.0000 -0.8447
vn -0.7097 0.0000 -0.7045
vn -0.8486 -0.0000 -0.5290
vn -0.8485 -0.0000 -0.5291
vn -0.8487 0.0000 -0.5290
vn -0.9451 0.0000 -0.3267
vn -0.9451 0.0000 -0.3268
vn -0.9452 0.0000 -0.3266
vn -0.9941 -0.0000 -0.1088
vn -0.9933 0.0000 0.1157
vn -0.9933 0.0000 0.1158
vn -0.9933 0.0000 0.1153
vn -0.9428 -0.0000 0.3334
vn -0.9426 0.0000 0.3340
vn -0.9427 0.0000 0.3337
vn -0.8448 -0.0000 0.5350
vn -0.8446 0.0000 0.5353
vn -0.8447 0.0000 0.5353
vn -0.7045 0.0000 0.7097
vn -0.7046 0.0000 0.7096
vn -0.7047 -0.0000 0.7095
vn -0.5290 0.0000 0.8486
vn -0.5291 0.0000 0.8486
vn -0.3266 0.0000 0.9452
vn 0.1407 -0.7662 -0.6271
vn 0.1408 -0.7663 -0.6269
vn 0.1408 -0.7662 -0.6270
vn 0.1407 -0.7660 -0.6273
vn 0.1409 -0.7661 -0.6271
vn 0.1408 -0.7660 -0.6272
vn 0.1407 -0.7662 -0.6270
vn 0.1406 -0.7661 -0.6271
vn 0.1406 0.7664 -0.6268
vn 0.1406 0.7662 -0.6270
vn 0.1407 0.7661 -0.6272
vn 0.1407 0.7660 -0.6273
vn 0.1408 0.7661 -0.6271
vn 0.1408 0.7663 -0.6269
vn 0.1407 0.7660 -0.6272
vn 0.1407 0.7661 -0.6271
vn 0.1409 0.7662 -0.6270
vn 0.9935 0.0000 0.1141
vn 0.9934 -0.0000 0.1144
vn 0.9953 -0.0000 -0.0970
vn 0.9953 0.0000 -0.0969
vn 0.8672 0.0000 -0.4980
vn 0.9522 0.0000 -0.3053
vn 0.9525 0.0000 -0.3045
vn 0.9526 -0.0000 -0.3042
vn 0.9524 -0.0000 -0.3048
vn 0.7564 0.0000 -0.6541
vn 0.6315 -0.0056 -0.7754
vn 0.7394 0.0070 -0.6732
vn 0.4798 -0.0112 -0.8773
vn 0.5860 0.0107 -0.8102
vn 0.3085 -0.0083 -0.9512
vn 0.4366 0.0063 -0.8996
vn 0.2931 0.0000 -0.9561
vn -0.9471 0.0000 -0.3210
vn -0.9470 0.0000 -0.3211
vn -0.9471 0.0000 -0.3211
vn -0.8584 0.0000 -0.5130
vn -0.8584 0.0000 -0.5129
vn -0.7305 0.0000 -0.6829
vn -0.7308 0.0000 -0.6826
vn -0.7312 0.0000 -0.6822
vn -0.5710 0.0000 -0.8210
vn -0.5714 0.0000 -0.8207
vn -0.5709 -0.0000 -0.8210
vn -0.4046 0.0000 -0.9145
vn -0.2395 0.0058 -0.9709
vn -0.3809 -0.0069 -0.9246
vn -0.0594 0.0112 -0.9982
vn -0.1837 -0.0105 -0.9829
vn 0.1271 0.0079 -0.9919
vn -0.0103 -0.0063 -0.9999
vn 0.1436 -0.0000 -0.9896
vn -0.1088 0.0000 0.9941
vn 0.1159 0.0000 0.9933
vn 0.1148 0.0000 0.9934
vn 0.3336 -0.0000 0.9427
vn 0.3338 -0.0000 0.9426
vn 0.5354 0.0000 0.8446
vn 0.8486 0.0000 0.5291
vn 0.9451 0.0000 0.3267
vn 0.9941 -0.0000 0.1086
vn 0.9941 0.0000 0.1087
vn 0.9933 0.0000 -0.1157
vn 0.9933 0.0000 -0.1153
vn 0.9933 -0.0000 -0.1152
vn 0.9427 -0.0000 -0.3337
vn 0.9427 -0.0000 -0.3336
vn 0.9426 0.0000 -0.3338
vn 0.8447 0.0000 -0.5353
vn 0.8449 0.0000 -0.5349
vn 0.8446 0.0000 -0.5354
vn 0.7045 0.0000 -0.7097
vn 0.7044 -0.0000 -0.7098
vn 0.5290 -0.0000 -0.8486
vn 0.3267 0.0000 -0.9451
vn 0.3266 -0.0000 -0.9452
vn 0.8399 0.5293 -0.1198
vn 0.8399 0.5294 -0.1198
vn 0.3082 0.9432 -0.1243
vn 0.3083 0.9432 -0.1242
vn 0.3084 0.9431 -0.1243
vn 0.1046 0.9936 -0.0422
vn 0.1045 0.9936 -0.0422
vn 0.1047 0.9936 -0.0422
vn 0.7026 0.7045 -0.1003
vn 0.7024 0.7047 -0.1005
vn 0.7023 0.7048 -0.1002
vn 0.7060 0.7046 0.0709
vn 0.7061 0.7046 0.0710
vn 0.7061 0.7045 0.0709
vn 0.5294 0.8450 -0.0755
vn 0.5294 0.8450 -0.0756
vn 0.5321 0.8450 0.0534
vn 0.5322 0.8449 0.0534
vn 0.5321 0.8450 0.0533
vn 0.5295 0.8449 -0.0755
vn 0.5320 0.8450 0.0533
vn 0.3309 0.9431 0.0331
vn 0.3307 0.9432 0.0332
vn 0.3304 0.9432 0.0331
vn 0.1117 0.9936 -0.0159
vn 0.1115 0.9936 -0.0160
vn 0.3305 0.9432 0.0331
vn 0.1123 0.9936 0.0113
vn 0.1122 0.9936 0.0113
vn 0.1116 0.9936 -0.0159
vn 0.3292 0.9431 -0.0470
vn 0.3290 0.9431 -0.0470
vn 0.3285 0.9433 -0.0466
vn 0.9879 0.1114 0.1077
vn -0.9392 0.1111 -0.3249
vn -0.9392 0.1113 -0.3247
vn -0.9392 0.1113 -0.3249
vn -0.8926 0.3283 -0.3089
vn -0.8926 0.3284 -0.3088
vn -0.8926 0.3285 -0.3088
vn -0.8434 0.1112 -0.5257
vn -0.8435 0.1111 -0.5256
vn -0.8433 0.1112 -0.5258
vn -0.8016 0.5297 -0.2773
vn -0.8017 0.5295 -0.2774
vn -0.8017 0.5296 -0.2773
vn -0.8016 0.5296 -0.2773
vn -0.8015 0.3284 -0.4997
vn -0.8016 0.3284 -0.4997
vn -0.8016 0.3285 -0.4996
vn -0.6703 0.7050 -0.2317
vn -0.6703 0.7049 -0.2319
vn -0.7053 0.1113 -0.7001
vn -0.7053 0.1112 -0.7002
vn -0.7052 0.1115 -0.7001
vn -0.7198 0.5296 -0.4488
vn -0.7199 0.5295 -0.4487
vn -0.7198 0.5296 -0.4487
vn -0.5050 0.8452 -0.1746
vn -0.5052 0.8452 -0.1747
vn -0.5051 0.8452 -0.1746
vn -0.6705 0.3284 -0.6653
vn -0.6703 0.3285 -0.6654
vn -0.6704 0.3284 -0.6654
vn -0.6703 0.3283 -0.6655
vn -0.6019 0.7049 -0.3752
vn -0.6020 0.7048 -0.3753
vn -0.3143 0.9431 -0.1085
vn -0.3137 0.9433 -0.1086
vn -0.3136 0.9433 -0.1085
vn -0.1089 0.9933 -0.0382
vn -0.1074 0.9935 -0.0382
vn -0.1066 0.9936 -0.0368
vn -0.1129 0.9928 -0.0401
vn -0.3141 0.9432 -0.1086
vn -0.5318 0.1113 -0.8395
vn -0.5319 0.1113 -0.8395
vn -0.6018 0.5297 -0.5977
vn -0.6019 0.5296 -0.5977
vn -0.6020 0.5296 -0.5976
vn -0.6019 0.5297 -0.5976
vn -0.4536 0.8452 -0.2827
vn -0.4535 0.8452 -0.2828
vn -0.4537 0.8452 -0.2826
vn -0.4535 0.8453 -0.2827
vn -0.3231 0.2489 -0.9130
vn -0.4032 0.1119 -0.9082
vn -0.5054 0.3284 -0.7979
vn -0.5055 0.3285 -0.7979
vn -0.5033 0.7049 -0.4997
vn -0.5034 0.7049 -0.4997
vn -0.5033 0.7050 -0.4997
vn -0.1056 0.9920 -0.0696
vn -0.2819 0.9432 -0.1757
vn -0.2819 0.9432 -0.1758
vn -0.2819 0.9432 -0.1756
vn -0.0905 0.9943 -0.0564
vn -0.2820 0.9432 -0.1759
vn -0.3831 0.3301 -0.8627
vn -0.3831 0.3302 -0.8627
vn -0.3831 0.3302 -0.8626
vn -0.2990 0.1115 -0.9477
vn -0.4538 0.5296 -0.7167
vn -0.4538 0.5296 -0.7166
vn -0.4540 0.5296 -0.7165
vn -0.4538 0.5297 -0.7166
vn -0.3792 0.8452 -0.3766
vn -0.3793 0.8452 -0.3766
vn -0.3792 0.8452 -0.3765
vn -0.3437 0.5318 -0.7740
vn -0.3440 0.5318 -0.7738
vn -0.3438 0.5318 -0.7740
vn -0.3437 0.5317 -0.7741
vn -0.1115 0.2635 -0.9582
vn -0.1826 0.1118 -0.9768
vn -0.2842 0.3294 -0.9004
vn -0.2843 0.3294 -0.9004
vn -0.3796 0.7049 -0.5992
vn -0.3796 0.7048 -0.5992
vn -0.0899 0.9912 -0.0973
vn -0.2358 0.9432 -0.2341
vn -0.2356 0.9433 -0.2339
vn -0.2357 0.9432 -0.2339
vn -0.2361 0.9430 -0.2344
vn -0.0725 0.9948 -0.0720
vn -0.2871 0.7069 -0.6464
vn -0.2871 0.7070 -0.6463
vn -0.2870 0.7069 -0.6464
vn -0.1735 0.3300 -0.9279
vn -0.0721 0.1117 -0.9911
vn -0.2551 0.5309 -0.8081
vn -0.2551 0.5308 -0.8082
vn -0.2551 0.5309 -0.8082
vn -0.2549 0.5308 -0.8083
vn -0.2860 0.8452 -0.4516
vn -0.2860 0.8452 -0.4515
vn -0.2859 0.8453 -0.4514
vn -0.2160 0.8466 -0.4864
vn -0.2159 0.8466 -0.4864
vn -0.2160 0.8466 -0.4865
vn -0.1555 0.5316 -0.8326
vn -0.1557 0.5316 -0.8326
vn -0.1557 0.5316 -0.8325
vn -0.1557 0.5317 -0.8325
vn 0.1043 0.2707 -0.9570
vn 0.0479 0.1118 -0.9926
vn -0.0686 0.3295 -0.9416
vn -0.0686 0.3296 -0.9416
vn -0.0686 0.3295 -0.9417
vn -0.0684 0.3297 -0.9416
vn -0.2131 0.7061 -0.6753
vn -0.2132 0.7062 -0.6751
vn -0.2134 0.7056 -0.6757
vn -0.2131 0.7060 -0.6754
vn -0.1777 0.9432 -0.2806
vn -0.1779 0.9431 -0.2808
vn -0.1777 0.9432 -0.2807
vn -0.0664 0.9905 -0.1205
vn -0.0529 0.9951 -0.0835
vn -0.1778 0.9432 -0.2806
vn -0.1343 0.9437 -0.3023
vn -0.1341 0.9438 -0.3020
vn -0.1340 0.9438 -0.3021
vn -0.1342 0.9438 -0.3020
vn -0.0386 0.9941 -0.1018
vn -0.0388 0.9941 -0.1017
vn -0.0455 0.9937 -0.1023
vn -0.1301 0.7068 -0.6953
vn -0.1302 0.7068 -0.6953
vn -0.1301 0.7068 -0.6954
vn 0.0455 0.3300 -0.9429
vn 0.0455 0.3299 -0.9429
vn 0.0453 0.3300 -0.9429
vn 0.1587 0.1119 -0.9810
vn -0.0617 0.5311 -0.8451
vn -0.0619 0.5314 -0.8449
vn -0.0616 0.5311 -0.8451
vn -0.0615 0.5312 -0.8450
vn -0.1605 0.8461 -0.5084
vn -0.1605 0.8460 -0.5085
vn -0.1606 0.8460 -0.5085
vn -0.0979 0.8465 -0.5233
vn -0.0980 0.8465 -0.5233
vn 0.0408 0.5315 -0.8461
vn 0.0409 0.5315 -0.8461
vn 0.0407 0.5315 -0.8461
vn 0.1507 0.3298 -0.9320
vn 0.1508 0.3296 -0.9320
vn 0.1508 0.3297 -0.9320
vn 0.1507 0.3299 -0.9319
vn 0.3146 0.2707 -0.9098
vn 0.2758 0.1118 -0.9547
vn -0.0514 0.7063 -0.7060
vn -0.0514 0.7059 -0.7064
vn -0.0512 0.7064 -0.7059
vn -0.0997 0.9436 -0.3157
vn -0.0997 0.9436 -0.3158
vn -0.0367 0.9899 -0.1366
vn -0.0337 0.9937 -0.1072
vn -0.0997 0.9436 -0.3156
vn 0.3809 0.1119 -0.9178
vn -0.0606 0.9438 -0.3250
vn -0.0606 0.9438 -0.3249
vn -0.0608 0.9438 -0.3249
vn -0.0139 0.9941 -0.1078
vn -0.0141 0.9941 -0.1078
vn -0.0206 0.9937 -0.1101
vn 0.0341 0.7066 -0.7068
vn 0.0340 0.7065 -0.7069
vn 0.0338 0.7067 -0.7067
vn 0.1353 0.5313 -0.8363
vn 0.1352 0.5313 -0.8363
vn 0.2619 0.3297 -0.9070
vn 0.2620 0.3298 -0.9070
vn 0.2621 0.3298 -0.9069
vn -0.0387 0.8461 -0.5316
vn -0.0387 0.8461 -0.5317
vn 0.3619 0.3298 -0.8719
vn 0.3619 0.3300 -0.8719
vn 0.3619 0.3299 -0.8719
vn 0.3617 0.3299 -0.8720
vn 0.0256 0.8464 -0.5319
vn 0.1131 0.7065 -0.6986
vn 0.1132 0.7065 -0.6986
vn 0.2352 0.5313 -0.8139
vn 0.5103 0.2636 -0.8186
vn 0.4887 0.1116 -0.8653
vn -0.0029 0.9896 -0.1439
vn -0.0081 0.9937 -0.1118
vn -0.0241 0.9436 -0.3301
vn -0.0240 0.9436 -0.3301
vn -0.0241 0.9437 -0.3300
vn -0.0240 0.9437 -0.3298
vn 0.5825 0.1117 -0.8051
vn 0.3247 0.5315 -0.7823
vn 0.3246 0.5315 -0.7824
vn 0.3247 0.5315 -0.7824
vn 0.0112 0.9941 -0.1081
vn 0.0054 0.9937 -0.1119
vn 0.0159 0.9438 -0.3302
vn 0.0160 0.9437 -0.3304
vn 0.0159 0.9437 -0.3303
vn 0.0158 0.9438 -0.3302
vn 0.0851 0.8463 -0.5259
vn 0.0850 0.8463 -0.5259
vn 0.1964 0.7065 -0.6799
vn 0.1960 0.7065 -0.6800
vn 0.1963 0.7066 -0.6799
vn 0.1963 0.7065 -0.6799
vn 0.4644 0.3296 -0.8220
vn 0.4644 0.3295 -0.8221
vn 0.4645 0.3294 -0.8220
vn 0.4643 0.3296 -0.8221
vn 0.5534 0.3300 -0.7647
vn 0.5535 0.3300 -0.7647
vn 0.5534 0.3301 -0.7647
vn 0.2709 0.7067 -0.6536
vn 0.2712 0.7066 -0.6536
vn 0.2712 0.7066 -0.6535
vn 0.2713 0.7066 -0.6535
vn 0.0528 0.9437 -0.3266
vn 0.0526 0.9437 -0.3265
vn 0.0527 0.9438 -0.3263
vn 0.0317 0.9895 -0.1412
vn 0.0179 0.9937 -0.1108
vn 0.0526 0.9437 -0.3266
vn 0.1479 0.8463 -0.5117
vn 0.1479 0.8463 -0.5118
vn 0.1477 0.8465 -0.5115
vn 0.4169 0.5311 -0.7376
vn 0.4167 0.5312 -0.7377
vn 0.4170 0.5311 -0.7376
vn 0.4168 0.5311 -0.7377
vn 0.6824 0.2489 -0.6873
vn 0.6754 0.1115 -0.7290
vn 0.7528 0.1119 -0.6487
vn 0.4965 0.5316 -0.6862
vn 0.4966 0.5315 -0.6862
vn 0.4965 0.5319 -0.6860
vn 0.2041 0.8464 -0.4919
vn 0.2041 0.8464 -0.4918
vn 0.0360 0.9941 -0.1026
vn 0.0312 0.9937 -0.1077
vn 0.0918 0.9437 -0.3178
vn 0.0919 0.9437 -0.3177
vn 0.0919 0.9437 -0.3178
vn 0.3482 0.7062 -0.6164
vn 0.3483 0.7062 -0.6164
vn 0.3482 0.7063 -0.6164
vn 0.6416 0.3294 -0.6927
vn 0.6417 0.3294 -0.6926
vn 0.6417 0.3295 -0.6926
vn 0.7150 0.3303 -0.6162
vn 0.7150 0.3301 -0.6163
vn 0.7150 0.3301 -0.6162
vn 0.7150 0.3300 -0.6163
vn 0.4148 0.7068 -0.5730
vn 0.4148 0.7067 -0.5731
vn 0.4147 0.7068 -0.5731
vn 0.4145 0.7069 -0.5731
vn 0.1267 0.9437 -0.3056
vn 0.1268 0.9438 -0.3053
vn 0.1268 0.9437 -0.3055
vn 0.0430 0.9937 -0.1035
vn 0.0641 0.9896 -0.1288
vn 0.1267 0.9438 -0.3054
vn 0.2621 0.8462 -0.4640
vn 0.2622 0.8461 -0.4640
vn 0.2622 0.8462 -0.4640
vn 0.5759 0.5309 -0.6217
vn 0.5760 0.5309 -0.6216
vn 0.8255 0.1114 -0.5533
vn 0.8227 0.2270 -0.5211
vn 0.6415 0.5318 -0.5529
vn 0.6414 0.5319 -0.5529
vn 0.3121 0.8465 -0.4312
vn 0.3121 0.8465 -0.4314
vn 0.3121 0.8465 -0.4313
vn 0.1627 0.9437 -0.2880
vn 0.1628 0.9436 -0.2883
vn 0.1627 0.9437 -0.2881
vn 0.0586 0.9941 -0.0916
vn 0.0588 0.9941 -0.0914
vn 0.0552 0.9937 -0.0977
vn 0.1627 0.9436 -0.2883
vn 0.4814 0.7060 -0.5194
vn 0.4814 0.7059 -0.5196
vn 0.4812 0.7060 -0.5196
vn 0.4813 0.7061 -0.5194
vn 0.7844 0.3291 -0.5257
vn 0.7842 0.3293 -0.5259
vn 0.7844 0.3293 -0.5256
vn 0.5357 0.7069 -0.4618
vn 0.5357 0.7070 -0.4617
vn 0.5358 0.7069 -0.4618
vn 0.5357 0.7070 -0.4618
vn 0.1943 0.9438 -0.2674
vn 0.1939 0.9438 -0.2678
vn 0.1938 0.9438 -0.2677
vn 0.0657 0.9937 -0.0908
vn 0.0915 0.9900 -0.1078
vn 0.1938 0.9438 -0.2678
vn 0.3623 0.8460 -0.3911
vn 0.3624 0.8460 -0.3911
vn 0.3623 0.8460 -0.3912
vn 0.7042 0.5304 -0.4720
vn 0.7041 0.5306 -0.4719
vn 0.7042 0.5305 -0.4719
vn 0.7041 0.5305 -0.4720
vn 0.9243 0.1966 -0.3271
vn 0.9272 -0.0206 -0.3739
vn 0.4031 0.8466 -0.3474
vn 0.4032 0.8466 -0.3474
vn 0.4031 0.8466 -0.3475
vn 0.4032 0.8466 -0.3475
vn 0.2250 0.9436 -0.2428
vn 0.2251 0.9436 -0.2429
vn 0.2250 0.9435 -0.2431
vn 0.0783 0.9941 -0.0755
vn 0.0785 0.9941 -0.0753
vn 0.0763 0.9937 -0.0823
vn 0.2250 0.9436 -0.2430
vn 0.5885 0.7058 -0.3944
vn 0.5884 0.7059 -0.3943
vn 0.5884 0.7058 -0.3945
vn 0.5884 0.7058 -0.3944
vn 0.8761 0.3280 -0.3533
vn 0.8761 0.3281 -0.3534
vn 0.8761 0.3282 -0.3533
vn 0.1116 0.9905 -0.0805
vn 0.0848 0.9937 -0.0731
vn 0.2504 0.9438 -0.2158
vn 0.2502 0.9439 -0.2156
vn 0.2505 0.9437 -0.2158
vn 0.2508 0.9438 -0.2154
vn 0.4431 0.8458 -0.2971
vn 0.4431 0.8458 -0.2970
vn 0.4432 0.8458 -0.2970
vn 0.7869 0.5293 -0.3174
vn 0.7869 0.5291 -0.3175
vn 0.7869 0.5292 -0.3174
vn 0.9899 0.0156 -0.1412
vn 0.9932 0.0597 0.0997
vn 0.9808 0.1583 -0.1141
vn 0.0933 0.9937 -0.0625
vn 0.2753 0.9435 -0.1845
vn 0.2752 0.9435 -0.1846
vn 0.2752 0.9435 -0.1845
vn 0.6581 0.7046 -0.2654
vn 0.6583 0.7044 -0.2655
vn 0.6582 0.7045 -0.2654
vn 0.6581 0.7046 -0.2653
vn 0.9399 0.3281 0.0941
vn 0.9400 0.3280 0.0941
vn 0.9399 0.3281 0.0942
vn 0.9351 0.3282 -0.1335
vn 0.9351 0.3285 -0.1333
vn 0.9352 0.3281 -0.1334
vn 0.9351 0.3282 -0.1336
vn 0.4959 0.8450 -0.2001
vn 0.4959 0.8450 -0.2000
vn 0.4960 0.8450 -0.2000
vn 0.4960 0.8450 -0.2001
vn 0.8445 0.5288 0.0843
vn 0.8442 0.5293 0.0847
vn 0.8443 0.5292 0.0846
vn -0.0765 -0.9936 -0.0828
vn -0.0765 -0.9936 -0.0829
vn -0.2256 -0.9431 -0.2441
vn -0.2255 -0.9432 -0.2440
vn -0.5924 -0.7045 -0.3908
vn -0.5925 -0.7045 -0.3908
vn -0.5921 -0.7047 -0.3910
vn -0.6686 -0.7046 -0.2376
vn -0.6687 -0.7046 -0.2374
vn -0.6688 -0.7045 -0.2374
vn -0.5924 -0.7044 -0.3910
vn -0.4465 -0.8449 -0.2946
vn -0.4464 -0.8450 -0.2946
vn -0.4463 -0.8450 -0.2945
vn -0.5039 -0.8450 -0.1792
vn -0.5038 -0.8450 -0.1792
vn -0.4465 -0.8449 -0.2947
vn -0.3130 -0.9432 -0.1113
vn -0.3133 -0.9431 -0.1114
vn -0.3124 -0.9434 -0.1111
vn -0.0941 -0.9936 -0.0622
vn -0.0942 -0.9936 -0.0622
vn -0.0942 -0.9936 -0.0621
vn -0.3131 -0.9432 -0.1113
vn -0.1064 -0.9936 -0.0379
vn -0.1064 -0.9936 -0.0378
vn -0.1062 -0.9936 -0.0378
vn -0.0940 -0.9936 -0.0621
vn -0.1063 -0.9936 -0.0379
vn -0.2774 -0.9431 -0.1833
vn -0.2774 -0.9432 -0.1830
vn -0.2774 -0.9432 -0.1829
vn -0.2776 -0.9430 -0.1834
vn -0.9390 -0.1116 -0.3252
vn 0.9879 -0.1113 0.1076
vn 0.9879 -0.1113 0.1077
vn 0.9879 -0.1114 0.1077
vn 0.9872 -0.1111 -0.1147
vn 0.9872 -0.1112 -0.1147
vn 0.9871 -0.1113 -0.1148
vn 0.9390 -0.3283 0.1022
vn 0.9390 -0.3284 0.1024
vn 0.9871 -0.1114 -0.1149
vn 0.8433 -0.5295 0.0918
vn 0.8432 -0.5296 0.0919
vn 0.8433 -0.5296 0.0919
vn 0.8434 -0.5294 0.0919
vn 0.9382 -0.3284 -0.1091
vn 0.9382 -0.3284 -0.1093
vn 0.9382 -0.3284 -0.1092
vn 0.7051 -0.7049 0.0770
vn 0.7051 -0.7049 0.0772
vn 0.7052 -0.7049 0.0768
vn 0.7051 -0.7049 0.0769
vn 0.8395 -0.1113 -0.5318
vn 0.8396 -0.1112 -0.5318
vn 0.8396 -0.1114 -0.5317
vn 0.9369 -0.1112 -0.3316
vn 0.9368 -0.1113 -0.3316
vn 0.8426 -0.5295 -0.0980
vn 0.8426 -0.5295 -0.0981
vn 0.8426 -0.5295 -0.0982
vn 0.5313 -0.8452 0.0580
vn 0.5313 -0.8452 0.0579
vn 0.5312 -0.8452 0.0579
vn 0.8904 -0.3284 -0.3151
vn 0.8903 -0.3285 -0.3154
vn 0.8904 -0.3285 -0.3150
vn 0.8904 -0.3284 -0.3153
vn 0.7046 -0.7049 -0.0820
vn 0.7047 -0.7048 -0.0818
vn 0.7046 -0.7049 -0.0819
vn 0.3304 -0.9432 0.0362
vn 0.3299 -0.9433 0.0360
vn 0.3299 -0.9433 0.0359
vn 0.1148 -0.9933 0.0121
vn 0.1136 -0.9935 0.0114
vn 0.1121 -0.9936 0.0122
vn 0.1192 -0.9928 0.0121
vn 0.3305 -0.9431 0.0363
vn 0.8396 -0.1113 -0.5318
vn 0.7996 -0.5297 -0.2831
vn 0.7997 -0.5295 -0.2830
vn 0.7996 -0.5296 -0.2831
vn 0.7996 -0.5296 -0.2830
vn 0.5309 -0.8452 -0.0617
vn 0.5309 -0.8452 -0.0618
vn 0.6824 -0.2489 -0.6873
vn 0.7528 -0.1118 -0.6487
vn 0.7979 -0.3284 -0.5054
vn 0.7978 -0.3289 -0.5053
vn 0.7980 -0.3287 -0.5052
vn 0.7980 -0.3283 -0.5055
vn 0.6686 -0.7049 -0.2367
vn 0.6686 -0.7050 -0.2366
vn 0.1252 -0.9920 -0.0178
vn 0.3298 -0.9433 -0.0383
vn 0.3300 -0.9432 -0.0384
vn 0.1060 -0.9943 -0.0123
vn 0.3300 -0.9432 -0.0385
vn 0.7149 -0.3303 -0.6163
vn 0.7151 -0.3300 -0.6163
vn 0.7150 -0.3301 -0.6163
vn 0.7150 -0.3302 -0.6163
vn 0.6753 -0.1116 -0.7290
vn 0.7165 -0.5297 -0.4538
vn 0.7166 -0.5295 -0.4540
vn 0.7166 -0.5296 -0.4538
vn 0.7168 -0.5297 -0.4536
vn 0.5039 -0.8452 -0.1784
vn 0.5037 -0.8452 -0.1784
vn 0.5038 -0.8452 -0.1784
vn 0.5039 -0.8452 -0.1783
vn 0.6416 -0.5318 -0.5528
vn 0.6416 -0.5318 -0.5527
vn 0.6415 -0.5319 -0.5528
vn 0.6415 -0.5318 -0.5529
vn 0.5105 -0.2630 -0.8187
vn 0.5825 -0.1117 -0.8051
vn 0.6417 -0.3294 -0.6926
vn 0.6416 -0.3294 -0.6927
vn 0.5992 -0.7049 -0.3796
vn 0.5992 -0.7049 -0.3795
vn 0.1229 -0.9912 -0.0495
vn 0.3130 -0.9433 -0.1108
vn 0.3132 -0.9432 -0.1108
vn 0.3132 -0.9432 -0.1109
vn 0.3131 -0.9432 -0.1108
vn 0.0962 -0.9948 -0.0342
vn 0.5360 -0.7067 -0.4619
vn 0.5358 -0.7069 -0.4618
vn 0.5360 -0.7069 -0.4616
vn 0.5356 -0.7070 -0.4618
vn 0.5534 -0.3301 -0.7647
vn 0.5533 -0.3300 -0.7648
vn 0.5534 -0.3302 -0.7647
vn 0.4888 -0.1116 -0.8652
vn 0.5759 -0.5308 -0.6217
vn 0.5758 -0.5308 -0.6218
vn 0.5759 -0.5308 -0.6218
vn 0.5760 -0.5308 -0.6217
vn 0.4515 -0.8452 -0.2860
vn 0.4032 -0.8466 -0.3475
vn 0.4031 -0.8466 -0.3475
vn 0.4032 -0.8466 -0.3476
vn 0.4964 -0.5317 -0.6862
vn 0.4965 -0.5317 -0.6862
vn 0.4965 -0.5317 -0.6861
vn 0.3146 -0.2708 -0.9098
vn 0.3809 -0.1118 -0.9178
vn 0.4644 -0.3294 -0.8221
vn 0.4644 -0.3295 -0.8221
vn 0.4644 -0.3295 -0.8220
vn 0.4643 -0.3295 -0.8221
vn 0.4814 -0.7060 -0.5194
vn 0.4814 -0.7060 -0.5195
vn 0.4813 -0.7060 -0.5195
vn 0.4815 -0.7061 -0.5192
vn 0.1115 -0.9905 -0.0805
vn 0.2807 -0.9432 -0.1779
vn 0.2806 -0.9432 -0.1776
vn 0.2806 -0.9432 -0.1778
vn 0.2805 -0.9432 -0.1779
vn 0.0835 -0.9951 -0.0530
vn 0.0783 -0.9941 -0.0755
vn 0.0785 -0.9941 -0.0753
vn 0.0848 -0.9937 -0.0731
vn 0.2505 -0.9437 -0.2158
vn 0.2504 -0.9438 -0.2156
vn 0.2503 -0.9438 -0.2160
vn 0.2504 -0.9438 -0.2157
vn 0.4147 -0.7068 -0.5731
vn 0.4148 -0.7068 -0.5731
vn 0.4147 -0.7068 -0.5732
vn 0.3619 -0.3299 -0.8719
vn 0.3619 -0.3300 -0.8719
vn 0.3620 -0.3300 -0.8718
vn 0.2758 -0.1118 -0.9547
vn 0.4168 -0.5312 -0.7377
vn 0.4168 -0.5313 -0.7376
vn 0.4168 -0.5311 -0.7377
vn 0.4169 -0.5313 -0.7375
vn 0.3623 -0.8460 -0.3912
vn 0.3623 -0.8461 -0.3910
vn 0.3624 -0.8460 -0.3911
vn 0.3121 -0.8465 -0.4313
vn 0.3121 -0.8465 -0.4312
vn 0.3247 -0.5314 -0.7824
vn 0.3246 -0.5314 -0.7824
vn 0.3247 -0.5315 -0.7824
vn 0.3248 -0.5314 -0.7824
vn 0.2621 -0.3296 -0.9070
vn 0.2619 -0.3297 -0.9070
vn 0.2619 -0.3298 -0.9070
vn 0.1587 -0.1119 -0.9810
vn 0.1044 -0.2707 -0.9570
vn 0.3482 -0.7062 -0.6164
vn 0.3482 -0.7063 -0.6164
vn 0.3482 -0.7062 -0.6165
vn 0.2251 -0.9435 -0.2431
vn 0.2250 -0.9435 -0.2432
vn 0.2251 -0.9436 -0.2429
vn 0.0915 -0.9900 -0.1077
vn 0.0763 -0.9937 -0.0824
vn 0.2249 -0.9437 -0.2427
vn 0.0479 -0.1118 -0.9926
vn 0.1938 -0.9438 -0.2677
vn 0.1934 -0.9439 -0.2676
vn 0.1937 -0.9438 -0.2678
vn 0.0587 -0.9941 -0.0916
vn 0.0588 -0.9941 -0.0914
vn 0.0657 -0.9937 -0.0909
vn 0.2712 -0.7067 -0.6535
vn 0.2711 -0.7067 -0.6535
vn 0.2713 -0.7066 -0.6536
vn 0.2352 -0.5313 -0.8139
vn 0.2353 -0.5313 -0.8139
vn 0.1508 -0.3297 -0.9320
vn 0.1507 -0.3298 -0.9320
vn 0.1507 -0.3297 -0.9320
vn 0.2621 -0.8462 -0.4639
vn 0.2622 -0.8462 -0.4640
vn 0.2621 -0.8462 -0.4640
vn 0.2622 -0.8461 -0.4641
vn 0.0455 -0.3299 -0.9429
vn 0.0454 -0.3299 -0.9429
vn 0.2042 -0.8464 -0.4918
vn 0.2042 -0.8463 -0.4920
vn 0.1963 -0.7064 -0.6800
vn 0.1963 -0.7065 -0.6799
vn 0.1964 -0.7066 -0.6799
vn 0.1962 -0.7065 -0.6800
vn 0.1353 -0.5313 -0.8363
vn 0.1352 -0.5313 -0.8363
vn 0.1351 -0.5314 -0.8363
vn -0.1116 -0.2631 -0.9583
vn -0.0721 -0.1117 -0.9911
vn 0.0641 -0.9896 -0.1287
vn 0.0552 -0.9937 -0.0977
vn 0.1627 -0.9436 -0.2882
vn 0.1627 -0.9437 -0.2881
vn 0.1628 -0.9436 -0.2883
vn 0.1626 -0.9437 -0.2880
vn -0.1827 -0.1119 -0.9768
vn 0.0406 -0.5316 -0.8461
vn 0.0408 -0.5315 -0.8460
vn 0.0408 -0.5313 -0.8462
vn 0.0407 -0.5316 -0.8460
vn 0.0360 -0.9941 -0.1026
vn 0.0361 -0.9941 -0.1026
vn 0.0431 -0.9937 -0.1037
vn 0.1267 -0.9438 -0.3053
vn 0.1267 -0.9437 -0.3055
vn 0.1264 -0.9436 -0.3059
vn 0.1267 -0.9436 -0.3058
vn 0.1479 -0.8463 -0.5118
vn 0.1479 -0.8462 -0.5119
vn 0.1131 -0.7065 -0.6986
vn 0.1134 -0.7065 -0.6986
vn 0.1131 -0.7064 -0.6987
vn -0.0685 -0.3296 -0.9416
vn -0.0687 -0.3296 -0.9416
vn -0.0686 -0.3297 -0.9416
vn -0.0685 -0.3295 -0.9416
vn -0.1735 -0.3300 -0.9279
vn -0.1734 -0.3300 -0.9279
vn 0.0344 -0.7067 -0.7067
vn 0.0341 -0.7066 -0.7068
vn 0.0342 -0.7066 -0.7068
vn 0.0341 -0.7067 -0.7067
vn 0.0317 -0.9895 -0.1412
vn 0.0312 -0.9937 -0.1078
vn 0.0919 -0.9437 -0.3177
vn 0.0920 -0.9437 -0.3177
vn 0.0918 -0.9437 -0.3178
vn 0.0920 -0.9437 -0.3178
vn 0.0851 -0.8462 -0.5260
vn 0.0851 -0.8463 -0.5259
vn 0.0851 -0.8463 -0.5258
vn -0.0618 -0.5312 -0.8450
vn -0.0615 -0.5311 -0.8451
vn -0.0616 -0.5310 -0.8451
vn -0.0618 -0.5311 -0.8451
vn -0.3232 -0.2489 -0.9130
vn -0.2990 -0.1115 -0.9477
vn -0.4032 -0.1119 -0.9082
vn -0.1557 -0.5317 -0.8325
vn -0.1556 -0.5317 -0.8325
vn 0.0256 -0.8464 -0.5319
vn 0.0255 -0.8464 -0.5319
vn 0.0256 -0.8464 -0.5320
vn 0.0113 -0.9941 -0.1082
vn 0.0179 -0.9937 -0.1108
vn 0.0527 -0.9437 -0.3265
vn 0.0528 -0.9437 -0.3266
vn 0.0527 -0.9438 -0.3264
vn -0.0514 -0.7062 -0.7061
vn -0.0515 -0.7063 -0.7060
vn -0.0515 -0.7063 -0.7061
vn -0.0515 -0.7062 -0.7061
vn -0.2842 -0.3294 -0.9004
vn -0.2841 -0.3294 -0.9004
vn -0.2841 -0.3293 -0.9005
vn -0.3830 -0.3301 -0.8628
vn -0.3831 -0.3302 -0.8627
vn -0.3831 -0.3301 -0.8627
vn -0.1301 -0.7068 -0.6953
vn -0.1301 -0.7068 -0.6954
vn 0.0160 -0.9437 -0.3304
vn 0.0160 -0.9438 -0.3302
vn 0.0159 -0.9438 -0.3301
vn 0.0054 -0.9937 -0.1119
vn -0.0029 -0.9896 -0.1439
vn -0.0387 -0.8461 -0.5316
vn -0.0387 -0.8462 -0.5315
vn -0.0387 -0.8461 -0.5317
vn -0.2550 -0.5309 -0.8081
vn -0.2550 -0.5309 -0.8082
vn -0.2552 -0.5307 -0.8082
vn -0.5099 -0.1115 -0.8530
vn -0.5212 -0.2268 -0.8228
vn -0.3437 -0.5318 -0.7740
vn -0.3438 -0.5318 -0.7740
vn -0.3438 -0.5317 -0.7740
vn -0.3439 -0.5317 -0.7740
vn -0.0979 -0.8465 -0.5233
vn -0.0978 -0.8465 -0.5233
vn -0.0240 -0.9437 -0.3301
vn -0.0240 -0.9436 -0.3301
vn -0.0241 -0.9437 -0.3299
vn -0.0139 -0.9941 -0.1077
vn -0.0141 -0.9941 -0.1078
vn -0.0082 -0.9937 -0.1120
vn -0.2130 -0.7059 -0.6755
vn -0.2131 -0.7061 -0.6753
vn -0.2131 -0.7060 -0.6754
vn -0.4844 -0.3292 -0.8106
vn -0.4843 -0.3291 -0.8106
vn -0.2870 -0.7070 -0.6464
vn -0.2870 -0.7069 -0.6464
vn -0.2872 -0.7069 -0.6464
vn -0.2871 -0.7069 -0.6464
vn -0.0607 -0.9438 -0.3250
vn -0.0608 -0.9438 -0.3249
vn -0.0606 -0.9438 -0.3249
vn -0.0206 -0.9937 -0.1101
vn -0.0367 -0.9899 -0.1366
vn -0.0607 -0.9438 -0.3249
vn -0.1605 -0.8460 -0.5085
vn -0.4349 -0.5306 -0.7276
vn -0.4349 -0.5307 -0.7274
vn -0.4350 -0.5306 -0.7275
vn -0.6958 -0.1967 -0.6907
vn -0.6785 0.0205 -0.7343
vn -0.2160 -0.8465 -0.4866
vn -0.2159 -0.8466 -0.4864
vn -0.2160 -0.8466 -0.4865
vn -0.2160 -0.8466 -0.4864
vn -0.0997 -0.9436 -0.3157
vn -0.0997 -0.9436 -0.3156
vn -0.0386 -0.9941 -0.1018
vn -0.0388 -0.9941 -0.1017
vn -0.0337 -0.9937 -0.1071
vn -0.0996 -0.9436 -0.3158
vn -0.3635 -0.7057 -0.6081
vn -0.3634 -0.7058 -0.6081
vn -0.3630 -0.7060 -0.6081
vn -0.6410 -0.3281 -0.6938
vn -0.6411 -0.3281 -0.6938
vn -0.0664 -0.9905 -0.1204
vn -0.0455 -0.9937 -0.1024
vn -0.1342 -0.9438 -0.3021
vn -0.1341 -0.9438 -0.3020
vn -0.1343 -0.9438 -0.3020
vn -0.2736 -0.8458 -0.4580
vn -0.2736 -0.8459 -0.4579
vn -0.5758 -0.5291 -0.6233
vn -0.5758 -0.5292 -0.6233
vn -0.5758 -0.5292 -0.6232
vn -0.8345 -0.0155 -0.5508
vn -0.9405 -0.0595 -0.3344
vn -0.8380 -0.1584 -0.5222
vn -0.0577 -0.9937 -0.0964
vn -0.1698 -0.9436 -0.2843
vn -0.1701 -0.9435 -0.2844
vn -0.1700 -0.9435 -0.2844
vn -0.1703 -0.9434 -0.2845
vn -0.4814 -0.7047 -0.5212
vn -0.4815 -0.7045 -0.5213
vn -0.4813 -0.7046 -0.5214
vn -0.4816 -0.7046 -0.5212
vn -0.8899 -0.3282 -0.3167
vn -0.8899 -0.3283 -0.3167
vn -0.8900 -0.3282 -0.3165
vn -0.8901 -0.3279 -0.3166
vn -0.7884 -0.3282 -0.5203
vn -0.7884 -0.3282 -0.5202
vn -0.7885 -0.3281 -0.5203
vn -0.7885 -0.3280 -0.5203
vn -0.3629 -0.8450 -0.3928
vn -0.3630 -0.8450 -0.3927
vn -0.3629 -0.8450 -0.3927
vn -0.7995 -0.5290 -0.2844
vn -0.7994 -0.5293 -0.2842
vn -0.7994 -0.5292 -0.2842
vn -0.7081 -0.5290 -0.4677
vn -0.7082 -0.5292 -0.4674
vn -0.7082 -0.5293 -0.4673
vn -0.7997 -0.5288 -0.2843
vn -0.7082 -0.5292 -0.4673
vn -0.2257 -0.9431 -0.2443
vn 0.5923 -0.7045 0.3909
vn 0.6687 -0.7046 0.2377
vn 0.6687 -0.7045 0.2377
vn 0.5919 -0.7047 0.3911
vn 0.4463 -0.8450 0.2946
vn 0.5040 -0.8449 0.1792
vn 0.2772 -0.9433 0.1828
vn 0.3128 -0.9433 0.1113
vn 0.3129 -0.9432 0.1113
vn 0.3134 -0.9431 0.1114
vn 0.1065 -0.9936 0.0378
vn 0.0940 -0.9936 0.0622
vn 0.2774 -0.9432 0.1831
vn 0.9392 -0.1112 0.3249
vn -0.9871 -0.1114 0.1148
vn -0.9390 -0.3284 -0.1023
vn -0.9390 -0.3284 -0.1022
vn -0.9390 -0.3283 -0.1021
vn -0.9389 -0.3285 -0.1024
vn -0.8433 -0.5296 -0.0919
vn -0.8434 -0.5294 -0.0916
vn -0.8433 -0.5295 -0.0919
vn -0.9382 -0.3283 0.1093
vn -0.9382 -0.3285 0.1093
vn -0.7051 -0.7050 -0.0771
vn -0.8425 -0.5297 0.0983
vn -0.5312 -0.8453 -0.0579
vn -0.8905 -0.3284 0.3150
vn -0.8904 -0.3285 0.3151
vn -0.8904 -0.3283 0.3152
vn -0.7047 -0.7048 0.0819
vn -0.1192 -0.9928 -0.0120
vn -0.1133 -0.9935 -0.0114
vn -0.3306 -0.9431 -0.0362
vn -0.3300 -0.9433 -0.0360
vn -0.1120 -0.9936 -0.0122
vn -0.3307 -0.9430 -0.0362
vn -0.7996 -0.5296 0.2831
vn -0.7996 -0.5296 0.2832
vn -0.5307 -0.8453 0.0618
vn -0.5308 -0.8452 0.0618
vn -0.5308 -0.8452 0.0616
vn -0.6823 -0.2490 0.6873
vn -0.7149 -0.3302 0.6163
vn -0.7150 -0.3301 0.6163
vn -0.7150 -0.3300 0.6164
vn -0.6754 -0.1117 0.7289
vn -0.7167 -0.5295 0.4539
vn -0.5039 -0.8452 0.1784
vn -0.5103 -0.2634 0.8186
vn -0.5823 -0.1123 0.8052
vn -0.3131 -0.9433 0.1108
vn -0.5358 -0.7070 0.4617
vn -0.5535 -0.3300 0.7647
vn -0.5533 -0.3301 0.7648
vn -0.5759 -0.5309 0.6217
vn -0.5759 -0.5308 0.6218
vn -0.5759 -0.5309 0.6216
vn -0.4031 -0.8466 0.3474
vn -0.4032 -0.8466 0.3475
vn -0.4965 -0.5317 0.6862
vn -0.3147 -0.2707 0.9098
vn -0.3810 -0.1118 0.9178
vn -0.4643 -0.3296 0.8220
vn -0.4644 -0.3297 0.8220
vn -0.4812 -0.7061 0.5195
vn -0.4813 -0.7060 0.5195
vn -0.0835 -0.9951 0.0529
vn -0.2808 -0.9431 0.1779
vn -0.0783 -0.9941 0.0755
vn -0.0786 -0.9941 0.0754
vn -0.0849 -0.9937 0.0730
vn -0.2502 -0.9438 0.2158
vn -0.2504 -0.9438 0.2157
vn -0.4146 -0.7068 0.5732
vn -0.3618 -0.3300 0.8719
vn -0.3619 -0.3299 0.8719
vn -0.3620 -0.3299 0.8718
vn -0.2758 -0.1117 0.9547
vn -0.4168 -0.5311 0.7378
vn -0.4169 -0.5313 0.7375
vn -0.4168 -0.5312 0.7376
vn -0.3120 -0.8466 0.4312
vn -0.3121 -0.8465 0.4312
vn -0.3246 -0.5315 0.7824
vn -0.2619 -0.3298 0.9070
vn -0.1042 -0.2706 0.9570
vn -0.1587 -0.1119 0.9810
vn -0.3482 -0.7064 0.6162
vn -0.3482 -0.7063 0.6164
vn -0.2250 -0.9436 0.2430
vn -0.2250 -0.9435 0.2432
vn -0.2251 -0.9436 0.2429
vn -0.2250 -0.9436 0.2428
vn -0.1938 -0.9438 0.2678
vn -0.1937 -0.9438 0.2679
vn -0.2713 -0.7067 0.6534
vn -0.2712 -0.7066 0.6536
vn -0.2349 -0.5313 0.8140
vn -0.2622 -0.8461 0.4640
vn -0.0456 -0.3299 0.9429
vn -0.2042 -0.8465 0.4917
vn -0.1964 -0.7066 0.6799
vn -0.1352 -0.5312 0.8364
vn -0.1354 -0.5313 0.8363
vn 0.0720 -0.1117 0.9911
vn -0.0552 -0.9937 0.0977
vn -0.1629 -0.9436 0.2882
vn -0.1626 -0.9437 0.2880
vn -0.1629 -0.9436 0.2883
vn 0.1826 -0.1120 0.9768
vn -0.0407 -0.5315 0.8461
vn -0.0408 -0.5314 0.8462
vn -0.0408 -0.5314 0.8461
vn -0.0360 -0.9941 0.1027
vn -0.0360 -0.9941 0.1025
vn -0.0429 -0.9937 0.1036
vn -0.1268 -0.9437 0.3055
vn -0.1268 -0.9437 0.3056
vn -0.1478 -0.8463 0.5118
vn -0.1479 -0.8463 0.5118
vn -0.1130 -0.7066 0.6986
vn -0.1131 -0.7065 0.6986
vn -0.1130 -0.7064 0.6987
vn 0.0686 -0.3295 0.9416
vn -0.0341 -0.7067 0.7067
vn -0.0343 -0.7065 0.7069
vn -0.0318 -0.9895 0.1411
vn -0.0920 -0.9437 0.3178
vn -0.0918 -0.9438 0.3176
vn -0.0851 -0.8463 0.5258
vn -0.0851 -0.8462 0.5260
vn 0.0616 -0.5312 0.8450
vn 0.0616 -0.5311 0.8451
vn 0.0615 -0.5311 0.8451
vn 0.3231 -0.2489 0.9130
vn 0.2990 -0.1117 0.9477
vn 0.1556 -0.5316 0.8326
vn 0.1555 -0.5318 0.8325
vn -0.0113 -0.9941 0.1082
vn -0.0526 -0.9438 0.3263
vn -0.0526 -0.9437 0.3267
vn 0.0515 -0.7063 0.7060
vn 0.0514 -0.7063 0.7060
vn 0.2841 -0.3295 0.9004
vn 0.2842 -0.3293 0.9004
vn 0.1301 -0.7068 0.6953
vn -0.0159 -0.9437 0.3304
vn -0.0161 -0.9437 0.3305
vn -0.0160 -0.9437 0.3303
vn 0.0029 -0.9896 0.1439
vn -0.0055 -0.9937 0.1119
vn 0.2549 -0.5308 0.8082
vn 0.2551 -0.5307 0.8082
vn 0.5211 -0.2267 0.8228
vn 0.5098 -0.1116 0.8530
vn 0.3437 -0.5319 0.7739
vn 0.3438 -0.5318 0.7740
vn 0.0240 -0.9436 0.3302
vn 0.0240 -0.9437 0.3301
vn 0.0240 -0.9436 0.3301
vn 0.0241 -0.9437 0.3300
vn 0.2132 -0.7059 0.6754
vn 0.4845 -0.3291 0.8105
vn 0.0608 -0.9438 0.3249
vn 0.0606 -0.9438 0.3249
vn 0.1604 -0.8460 0.5085
vn 0.4348 -0.5306 0.7276
vn 0.4348 -0.5307 0.7276
vn 0.6785 0.0205 0.7343
vn 0.6958 -0.1965 0.6908
vn 0.0386 -0.9941 0.1018
vn 0.0388 -0.9941 0.1016
vn 0.0337 -0.9937 0.1070
vn 0.0996 -0.9435 0.3162
vn 0.3635 -0.7058 0.6081
vn 0.3634 -0.7057 0.6081
vn 0.0455 -0.9937 0.1024
vn 0.1343 -0.9438 0.3022
vn 0.1345 -0.9438 0.3020
vn 0.2737 -0.8459 0.4578
vn 0.5759 -0.5291 0.6232
vn 0.5757 -0.5292 0.6233
vn 0.9405 -0.0596 0.3344
vn 0.8345 -0.0158 0.5508
vn 0.1700 -0.9435 0.2844
vn 0.0577 -0.9937 0.0964
vn 0.4816 -0.7046 0.5212
vn 0.4815 -0.7045 0.5214
vn 0.8900 -0.3280 0.3168
vn 0.8900 -0.3281 0.3166
vn 0.8900 -0.3282 0.3165
vn 0.7885 -0.3281 0.5202
vn 0.7882 -0.3282 0.5206
vn 0.7884 -0.3281 0.5204
vn 0.7884 -0.3281 0.5203
vn 0.3629 -0.8450 0.3927
vn 0.3628 -0.8450 0.3928
vn 0.7081 -0.5289 0.4678
vn 0.7082 -0.5292 0.4674
vn 0.2256 -0.9431 0.2443
vn -0.3082 0.9432 0.1243
vn -0.3083 0.9431 0.1244
vn -0.1046 0.9936 0.0422
vn -0.3083 0.9432 0.1242
vn -0.7025 0.7046 0.1002
vn -0.7060 0.7046 -0.0712
vn -0.7060 0.7046 -0.0717
vn -0.7060 0.7047 -0.0709
vn -0.5296 0.8449 0.0755
vn -0.1118 0.9936 0.0159
vn -0.3293 0.9431 0.0471
vn -0.3288 0.9432 0.0468
vn -0.3307 0.9432 -0.0332
vn -0.3306 0.9432 -0.0331
vn -0.1116 0.9936 0.0160
vn -0.3289 0.9432 0.0469
vn -0.9879 0.1114 -0.1077
vn -0.1121 0.9936 -0.0113
vn 0.9392 0.1111 0.3249
vn 0.8434 0.1112 0.5257
vn 0.8434 0.1113 0.5256
vn 0.8017 0.5295 0.2774
vn 0.8015 0.3282 0.4998
vn 0.6703 0.7050 0.2315
vn 0.6705 0.7048 0.2318
vn 0.5051 0.8452 0.1747
vn 0.6705 0.3284 0.6652
vn 0.6703 0.3286 0.6654
vn 0.1091 0.9933 0.0382
vn 0.1130 0.9928 0.0401
vn 0.1074 0.9935 0.0383
vn 0.3146 0.9430 0.1086
vn 0.3137 0.9433 0.1085
vn 0.3141 0.9432 0.1086
vn 0.1065 0.9936 0.0368
vn 0.6019 0.5297 0.5976
vn 0.4536 0.8452 0.2826
vn 0.5055 0.3283 0.7980
vn 0.5055 0.3284 0.7979
vn 0.5034 0.7049 0.4998
vn 0.5033 0.7050 0.4997
vn 0.2819 0.9432 0.1757
vn 0.3831 0.3300 0.8628
vn 0.4538 0.5295 0.7167
vn 0.4539 0.5295 0.7167
vn 0.3792 0.8452 0.3765
vn 0.1115 0.2633 0.9582
vn 0.1826 0.1118 0.9768
vn 0.3795 0.7051 0.5991
vn 0.3795 0.7049 0.5992
vn 0.2357 0.9432 0.2340
vn 0.2355 0.9433 0.2338
vn 0.2872 0.7068 0.6464
vn 0.2868 0.7070 0.6464
vn 0.2873 0.7069 0.6464
vn 0.1732 0.3303 0.9278
vn 0.0720 0.1117 0.9911
vn 0.2548 0.5307 0.8083
vn 0.2551 0.5308 0.8082
vn 0.2160 0.8466 0.4865
vn 0.1557 0.5317 0.8325
vn -0.1042 0.2707 0.9570
vn 0.2131 0.7061 0.6753
vn 0.1777 0.9432 0.2805
vn 0.0530 0.9951 0.0836
vn 0.0385 0.9940 0.1019
vn 0.0388 0.9940 0.1018
vn 0.0455 0.9937 0.1025
vn 0.1301 0.7068 0.6953
vn 0.1302 0.7068 0.6954
vn 0.0615 0.5312 0.8450
vn 0.0615 0.5310 0.8451
vn 0.1604 0.8461 0.5083
vn 0.1604 0.8460 0.5085
vn 0.0979 0.8466 0.5232
vn -0.0408 0.5314 0.8462
vn -0.1507 0.3294 0.9321
vn -0.3147 0.2707 0.9098
vn -0.2757 0.1116 0.9547
vn 0.0514 0.7062 0.7061
vn 0.0997 0.9436 0.3158
vn 0.0998 0.9436 0.3156
vn 0.0337 0.9937 0.1071
vn -0.3809 0.1117 0.9178
vn 0.0608 0.9438 0.3248
vn 0.0606 0.9438 0.3249
vn 0.0206 0.9937 0.1101
vn -0.0341 0.7065 0.7069
vn -0.0339 0.7066 0.7068
vn -0.0341 0.7067 0.7067
vn -0.1352 0.5314 0.8363
vn -0.1353 0.5312 0.8364
vn -0.2619 0.3297 0.9070
vn -0.0257 0.8465 0.5318
vn -0.1129 0.7065 0.6987
vn -0.1130 0.7066 0.6985
vn -0.1132 0.7065 0.6986
vn -0.2350 0.5313 0.8140
vn -0.5104 0.2627 0.8188
vn -0.4888 0.1116 0.8652
vn 0.0082 0.9937 0.1120
vn 0.0241 0.9437 0.3301
vn 0.0236 0.9439 0.3295
vn 0.0241 0.9437 0.3299
vn -0.5825 0.1120 0.8051
vn -0.3247 0.5314 0.7824
vn -0.0113 0.9941 0.1081
vn -0.0054 0.9937 0.1119
vn -0.0159 0.9437 0.3303
vn -0.0160 0.9437 0.3304
vn -0.0851 0.8463 0.5258
vn -0.0850 0.8462 0.5260
vn -0.1964 0.7066 0.6799
vn -0.4645 0.3296 0.8220
vn -0.5534 0.3300 0.7648
vn -0.0318 0.9895 0.1412
vn -0.0527 0.9437 0.3264
vn -0.0528 0.9437 0.3265
vn -0.0526 0.9437 0.3265
vn -0.0527 0.9437 0.3266
vn -0.1479 0.8462 0.5119
vn -0.1478 0.8463 0.5118
vn -0.4168 0.5310 0.7378
vn -0.4167 0.5310 0.7378
vn -0.6823 0.2489 0.6873
vn -0.6823 0.2489 0.6874
vn -0.6754 0.1117 0.7290
vn -0.7528 0.1118 0.6487
vn -0.4963 0.5319 0.6861
vn -0.2041 0.8464 0.4919
vn -0.2041 0.8465 0.4918
vn -0.0918 0.9437 0.3178
vn -0.0919 0.9438 0.3174
vn -0.0919 0.9437 0.3179
vn -0.3482 0.7063 0.6163
vn -0.3483 0.7063 0.6163
vn -0.6416 0.3295 0.6927
vn -0.6416 0.3294 0.6927
vn -0.6414 0.3291 0.6930
vn -0.7150 0.3302 0.6162
vn -0.7151 0.3301 0.6162
vn -0.4147 0.7069 0.5730
vn -0.1267 0.9437 0.3056
vn -0.1264 0.9437 0.3055
vn -0.0430 0.9937 0.1036
vn -0.1267 0.9437 0.3055
vn -0.2622 0.8461 0.4641
vn -0.2622 0.8461 0.4640
vn -0.2621 0.8461 0.4641
vn -0.5759 0.5309 0.6216
vn -0.5760 0.5307 0.6217
vn -0.8255 0.1116 0.5532
vn -0.6414 0.5318 0.5529
vn -0.3120 0.8466 0.4312
vn -0.1627 0.9437 0.2879
vn -0.1627 0.9436 0.2883
vn -0.0552 0.9937 0.0976
vn -0.4813 0.7060 0.5195
vn -0.4814 0.7059 0.5195
vn -0.7843 0.3292 0.5259
vn -0.7843 0.3293 0.5258
vn -0.7843 0.3291 0.5258
vn -0.5357 0.7069 0.4619
vn -0.5359 0.7068 0.4618
vn -0.5356 0.7071 0.4618
vn -0.0915 0.9899 0.1078
vn -0.1939 0.9438 0.2678
vn -0.1938 0.9438 0.2677
vn -0.0658 0.9937 0.0908
vn -0.3623 0.8460 0.3911
vn -0.3622 0.8461 0.3911
vn -0.7041 0.5307 0.4719
vn -0.7040 0.5306 0.4720
vn -0.7040 0.5307 0.4720
vn -0.9272 -0.0205 0.3739
vn -0.9243 0.1964 0.3272
vn -0.4032 0.8465 0.3476
vn -0.0783 0.9941 0.0756
vn -0.0786 0.9941 0.0753
vn -0.2250 0.9436 0.2428
vn -0.2249 0.9437 0.2428
vn -0.2251 0.9435 0.2431
vn -0.5884 0.7058 0.3944
vn -0.8762 0.3282 0.3529
vn -0.8762 0.3279 0.3533
vn -0.0849 0.9937 0.0732
vn -0.2504 0.9438 0.2156
vn -0.2503 0.9438 0.2157
vn -0.4431 0.8459 0.2970
vn -0.7869 0.5293 0.3173
vn -0.7869 0.5291 0.3175
vn -0.9808 0.1584 0.1141
vn -0.9932 0.0596 -0.0997
vn -0.9899 0.0156 0.1412
vn -0.6580 0.7046 0.2655
vn -0.6582 0.7046 0.2653
vn -0.9399 0.3282 -0.0942
vn -0.9400 0.3281 -0.0941
vn -0.9400 0.3280 -0.0942
vn -0.9399 0.3282 -0.0939
vn -0.9353 0.3278 0.1335
vn -0.9352 0.3280 0.1335
vn -0.9351 0.3283 0.1334
vn -0.4960 0.8450 0.2000
vn -0.8443 0.5292 -0.0850
vn -0.8441 0.5294 -0.0851
vn -0.8444 0.5289 -0.0851
vn -0.8442 0.5293 -0.0842
vn -0.8400 0.5293 0.1198
vn -0.8399 0.5293 0.1199
vn -0.3337 0.0000 -0.9427
vn -0.9933 -0.0000 0.1152
vn -0.8449 -0.0000 0.5350
vn -0.8447 0.0000 0.5352
vn 0.1406 0.7661 -0.6271
vn 0.1408 0.7660 -0.6273
vn 0.1409 -0.7664 -0.6267
vn 0.1406 -0.7662 -0.6270
vn 0.1407 -0.7660 -0.6272
vn -0.9469 0.0000 -0.3215
vn -0.7310 -0.0000 -0.6824
vn -0.7312 0.0000 -0.6821
vn -0.5711 0.0000 -0.8209
vn -0.2396 0.0059 -0.9709
vn -0.3808 -0.0070 -0.9247
vn -0.0588 0.0109 -0.9982
vn -0.1835 -0.0108 -0.9830
vn -0.0102 -0.0063 -0.9999
vn 0.9523 0.0000 -0.3050
vn 0.9526 -0.0000 -0.3041
vn 0.9524 -0.0000 -0.3049
vn 0.6316 -0.0055 -0.7753
vn 0.7396 0.0070 -0.6730
vn 0.4802 -0.0111 -0.8771
vn 0.2932 0.0000 -0.9561
vn 0.7096 -0.0000 0.7046
vn 0.8447 0.0000 -0.5352
vn 0.8445 0.5289 0.0843
vn 0.8443 0.5292 0.0845
vn 0.8400 0.5290 -0.1202
vn 0.8398 0.5294 -0.1199
vn 0.3083 0.9431 -0.1244
vn 0.3083 0.9431 -0.1243
vn 0.7023 0.7047 -0.1005
vn 0.7025 0.7045 -0.1005
vn 0.7060 0.7046 0.0710
vn 0.7027 0.7044 -0.1003
vn 0.5294 0.8450 -0.0757
vn 0.5322 0.8449 0.0535
vn 0.5295 0.8449 -0.0757
vn 0.3310 0.9430 0.0332
vn 0.3308 0.9431 0.0332
vn 0.3301 0.9434 0.0329
vn 0.1118 0.9936 -0.0159
vn 0.3306 0.9432 0.0332
vn 0.1121 0.9936 0.0113
vn 0.3290 0.9432 -0.0469
vn -0.9392 0.1112 -0.3249
vn -0.8927 0.3283 -0.3088
vn -0.8434 0.1113 -0.5256
vn -0.8016 0.5296 -0.2774
vn -0.8016 0.3284 -0.4996
vn -0.6706 0.7048 -0.2313
vn -0.6704 0.7047 -0.2322
vn -0.6703 0.7050 -0.2316
vn -0.6705 0.7047 -0.2318
vn -0.7052 0.1112 -0.7002
vn -0.7199 0.5296 -0.4487
vn -0.7199 0.5295 -0.4488
vn -0.5050 0.8452 -0.1747
vn -0.5051 0.8452 -0.1747
vn -0.6701 0.3283 -0.6657
vn -0.6702 0.3285 -0.6655
vn -0.6020 0.7049 -0.3752
vn -0.3138 0.9433 -0.1085
vn -0.1091 0.9933 -0.0382
vn -0.4536 0.8452 -0.2826
vn -0.4536 0.8452 -0.2828
vn -0.2821 0.9431 -0.1759
vn -0.2819 0.9433 -0.1755
vn -0.2817 0.9433 -0.1755
vn -0.0906 0.9943 -0.0565
vn -0.4539 0.5296 -0.7166
vn -0.3794 0.8451 -0.3766
vn -0.3793 0.8452 -0.3765
vn -0.3438 0.5319 -0.7739
vn -0.3438 0.5317 -0.7740
vn -0.1116 0.2630 -0.9583
vn -0.2841 0.3293 -0.9005
vn -0.2842 0.3293 -0.9004
vn -0.2357 0.9433 -0.2340
vn -0.2355 0.9433 -0.2339
vn -0.2358 0.9432 -0.2340
vn -0.2873 0.7069 -0.6463
vn -0.1736 0.3300 -0.9279
vn -0.2549 0.5309 -0.8082
vn -0.2550 0.5309 -0.8082
vn -0.2860 0.8453 -0.4514
vn -0.0684 0.3295 -0.9417
vn -0.0685 0.3296 -0.9416
vn -0.0684 0.3296 -0.9416
vn -0.2132 0.7060 -0.6754
vn -0.2133 0.7060 -0.6753
vn -0.2132 0.7060 -0.6753
vn -0.0664 0.9905 -0.1204
vn -0.1777 0.9433 -0.2805
vn -0.0530 0.9951 -0.0836
vn -0.1343 0.9436 -0.3025
vn -0.1340 0.9438 -0.3022
vn -0.1300 0.7068 -0.6953
vn -0.1300 0.7068 -0.6954
vn 0.0455 0.3298 -0.9430
vn -0.0616 0.5310 -0.8452
vn -0.0617 0.5312 -0.8450
vn -0.0615 0.5311 -0.8451
vn -0.1606 0.8460 -0.5084
vn 0.1507 0.3297 -0.9320
vn 0.1508 0.3298 -0.9319
vn 0.3147 0.2708 -0.9097
vn -0.0514 0.7062 -0.7061
vn -0.0514 0.7063 -0.7061
vn -0.0515 0.7062 -0.7062
vn -0.0996 0.9436 -0.3158
vn -0.0997 0.9436 -0.3159
vn -0.0368 0.9899 -0.1367
vn -0.0337 0.9937 -0.1071
vn 0.3808 0.1119 -0.9178
vn -0.0607 0.9438 -0.3249
vn -0.0608 0.9438 -0.3250
vn -0.0607 0.9438 -0.3248
vn -0.0139 0.9941 -0.1077
vn 0.0341 0.7067 -0.7067
vn 0.0341 0.7065 -0.7069
vn 0.0339 0.7066 -0.7068
vn 0.1353 0.5314 -0.8363
vn 0.2619 0.3298 -0.9070
vn 0.3618 0.3300 -0.8719
vn 0.3618 0.3299 -0.8719
vn 0.1131 0.7064 -0.6987
vn 0.2351 0.5313 -0.8139
vn 0.5104 0.2631 -0.8187
vn 0.5105 0.2631 -0.8187
vn -0.0082 0.9937 -0.1120
vn -0.0240 0.9437 -0.3300
vn -0.0241 0.9435 -0.3304
vn -0.0240 0.9437 -0.3299
vn 0.3246 0.5316 -0.7823
vn 0.0113 0.9941 -0.1082
vn 0.0158 0.9437 -0.3303
vn 0.0161 0.9437 -0.3305
vn 0.0851 0.8462 -0.5260
vn 0.1960 0.7065 -0.6801
vn 0.1963 0.7065 -0.6800
vn 0.1963 0.7064 -0.6800
vn 0.4645 0.3296 -0.8219
vn 0.4645 0.3295 -0.8220
vn 0.5534 0.3300 -0.7648
vn 0.2709 0.7067 -0.6535
vn 0.0317 0.9895 -0.1411
vn 0.0528 0.9437 -0.3265
vn 0.1478 0.8463 -0.5118
vn 0.1478 0.8464 -0.5117
vn 0.4169 0.5312 -0.7376
vn 0.4168 0.5309 -0.7378
vn 0.4964 0.5318 -0.6861
vn 0.2042 0.8464 -0.4918
vn 0.0361 0.9941 -0.1026
vn 0.0311 0.9937 -0.1078
vn 0.0919 0.9438 -0.3175
vn 0.3483 0.7063 -0.6164
vn 0.6417 0.3293 -0.6927
vn 0.4148 0.7068 -0.5731
vn 0.4146 0.7068 -0.5731
vn 0.1267 0.9437 -0.3055
vn 0.0431 0.9937 -0.1037
vn 0.0641 0.9896 -0.1287
vn 0.1268 0.9438 -0.3052
vn 0.2621 0.8461 -0.4641
vn 0.2622 0.8461 -0.4641
vn 0.5759 0.5308 -0.6217
vn 0.8254 0.1114 -0.5534
vn 0.6416 0.5317 -0.5529
vn 0.3120 0.8466 -0.4312
vn 0.1627 0.9436 -0.2882
vn 0.0587 0.9941 -0.0916
vn 0.4813 0.7060 -0.5195
vn 0.4812 0.7061 -0.5195
vn 0.7843 0.3292 -0.5258
vn 0.7844 0.3292 -0.5257
vn 0.1937 0.9438 -0.2677
vn 0.0657 0.9937 -0.0909
vn 0.7040 0.5307 -0.4720
vn 0.7040 0.5306 -0.4720
vn 0.9272 -0.0204 -0.3739
vn 0.4032 0.8465 -0.3475
vn 0.2249 0.9436 -0.2428
vn 0.0786 0.9941 -0.0754
vn 0.0763 0.9937 -0.0824
vn 0.5885 0.7057 -0.3945
vn 0.5884 0.7059 -0.3944
vn 0.5883 0.7059 -0.3944
vn 0.8761 0.3281 -0.3533
vn 0.8761 0.3280 -0.3534
vn 0.1115 0.9905 -0.0805
vn 0.2504 0.9438 -0.2156
vn 0.2501 0.9439 -0.2156
vn 0.2505 0.9437 -0.2159
vn 0.4430 0.8459 -0.2970
vn 0.4431 0.8459 -0.2970
vn 0.4432 0.8458 -0.2971
vn 0.4432 0.8458 -0.2969
vn 0.7870 0.5291 -0.3174
vn 0.7869 0.5292 -0.3173
vn 0.9808 0.1584 -0.1141
vn 0.0933 0.9937 -0.0626
vn 0.2753 0.9435 -0.1846
vn 0.2753 0.9435 -0.1843
vn 0.6580 0.7046 -0.2654
vn 0.6582 0.7045 -0.2655
vn 0.6580 0.7047 -0.2654
vn 0.9400 0.3281 0.0939
vn 0.9400 0.3280 0.0942
vn 0.9352 0.3281 -0.1335
vn 0.9352 0.3279 -0.1335
vn -0.7995 -0.5290 -0.2845
vn -0.7995 -0.5291 -0.2842
vn -0.7995 -0.5292 -0.2842
vn -0.7081 -0.5292 -0.4675
vn -0.2256 -0.9431 -0.2443
vn -0.2256 -0.9431 -0.2442
vn -0.5923 -0.7045 -0.3909
vn -0.5923 -0.7046 -0.3909
vn -0.5923 -0.7046 -0.3908
vn -0.6687 -0.7045 -0.2377
vn -0.6686 -0.7046 -0.2375
vn -0.6687 -0.7046 -0.2375
vn -0.5923 -0.7045 -0.3910
vn -0.4464 -0.8450 -0.2945
vn -0.3132 -0.9432 -0.1112
vn -0.3133 -0.9431 -0.1112
vn -0.3129 -0.9432 -0.1114
vn -0.0941 -0.9936 -0.0621
vn -0.3130 -0.9432 -0.1114
vn -0.2776 -0.9431 -0.1829
vn -0.2775 -0.9431 -0.1829
vn -0.9392 -0.1113 -0.3248
vn 0.9879 -0.1115 0.1078
vn 0.9390 -0.3283 0.1023
vn 0.9390 -0.3284 0.1023
vn 0.9871 -0.1113 -0.1147
vn 0.9871 -0.1114 -0.1148
vn 0.8433 -0.5296 0.0915
vn 0.9382 -0.3285 -0.1092
vn 0.7051 -0.7050 0.0769
vn 0.9368 -0.1112 -0.3316
vn 0.8426 -0.5296 -0.0981
vn 0.8425 -0.5297 -0.0981
vn 0.5312 -0.8452 0.0581
vn 0.5312 -0.8452 0.0580
vn 0.8904 -0.3284 -0.3152
vn 0.7047 -0.7048 -0.0819
vn 0.3305 -0.9431 0.0362
vn 0.3300 -0.9433 0.0360
vn 0.1134 -0.9935 0.0113
vn 0.1192 -0.9928 0.0120
vn 0.8397 -0.1111 -0.5316
vn 0.5308 -0.8453 -0.0617
vn 0.7528 -0.1119 -0.6487
vn 0.7979 -0.3287 -0.5053
vn 0.1251 -0.9920 -0.0178
vn 0.3301 -0.9432 -0.0385
vn 0.7150 -0.3301 -0.6162
vn 0.6754 -0.1115 -0.7290
vn 0.7166 -0.5297 -0.4538
vn 0.7166 -0.5295 -0.4539
vn 0.7165 -0.5297 -0.4539
vn 0.5036 -0.8453 -0.1784
vn 0.6415 -0.5318 -0.5528
vn 0.5103 -0.2636 -0.8186
vn 0.5992 -0.7050 -0.3795
vn 0.3131 -0.9433 -0.1108
vn 0.5360 -0.7066 -0.4619
vn 0.5357 -0.7069 -0.4618
vn 0.5359 -0.7069 -0.4617
vn 0.5534 -0.3300 -0.7647
vn 0.4887 -0.1116 -0.8653
vn 0.5759 -0.5309 -0.6217
vn 0.5758 -0.5310 -0.6217
vn 0.4030 -0.8466 -0.3475
vn 0.4033 -0.8465 -0.3475
vn 0.4965 -0.5316 -0.6862
vn 0.4965 -0.5318 -0.6861
vn 0.3146 -0.2707 -0.9098
vn 0.3809 -0.1119 -0.9178
vn 0.4645 -0.3296 -0.8220
vn 0.4645 -0.3295 -0.8220
vn 0.4812 -0.7059 -0.5198
vn 0.4812 -0.7061 -0.5194
vn 0.4810 -0.7061 -0.5196
vn 0.1116 -0.9905 -0.0805
vn 0.2808 -0.9431 -0.1779
vn 0.2807 -0.9432 -0.1777
vn 0.0849 -0.9937 -0.0731
vn 0.2503 -0.9438 -0.2157
vn 0.2502 -0.9438 -0.2158
vn 0.2502 -0.9438 -0.2160
vn 0.4147 -0.7069 -0.5730
vn 0.4148 -0.7069 -0.5729
vn 0.3619 -0.3298 -0.8719
vn 0.3618 -0.3299 -0.8719
vn 0.4167 -0.5312 -0.7377
vn 0.4170 -0.5311 -0.7376
vn 0.3623 -0.8460 -0.3911
vn 0.3121 -0.8466 -0.4312
vn 0.3120 -0.8465 -0.4314
vn 0.3247 -0.5315 -0.7823
vn 0.1043 -0.2707 -0.9570
vn 0.3481 -0.7064 -0.6162
vn 0.2250 -0.9435 -0.2431
vn 0.2251 -0.9436 -0.2428
vn 0.2250 -0.9436 -0.2429
vn 0.0915 -0.9900 -0.1078
vn 0.0763 -0.9937 -0.0823
vn 0.1937 -0.9438 -0.2679
vn 0.1936 -0.9438 -0.2678
vn 0.1938 -0.9438 -0.2678
vn 0.1937 -0.9438 -0.2677
vn 0.0586 -0.9941 -0.0916
vn 0.0657 -0.9937 -0.0908
vn 0.2714 -0.7067 -0.6534
vn 0.2350 -0.5314 -0.8139
vn 0.2351 -0.5313 -0.8139
vn 0.1507 -0.3298 -0.9319
vn 0.2622 -0.8461 -0.4640
vn 0.2621 -0.8461 -0.4641
vn 0.0455 -0.3300 -0.9429
vn 0.0457 -0.3299 -0.9429
vn 0.2042 -0.8464 -0.4919
vn 0.1964 -0.7065 -0.6799
vn 0.1963 -0.7065 -0.6800
vn -0.1115 -0.2635 -0.9582
vn -0.0721 -0.1116 -0.9911
vn 0.0641 -0.9896 -0.1289
vn 0.1626 -0.9437 -0.2881
vn 0.1628 -0.9436 -0.2882
vn -0.1826 -0.1119 -0.9768
vn 0.0406 -0.5315 -0.8461
vn 0.0408 -0.5315 -0.8461
vn 0.0407 -0.5315 -0.8461
vn 0.0430 -0.9937 -0.1036
vn 0.1268 -0.9438 -0.3053
vn 0.1268 -0.9437 -0.3054
vn 0.1267 -0.9437 -0.3054
vn 0.1479 -0.8463 -0.5117
vn 0.1130 -0.7065 -0.6986
vn 0.1134 -0.7065 -0.6985
vn -0.0686 -0.3296 -0.9416
vn -0.0686 -0.3295 -0.9417
vn -0.1736 -0.3300 -0.9279
vn 0.0346 -0.7065 -0.7069
vn 0.0342 -0.7065 -0.7069
vn 0.0921 -0.9437 -0.3177
vn 0.0850 -0.8463 -0.5259
vn -0.0616 -0.5311 -0.8451
vn -0.0618 -0.5311 -0.8450
vn -0.3231 -0.2489 -0.9130
vn -0.1556 -0.5316 -0.8325
vn -0.1557 -0.5316 -0.8326
vn 0.0257 -0.8465 -0.5318
vn 0.0256 -0.8463 -0.5321
vn 0.0112 -0.9941 -0.1081
vn 0.0112 -0.9941 -0.1082
vn 0.0527 -0.9437 -0.3264
vn 0.0527 -0.9437 -0.3266
vn 0.0528 -0.9437 -0.3267
vn -0.0514 -0.7063 -0.7061
vn -0.2843 -0.3294 -0.9004
vn -0.3831 -0.3300 -0.8628
vn 0.0159 -0.9438 -0.3302
vn 0.0160 -0.9438 -0.3303
vn 0.0158 -0.9438 -0.3302
vn 0.0157 -0.9438 -0.3301
vn -0.2550 -0.5308 -0.8082
vn -0.2549 -0.5309 -0.8082
vn -0.2552 -0.5308 -0.8082
vn -0.3436 -0.5319 -0.7739
vn -0.0978 -0.8464 -0.5234
vn -0.0979 -0.8466 -0.5232
vn -0.0240 -0.9437 -0.3298
vn -0.0240 -0.9436 -0.3302
vn -0.0081 -0.9937 -0.1118
vn -0.0240 -0.9436 -0.3303
vn -0.4845 -0.3292 -0.8105
vn -0.2870 -0.7069 -0.6465
vn -0.2868 -0.7070 -0.6465
vn -0.0608 -0.9438 -0.3250
vn -0.1605 -0.8460 -0.5084
vn -0.4349 -0.5305 -0.7277
vn -0.4347 -0.5306 -0.7277
vn -0.4348 -0.5308 -0.7275
vn -0.6785 0.0205 -0.7344
vn -0.0998 -0.9437 -0.3154
vn -0.0996 -0.9435 -0.3160
vn -0.3634 -0.7058 -0.6080
vn -0.3631 -0.7060 -0.6081
vn -0.6411 -0.3280 -0.6938
vn -0.1342 -0.9438 -0.3022
vn -0.1341 -0.9439 -0.3019
vn -0.1342 -0.9438 -0.3020
vn -0.1342 -0.9438 -0.3019
vn -0.2737 -0.8458 -0.4579
vn -0.2736 -0.8458 -0.4579
vn -0.2735 -0.8460 -0.4577
vn -0.5757 -0.5293 -0.6232
vn -0.5759 -0.5291 -0.6232
vn -0.5757 -0.5292 -0.6233
vn -0.5758 -0.5293 -0.6232
vn -0.8345 -0.0155 -0.5507
vn -0.8380 -0.1582 -0.5222
vn -0.0576 -0.9937 -0.0964
vn -0.1700 -0.9435 -0.2845
vn -0.1701 -0.9435 -0.2845
vn -0.4815 -0.7045 -0.5214
vn -0.4817 -0.7045 -0.5212
vn -0.8900 -0.3281 -0.3166
vn -0.7884 -0.3281 -0.5204
vn -0.7885 -0.3281 -0.5202
vn -0.3629 -0.8450 -0.3929
vn -0.8336 -0.5197 -0.1871
vn -0.8335 -0.5199 -0.1871
vn -0.8338 -0.5194 -0.1872
vn -0.7330 -0.6600 -0.1645
vn -0.6099 -0.7806 -0.1369
vn -0.6098 -0.7806 -0.1369
vn -0.6098 -0.7807 -0.1369
vn -0.4686 -0.8772 -0.1052
vn -0.4693 -0.8767 -0.1053
vn -0.4685 -0.8772 -0.1051
vn -0.4690 -0.8769 -0.1053
vn -0.3125 -0.9473 -0.0701
vn -0.3128 -0.9472 -0.0702
vn 0.0225 -0.9997 0.0051
vn 0.0222 -0.9997 0.0050
vn -0.1469 -0.9886 -0.0330
vn -0.1468 -0.9886 -0.0329
vn -0.1474 -0.9885 -0.0331
vn 0.1911 -0.9806 0.0429
vn 0.3543 -0.9318 0.0795
vn 0.3544 -0.9317 0.0795
vn 0.3547 -0.9316 0.0797
vn 0.5071 -0.8544 0.1138
vn 0.5068 -0.8545 0.1137
vn 0.5071 -0.8544 0.1139
vn 0.3550 -0.9315 0.0797
vn 0.6441 -0.7512 0.1446
vn 0.6442 -0.7511 0.1446
vn 0.6438 -0.7514 0.1446
vn 0.5067 -0.8546 0.1137
vn 0.6440 -0.7513 0.1445
vn 0.8558 -0.4804 0.1921
vn 0.8560 -0.4800 0.1921
vn 0.7612 -0.6256 0.1709
vn 0.7613 -0.6254 0.1709
vn 0.7614 -0.6253 0.1709
vn 0.9645 -0.1509 0.2165
vn 0.9645 -0.1516 0.2164
vn 0.9644 -0.1517 0.2164
vn 0.9241 -0.3211 0.2074
vn 0.9242 -0.3208 0.2074
vn 0.9645 -0.1516 0.2165
vn 0.9568 0.1962 0.2147
vn 0.9568 0.1959 0.2147
vn 0.9755 0.0228 0.2189
vn 0.9755 0.0235 0.2189
vn 0.9755 0.0232 0.2189
vn 0.9091 0.3631 0.2040
vn 0.9092 0.3629 0.2040
vn 0.9092 0.3630 0.2040
vn 0.8337 0.5196 0.1871
vn 0.8335 0.5199 0.1871
vn 0.7330 0.6600 0.1645
vn 0.7329 0.6601 0.1645
vn 0.7333 0.6597 0.1646
vn 0.7334 0.6596 0.1646
vn 0.6094 0.7810 0.1368
vn 0.6101 0.7804 0.1370
vn 0.6099 0.7806 0.1369
vn 0.6099 0.7805 0.1369
vn 0.4687 0.8771 0.1052
vn 0.4693 0.8767 0.1053
vn 0.4689 0.8769 0.1052
vn 0.4690 0.8769 0.1053
vn 0.3129 0.9472 0.0702
vn 0.3132 0.9471 0.0703
vn 0.3125 0.9473 0.0701
vn -0.0222 0.9997 -0.0050
vn -0.0227 0.9997 -0.0051
vn -0.0225 0.9997 -0.0051
vn 0.1471 0.9886 0.0330
vn 0.1469 0.9886 0.0330
vn -0.1912 0.9806 -0.0429
vn -0.1911 0.9806 -0.0429
vn -0.3545 0.9317 -0.0796
vn -0.3544 0.9317 -0.0795
vn -0.3546 0.9316 -0.0796
vn -0.6440 0.7513 -0.1445
vn -0.6441 0.7512 -0.1445
vn -0.5065 0.8547 -0.1137
vn -0.5068 0.8545 -0.1137
vn -0.5067 0.8546 -0.1136
vn -0.7613 0.6255 -0.1709
vn -0.7613 0.6254 -0.1709
vn -0.6439 0.7513 -0.1445
vn -0.7615 0.6252 -0.1709
vn -0.9242 0.3205 -0.2075
vn -0.9242 0.3207 -0.2074
vn -0.9243 0.3203 -0.2075
vn -0.8561 0.4799 -0.1921
vn -0.8560 0.4800 -0.1921
vn -0.9244 0.3201 -0.2075
vn -0.9645 0.1510 -0.2165
vn -0.9645 0.1509 -0.2165
vn -0.9645 0.1511 -0.2165
vn -0.9755 -0.0228 -0.2189
vn -0.9569 -0.1956 -0.2147
vn -0.9568 -0.1959 -0.2148
vn -0.9568 -0.1962 -0.2147
vn -0.9092 -0.3629 -0.2041
vn -0.9090 -0.3634 -0.2039
vn 0.2187 0.0004 -0.9758
vn 0.2191 -0.0002 -0.9757
vn -0.2194 0.0002 0.9756
vn -0.2194 -0.0002 0.9756
vn -0.2181 -0.0000 0.9759
vn -0.2193 0.0004 0.9757
usemtl None.004
s 1
f 1//1 2//1 3//1
f 3//1 2//1 4//1
f 5//2 6//3 7//2
f 4//4 6//4 5//4
f 2//4 6//4 4//4
f 6//3 8//5 7//2
f 7//6 9//6 10//6
f 8//7 9//7 7//7
f 10//8 11//8 12//8
f 9//9 11//9 10//9
f 12//10 13//10 14//10
f 11//11 13//11 12//11
f 14//12 15//12 16//12
f 13//13 15//13 14//13
f 16//14 17//14 18//14
f 15//15 17//15 16//15
f 18//16 19//16 20//16
f 17//17 19//17 18//17
f 20//18 21//18 22//18
f 19//19 21//19 20//19
f 22//20 23//20 24//20
f 21//20 23//20 22//20
f 24//21 25//21 26//21
f 23//22 25//22 24//22
f 26//23 27//23 28//23
f 25//24 27//24 26//24
f 28//25 29//25 30//25
f 27//25 29//25 28//25
f 31//26 32//26 33//26
f 34//26 31//26 33//26
f 35//27 36//27 37//27
f 35//27 37//27 38//27
f 39//28 40//28 41//28
f 39//28 41//28 42//28
f 43//29 44//29 45//29
f 43//29 46//29 44//29
f 47//30 48//30 49//30
f 47//31 49//31 50//31
f 51//32 50//33 52//34
f 51//32 47//35 50//33
f 53//36 52//37 54//38
f 53//36 51//39 52//37
f 55//40 54//41 56//41
f 55//40 53//42 54//41
f 57//43 56//43 58//44
f 57//43 55//43 56//43
f 59//45 58//45 60//46
f 59//45 57//47 58//45
f 61//48 60//49 62//50
f 61//48 59//51 60//49
f 63//52 62//53 64//53
f 63//52 61//54 62//53
f 65//55 64//55 66//56
f 65//55 63//57 64//55
f 67//58 66//59 68//60
f 67//58 65//58 66//59
f 69//61 68//62 70//62
f 69//61 67//63 68//62
f 71//64 70//65 72//65
f 71//64 69//66 70//65
f 73//67 72//68 74//69
f 73//67 71//70 72//68
f 46//71 74//71 44//71
f 46//72 73//72 74//72
f 48//73 75//73 76//73
f 48//73 76//73 49//73
f 77//74 78//75 79//76
f 11//77 9//78 68//79
f 78//75 38//80 79//76
f 68//79 9//78 70//81
f 80//82 45//83 81//84
f 81//84 45//83 82//85
f 82//85 45//83 83//86
f 76//85 84//85 85//86
f 83//86 45//83 86//87
f 86//87 45//83 44//88
f 38//80 87//89 79//76
f 9//78 8//78 70//81
f 80//82 88//90 45//83
f 76//85 89//84 84//85
f 8//78 72//91 70//81
f 90//83 91//83 92//92
f 92//92 91//83 80//82
f 50//74 23//90 52//93
f 52//93 23//90 54//94
f 87//89 91//83 93//83
f 94//81 91//83 95//77
f 88//90 91//83 94//81
f 93//83 91//83 90//83
f 80//82 91//83 88//90
f 54//94 21//90 56//95
f 76//85 96//96 89//84
f 97//78 96//96 76//85
f 23//90 21//90 54//94
f 6//97 74//76 8//78
f 21//90 19//97 56//95
f 95//77 98//83 99//90
f 91//83 98//83 95//77
f 56//95 19//97 58//98
f 8//78 74//76 72//91
f 98//94 100//99 99//100
f 50//74 25//77 23//90
f 49//101 25//77 50//74
f 98//94 101//85 100//99
f 98//94 102//89 101//85
f 19//97 17//85 58//98
f 98//94 41//76 102//89
f 58//98 17//85 60//102
f 87//89 103//103 91//83
f 104//78 105//78 106//97
f 107//104 105//78 104//78
f 108//92 105//78 107//104
f 109//105 105//78 108//92
f 33//78 105//78 109//105
f 49//101 27//106 25//77
f 17//85 15//103 60//102
f 110//74 42//107 98//94
f 98//94 42//107 41//76
f 60//102 15//103 62//108
f 62//108 15//103 64//109
f 103//103 37//92 110//74
f 1//96 44//99 2//110
f 2//110 44//99 6//97
f 49//101 29//96 27//106
f 6//97 44//99 74//76
f 37//92 111//91 110//74
f 110//74 112//75 42//107
f 111//91 113//77 110//74
f 15//103 13//85 64//109
f 110//74 114//74 112//75
f 64//109 13//85 66//111
f 1//96 86//91 44//99
f 113//77 115//87 110//74
f 49//101 116//112 29//96
f 76//112 116//112 49//101
f 110//74 117//113 114//74
f 115//87 117//113 110//74
f 38//80 37//92 87//89
f 87//89 37//92 103//103
f 96//96 93//83 118//80
f 118//80 93//83 90//83
f 105//78 93//83 106//97
f 119//94 93//83 97//78
f 106//97 93//83 119//94
f 97//78 93//83 96//96
f 76//85 85//86 116//114
f 13//85 11//77 66//111
f 66//111 11//77 68//79
f 33//78 32//107 105//78
f 32//107 79//76 105//78
f 120//91 79//76 32//107
f 121//76 79//76 120//91
f 122//111 79//76 121//76
f 123//114 79//76 122//111
f 77//74 79//76 123//114
f 124//115 125//116 126//117
f 124//115 126//117 31//118
f 127//119 128//119 124//115
f 35//115 127//119 124//115
f 10//120 12//121 67//120
f 43//122 129//123 130//118
f 43//122 131//124 129//123
f 10//120 67//120 69//115
f 43//122 132//125 131//124
f 43//122 133//126 132//125
f 134//124 75//127 135//116
f 43//118 130//128 46//129
f 136//115 35//115 124//115
f 7//130 10//120 69//115
f 137//115 133//126 43//122
f 138//131 75//127 134//124
f 71//132 7//130 69//115
f 139//118 133//126 137//115
f 139//118 140//118 133//126
f 141//132 75//127 138//131
f 22//128 53//115 55//128
f 139//118 142//118 140//118
f 139//118 136//115 143//118
f 139//118 137//115 144//129
f 139//118 144//129 145//133
f 139//118 143//118 142//118
f 141//132 146//115 75//127
f 24//130 47//133 51//134
f 73//129 5//129 7//130
f 24//130 51//134 53//115
f 24//130 53//115 22//128
f 73//129 7//130 71//132
f 20//135 22//128 55//128
f 20//135 55//128 57//124
f 147//133 145//133 148//119
f 147//133 139//118 145//133
f 149//136 147//133 148//119
f 26//133 48//133 47//133
f 26//133 47//133 24//130
f 150//115 147//133 149//136
f 151//137 147//133 150//115
f 18//135 20//135 57//124
f 152//138 34//130 153//119
f 40//130 147//133 151//137
f 18//135 57//124 59//138
f 152//138 153//119 154//122
f 152//138 154//122 155//139
f 152//138 155//139 156//118
f 157//115 136//115 139//118
f 152//117 156//140 158//129
f 28//122 48//133 26//133
f 30//134 48//133 28//122
f 39//141 159//115 147//133
f 39//141 147//133 40//130
f 36//128 157//115 159//115
f 46//129 4//122 5//129
f 46//129 3//125 4//122
f 16//115 18//135 59//138
f 46//129 5//129 73//129
f 16//115 59//138 61//118
f 16//115 61//118 63//139
f 160//142 159//115 39//141
f 161//126 36//128 159//115
f 130//128 3//125 46//129
f 162//123 159//115 160//142
f 14//124 16//115 63//139
f 163//143 161//126 159//115
f 14//124 63//139 65//124
f 164//144 48//133 30//134
f 165//119 159//115 162//123
f 164//118 75//127 48//135
f 166//124 163//143 159//115
f 166//124 159//115 165//119
f 36//128 35//115 136//115
f 36//128 136//115 157//115
f 143//118 167//118 142//118
f 143//118 141//132 167//118
f 143//118 158//129 168//133
f 143//118 146//115 141//132
f 143//118 168//133 146//115
f 143//118 152//117 158//129
f 12//121 14//124 65//124
f 12//121 65//124 67//120
f 135//116 75//127 164//118
f 31//118 34//130 152//138
f 124//115 31//118 152//138
f 124//115 128//119 169//124
f 124//115 169//124 170//128
f 124//115 170//128 125//116
f 149//145 148//145 99//145
f 149//145 99//145 100//146
f 150//147 100//148 101//149
f 150//147 149//150 100//148
f 151//151 101//152 102//153
f 151//151 150//154 101//152
f 40//155 102//156 41//155
f 40//155 151//157 102//156
f 153//158 33//159 109//160
f 153//158 34//161 33//159
f 154//162 109//163 108//164
f 154//162 153//165 109//163
f 155//166 108//167 107//168
f 155//166 154//169 108//167
f 156//170 107//170 104//170
f 156//170 155//171 107//170
f 160//172 42//172 112//172
f 160//172 39//172 42//172
f 162//173 112//173 114//173
f 162//173 160//173 112//173
f 165//174 114//21 117//174
f 165//174 162//174 114//21
f 166//175 117//176 115//177
f 166//175 165//178 117//176
f 163//179 115//19 113//180
f 163//179 166//181 115//19
f 161//182 111//182 37//182
f 161//16 113//183 111//183
f 161//16 163//184 113//183
f 36//185 161//185 37//185
f 127//186 78//186 77//186
f 127//187 38//188 78//189
f 127//187 35//13 38//188
f 128//190 77//190 123//190
f 128//191 127//191 77//191
f 169//192 123//192 122//192
f 169//193 128//193 123//193
f 170//194 122//194 121//194
f 170//195 169//195 122//195
f 125//196 121//196 120//196
f 125//194 170//194 121//194
f 126//196 125//196 120//196
f 31//197 120//197 32//197
f 31//197 126//197 120//197
f 148//198 145//198 99//199
f 99//199 145//198 95//199
f 95//200 144//201 94//200
f 145//201 144//201 95//200
f 94//202 137//202 88//202
f 144//203 137//202 94//202
f 88//204 43//204 45//204
f 137//204 43//204 88//204
f 76//205 75//205 97//205
f 97//206 146//206 119//207
f 75//205 146//205 97//205
f 119//208 168//209 106//208
f 146//206 168//210 119//207
f 106//211 158//211 104//211
f 168//209 158//209 106//208
f 158//212 156//212 104//212
f 79//28 152//28 105//28
f 124//28 152//28 79//28
f 105//27 143//27 93//27
f 152//27 143//27 105//27
f 93//26 143//26 87//26
f 143//26 136//26 87//26
f 87//213 124//213 79//213
f 136//213 124//213 87//213
f 103//28 157//28 91//28
f 157//28 139//28 91//28
f 91//27 147//27 98//27
f 139//27 147//27 91//27
f 98//26 159//26 110//26
f 147//26 159//26 98//26
f 110//213 157//213 103//213
f 159//213 157//213 110//213
f 29//214 116//214 30//214
f 30//214 116//214 164//214
f 135//215 85//216 134//215
f 164//217 85//217 135//217
f 116//218 85//218 164//218
f 85//216 84//215 134//215
f 134//219 89//219 138//219
f 84//220 89//220 134//220
f 138//221 96//221 141//221
f 89//222 96//222 138//222
f 141//223 118//223 167//223
f 96//224 118//224 141//224
f 167//225 90//225 142//225
f 118//225 90//225 167//225
f 142//226 92//226 140//226
f 90//227 92//227 142//227
f 140//228 80//228 133//228
f 92//229 80//229 140//229
f 133//230 81//230 132//230
f 80//231 81//231 133//231
f 132//232 82//232 131//232
f 81//233 82//233 132//233
f 131//234 83//234 129//234
f 82//234 83//234 131//234
f 129//235 86//235 130//235
f 83//236 86//236 129//236
f 130//237 1//237 3//237
f 86//237 1//237 130//237
f 171//238 172//238 173//238
f 174//239 175//240 176//239
f 177//241 178//242 179//241
f 180//241 178//242 177//241
f 181//243 182//244 183//245
f 184//246 175//240 174//239
f 185//247 186//247 187//247
f 187//248 186//248 188//248
f 189//249 190//249 183//249
f 172//250 191//250 173//250
f 183//251 192//252 189//253
f 193//254 194//255 191//256
f 195//257 194//255 193//254
f 183//251 196//258 192//252
f 197//259 198//259 199//260
f 183//251 200//261 196//258
f 199//260 198//259 201//262
f 202//263 203//263 204//263
f 205//264 203//264 202//264
f 183//251 206//258 200//261
f 182//244 206//265 183//245
f 207//266 208//266 209//266
f 206//258 210//267 200//261
f 211//268 212//269 194//270
f 194//270 212//269 191//271
f 191//272 212//272 173//272
f 186//273 213//273 188//273
f 179//274 214//275 211//257
f 178//257 214//275 179//274
f 215//276 216//276 190//276
f 176//277 217//278 218//277
f 203//279 219//279 204//279
f 206//258 220//280 210//267
f 175//281 217//278 176//277
f 219//282 221//282 214//282
f 203//283 221//283 219//283
f 192//284 222//285 223//286
f 196//287 222//285 192//284
f 214//288 224//289 211//268
f 211//268 224//289 212//269
f 221//290 224//290 214//290
f 212//27 224//27 225//27
f 186//291 226//291 213//291
f 201//292 227//293 228//293
f 198//294 227//293 201//292
f 225//295 229//295 230//295
f 210//286 231//284 200//296
f 230//297 229//297 232//297
f 200//296 231//284 233//298
f 217//299 234//300 218//301
f 224//27 235//27 225//27
f 206//302 236//302 220//302
f 225//303 237//304 229//305
f 232//306 238//306 230//306
f 234//307 239//308 240//309
f 240//310 239//310 208//310
f 225//303 241//304 237//304
f 235//304 241//304 225//303
f 223//311 242//312 243//313
f 222//312 242//312 223//311
f 234//307 244//309 239//308
f 217//299 244//314 234//300
f 232//315 245//315 238//315
f 246//316 171//316 216//316
f 227//317 247//318 228//300
f 235//304 248//319 241//304
f 237//320 174//321 229//321
f 227//317 249//301 247//318
f 226//322 250//322 251//322
f 246//323 252//323 171//323
f 235//324 185//324 248//324
f 248//325 185//325 187//325
f 233//326 180//313 177//327
f 231//328 180//313 233//326
f 237//320 184//329 174//321
f 247//309 253//330 244//309
f 254//331 253//330 249//308
f 244//309 253//330 239//308
f 249//308 253//330 247//309
f 250//332 253//332 254//332
f 239//333 253//334 255//334
f 248//335 199//336 241//335
f 253//334 256//334 255//334
f 236//337 205//337 257//337
f 189//338 215//338 190//338
f 215//339 246//339 216//339
f 258//340 207//340 209//340
f 207//341 240//341 208//341
f 243//342 195//343 193//241
f 251//344 213//344 226//344
f 245//345 258//345 238//345
f 254//346 251//346 250//346
f 257//347 220//347 236//347
f 242//242 195//343 243//342
f 202//348 257//348 205//348
f 238//349 258//349 209//349
f 248//335 197//336 199//336
f 252//350 172//350 171//350
f 259//351 260//352 261//353
f 262//354 260//352 259//351
f 263//355 260//352 262//354
f 264//354 265//356 260//352
f 264//354 260//352 263//355
f 266//357 259//357 261//357
f 267//355 265//356 264//354
f 268//358 259//358 266//358
f 269//359 265//356 267//355
f 270//360 263//360 262//360
f 271//361 265//356 269//359
f 272//360 263//360 270//360
f 273//362 267//363 264//364
f 274//365 268//366 266//367
f 275//368 267//363 273//362
f 276//369 268//366 274//365
f 277//370 272//371 270//370
f 278//372 269//373 279//374
f 278//372 271//375 269//373
f 280//376 272//371 277//370
f 281//377 275//377 273//377
f 282//378 276//379 274//380
f 283//381 275//377 281//377
f 284//382 276//379 282//378
f 285//383 280//384 277//385
f 286//386 279//387 287//388
f 286//386 278//389 279//387
f 288//390 280//384 285//383
f 289//391 283//391 281//392
f 290//391 283//391 289//391
f 291//393 284//393 282//394
f 291//393 282//394 292//395
f 293//396 286//397 287//398
f 294//399 286//397 293//396
f 295//400 285//401 296//402
f 295//400 288//403 285//401
f 297//404 289//404 298//404
f 297//404 290//404 289//404
f 299//405 291//406 292//407
f 299//405 292//407 300//408
f 301//409 294//409 293//409
f 302//410 294//410 301//410
f 303//411 296//412 304//413
f 303//411 295//414 296//412
f 305//415 298//416 306//416
f 305//415 297//417 298//416
f 307//418 299//419 300//420
f 307//418 300//420 308//421
f 309//422 302//422 301//422
f 310//423 303//423 304//423
f 310//423 304//423 311//423
f 312//424 302//424 309//424
f 313//425 307//426 308//427
f 313//425 310//428 311//429
f 313//425 311//429 307//426
f 314//430 305//431 306//432
f 314//430 306//432 315//433
f 316//434 317//434 314//434
f 316//435 312//435 317//435
f 318//436 310//428 313//425
f 318//437 314//438 315//439
f 318//440 316//440 314//440
f 318//437 315//439 310//441
f 319//442 313//443 320//444
f 321//445 313//443 319//442
f 322//446 313//443 321//445
f 323//447 318//447 313//447
f 323//448 313//443 322//446
f 324//449 323//450 322//451
f 325//452 319//453 320//454
f 326//451 323//450 324//449
f 327//455 319//453 325//452
f 328//456 326//456 329//456
f 328//457 323//457 326//457
f 330//458 322//459 321//460
f 330//458 321//460 331//460
f 332//461 327//462 325//463
f 333//464 324//460 334//458
f 333//464 326//465 324//460
f 335//466 327//462 332//461
f 336//467 328//467 329//467
f 337//468 331//469 338//470
f 337//468 330//471 331//469
f 339//472 334//472 340//472
f 339//472 333//472 334//472
f 341//473 335//474 332//475
f 341//473 332//475 342//476
f 343//477 344//477 345//477
f 343//478 336//478 344//478
f 346//479 338//480 347//481
f 346//479 337//482 338//480
f 348//483 340//480 349//484
f 348//483 339//485 340//480
f 350//486 342//487 351//488
f 350//486 341//489 342//487
f 352//490 345//490 353//490
f 352//491 343//491 345//491
f 354//492 347//493 355//494
f 354//492 346//495 347//493
f 356//496 348//494 349//493
f 356//496 349//493 357//497
f 358//498 351//499 359//500
f 358//498 350//501 351//499
f 360//502 352//503 353//504
f 360//502 353//504 361//505
f 362//506 355//507 363//508
f 362//506 354//508 355//507
f 364//509 357//510 365//511
f 364//509 356//512 357//510
f 366//513 358//513 359//513
f 366//514 359//514 367//514
f 368//515 360//516 361//517
f 369//518 360//516 368//515
f 370//519 362//519 363//520
f 370//519 363//520 371//520
f 372//521 365//520 373//522
f 372//521 364//523 365//520
f 374//524 373//525 370//526
f 374//524 366//527 367//528
f 374//524 370//526 371//525
f 374//524 371//525 366//527
f 375//529 369//530 368//531
f 376//532 369//530 375//529
f 377//533 375//534 372//526
f 377//533 372//526 373//525
f 377//533 376//535 375//534
f 377//533 373//525 374//524
f 329//536 344//536 336//536
f 309//537 317//537 312//537
f 378//538 379//538 380//538
f 381//539 382//539 383//539
f 384//540 385//540 386//540
f 384//541 386//541 387//541
f 381//542 383//542 388//542
f 389//543 390//543 391//543
f 389//544 391//544 392//544
f 393//545 394//545 395//545
f 389//546 396//546 390//546
f 393//547 395//547 378//547
f 397//548 398//548 399//548
f 400//549 401//549 402//549
f 397//550 399//550 403//550
f 400//551 380//551 401//551
f 404//552 392//552 405//552
f 404//553 403//553 396//553
f 406//554 387//554 394//554
f 404//555 396//555 389//555
f 406//556 394//556 393//556
f 404//557 389//557 392//557
f 407//558 408//559 385//560
f 407//561 385//562 384//563
f 409//564 398//564 397//564
f 409//565 388//565 398//565
f 410//566 380//566 400//566
f 411//567 412//568 382//569
f 411//567 382//569 381//570
f 413//571 405//571 414//571
f 410//572 378//572 380//572
f 413//573 404//573 405//573
f 413//574 403//575 404//576
f 413//574 397//577 403//575
f 415//578 387//578 406//578
f 415//579 384//579 387//579
f 416//580 411//581 381//582
f 416//583 381//583 388//583
f 417//584 393//584 378//584
f 416//585 388//585 409//585
f 417//586 378//586 410//586
f 418//587 413//587 414//587
f 418//588 409//589 397//590
f 418//588 397//590 413//591
f 419//592 402//592 420//592
f 419//593 400//593 402//593
f 421//594 416//595 422//596
f 421//597 411//581 416//580
f 423//598 414//599 424//600
f 423//601 422//596 416//595
f 423//598 418//602 414//599
f 423//603 416//604 409//605
f 425//606 406//606 393//606
f 423//603 409//605 418//607
f 423//608 424//609 422//610
f 425//611 393//611 417//611
f 426//612 427//612 428//612
f 426//613 429//613 427//613
f 426//614 430//614 429//614
f 426//615 431//615 430//615
f 426//616 394//616 431//616
f 426//617 395//617 394//617
f 426//618 428//618 379//618
f 426//619 379//619 395//619
f 432//620 410//620 400//620
f 432//621 400//621 419//621
f 433//622 434//623 407//624
f 433//622 435//625 434//623
f 433//626 407//561 384//563
f 433//626 384//563 415//627
f 436//628 437//628 438//628
f 436//629 420//629 437//629
f 436//630 419//630 420//630
f 439//631 410//631 432//631
f 439//632 417//632 410//632
f 440//633 432//633 419//633
f 440//634 419//634 436//634
f 441//635 435//636 433//637
f 441//635 433//637 415//638
f 441//639 406//639 425//639
f 441//640 415//640 406//640
f 442//641 432//641 440//641
f 442//642 439//642 432//642
f 443//643 425//643 417//643
f 443//644 417//644 439//644
f 444//645 438//645 445//645
f 444//646 436//646 438//646
f 399//647 440//647 436//647
f 399//648 436//648 444//648
f 383//649 439//649 442//649
f 383//650 443//650 439//650
f 446//651 422//610 424//609
f 379//652 428//652 447//652
f 448//653 425//653 443//653
f 448//654 441//654 425//654
f 448//655 412//656 435//657
f 448//655 435//657 441//658
f 398//659 442//659 440//659
f 398//660 440//660 399//660
f 382//661 443//661 383//661
f 382//662 412//662 448//662
f 394//663 449//663 431//663
f 382//664 448//664 443//664
f 396//665 445//665 390//665
f 396//666 444//666 445//666
f 380//667 447//667 401//667
f 380//668 379//668 447//668
f 388//669 442//669 398//669
f 388//670 383//670 442//670
f 387//671 386//671 449//671
f 387//672 449//672 394//672
f 403//673 444//673 396//673
f 403//674 399//674 444//674
f 378//675 395//675 379//675
f 450//676 451//213 452//213
f 450//676 452//213 453//677
f 450//676 453//677 454//678
f 455//679 450//676 454//678
f 456//680 457//681 455//679
f 456//680 455//679 454//678
f 458//682 457//681 456//680
f 459//683 457//681 458//682
f 460//684 457//681 459//683
f 461//685 462//213 463//685
f 461//685 464//686 465//682
f 461//685 465//682 466//687
f 461//685 466//687 462//213
f 467//688 463//685 468//686
f 467//688 461//685 463//685
f 469//685 467//688 468//686
f 470//685 467//688 469//685
f 471//684 470//685 469//685
f 472//689 470//685 471//684
f 473//684 470//685 472//689
f 474//690 470//685 473//684
f 475//691 476//691 477//691
f 478//692 458//693 456//694
f 478//692 459//695 458//693
f 478//696 479//696 459//696
f 480//697 481//698 482//699
f 483//700 484//700 485//700
f 486//701 487//702 475//703
f 488//704 489//704 490//704
f 483//705 491//705 484//705
f 488//706 490//706 492//706
f 488//707 492//707 493//707
f 488//708 486//701 475//703
f 494//709 495//710 496//711
f 497//712 498//712 499//712
f 494//709 482//699 495//710
f 497//713 499//713 479//713
f 488//714 475//714 489//714
f 494//709 480//697 482//699
f 497//715 479//715 478//715
f 500//716 501//716 502//716
f 500//717 502//718 503//719
f 504//720 505//720 480//720
f 500//721 503//721 476//721
f 506//722 491//723 483//724
f 507//725 476//726 475//727
f 508//728 509//728 510//728
f 504//729 480//729 494//729
f 507//730 500//730 476//730
f 508//731 510//732 498//733
f 508//731 498//733 497//734
f 506//722 511//735 491//723
f 507//725 475//727 487//736
f 512//737 500//737 507//737
f 513//738 509//738 508//738
f 459//739 514//739 460//739
f 515//740 516//740 505//740
f 512//741 501//741 500//741
f 517//742 512//743 507//744
f 517//745 501//745 512//745
f 515//746 505//746 504//746
f 518//747 511//748 506//749
f 519//750 474//750 473//750
f 520//751 501//751 517//751
f 518//747 521//752 511//748
f 520//753 517//742 507//744
f 522//754 501//754 520//754
f 479//755 514//755 459//755
f 522//756 507//725 487//736
f 522//757 486//758 488//759
f 523//760 524//760 525//760
f 522//757 487//761 486//758
f 523//762 502//762 526//762
f 523//763 526//763 527//763
f 522//764 520//753 507//744
f 523//765 527//765 528//765
f 529//766 521//767 518//768
f 530//769 516//769 515//769
f 531//770 488//770 493//770
f 523//771 528//771 524//771
f 532//772 516//772 530//772
f 531//773 522//773 488//773
f 523//774 525//775 533//775
f 531//776 493//776 534//776
f 531//777 534//777 509//777
f 529//766 535//778 521//767
f 531//779 536//779 537//779
f 531//780 538//780 536//780
f 531//781 513//781 538//781
f 531//782 537//782 501//782
f 531//783 501//783 522//783
f 539//784 523//774 533//775
f 531//785 509//785 513//785
f 539//786 533//786 540//786
f 541//787 535//787 529//787
f 539//788 540//788 542//788
f 543//789 516//789 532//790
f 543//791 524//791 516//791
f 544//792 524//792 543//792
f 545//793 546//793 539//793
f 545//794 542//794 547//794
f 545//795 547//795 548//795
f 545//796 539//796 542//796
f 549//797 539//798 546//799
f 525//800 524//800 544//800
f 549//797 523//801 539//798
f 549//802 502//803 523//804
f 550//805 502//803 549//802
f 485//806 472//807 471//808
f 485//806 473//809 472//807
f 551//810 502//810 550//810
f 485//811 484//811 519//811
f 551//812 550//813 549//814
f 485//815 519//815 473//815
f 552//816 502//816 551//816
f 552//817 549//817 546//817
f 552//818 551//812 549//814
f 552//819 546//819 545//819
f 553//820 545//820 548//820
f 553//821 548//821 554//821
f 553//822 554//822 555//822
f 553//823 555//823 535//823
f 553//824 535//824 541//824
f 553//825 552//826 545//827
f 476//828 541//828 556//828
f 476//829 556//829 557//829
f 476//830 557//830 477//830
f 476//831 553//831 541//831
f 558//832 553//825 476//833
f 558//834 502//834 552//834
f 558//832 552//826 553//825
f 503//835 558//835 476//835
f 503//719 502//718 558//836
f 475//837 477//837 559//837
f 475//838 559//838 489//838
f 560//839 561//840 562//841
f 560//839 562//841 563//842
f 560//839 563//842 564//843
f 565//686 560//839 564//843
f 566//688 567//684 565//686
f 566//688 565//686 564//843
f 568//844 567//684 566//688
f 569//684 568//844 570//845
f 571//686 569//684 570//845
f 496//846 572//847 571//686
f 496//846 571//686 570//845
f 495//848 572//847 496//846
f 482//849 572//847 495//848
f 481//680 572//847 482//849
f 569//684 567//684 568//844
f 573//28 311//28 574//28
f 307//28 311//28 573//28
f 575//850 262//850 576//850
f 576//850 262//850 259//850
f 577//684 234//684 240//684
f 578//684 234//684 577//684
f 579//28 229//28 580//28
f 232//28 229//28 579//28
f 581//26 172//26 582//26
f 191//26 172//26 581//26
f 192//684 583//684 189//684
f 189//684 583//684 584//684
f 366//850 585//850 586//850
f 371//850 585//850 366//850
f 587//26 321//26 588//26
f 321//26 319//26 588//26
f 589//28 315//28 590//28
f 310//28 315//28 589//28
f 591//851 264//851 592//851
f 592//851 264//851 263//851
f 593//213 247//213 244//213
f 594//213 247//213 593//213
f 595//28 237//28 596//28
f 237//28 241//28 596//28
f 597//26 194//26 598//26
f 211//26 194//26 597//26
f 200//213 599//213 196//213
f 196//213 599//213 600//213
f 370//851 601//851 602//851
f 373//851 601//851 370//851
f 603//26 324//26 604//26
f 324//26 322//26 604//26
f 605//28 317//28 606//28
f 314//28 317//28 605//28
f 607//852 269//852 608//852
f 608//852 269//852 267//852
f 609//840 254//840 249//840
f 610//840 254//840 609//840
f 611//28 248//28 612//28
f 248//28 187//28 612//28
f 613//26 214//26 614//26
f 219//26 214//26 613//26
f 220//840 615//840 210//840
f 210//840 615//840 616//840
f 372//852 617//852 618//852
f 375//852 617//852 372//852
f 619//26 329//26 620//26
f 329//26 326//26 620//26
f 344//109 329//78 619//78
f 368//83 617//853 375//83
f 345//102 619//78 621//77
f 345//102 621//77 622//83
f 345//102 344//109 619//78
f 361//78 623//83 617//853
f 361//78 617//853 368//83
f 353//77 622//83 623//83
f 353//77 623//83 361//78
f 353//77 345//102 622//83
f 219//97 613//74 624//74
f 625//90 219//97 624//74
f 204//854 219//97 625//90
f 626//96 204//854 625//90
f 202//90 204//854 626//96
f 627//103 257//86 202//90
f 627//103 202//90 626//96
f 628//108 220//85 257//86
f 628//108 257//86 627//103
f 615//86 220//85 628//108
f 213//93 629//97 630//83
f 188//82 630//83 631//76
f 188//82 213//93 630//83
f 251//108 632//855 629//97
f 251//108 629//97 213//93
f 187//81 631//76 633//856
f 187//81 633//856 612//90
f 187//81 188//82 631//76
f 254//77 610//84 632//855
f 254//77 632//855 251//108
f 607//857 279//85 269//84
f 287//83 279//85 607//857
f 634//87 287//83 607//857
f 293//77 287//83 634//87
f 635//89 293//77 634//87
f 301//89 635//89 636//854
f 301//89 293//77 635//89
f 606//95 301//89 636//854
f 309//90 301//89 606//95
f 317//90 309//90 606//95
f 326//858 333//139 620//118
f 618//119 364//119 372//859
f 620//118 339//115 637//129
f 637//129 339//115 638//118
f 333//139 339//115 620//118
f 639//119 356//119 618//119
f 618//119 356//119 364//119
f 638//118 348//129 639//119
f 639//119 348//129 356//119
f 339//115 348//129 638//118
f 334//85 324//85 603//109
f 365//98 601//860 373//861
f 340//81 603//109 640//106
f 340//81 640//106 641//862
f 340//81 334//85 603//109
f 357//90 642//76 601//860
f 357//90 601//860 365//98
f 349//83 641//862 642//76
f 349//83 642//76 357//90
f 349//83 340//81 641//862
f 614//134 214//133 643//133
f 214//133 644//115 643//133
f 214//133 178//118 644//115
f 178//118 645//118 644//115
f 178//118 180//123 645//118
f 231//863 646//120 180//123
f 180//123 646//120 645//118
f 210//116 647//116 231//863
f 231//863 647//116 646//120
f 210//116 616//864 647//116
f 211//89 597//81 648//78
f 649//83 211//89 648//78
f 179//83 211//89 649//83
f 650//83 179//83 649//83
f 177//89 179//83 650//83
f 651//78 233//86 177//89
f 651//78 177//89 650//83
f 652//78 200//98 233//86
f 652//78 233//86 651//78
f 599//84 200//98 652//78
f 653//126 198//116 654//131
f 654//131 197//119 655//133
f 198//116 197//119 654//131
f 656//122 227//128 653//126
f 653//126 227//128 198//116
f 655//133 248//130 657//120
f 657//120 248//130 611//139
f 197//119 248//130 655//133
f 609//124 249//124 656//122
f 656//122 249//124 227//128
f 201//77 658//83 659//112
f 199//75 659//112 660//89
f 199//75 201//77 659//112
f 228//83 661//83 658//83
f 228//83 658//83 201//77
f 241//89 660//89 662//85
f 241//89 662//85 596//94
f 241//89 199//75 660//89
f 247//84 594//83 661//83
f 247//84 661//83 228//83
f 591//865 273//866 264//856
f 281//111 273//866 591//865
f 663//867 281//111 591//865
f 289//85 281//111 663//867
f 664//97 289//85 663//867
f 298//83 664//97 665//83
f 298//83 289//85 664//97
f 590//95 298//83 665//83
f 306//90 298//83 590//95
f 315//83 306//90 590//95
f 275//115 608//115 267//115
f 275//115 283//115 608//115
f 283//115 666//128 608//115
f 283//115 290//129 666//128
f 290//129 667//115 666//128
f 667//115 297//138 668//118
f 290//129 297//138 667//115
f 297//138 605//143 668//118
f 297//138 305//126 605//143
f 305//126 314//142 605//143
f 322//118 330//118 604//115
f 602//868 362//139 370//869
f 604//115 337//138 669//870
f 669//870 337//138 670//858
f 330//118 337//138 604//115
f 671//115 354//128 602//868
f 602//868 354//128 362//139
f 670//858 346//115 671//115
f 671//115 346//115 354//128
f 337//138 346//115 670//858
f 331//89 321//89 587//78
f 363//85 585//76 371//83
f 338//78 587//78 672//81
f 338//78 672//81 673//83
f 338//78 331//89 587//78
f 355//83 674//102 585//76
f 355//83 585//76 363//85
f 347//90 673//83 674//102
f 347//90 674//102 355//83
f 347//90 338//78 673//83
f 598//138 194//115 675//128
f 194//115 676//118 675//128
f 194//115 195//117 676//118
f 195//117 677//130 676//118
f 195//117 242//126 677//130
f 222//871 678//118 242//126
f 242//126 678//118 677//130
f 196//120 679//120 222//871
f 222//871 679//120 678//118
f 196//120 600//122 679//120
f 191//872 581//82 680//91
f 681//83 191//872 680//91
f 193//89 191//872 681//83
f 682//81 193//89 681//83
f 243//92 193//89 682//81
f 683//91 223//74 243//92
f 683//91 243//92 682//81
f 684//102 192//76 223//74
f 684//102 223//74 683//91
f 583//873 192//76 684//102
f 685//128 175//118 686//128
f 686//128 184//128 687//118
f 175//118 184//128 686//128
f 688//118 217//868 685//128
f 685//128 217//868 175//118
f 687//118 237//129 689//874
f 689//874 237//129 595//116
f 184//128 237//129 687//118
f 593//118 244//122 688//118
f 688//118 244//122 217//868
f 176//853 690//109 691//89
f 174//83 691//89 692//89
f 174//83 176//853 691//89
f 218//85 693//85 690//109
f 218//85 690//109 176//853
f 229//100 692//89 694//83
f 229//100 694//83 580//83
f 229//100 174//83 692//89
f 234//86 578//83 693//85
f 234//86 693//85 218//85
f 575//83 270//109 262//84
f 277//74 270//109 575//83
f 695//90 277//74 575//83
f 285//85 277//74 695//90
f 696//109 285//85 695//90
f 296//90 696//109 697//83
f 296//90 285//85 696//109
f 574//95 296//90 697//83
f 304//97 296//90 574//95
f 311//83 304//97 574//95
f 272//124 592//131 263//859
f 272//124 280//129 592//131
f 280//129 698//128 592//131
f 280//129 288//129 698//128
f 288//129 699//117 698//128
f 699//117 295//130 700//133
f 288//129 295//130 699//117
f 295//130 589//875 700//133
f 295//130 303//124 589//875
f 303//124 310//131 589//875
f 268//115 576//876 259//122
f 268//115 276//119 576//876
f 276//119 701//877 576//876
f 276//119 284//122 701//877
f 284//122 702//123 701//877
f 702//123 291//120 703//118
f 284//122 291//120 702//123
f 291//120 573//134 703//118
f 291//120 299//133 573//134
f 299//133 307//118 573//134
f 704//119 258//127 705//129
f 705//129 245//870 706//128
f 258//127 245//870 705//129
f 707//115 207//120 704//119
f 704//119 207//120 258//127
f 706//128 232//874 708//122
f 708//122 232//874 579//121
f 245//870 232//874 706//128
f 577//124 240//124 707//115
f 707//115 240//124 207//120
f 582//118 172//878 709//118
f 172//878 710//122 709//118
f 172//878 252//122 710//122
f 252//122 711//118 710//122
f 252//122 246//879 711//118
f 215//131 712//126 246//879
f 246//879 712//126 711//118
f 189//880 713//131 215//131
f 215//131 713//131 712//126
f 189//880 584//141 713//131
f 319//133 327//863 588//881
f 586//882 358//123 366//883
f 588//881 335//128 714//884
f 714//884 335//128 715//885
f 327//863 335//128 588//881
f 716//116 350//122 586//882
f 586//882 350//122 358//123
f 715//885 341//118 716//116
f 716//116 341//118 350//122
f 335//128 341//118 715//885
f 292//94 282//102 717//83
f 718//83 216//95 719//102
f 718//83 190//886 216//95
f 300//83 292//94 717//83
f 300//83 717//83 720//109
f 721//86 190//886 718//83
f 721//86 183//103 190//886
f 209//79 722//83 723//109
f 238//102 723//109 724//98
f 238//102 724//98 725//102
f 238//102 209//79 723//109
f 208//93 726//86 722//83
f 208//93 722//83 209//79
f 230//887 725//102 727//102
f 230//887 238//102 725//102
f 308//78 720//109 728//102
f 239//103 729//103 726//86
f 308//78 300//83 720//109
f 239//103 726//86 208//93
f 730//103 183//103 721//86
f 225//109 727//102 731//85
f 730//103 181//78 183//103
f 225//109 230//887 727//102
f 313//85 728//102 732//109
f 313//85 308//78 728//102
f 255//90 260//83 729//103
f 374//83 181//78 730//103
f 255//90 261//108 260//83
f 255//90 729//103 239//103
f 367//108 733//108 181//78
f 212//102 731//85 734//109
f 367//108 181//78 374//83
f 212//102 225//109 731//85
f 320//90 732//109 735//102
f 736//108 266//74 261//108
f 320//90 313//85 732//109
f 736//108 261//108 255//90
f 359//76 737//85 733//108
f 359//76 733//108 367//108
f 173//101 734//109 738//109
f 173//101 212//102 734//109
f 325//83 735//102 739//85
f 325//83 320//90 735//102
f 351//85 737//85 359//76
f 351//85 740//79 737//85
f 741//85 274//85 266//74
f 741//85 266//74 736//108
f 332//81 325//83 739//85
f 171//109 173//101 738//109
f 342//109 739//85 740//79
f 171//109 738//109 742//111
f 342//109 740//79 351//85
f 342//109 332//81 739//85
f 743//95 274//85 741//85
f 282//102 274//85 743//95
f 719//102 171//109 742//111
f 216//95 171//109 719//102
f 717//83 282//102 743//95
f 744//78 745//78 746//83
f 747//86 746//83 745//78
f 748//110 745//78 744//78
f 749//83 747//86 745//78
f 750//110 745//78 748//110
f 751//83 749//83 745//78
f 265//81 745//78 750//110
f 752//77 278//83 286//78
f 752//77 271//81 278//83
f 752//77 265//81 271//81
f 294//81 752//77 286//78
f 302//84 752//77 294//81
f 312//108 752//77 302//84
f 316//89 752//77 312//108
f 752//77 745//78 265//81
f 753//90 754//83 755//83
f 753//90 756//86 754//83
f 753//90 757//83 756//86
f 758//90 757//83 753//90
f 759//106 758//90 753//90
f 760//106 759//106 753//90
f 377//94 760//106 753//90
f 761//97 376//94 377//94
f 761//97 369//83 376//94
f 761//97 360//90 369//83
f 761//97 352//94 360//90
f 761//97 343//86 352//94
f 761//97 336//108 343//86
f 753//90 761//97 377//94
f 761//97 328//89 336//108
f 762//27 763//27 764//27
f 765//27 764//27 766//27
f 765//27 766//27 767//27
f 765//27 762//27 764//27
f 768//28 769//28 770//28
f 427//28 771//28 768//28
f 427//28 768//28 770//28
f 772//28 771//28 427//28
f 773//888 420//888 402//888
f 773//889 402//889 401//889
f 774//890 775//891 776//892
f 777//893 773//893 401//893
f 777//894 401//895 447//896
f 778//897 776//897 779//897
f 778//898 774//890 776//892
f 780//899 777//894 447//896
f 781//900 779//901 782//900
f 781//897 778//897 779//897
f 783//902 782//903 784//904
f 783//905 781//900 782//900
f 785//906 780//907 447//908
f 785//906 447//908 428//909
f 786//910 784//910 787//910
f 770//911 428//912 427//913
f 786//914 783//902 784//904
f 770//911 785//911 428//912
f 788//915 787//915 789//915
f 788//916 786//916 787//916
f 790//917 789//918 791//919
f 790//920 788//920 789//920
f 792//921 791//922 793//923
f 792//924 790//917 791//919
f 794//925 793//925 795//925
f 794//926 792//921 793//923
f 796//927 795//927 391//927
f 796//928 391//929 390//930
f 796//931 794//931 795//931
f 797//932 390//933 445//934
f 797//935 796//928 390//930
f 798//936 445//937 438//938
f 798//939 797//932 445//934
f 799//940 438//940 437//940
f 799//941 798//936 438//938
f 800//942 437//942 420//942
f 800//943 799//943 437//943
f 773//944 800//944 420//944
f 801//26 802//26 775//26
f 803//26 801//26 775//26
f 774//26 803//26 775//26
f 804//26 803//26 774//26
f 805//118 806//128 807//884
f 808//885 809//885 810//869
f 811//885 805//118 807//884
f 811//885 809//885 808//885
f 811//885 807//884 812//118
f 811//885 812//118 809//885
f 813//116 811//885 808//885
f 814//945 811//885 813//116
f 815//128 786//133 788//115
f 815//128 788//115 790//128
f 816//118 786//133 815//128
f 816//118 783//118 786//133
f 817//118 815//128 790//128
f 817//118 790//128 792//118
f 48//133 783//118 816//118
f 48//133 804//115 774//130
f 48//133 774//130 778//118
f 48//133 778//118 781//118
f 48//133 781//118 783//118
f 818//118 817//118 792//118
f 818//118 792//118 794//118
f 819//118 818//118 794//118
f 819//118 794//118 796//118
f 819//118 796//118 797//118
f 820//118 819//118 797//118
f 820//118 797//118 798//118
f 75//119 804//115 48//133
f 75//118 821//115 822//118
f 75//118 822//118 823//946
f 75//118 823//946 804//123
f 824//118 820//118 798//118
f 824//118 798//118 799//120
f 825//133 821//115 75//118
f 825//133 826//143 821//115
f 827//131 828//117 826//143
f 827//131 826//143 825//133
f 156//875 814//945 828//117
f 156//875 828//117 827//131
f 155//118 814//945 156//875
f 154//947 811//885 814//945
f 154//947 814//945 155//118
f 153//879 811//885 154//947
f 34//117 811//885 153//879
f 829//120 799//120 800//115
f 829//120 824//118 799//120
f 773//129 829//120 800//115
f 773//129 830//118 829//120
f 777//118 46//129 830//118
f 777//118 830//118 773//129
f 780//118 46//129 777//118
f 31//868 811//885 34//117
f 31//868 831//948 811//885
f 785//118 46//129 780//118
f 832//118 833//120 831//948
f 126//118 831//948 31//868
f 125//874 831//948 126//118
f 834//118 832//118 831//948
f 170//135 831//948 125//874
f 835//126 834//118 831//948
f 770//130 46//129 785//118
f 836//143 835//126 831//948
f 837//118 836//143 831//948
f 765//135 127//949 35//949
f 765//135 128//132 127//949
f 765//135 169//870 128//132
f 765//135 170//135 169//870
f 765//135 831//948 170//135
f 765//135 837//118 831//948
f 769//950 46//129 770//130
f 769//122 43//128 46//126
f 838//951 43//128 769//122
f 839//118 43//128 838//951
f 840//115 841//129 43//128
f 840//115 43//128 839//118
f 842//949 841//129 840//115
f 843//125 841//129 842//949
f 844//142 843//125 842//949
f 148//124 844//142 845//142
f 148//124 843//125 844//142
f 149//118 148//118 845//122
f 150//952 149//118 845//122
f 846//118 847//137 848//122
f 849//953 850//954 847//137
f 849//953 846//118 851//126
f 849//953 847//137 846//118
f 852//955 845//122 853//863
f 852//955 853//863 854//128
f 852//955 854//128 850//954
f 852//955 151//868 150//952
f 852//955 40//142 151//868
f 852//955 150//952 845//122
f 852//955 850//954 849//953
f 36//117 765//135 35//949
f 39//879 40//142 852//955
f 762//956 765//135 36//117
f 762//956 166//137 165//957
f 762//956 163//134 166//137
f 762//956 161//958 163//134
f 762//956 36//117 161//958
f 855//115 762//956 165//957
f 855//115 160//125 39//879
f 855//115 162//878 160//125
f 855//115 165//957 162//878
f 855//115 39//879 852//955
f 856//118 762//956 855//115
f 857//118 856//118 855//115
f 858//126 855//115 859//129
f 860//880 857//118 855//115
f 861//959 860//880 855//115
f 861//959 855//115 858//126
f 48//960 816//960 49//961
f 49//961 816//960 862//962
f 862//963 815//963 863//963
f 816//963 815//963 862//963
f 863//964 817//965 864//964
f 815//966 817//965 863//964
f 864//967 818//968 865//969
f 817//970 818//968 864//967
f 865//971 819//971 866//972
f 818//971 819//971 865//971
f 866//973 820//974 867//975
f 819//975 820//974 866//973
f 867//976 824//977 868//976
f 820//977 824//977 867//976
f 868//978 829//979 869//980
f 824//979 829//979 868//978
f 869//981 830//981 870//981
f 829//981 830//981 869//981
f 870//982 46//983 44//984
f 830//983 46//983 870//982
f 75//985 76//985 871//985
f 825//985 75//985 871//985
f 827//986 871//987 872//987
f 827//986 825//986 871//987
f 156//988 872//988 104//988
f 156//988 827//988 872//988
f 32//28 34//28 33//28
f 31//28 34//28 32//28
f 117//989 165//990 115//991
f 165//990 166//992 115//991
f 843//993 148//993 99//993
f 843//993 99//993 873//993
f 841//994 873//995 874//995
f 841//994 843//996 873//995
f 43//997 874//997 45//997
f 43//997 841//997 874//997
f 107//959 109//135 108//118
f 107//959 33//874 109//135
f 104//119 33//874 107//959
f 872//122 33//122 104//952
f 870//998 44//946 869//123
f 873//122 38//999 872//122
f 872//122 38//999 33//122
f 37//131 38//999 873//122
f 38//999 32//880 33//122
f 868//115 866//1000 867//117
f 869//123 866//1000 868//115
f 78//1001 77//1002 38//999
f 866//1000 864//119 865//142
f 32//880 121//118 120//124
f 44//946 864//119 869//123
f 38//999 122//133 32//880
f 32//880 122//133 121//118
f 869//123 864//119 866//1000
f 77//1002 122//133 38//999
f 77//1002 123//122 122//133
f 99//143 41//118 873//122
f 100//125 41//118 99//143
f 101//120 41//118 100//125
f 102//123 41//118 101//120
f 863//118 49//874 862//116
f 864//119 49//874 863//118
f 44//946 49//874 864//119
f 112//117 114//884 42//1003
f 117//122 115//118 114//884
f 113//1004 111//1005 115//118
f 115//118 111//1005 114//884
f 42//1003 37//131 41//118
f 41//118 37//131 873//122
f 114//884 37//131 42//1003
f 111//1005 37//131 114//884
f 45//115 76//115 44//115
f 44//115 76//115 49//115
f 874//122 871//122 45//115
f 45//115 871//122 76//118
f 873//122 872//122 874//122
f 874//122 872//122 871//122
f 875//1006 876//1006 408//1007
f 877//1008 875//1006 408//1007
f 878//1009 408//1007 407//624
f 878//1009 877//1008 408//1007
f 879//1006 878//1009 407//624
f 880//1010 421//1011 422//1012
f 880//1010 422//1012 446//1006
f 881//1013 407//624 434//623
f 881//1013 879//1006 407//624
f 882//1014 411//1015 421//1011
f 882//1014 421//1011 880//1010
f 883//1007 434//623 435//625
f 883//1007 881//1013 434//623
f 884//1016 412//1017 411//1015
f 884//1016 411//1015 882//1014
f 885//1007 435//625 412//1017
f 885//1007 883//1007 435//625
f 885//1007 412//1017 884//1016
f 886//1018 887//1019 888//1020
f 888//1020 887//1019 889//1021
f 887//1019 890//1022 889//1021
f 889//1023 891//1024 892//1025
f 890//1026 891//1024 889//1023
f 891//1027 893//1028 892//1029
f 893//1028 894//1030 892//1029
f 892//1031 895//1032 896//1033
f 894//1034 895//1032 892//1031
f 895//1032 897//1035 896//1033
f 896//1036 898//1037 899//1038
f 897//1039 898//1039 896//1039
f 898//1037 900//1040 899//1038
f 901//1041 902//1042 903//1043
f 899//1044 904//1045 901//1046
f 900//1047 904//1045 899//1044
f 901//1041 905//1048 902//1042
f 904//1049 905//1049 901//1049
f 905//1048 906//1050 902//1042
f 811//1051 906//1052 907//1053
f 902//1054 906//1052 811//1051
f 831//1055 902//1054 811//1051
f 908//1056 852//1057 909//1058
f 910//1059 855//1060 852//1057
f 910//1059 852//1057 908//1056
f 910//1061 911//1062 912//1063
f 910//1061 908//1064 911//1062
f 911//1065 913//1066 914//1067
f 908//1064 913//1068 911//1062
f 913//1066 915//1066 914//1067
f 914//1069 916//1070 917//1071
f 915//1072 916//1070 914//1069
f 917//1073 918//1074 919//1075
f 916//1076 918//1076 917//1076
f 918//1074 920//1077 919//1075
f 920//1078 921//1079 919//1080
f 921//1079 922//1081 919//1080
f 919//1082 923//1083 924//1084
f 922//1085 923//1083 919//1082
f 923//1083 526//1086 924//1084
f 526//1087 502//1087 924//1087
f 924//1088 501//1089 925//1090
f 502//1091 501//1089 924//1088
f 501//1092 537//1092 925//1092
f 926//1093 927//1094 928//1095
f 928//1096 929//1096 930//1096
f 927//1094 929//1097 928//1095
f 930//1098 931//1098 932//1098
f 929//1099 931//1099 930//1099
f 932//1100 933//1101 934//1102
f 931//1103 933//1101 932//1100
f 934//1104 935//1105 936//1106
f 933//1107 935//1105 934//1104
f 936//1108 937//1109 764//1110
f 935//1111 937//1109 936//1108
f 937//1109 766//1112 764//1110
f 938//1113 875//1113 877//1113
f 938//1114 877//1115 939//1116
f 940//1117 938//1117 939//1117
f 941//1118 939//1119 942//1120
f 941//1121 940//1121 939//1121
f 943//1122 942//1122 944//1122
f 943//1123 941//1123 942//1123
f 945//1124 944//1124 946//1124
f 945//1125 943//1125 944//1125
f 947//1126 946//1126 948//1126
f 947//1127 945//1127 946//1127
f 949//1128 948//1128 950//1128
f 949//1129 947//1129 948//1129
f 802//1130 950//1131 775//1132
f 802//1130 949//1133 950//1131
f 951//1134 952//1134 953//1134
f 954//1135 955//1135 956//1135
f 951//1136 957//1136 952//1136
f 958//1137 789//1137 787//1137
f 954//1138 956//1138 959//1138
f 960//1139 776//1139 775//1139
f 960//1140 775//1140 950//1140
f 958//1141 961//1141 789//1141
f 962//1142 424//1143 414//1144
f 392//1145 391//1145 795//1145
f 960//1146 963//1146 776//1146
f 962//1147 446//1148 424//1149
f 962//1147 880//1150 446//1148
f 964//1151 965//1151 966//1151
f 964//1152 881//1153 883//1154
f 964//1155 966//1155 967//1155
f 962//1142 414//1144 968//1156
f 964//1152 883//1154 965//1157
f 969//1158 968//1159 957//1160
f 969//1158 957//1160 951//1161
f 970//1162 967//1162 955//1162
f 970//1163 955//1163 954//1163
f 971//1164 953//1164 961//1164
f 972//1165 950//1165 948//1165
f 971//1166 961//1166 958//1166
f 972//1167 960//1167 950//1167
f 972//1168 959//1168 963//1168
f 972//1169 963//1169 960//1169
f 973//1170 953//1170 971//1170
f 974//1171 948//1171 946//1171
f 973//1172 951//1172 953//1172
f 974//1173 946//1173 944//1173
f 974//1174 959//1174 972//1174
f 975//1175 882//1176 880//1177
f 974//1178 954//1178 959//1178
f 974//1179 972//1179 948//1179
f 975//1180 968//1181 969//1182
f 975//1180 962//1183 968//1181
f 975//1175 880//1177 962//1184
f 976//1185 879//1186 881//1187
f 976//1185 881//1187 964//1188
f 976//1189 964//1189 967//1189
f 976//1190 967//1190 970//1190
f 977//1191 944//1191 942//1191
f 978//1192 958//1192 787//1192
f 977//1193 954//1193 974//1193
f 977//1194 974//1194 944//1194
f 979//1195 951//1195 973//1195
f 977//1196 970//1196 954//1196
f 979//1197 969//1197 951//1197
f 980//1198 942//1120 939//1119
f 980//1199 878//1200 879//1201
f 981//1202 958//1202 978//1202
f 980//1203 976//1203 970//1203
f 980//1204 977//1204 942//1204
f 980//1205 970//1205 977//1205
f 980//1199 879//1201 976//1206
f 981//1207 971//1207 958//1207
f 980//1199 939//1208 878//1200
f 982//1209 971//1209 981//1209
f 982//1210 973//1210 971//1210
f 983//1211 784//1211 782//1211
f 983//1212 787//1212 784//1212
f 983//1213 978//1213 787//1213
f 984//1214 884//1215 882//1216
f 984//1217 969//1217 979//1217
f 984//1218 975//1218 969//1218
f 984//1214 882//1216 975//1219
f 985//1220 978//1220 983//1220
f 985//1221 981//1221 978//1221
f 986//1222 979//1222 973//1222
f 986//1223 973//1223 982//1223
f 987//1224 981//1224 985//1224
f 987//1225 982//1225 981//1225
f 988//1226 782//1226 779//1226
f 988//1227 983//1227 782//1227
f 989//1228 979//1228 986//1228
f 989//1229 885//1230 884//1231
f 989//1229 884//1231 984//1232
f 989//1233 984//1233 979//1233
f 956//1234 983//1234 988//1234
f 956//1235 985//1235 983//1235
f 966//1236 986//1236 982//1236
f 966//1237 982//1237 987//1237
f 877//1115 878//1238 939//1116
f 955//1239 987//1239 985//1239
f 990//1240 793//1240 791//1240
f 990//1241 795//1241 793//1241
f 990//1242 392//1242 795//1242
f 952//1243 405//1243 392//1243
f 955//1244 985//1244 956//1244
f 963//1245 779//1245 776//1245
f 952//1246 392//1246 990//1246
f 957//1247 414//1248 405//1249
f 963//1250 988//1250 779//1250
f 957//1251 405//1251 952//1251
f 965//1252 989//1252 986//1252
f 965//1253 986//1253 966//1253
f 965//1254 883//1255 885//1256
f 961//1257 791//1257 789//1257
f 965//1254 885//1256 989//1258
f 967//1259 966//1259 987//1259
f 961//1260 990//1260 791//1260
f 967//1261 987//1261 955//1261
f 968//1262 414//1248 957//1247
f 953//1263 990//1263 961//1263
f 959//1264 988//1264 963//1264
f 953//1265 952//1265 990//1265
f 959//1266 956//1266 988//1266
f 408//1267 876//1267 991//1267
f 385//1268 991//1268 992//1268
f 385//560 408//559 991//1269
f 386//1270 992//1270 993//1270
f 386//1271 993//1272 994//1273
f 386//1274 385//1274 992//1274
f 449//1275 994//1275 995//1275
f 449//1276 386//1271 994//1273
f 431//1277 995//1277 996//1277
f 431//1278 449//1278 995//1278
f 430//1279 996//1279 997//1279
f 430//1280 431//1280 996//1280
f 429//1281 997//1281 998//1281
f 429//1282 430//1282 997//1282
f 427//1283 998//1283 772//1283
f 427//1284 429//1284 998//1284
f 813//1285 999//1285 814//1285
f 814//1286 1000//1286 828//1286
f 999//1287 1000//1287 814//1287
f 828//1288 1001//1288 826//1288
f 1000//1289 1001//1289 828//1289
f 826//1290 1002//1290 821//1290
f 1001//1291 1002//1291 826//1291
f 821//1292 1003//1292 822//1292
f 1002//1293 1003//1293 821//1293
f 822//1294 1004//1294 823//1294
f 1003//1295 1004//1296 822//1297
f 823//1298 803//1299 804//1300
f 1004//1301 803//1299 823//1298
f 1005//1302 1006//1302 1007//1302
f 801//1303 803//1299 1004//1301
f 1006//1304 1008//1304 1000//1304
f 1000//1305 1008//1305 1001//1305
f 1009//1306 1010//1306 1005//1306
f 1001//1307 1010//1307 1002//1307
f 1008//1308 1010//1309 1001//1310
f 1005//1311 1010//1311 1006//1311
f 1006//1312 1010//1309 1008//1308
f 1002//1313 1011//1313 1003//1313
f 1010//1314 1011//1314 1002//1314
f 1009//1315 1011//1315 1010//1315
f 801//1316 1012//1317 802//1318
f 802//1319 1012//1319 1013//1319
f 1013//1320 1012//1320 1009//1320
f 1003//1295 1012//1321 1004//1296
f 1009//1322 1012//1322 1011//1322
f 1011//1323 1012//1323 1003//1323
f 1004//1324 1012//1317 801//1316
f 1013//1325 949//1325 802//1325
f 947//1326 1014//1326 945//1326
f 949//1327 1015//1327 947//1327
f 1013//1328 1015//1328 949//1328
f 1009//1329 1016//1329 1013//1329
f 1013//1330 1016//1330 1015//1330
f 1005//1331 1017//1331 1009//1331
f 1009//1332 1017//1332 1016//1332
f 1014//1333 1018//1333 1019//1333
f 1015//1334 1018//1334 947//1334
f 947//1335 1018//1335 1014//1335
f 1020//1336 1021//1337 1007//1338
f 1022//1339 1021//1339 1020//1339
f 1007//1340 1021//1340 1005//1340
f 1017//1341 1021//1341 1022//1341
f 1005//1342 1021//1342 1017//1342
f 1016//1343 1023//1343 1015//1343
f 1015//1344 1023//1344 1018//1344
f 1018//1345 1023//1345 1019//1345
f 1019//1346 1024//1346 1025//1346
f 1025//1347 1024//1347 1026//1347
f 1026//1348 1024//1348 1022//1348
f 1023//1349 1024//1349 1019//1349
f 1022//1350 1024//1350 1017//1350
f 1016//1351 1024//1351 1023//1351
f 1017//1352 1024//1352 1016//1352
f 1027//1353 1028//1353 1029//1353
f 1030//1354 1028//1354 1031//1354
f 1031//1355 1028//1355 1027//1355
f 561//1356 1032//1356 1033//1356
f 1034//1357 1032//1358 1035//1359
f 1033//1360 1032//1361 1036//1362
f 1036//1363 1032//1358 1034//1357
f 1035//1364 1037//1364 1038//1364
f 1038//1365 1037//1365 1039//1365
f 1040//1366 1041//1366 1042//1366
f 1028//1367 1041//1367 1040//1367
f 1039//1368 1041//1368 1030//1368
f 1030//1369 1041//1369 1028//1369
f 560//1370 1043//1371 561//1372
f 561//1372 1043//1371 1032//1373
f 1032//1374 1043//1375 1035//1376
f 1035//1376 1043//1375 1037//1377
f 1042//1378 1044//1378 1045//1378
f 1041//1379 1044//1379 1042//1379
f 1037//1380 1044//1381 1039//1382
f 1039//1382 1044//1381 1041//1383
f 1026//1384 1046//1384 1025//1384
f 1045//1385 1047//1386 567//1387
f 567//1387 1047//1386 565//1388
f 565//1389 1047//1390 560//1391
f 560//1391 1047//1390 1043//1392
f 1044//1393 1047//1393 1045//1393
f 1043//1394 1047//1395 1037//1396
f 1037//1396 1047//1395 1044//1397
f 938//1398 1029//1398 875//1398
f 945//1399 1048//1399 943//1399
f 1014//1400 1048//1400 945//1400
f 1019//1401 1048//1401 1014//1401
f 1019//1402 1049//1402 1048//1402
f 943//1403 1050//1403 941//1403
f 1048//1404 1050//1404 943//1404
f 1025//1405 1051//1405 1019//1405
f 1019//1406 1051//1406 1049//1406
f 1046//1407 1051//1407 1025//1407
f 1049//1408 1052//1408 1048//1408
f 1048//1409 1052//1409 1050//1409
f 941//1410 1031//1410 940//1410
f 1050//1411 1031//1411 941//1411
f 1046//1412 1034//1413 1051//1414
f 1051//1415 1038//1415 1049//1415
f 1049//1416 1038//1416 1052//1416
f 1050//1417 1030//1417 1031//1417
f 1052//1418 1030//1418 1050//1418
f 940//1419 1027//1419 938//1419
f 938//1420 1027//1420 1029//1420
f 1031//1421 1027//1421 940//1421
f 1033//1360 1036//1362 1046//1422
f 1046//1423 1036//1423 1034//1423
f 1051//1424 1035//1424 1038//1424
f 1034//1413 1035//1425 1051//1414
f 1038//1426 1039//1426 1052//1426
f 1052//1427 1039//1427 1030//1427
f 1029//1428 1028//1428 1040//1428
f 569//1429 1053//1430 567//1387
f 567//1387 1053//1430 1045//1385
f 1045//1431 1054//1431 1042//1432
f 1053//1431 1054//1431 1045//1431
f 1042//1433 1055//1433 1040//1433
f 1054//1434 1055//1433 1042//1433
f 1040//1435 1056//1435 1029//1435
f 1055//1435 1056//1435 1040//1435
f 1029//1436 876//1436 875//1436
f 1056//1437 876//1436 1029//1436
f 1057//1438 1058//1438 1059//1438
f 1060//1439 1061//1439 1062//1439
f 1059//1440 1061//1440 1063//1440
f 1064//1441 1061//1441 1060//1441
f 1063//1442 1061//1442 1064//1442
f 481//1443 1065//1444 572//1445
f 572//1446 1065//1447 1066//1448
f 1067//1449 1065//1450 1068//1451
f 1066//1452 1065//1450 1067//1449
f 1068//1453 1069//1453 1070//1453
f 1070//1454 1069//1454 1058//1454
f 1062//1455 1071//1455 1072//1455
f 1072//1456 1071//1456 1073//1456
f 1061//1457 1071//1457 1062//1457
f 1059//1458 1071//1458 1061//1458
f 1058//1459 1071//1459 1059//1459
f 1074//1460 1075//1460 481//1460
f 1069//1461 1075//1461 1074//1461
f 481//1443 1075//1462 1065//1444
f 1065//1463 1075//1464 1068//1465
f 1068//1465 1075//1464 1069//1466
f 1076//1467 1077//1468 1074//1469
f 1073//1470 1077//1470 1076//1470
f 1074//1471 1077//1471 1069//1471
f 1071//1472 1077//1472 1073//1472
f 1069//1473 1077//1473 1058//1473
f 1058//1474 1077//1474 1071//1474
f 569//1429 571//1475 1053//1430
f 994//1476 1060//1476 995//1476
f 1056//1477 1078//1477 876//1477
f 876//1478 1078//1478 991//1478
f 1055//1479 1079//1479 1056//1479
f 1056//1480 1079//1480 1078//1480
f 991//1481 1080//1481 992//1481
f 992//1482 1080//1482 993//1482
f 1078//1483 1080//1483 991//1483
f 1054//1484 1081//1484 1055//1484
f 1055//1485 1081//1485 1079//1485
f 1078//1486 1057//1486 1080//1486
f 1079//1487 1057//1487 1078//1487
f 993//1488 1063//1488 994//1488
f 1080//1489 1063//1489 993//1489
f 1053//1490 1067//1490 1054//1490
f 1054//1491 1067//1491 1081//1491
f 1081//1492 1070//1492 1079//1492
f 1079//1493 1070//1493 1057//1493
f 1080//1494 1059//1494 1063//1494
f 1057//1495 1059//1495 1080//1495
f 572//1446 1066//1448 571//1496
f 1053//1497 1066//1497 1067//1497
f 571//1475 1066//1498 1053//1430
f 994//1499 1064//1499 1060//1499
f 1063//1500 1064//1500 994//1500
f 1067//1501 1068//1502 1081//1503
f 1081//1503 1068//1502 1070//1504
f 1070//1505 1058//1505 1057//1505
f 998//1506 1082//1507 772//1508
f 995//1509 1083//1509 996//1509
f 996//1510 1083//1510 997//1510
f 1060//1511 1083//1511 995//1511
f 1062//1512 1084//1512 1060//1512
f 1072//1513 1084//1513 1062//1513
f 1060//1514 1084//1514 1083//1514
f 1072//1515 1085//1515 1084//1515
f 997//1516 1086//1516 998//1516
f 1083//1517 1086//1517 997//1517
f 998//1506 1086//1518 1082//1507
f 1087//1519 1088//1519 1073//1519
f 1089//1520 1088//1520 1087//1520
f 1073//1521 1088//1521 1072//1521
f 1072//1522 1088//1522 1085//1522
f 1082//1523 1090//1523 1091//1523
f 1084//1524 1090//1524 1083//1524
f 1083//1525 1090//1525 1086//1525
f 1086//1526 1090//1526 1082//1526
f 1091//1527 1092//1527 1093//1527
f 1090//1528 1092//1528 1091//1528
f 1084//1529 1092//1529 1090//1529
f 1085//1530 1092//1530 1084//1530
f 1093//1531 1094//1531 1095//1531
f 1095//1532 1094//1532 1089//1532
f 1088//1533 1094//1533 1085//1533
f 1089//1534 1094//1534 1088//1534
f 1092//1535 1094//1535 1093//1535
f 1085//1536 1094//1536 1092//1536
f 769//1537 768//1538 838//1539
f 838//1540 1096//1540 839//1540
f 768//1538 1096//1541 838//1539
f 839//1542 1097//1542 840//1542
f 1096//1543 1097//1544 839//1545
f 840//1546 1098//1546 842//1546
f 1097//1547 1098//1547 840//1547
f 842//1548 1099//1548 844//1548
f 1098//1549 1099//1549 842//1550
f 844//1551 1100//1551 845//1551
f 1099//1552 1100//1553 844//1554
f 845//1555 1101//1556 853//1557
f 1100//1558 1101//1558 845//1558
f 1095//1559 1102//1559 1093//1559
f 772//1560 1103//1561 771//1562
f 771//1562 1103//1561 768//1538
f 1096//1543 1103//1563 1097//1544
f 768//1538 1103//1561 1096//1541
f 1082//1564 1103//1561 772//1560
f 1091//1565 1104//1565 1082//1565
f 1082//1566 1104//1567 1103//1568
f 1103//1568 1104//1567 1097//1569
f 1098//1549 1105//1570 1099//1549
f 1097//1571 1105//1571 1098//1571
f 1093//1572 1105//1572 1091//1572
f 1104//1573 1105//1573 1097//1573
f 1091//1574 1105//1574 1104//1574
f 1099//1552 1106//1575 1100//1553
f 1100//1576 1106//1577 1102//1578
f 1102//1579 1106//1579 1093//1579
f 1093//1580 1106//1581 1105//1582
f 1105//1582 1106//1581 1099//1583
f 852//1584 1107//1584 909//1584
f 849//1585 1108//1585 1107//1585
f 849//1586 1107//1586 852//1586
f 851//1587 1109//1587 1108//1587
f 851//1588 1108//1588 849//1588
f 846//1589 1110//1589 1109//1589
f 846//1590 1109//1590 851//1590
f 848//1591 1111//1591 1110//1591
f 848//1592 1110//1592 846//1592
f 847//1593 1112//1593 1111//1593
f 847//1594 1111//1594 848//1594
f 850//1595 1101//1595 1112//1595
f 850//1596 1112//1596 847//1596
f 854//1597 1101//1597 850//1597
f 853//1557 1101//1556 854//1598
f 1113//1599 1114//1599 1115//1599
f 1116//1600 1113//1600 1117//1600
f 1116//1601 1117//1602 1118//1603
f 1116//1604 1119//1604 1114//1604
f 1116//1605 1114//1605 1113//1605
f 1120//1606 1121//1606 1101//1606
f 1120//1607 1118//1607 1121//1607
f 1120//1608 1101//1608 1122//1608
f 1120//1609 1116//1601 1118//1603
f 1120//1610 1122//1610 1119//1610
f 1120//1611 1119//1611 1116//1611
f 1123//1612 1124//1613 913//1614
f 1123//1615 1125//1615 1124//1615
f 1123//1616 1126//1617 1125//1618
f 1123//1619 1122//1619 1126//1619
f 1127//1620 1123//1612 913//1614
f 1127//1621 1122//1621 1123//1621
f 1128//1622 1122//1622 1127//1622
f 1128//1623 913//1623 1129//1623
f 1128//1624 1129//1624 1115//1624
f 1128//1625 1114//1625 1119//1625
f 1128//1626 1115//1626 1114//1626
f 1128//1627 1119//1627 1122//1627
f 1128//1628 1127//1628 913//1628
f 1130//1629 908//1630 909//1630
f 1131//1631 1130//1632 909//1633
f 1132//1634 909//1633 1107//1635
f 1132//1636 1107//1637 1108//1638
f 1132//1634 1131//1631 909//1633
f 1133//1639 1108//1640 1109//1641
f 1133//1642 1131//1643 1132//1636
f 1133//1642 1130//1644 1131//1643
f 1133//1642 1134//1645 1130//1644
f 1133//1642 1132//1636 1108//1638
f 1135//1646 1109//1647 1110//1648
f 1135//1649 1117//1650 1134//1651
f 1135//1649 1134//1651 1133//1639
f 1135//1646 1110//1648 1117//1652
f 1135//1649 1133//1639 1109//1641
f 1118//1653 1110//1653 1111//1653
f 1118//1654 1117//1654 1110//1654
f 1121//1655 1111//1656 1112//1655
f 1121//1657 1112//1657 1101//1657
f 1121//1658 1118//1658 1111//1658
f 1136//1659 1137//1659 1138//1659
f 1136//1660 1139//1660 1137//1660
f 1124//1661 1138//1662 915//1663
f 1124//1664 915//1664 913//1664
f 1124//1665 1136//1665 1138//1665
f 1125//1666 1136//1666 1124//1666
f 1140//1667 1141//1668 1139//1669
f 1140//1670 1100//1670 1141//1670
f 1140//1671 1139//1671 1136//1671
f 1126//1617 1136//1672 1125//1618
f 1126//1673 1140//1673 1136//1673
f 1122//1674 1101//1674 1100//1674
f 1122//1675 1100//1675 1140//1675
f 1122//1676 1140//1676 1126//1676
f 1129//1677 913//1677 908//1677
f 1129//1678 908//1678 1130//1678
f 1113//1679 1134//1651 1117//1650
f 1113//1680 1130//1680 1134//1680
f 1113//1681 1129//1681 1130//1681
f 1113//1682 1115//1682 1129//1682
f 1102//1683 1141//1683 1100//1683
f 916//1684 915//1663 1138//1662
f 1142//1685 1102//1686 1095//1687
f 1142//1688 1095//1689 1143//1690
f 1142//1685 1141//1691 1102//1686
f 1144//1692 1139//1669 1141//1668
f 1144//1693 1143//1694 1145//1695
f 1144//1696 1141//1697 1142//1698
f 1144//1696 1142//1698 1143//1699
f 1146//1700 1137//1700 1139//1700
f 1146//1701 1145//1701 1147//1701
f 1146//1702 1139//1702 1144//1702
f 1146//1703 1144//1703 1145//1703
f 1148//1704 1138//1704 1137//1704
f 1148//1705 1147//1706 918//1707
f 1148//1705 918//1707 916//1708
f 1148//1709 916//1709 1138//1709
f 1148//1710 1146//1710 1147//1710
f 1148//1711 1137//1711 1146//1711
f 855//1060 910//1059 912//1712
f 859//1713 1149//1713 1150//1713
f 859//1714 912//1715 1149//1716
f 859//1714 855//1717 912//1715
f 858//1718 1150//1718 1151//1718
f 858//1719 859//1719 1150//1719
f 861//1720 1151//1720 1152//1720
f 861//1721 858//1721 1151//1721
f 860//1722 1153//1723 1154//1724
f 860//1725 1152//1725 1153//1725
f 860//1726 861//1726 1152//1726
f 857//1727 1154//1728 1155//1727
f 857//1729 860//1722 1154//1724
f 856//1730 1155//1731 763//1732
f 856//1733 857//1733 1155//1733
f 762//1734 856//1730 763//1732
f 1089//1735 1143//1690 1095//1689
f 1156//1736 1089//1736 1087//1736
f 1157//1737 1145//1695 1143//1694
f 1157//1738 1089//1738 1156//1738
f 1157//1739 1143//1739 1089//1739
f 1158//1740 1147//1740 1145//1740
f 1158//1741 1145//1741 1157//1741
f 1159//1742 918//1742 1147//1742
f 1159//1743 920//1744 918//1745
f 1159//1743 921//1746 920//1744
f 1159//1747 1147//1747 1158//1747
f 1159//1748 1158//1748 921//1748
f 1160//1749 1087//1749 1073//1749
f 1160//1750 1073//1750 1161//1750
f 1160//1751 1156//1751 1087//1751
f 1162//1752 1161//1752 1163//1752
f 1162//1753 1156//1753 1160//1753
f 1162//1754 1160//1754 1161//1754
f 1162//1755 1157//1755 1156//1755
f 1164//1756 1165//1757 1166//1758
f 1164//1759 1163//1759 1165//1759
f 1164//1760 921//1760 1158//1760
f 1164//1761 1158//1761 1157//1761
f 1164//1762 1157//1762 1162//1762
f 1164//1763 1162//1763 1163//1763
f 1167//1764 1166//1765 922//1766
f 1167//1767 922//1767 921//1767
f 1167//1768 1164//1768 1166//1768
f 1167//1769 921//1769 1164//1769
f 1168//1770 914//1770 1169//1770
f 1170//1771 1171//1771 1172//1771
f 1170//1772 1172//1772 1173//1772
f 1170//1773 1174//1773 1171//1773
f 1170//1774 1175//1774 1174//1774
f 1176//1775 1168//1776 1175//1777
f 1176//1775 1175//1777 1170//1778
f 1177//1779 1176//1779 1170//1779
f 1177//1780 1173//1780 1178//1780
f 1177//1781 1170//1781 1173//1781
f 1177//1782 1178//1782 914//1782
f 1177//1783 914//1783 1168//1783
f 1177//1784 1168//1784 1176//1784
f 1179//1785 1172//1785 1171//1785
f 1179//1786 1173//1787 1172//1788
f 1179//1789 1180//1789 1181//1789
f 1179//1790 1182//1790 1180//1790
f 1179//1791 1171//1791 1182//1791
f 1183//1792 1179//1792 1181//1792
f 1184//1793 1181//1793 1185//1793
f 1184//1794 1183//1794 1181//1794
f 1184//1795 1185//1795 1186//1795
f 1184//1796 1186//1796 1187//1796
f 1188//1797 1187//1797 1186//1797
f 1188//1798 1189//1798 1187//1798
f 1190//1799 1186//1799 1191//1799
f 1190//1800 1191//1800 1192//1800
f 1190//1801 1188//1801 1186//1801
f 1193//1802 1190//1802 1192//1802
f 1193//1803 1194//1803 1195//1803
f 1196//1804 1192//1804 1197//1804
f 1196//1805 1193//1805 1192//1805
f 1198//1806 1199//1806 1200//1806
f 1198//1807 1200//1808 1194//1809
f 1198//1810 1196//1810 1197//1810
f 1198//1811 1194//1811 1193//1811
f 1198//1812 1193//1812 1196//1812
f 1198//1813 1197//1813 1199//1813
f 1201//1814 1202//1815 1203//1816
f 1201//1817 1203//1817 1204//1817
f 1201//1818 1205//1819 1202//1820
f 1206//1821 1201//1821 1204//1821
f 1206//1822 1205//1819 1201//1818
f 1207//1823 1204//1823 1208//1823
f 1207//1824 1209//1824 1205//1824
f 1207//1825 1205//1825 1206//1825
f 1207//1826 1206//1826 1204//1826
f 1207//1827 1208//1827 1210//1827
f 1207//1828 1210//1829 1209//1830
f 1211//1831 1212//1831 1213//1831
f 1211//1832 1214//1832 1212//1832
f 1215//1833 1216//1833 1217//1833
f 1215//1834 1214//1834 1211//1834
f 1215//1835 1218//1835 1214//1835
f 1215//1836 1219//1836 1218//1836
f 1215//1837 1220//1837 1216//1837
f 1215//1838 1217//1838 1219//1838
f 1221//1839 1215//1839 1211//1839
f 1221//1840 1220//1840 1215//1840
f 1221//1841 1211//1841 1213//1841
f 1222//1842 1213//1843 1223//1844
f 1222//1845 1169//1845 1220//1845
f 1222//1846 1223//1846 1169//1846
f 1222//1842 1221//1847 1213//1843
f 1222//1848 1220//1848 1221//1848
f 1224//1849 1169//1849 1223//1849
f 1224//1850 1223//1850 1225//1850
f 1226//1851 1224//1851 1225//1851
f 1226//1852 1169//1852 1224//1852
f 1227//1853 1225//1853 1174//1853
f 1227//1854 1174//1854 1175//1854
f 1227//1855 1168//1856 1169//1857
f 1227//1858 1175//1777 1168//1776
f 1227//1859 1226//1859 1225//1859
f 1227//1855 1169//1857 1226//1860
f 1228//1861 1173//1787 1179//1786
f 1228//1862 1178//1862 1173//1862
f 1228//1863 914//1863 1178//1863
f 1228//1864 1179//1864 1183//1864
f 1229//1865 1189//1865 1230//1865
f 1229//1866 911//1867 914//1868
f 1229//1869 1187//1870 1189//1871
f 1229//1872 1228//1872 1183//1872
f 1229//1873 1230//1873 911//1873
f 1229//1874 1183//1874 1184//1874
f 1229//1869 1184//1875 1187//1870
f 1229//1866 914//1868 1228//1876
f 1231//1877 1230//1877 1189//1877
f 1231//1878 912//1878 911//1878
f 1231//1879 1189//1879 1188//1879
f 1231//1880 1195//1880 912//1880
f 1231//1881 1188//1881 1190//1881
f 1231//1882 911//1882 1230//1882
f 1231//1883 1190//1883 1193//1883
f 1231//1884 1193//1884 1195//1884
f 1197//1885 1155//1885 1154//1885
f 1197//1886 1154//1886 1153//1886
f 1199//1887 1153//1887 1152//1887
f 1199//1888 1197//1888 1153//1888
f 1200//1889 1152//1889 1151//1889
f 1200//1890 1199//1890 1152//1890
f 1194//1891 1151//1891 1150//1891
f 1194//1809 1200//1808 1151//1892
f 1195//1893 1150//1893 1149//1893
f 1195//1894 1149//1894 912//1894
f 1195//1895 1194//1895 1150//1895
f 1232//1896 1233//1896 926//1896
f 1232//1897 1234//1897 1233//1897
f 1232//1898 1235//1898 1234//1898
f 1232//1899 1236//1899 1235//1899
f 1237//1900 1236//1900 1232//1900
f 1238//1901 926//1901 928//1901
f 1238//1902 1232//1902 926//1902
f 1239//1903 1232//1904 1238//1905
f 1240//1906 1241//1906 1236//1906
f 1240//1907 1236//1908 1237//1909
f 1242//1910 1237//1910 1232//1910
f 1242//1911 1232//1912 1239//1913
f 1243//1914 1237//1914 1242//1914
f 1243//1915 1240//1907 1237//1909
f 1244//1916 1245//1916 1246//1916
f 1244//1917 1247//1917 1245//1917
f 1244//1918 1208//1918 1247//1918
f 1244//1919 1246//1919 1248//1919
f 1249//1920 1208//1920 1244//1920
f 1249//1921 1244//1921 1248//1921
f 1249//1922 1210//1922 1208//1922
f 1209//1923 1250//1923 1251//1923
f 1209//1924 1248//1924 1250//1924
f 1209//1830 1210//1829 1249//1925
f 1209//1830 1249//1925 1248//1926
f 1252//1927 1248//1927 1246//1927
f 1253//1928 928//1929 930//1930
f 1253//1931 1246//1931 1245//1931
f 1253//1928 1245//1932 928//1929
f 1253//1933 1252//1933 1246//1933
f 1254//1934 1252//1934 1253//1934
f 1255//1935 1248//1936 1252//1937
f 1256//1938 1252//1939 1254//1940
f 1256//1941 1255//1935 1252//1937
f 1257//1942 1250//1942 1248//1942
f 1257//1943 1248//1944 1255//1945
f 1258//1946 1257//1943 1255//1945
f 1258//1947 1255//1947 1256//1947
f 1259//1948 930//1949 932//1950
f 1260//1951 1261//1951 1259//1951
f 1260//1952 1262//1953 1261//1954
f 1263//1955 1264//1955 1262//1955
f 1263//1956 1262//1957 1260//1958
f 1263//1956 1260//1958 1265//1959
f 1266//1960 1264//1961 1263//1962
f 1266//1960 1263//1962 1265//1963
f 1266//1964 1265//1964 1267//1964
f 1268//1965 1259//1948 932//1950
f 1268//1966 1260//1967 1259//1968
f 1269//1969 1265//1969 1260//1969
f 1269//1970 1260//1967 1268//1966
f 1270//1971 1269//1971 1268//1971
f 1271//1972 1265//1973 1269//1974
f 1272//1975 1269//1976 1270//1976
f 1272//1977 1271//1972 1269//1974
f 1273//1978 1265//1979 1271//1980
f 1273//1981 1267//1981 1265//1981
f 1273//1982 1274//1983 1267//1984
f 1275//1985 1271//1985 1272//1985
f 1275//1986 1273//1978 1271//1980
f 1276//1987 932//1987 934//1987
f 1276//1988 934//1988 1277//1988
f 1278//1989 1276//1989 1277//1989
f 1278//1990 1277//1990 1279//1990
f 1278//1991 1280//1992 1276//1993
f 1278//1994 1281//1995 1280//1996
f 1282//1997 1278//1997 1279//1997
f 1282//1998 1281//1998 1278//1998
f 1282//1999 1283//1999 1281//1999
f 1284//2000 1279//2001 1219//2002
f 1284//2003 1282//2004 1279//2005
f 1284//2003 1283//2006 1282//2004
f 1285//2007 1277//2007 934//2007
f 1286//2008 1279//2008 1277//2008
f 1286//2009 1277//2009 1285//2009
f 1212//2010 1286//2010 1285//2010
f 1214//2011 1286//2011 1212//2011
f 1218//2012 1279//2012 1286//2012
f 1218//2013 1219//2002 1279//2001
f 1218//2014 1286//2014 1214//2014
f 1287//2015 934//2015 936//2015
f 1287//2016 936//2016 1288//2016
f 1289//2017 1223//2017 1287//2017
f 1225//2018 1223//2018 1289//2018
f 1290//2019 1225//2019 1289//2019
f 1290//2020 1288//2020 1182//2020
f 1290//2021 1287//2021 1288//2021
f 1290//2022 1289//2022 1287//2022
f 1290//2023 1182//2023 1171//2023
f 1174//2024 1225//2024 1290//2024
f 1174//2025 1290//2025 1171//2025
f 1180//2026 1182//2026 1288//2026
f 1180//2027 1288//2027 936//2027
f 1181//2028 1180//2028 936//2028
f 1185//2029 1181//2029 936//2029
f 1191//2030 763//2030 1155//2030
f 1191//2031 1185//2032 936//2033
f 1191//2034 1186//2034 1185//2034
f 1191//2031 936//2033 764//2035
f 1191//2036 764//2036 763//2036
f 1192//2037 1191//2038 1155//2039
f 1192//2037 1155//2039 1197//2040
f 1291//2041 1292//2041 1293//2041
f 1291//2042 925//2042 1292//2042
f 1294//2043 1293//2043 1241//2043
f 1294//2044 925//2044 1291//2044
f 1294//2045 1291//2045 1293//2045
f 1294//2046 1241//2046 1240//2046
f 1295//2047 1294//2047 1240//2047
f 1295//2048 1240//2048 1243//2048
f 1296//2049 1238//2050 928//2051
f 1296//2052 1239//1903 1238//1905
f 1296//2053 1242//1911 1239//1913
f 1296//2054 1243//2054 1242//2054
f 1296//2055 1202//2055 1243//2055
f 1297//2056 924//2057 925//2058
f 1297//2059 1295//2059 1243//2059
f 1297//2056 925//2058 1294//2060
f 1297//2061 1294//2061 1295//2061
f 1297//2062 1243//2062 1202//2062
f 1203//1816 1202//1815 1296//2063
f 1203//2064 1296//2049 928//2051
f 1204//2065 1203//2065 928//2065
f 1204//2066 1245//2066 1247//2066
f 1204//2067 1247//2067 1208//2067
f 1204//2068 928//2068 1245//2068
f 1205//2069 1298//2069 924//2069
f 1205//2070 1297//2070 1202//2070
f 1205//2071 924//2071 1297//2071
f 1205//2072 1251//2072 1298//2072
f 1205//2073 1209//2073 1251//2073
f 1299//2074 924//2074 1298//2074
f 1299//2075 1251//2075 1250//2075
f 1299//2076 1298//2076 1251//2076
f 1299//2077 1250//2077 1257//2077
f 1300//2078 1301//2078 1258//2078
f 1300//2079 1258//2079 1256//2079
f 1300//2080 1253//2080 930//2080
f 1300//2081 1256//1938 1254//1940
f 1300//2082 1254//2082 1253//2082
f 1302//2083 1257//2083 1258//2083
f 1302//2084 1258//2084 1301//2084
f 1302//2085 1299//2085 1257//2085
f 1303//2086 1300//2087 930//2088
f 1303//2089 1301//2090 1300//2091
f 1304//2092 1299//2092 1302//2092
f 1304//2093 924//2093 1299//2093
f 1304//2094 1302//2094 1301//2094
f 1305//2095 1262//2095 1264//2095
f 1305//2096 1259//2096 1261//2096
f 1305//2097 1261//1954 1262//1953
f 1305//2098 1264//2098 1301//2098
f 1305//2099 1301//2090 1303//2089
f 1305//2100 1303//2086 930//2088
f 1305//2101 930//2101 1259//2101
f 1306//2102 1301//2102 1264//2102
f 1306//2103 1264//2103 1266//2103
f 1307//2104 919//2105 924//2106
f 1307//2104 924//2106 1304//2107
f 1307//2108 1304//2108 1301//2108
f 1307//2109 1301//2109 1306//2109
f 1308//2110 1266//2110 1267//2110
f 1308//2111 1306//2111 1266//2111
f 1308//2112 919//2105 1307//2104
f 1308//2113 1307//2113 1306//2113
f 1308//2114 1267//2114 1274//2114
f 1309//2115 1310//2115 919//2115
f 1309//2116 1274//2116 1310//2116
f 1309//2117 919//2117 1308//2117
f 1309//2118 1308//2118 1274//2118
f 1311//2119 1272//2119 1270//2119
f 1311//2120 1270//2120 1268//2120
f 1311//2121 1312//2121 1275//2121
f 1311//2122 1275//2122 1272//2122
f 1311//2123 1268//2123 932//2123
f 1313//2124 1312//2124 1311//2124
f 1313//2125 1311//2125 932//2125
f 1314//2126 1276//1993 1280//1992
f 1314//2127 1280//1996 1281//1995
f 1314//2128 1281//2128 1283//2128
f 1314//2129 1283//2129 1312//2129
f 1314//2130 932//2131 1276//2132
f 1314//2133 1312//2133 1313//2133
f 1314//2130 1313//2134 932//2131
f 1315//2135 1273//2135 1275//2135
f 1315//2136 1275//2136 1312//2136
f 1315//2137 1274//1983 1273//1982
f 1315//2138 919//2138 1310//2138
f 1315//2139 1310//2139 1274//2139
f 1316//2140 1283//2140 1284//2140
f 1317//2141 917//2142 919//2143
f 1317//2141 919//2143 1315//2144
f 1317//2145 1312//2145 1283//2145
f 1317//2146 1283//2146 1316//2146
f 1317//2147 1315//2147 1312//2147
f 1318//2148 917//2142 1317//2141
f 1318//2149 1284//2149 1219//2149
f 1318//2150 1316//2150 1284//2150
f 1318//2151 1219//2151 1217//2151
f 1318//2152 1317//2152 1316//2152
f 1319//2153 917//2153 1318//2153
f 1319//2154 1320//2154 917//2154
f 1319//2155 1217//2155 1320//2155
f 1319//2156 1318//2156 1217//2156
f 1213//2157 934//2157 1287//2157
f 1213//2158 1212//2158 1285//2158
f 1213//2159 1285//2159 934//2159
f 1213//2160 1287//2160 1223//2160
f 1216//2161 917//2161 1320//2161
f 1216//2162 1320//2162 1217//2162
f 1220//2163 917//2163 1216//2163
f 1169//2164 917//2164 1220//2164
f 1169//2165 914//2165 917//2165
f 1321//2166 805//2167 811//2168
f 1321//2166 811//2168 907//2169
f 1322//2170 806//2170 805//2170
f 1322//2171 805//2171 1321//2171
f 1323//2172 807//2172 806//2172
f 1323//2173 806//2173 1322//2173
f 1324//2174 812//2174 807//2174
f 1324//2175 807//2175 1323//2175
f 1325//2176 809//2176 812//2176
f 1325//2177 812//2177 1324//2177
f 1326//2178 810//2178 809//2178
f 1326//2179 809//2179 1325//2179
f 999//2180 808//2181 810//2182
f 999//2183 813//2183 808//2183
f 999//2180 810//2182 1326//2184
f 1076//2185 1161//2185 1073//2185
f 480//2186 1074//2186 481//2186
f 526//2187 923//2187 527//2187
f 1327//2188 1076//1467 1074//1469
f 1327//2189 1074//2189 480//2189
f 1328//2190 1163//2190 1161//2190
f 1328//2191 480//2191 505//2191
f 1328//2192 1161//2192 1076//2192
f 1328//2193 1076//2194 1327//2195
f 1328//2193 1327//2195 480//2196
f 1329//2197 1165//2197 1163//2197
f 1329//2198 516//2198 524//2198
f 1329//2199 505//2199 516//2199
f 1329//2200 1328//2200 505//2200
f 1329//2201 1163//2201 1328//2201
f 1330//2202 524//2202 528//2202
f 1330//2203 1329//2203 524//2203
f 1330//2204 1165//2204 1329//2204
f 1331//2205 922//1766 1166//1765
f 1331//2206 1166//1758 1165//1757
f 1331//2207 528//2207 527//2207
f 1331//2208 923//2208 922//2208
f 1331//2209 1330//2209 528//2209
f 1331//2210 1165//2210 1330//2210
f 1331//2211 527//2211 923//2211
f 1332//2212 1333//2212 1334//2212
f 1335//2213 1336//2213 1337//2213
f 1335//2214 1337//2214 1338//2214
f 1292//2215 925//2215 1339//2215
f 1340//2216 1234//2216 1235//2216
f 1341//2217 1342//2217 1343//2217
f 1341//2218 1344//2218 1342//2218
f 1341//2219 1334//2219 1344//2219
f 1341//2220 1332//2220 1334//2220
f 1345//2221 1335//2221 1338//2221
f 1345//2222 1338//2222 1332//2222
f 1346//2223 1235//2224 1336//2225
f 1346//2226 1340//2226 1235//2226
f 1346//2223 1336//2225 1335//2227
f 1347//2228 1332//2228 1341//2228
f 1347//2229 1345//2229 1332//2229
f 1348//2230 1335//2230 1345//2230
f 1348//2231 1346//2231 1335//2231
f 1349//2232 1350//2233 1351//2234
f 1349//2235 1343//2235 1350//2235
f 1349//2236 1341//2236 1343//2236
f 1349//2237 1347//2237 1341//2237
f 1352//2238 1345//2238 1347//2238
f 1352//2239 1348//2239 1345//2239
f 1353//2240 1351//2241 1354//2242
f 1353//2243 1349//2243 1351//2243
f 1353//2244 1347//2244 1349//2244
f 1353//2245 1352//2245 1347//2245
f 1355//2246 1233//2246 1234//2246
f 1355//2247 1356//2247 1233//2247
f 1355//2248 1234//2248 1340//2248
f 1355//2249 1340//2249 1346//2249
f 1233//2250 1357//2250 926//2250
f 1355//2251 1346//2251 1348//2251
f 1233//2252 1358//2252 1357//2252
f 1233//2253 1356//2253 1358//2253
f 1359//2254 1355//2254 1348//2254
f 1359//2255 1356//2255 1355//2255
f 1360//2256 1359//2256 1348//2256
f 1360//2257 1356//2257 1359//2257
f 1360//2258 1348//2258 1352//2258
f 1361//2259 1352//2259 1353//2259
f 1361//2260 1356//2261 1360//2262
f 1362//2263 1363//2263 752//2263
f 1361//2264 1360//2264 1352//2264
f 1364//2265 1354//2265 1356//2265
f 1364//2266 1356//2261 1361//2260
f 1364//2267 1353//2267 1354//2267
f 1364//2268 1361//2268 1353//2268
f 1365//2269 1293//2269 1292//2269
f 1365//2270 1339//2270 1366//2270
f 1365//2271 1292//2271 1339//2271
f 1333//2272 1367//2272 1368//2272
f 1333//2273 1366//2273 1367//2273
f 1333//2274 1365//2274 1366//2274
f 1337//2275 1241//2275 1293//2275
f 1337//2276 1293//2276 1365//2276
f 1334//2277 1368//2277 1369//2277
f 1334//2278 1333//2278 1368//2278
f 1338//2279 1337//2279 1365//2279
f 1338//2280 1365//2280 1333//2280
f 1336//2281 1235//2281 1236//2281
f 1336//2282 1236//2283 1241//2284
f 1336//2282 1241//2284 1337//2285
f 1344//2286 1362//2286 1342//2286
f 1344//2287 1369//2287 1363//2287
f 1344//2288 1334//2288 1369//2288
f 1344//2289 1363//2289 1362//2289
f 1332//2290 1338//2290 1333//2290
f 903//2291 831//2291 833//2291
f 903//2292 902//1054 831//1055
f 1370//2293 833//2293 832//2293
f 1370//2294 903//2294 833//2294
f 1371//2295 832//2295 834//2295
f 1371//2296 1370//2296 832//2296
f 1372//2297 834//2297 835//2297
f 1372//2298 1371//2298 834//2298
f 1373//2299 1372//2300 835//2300
f 1374//2301 835//2302 836//2303
f 1374//2301 1373//2304 835//2302
f 1375//2305 836//2305 837//2305
f 1375//2306 1374//2306 836//2306
f 1376//2307 837//2307 765//2307
f 1376//2308 1375//2308 837//2308
f 767//2309 1376//2309 765//2309
f 1377//2310 1378//2310 1379//2310
f 1377//2311 1380//2311 1378//2311
f 1377//2312 1381//2312 1380//2312
f 1377//2313 1382//2313 1381//2313
f 1377//2314 1383//2314 1382//2314
f 1377//2315 1379//2315 1384//2315
f 1377//2316 1384//2316 1383//2316
f 1385//2317 1386//2317 1387//2317
f 1385//2318 905//2319 1388//2320
f 1385//2321 1389//2322 1386//2323
f 1385//2324 1388//2324 1389//2324
f 1390//2325 1385//2325 1387//2325
f 1390//2326 905//2319 1385//2318
f 1391//2327 1384//2327 905//2327
f 1391//2328 905//2328 1390//2328
f 1391//2329 1387//2330 1392//2331
f 1391//2332 1390//2332 1387//2332
f 1391//2329 1392//2331 1382//2333
f 1391//2334 1382//2334 1383//2334
f 1391//2335 1383//2335 1384//2335
f 1393//2336 1325//2336 1324//2336
f 1380//2337 1393//2337 1324//2337
f 1394//2338 1324//2339 1323//2340
f 1394//2338 1380//2341 1324//2339
f 1395//2342 1323//2343 1322//2344
f 1395//2342 1380//2345 1394//2346
f 1395//2342 1378//2347 1380//2345
f 1395//2342 1394//2346 1323//2343
f 1379//2348 907//2349 906//2349
f 1396//2350 1379//2351 1378//2352
f 1396//2353 907//2354 1379//2355
f 1396//2350 1378//2352 1395//2356
f 1397//2357 1322//2358 1321//2359
f 1397//2360 1321//2361 907//2354
f 1397//2360 907//2354 1396//2353
f 1397//2357 1395//2356 1322//2358
f 1397//2357 1396//2350 1395//2356
f 1398//2362 1399//2362 1000//2362
f 1398//2363 1400//2364 1399//2365
f 1401//2366 1402//2366 1400//2366
f 1401//2367 1403//2367 1402//2367
f 1401//2368 1400//2368 1398//2368
f 1386//2369 1401//2369 1398//2369
f 1389//2322 1401//2370 1386//2323
f 1388//2371 905//2371 904//2371
f 1388//2372 904//2373 1403//2374
f 1388//2375 1403//2375 1401//2375
f 1388//2376 1401//2376 1389//2376
f 1387//2377 1000//2377 999//2377
f 1387//2378 1398//2378 1000//2378
f 1387//2379 1386//2379 1398//2379
f 1404//2380 999//2380 1326//2380
f 1404//2381 1326//2381 1325//2381
f 1404//2382 1325//2382 1393//2382
f 1404//2383 1387//2383 999//2383
f 1404//2384 1392//2385 1387//2386
f 1381//2387 1393//2387 1380//2387
f 1381//2388 1404//2388 1393//2388
f 1381//2389 1392//2385 1404//2384
f 1381//2390 1382//2390 1392//2390
f 1384//2391 906//2391 905//2391
f 1384//2392 1379//2392 906//2392
f 1405//2393 752//2394 1363//2395
f 1405//2393 745//2395 752//2394
f 1406//2396 1363//2397 1369//2398
f 1406//2396 1405//2397 1363//2397
f 1407//2399 1369//2399 1368//2400
f 1407//2399 1406//2401 1369//2399
f 1408//2402 1368//2403 1367//2403
f 1408//2402 1407//2402 1368//2403
f 1409//2404 1367//2405 1366//2406
f 1409//2404 1408//2407 1367//2405
f 1410//2408 1366//2409 1339//2409
f 1410//2408 1409//2410 1366//2409
f 537//2411 1339//2411 925//2411
f 537//2411 1410//2412 1339//2411
f 1411//2413 927//1094 926//1093
f 1411//2413 926//1093 1357//2414
f 1412//2415 1357//2416 1358//2417
f 1412//2415 1411//2415 1357//2416
f 1413//2418 1358//2419 1356//2418
f 1413//2418 1412//2418 1358//2419
f 1414//2420 1356//2421 1354//2421
f 1414//2420 1413//2420 1356//2421
f 1415//2422 1354//2242 1351//2241
f 1415//2422 1414//2422 1354//2242
f 1416//2423 1351//2234 1350//2233
f 1416//2423 1415//2424 1351//2234
f 1417//2425 1350//2425 1343//2425
f 1417//2425 1416//2425 1350//2425
f 1418//2426 1343//2426 1342//2427
f 1418//2426 1417//2427 1343//2426
f 316//2428 1362//2429 752//2430
f 1419//2431 1342//2432 1362//2431
f 1419//2431 1418//2431 1342//2432
f 1419//2428 1362//2429 316//2428
f 328//2433 1419//2428 316//2428
f 761//2430 1419//2428 328//2433
f 1420//2434 1421//2434 1422//2434
f 1420//2435 892//2436 1423//2437
f 1420//2438 1424//2438 1425//2438
f 1420//2439 1425//2439 1426//2439
f 1420//2440 1423//2441 1424//2442
f 1420//2443 1426//2444 1421//2445
f 1420//2446 1422//2446 892//2446
f 1427//2447 929//2447 1428//2447
f 1427//2448 1429//2449 1430//2450
f 1427//2451 1431//2451 929//2451
f 1427//2452 1428//2452 1429//2452
f 1432//2453 1433//2454 1431//2455
f 1432//2456 1431//2456 1427//2456
f 1432//2457 1427//2448 1430//2450
f 1434//2458 1435//2458 1433//2458
f 1434//2459 1433//2454 1432//2453
f 1434//2459 1432//2453 1430//2460
f 1434//2461 1430//2461 1436//2461
f 1434//2462 1436//2462 1435//2462
f 1437//2463 1428//2463 929//2463
f 1437//2464 1430//2465 1429//2466
f 1437//2467 1429//2467 1428//2467
f 1438//2468 1430//2465 1437//2464
f 1438//2469 1436//2469 1430//2469
f 1438//2470 1439//2470 1436//2470
f 1440//2471 1438//2468 1437//2464
f 1441//2472 1438//2473 1440//2474
f 1441//2475 1439//2475 1438//2475
f 1442//2476 929//2476 927//2476
f 1442//2477 1440//2477 1437//2477
f 1442//2478 1441//2472 1440//2474
f 1442//2479 1437//2479 929//2479
f 1443//2480 889//2480 1444//2480
f 1443//2481 1445//2482 889//2483
f 1443//2484 1446//2485 1445//2486
f 1447//2487 1442//2487 927//2487
f 1448//2488 1449//2489 1447//2490
f 1450//2491 1451//2491 1452//2491
f 1450//2492 1453//2492 1451//2492
f 1450//2493 927//2493 1453//2493
f 1450//2494 1447//2494 927//2494
f 1450//2495 1448//2495 1447//2495
f 1454//2496 1449//2496 1448//2496
f 1455//2497 1452//2498 1456//2499
f 1455//2500 1450//2500 1452//2500
f 1455//2501 1448//2501 1450//2501
f 1455//2502 1454//2502 1448//2502
f 1457//2503 1456//2503 1458//2503
f 1457//2504 1455//2504 1456//2504
f 1457//2505 1458//2505 1459//2505
f 1457//2506 1449//2506 1454//2506
f 1457//2507 1459//2507 1449//2507
f 1457//2508 1454//2508 1455//2508
f 1460//2509 937//2510 935//2511
f 1460//2512 1461//2513 1462//2514
f 1460//2515 1463//2515 1461//2515
f 1460//2516 1464//2516 1465//2516
f 1460//2517 1466//2517 1464//2517
f 1460//2512 1462//2514 1466//2518
f 1460//2519 1465//2519 937//2519
f 1467//2520 1468//2520 1469//2520
f 1467//2521 1470//2522 1471//2523
f 1467//2524 935//2524 1468//2524
f 1467//2525 1463//2525 1460//2525
f 1467//2526 1471//2526 1463//2526
f 1467//2527 1460//2509 935//2511
f 1467//2528 1469//2528 1470//2528
f 1472//2529 1473//2530 1474//2531
f 1472//2532 1475//2532 1476//2532
f 1472//2533 1476//2533 1477//2533
f 1472//2534 1477//2535 1473//2536
f 1478//2537 1475//2537 1472//2537
f 1478//2538 1472//2529 1474//2531
f 1479//2539 1475//2539 1478//2539
f 1479//2540 1478//2540 1474//2540
f 1480//2541 1374//2541 1375//2541
f 1479//2542 1474//2542 1481//2542
f 1480//2543 1375//2543 1376//2543
f 1479//2544 1481//2544 1475//2544
f 1482//2545 1481//2545 1483//2545
f 1482//2546 1484//2547 1481//2548
f 1485//2549 1373//2549 1374//2549
f 1485//2550 1374//2550 1480//2550
f 1486//2551 1487//2551 1488//2551
f 1486//2552 1488//2552 1489//2552
f 1486//2553 1482//2553 1483//2553
f 1486//2554 1484//2554 1482//2554
f 1490//2555 1372//2555 1373//2555
f 1486//2556 1489//2556 1491//2556
f 1486//2557 1483//2557 1487//2557
f 1486//2558 1491//2558 1484//2558
f 1492//2559 1493//2559 1494//2559
f 1490//2560 1373//2560 1485//2560
f 1492//2561 1444//2561 1493//2561
f 1492//2562 1494//2562 1439//2562
f 1492//2563 1439//2563 1441//2563
f 1495//2564 1371//2564 1372//2564
f 1492//2565 1443//2565 1444//2565
f 1495//2566 1372//2566 1490//2566
f 1496//2567 1492//2567 1441//2567
f 1496//2568 1443//2568 1492//2568
f 1497//2569 903//2569 1370//2569
f 1497//2570 1370//2570 1371//2570
f 1498//2571 1442//2571 1446//2571
f 1498//2572 1496//2572 1441//2572
f 1497//2573 1371//2573 1495//2573
f 1498//2574 1443//2484 1496//2575
f 1498//2576 1441//2576 1442//2576
f 1465//2577 767//2577 766//2577
f 1498//2574 1446//2485 1443//2484
f 1499//2578 1446//2578 1442//2578
f 1465//2579 766//2579 937//2579
f 1499//2580 1500//2580 1446//2580
f 1501//2581 1500//2581 1499//2581
f 1501//2582 1499//2582 1442//2582
f 1464//2583 1376//2583 767//2583
f 1502//2584 1459//2584 1500//2584
f 1502//2585 1500//2585 1501//2585
f 1464//2586 1480//2586 1376//2586
f 1502//2587 1501//2588 1442//2587
f 1502//2587 1442//2587 1447//2589
f 1502//2590 1447//2490 1449//2489
f 1502//2591 1449//2591 1459//2591
f 1464//2592 767//2592 1465//2592
f 1466//2593 1480//2593 1464//2593
f 1462//2594 1480//2595 1466//2596
f 1462//2594 1485//2597 1480//2595
f 1503//2598 1490//2599 1485//2600
f 1503//2598 1485//2600 1462//2601
f 1504//2602 1495//2603 1490//2604
f 1504//2602 1490//2604 1503//2605
f 1505//2606 901//2606 903//2606
f 1505//2607 1495//2608 1504//2609
f 1505//2610 903//2610 1497//2610
f 1505//2607 1497//2611 1495//2608
f 1506//2612 896//2612 899//2612
f 1507//2613 892//2613 896//2613
f 1508//2614 889//2614 892//2614
f 1509//2615 901//2615 1505//2615
f 1509//2616 1505//2616 1504//2616
f 1510//2617 901//2617 1509//2617
f 1511//2618 1512//2618 1513//2618
f 1511//2619 1513//2619 1514//2619
f 1511//2620 1514//2621 901//2622
f 1511//2620 901//2622 1510//2623
f 1515//2624 1513//2624 1512//2624
f 1515//2625 1514//2625 1513//2625
f 1515//2626 1512//2626 1476//2626
f 1475//2627 1515//2627 1476//2627
f 1516//2628 1515//2628 1475//2628
f 1517//2629 901//2629 1514//2629
f 1517//2630 899//2630 901//2630
f 1517//2631 1514//2631 1515//2631
f 1517//2632 1515//2632 1516//2632
f 1481//2633 1516//2633 1475//2633
f 1481//2634 1517//2634 1516//2634
f 1487//2635 1518//2636 1519//2637
f 1520//2638 1488//2638 1487//2638
f 1520//2639 1489//2639 1488//2639
f 1520//2640 1487//2640 1519//2640
f 1520//2641 1519//2641 1521//2641
f 1491//2642 1520//2642 1521//2642
f 1491//2643 1489//2643 1520//2643
f 1491//2644 1506//2644 899//2644
f 1491//2645 1521//2646 1506//2647
f 1522//2648 1519//2637 1518//2636
f 1523//2649 1519//2650 1522//2651
f 1524//2652 1521//2652 1519//2652
f 1524//2653 1506//2647 1521//2646
f 1524//2654 1519//2654 1523//2654
f 1525//2655 1523//2649 1522//2651
f 1526//2656 1523//2656 1525//2656
f 1526//2657 1524//2657 1523//2657
f 1527//2658 1524//2659 1526//2660
f 1528//2661 1506//2661 1524//2661
f 1528//2662 896//2663 1506//2664
f 1528//2665 1524//2665 1527//2665
f 1529//2666 1530//2666 1531//2666
f 1532//2667 1529//2668 1531//2669
f 1532//2670 1533//2670 1534//2670
f 1532//2667 1534//2671 1529//2668
f 1535//2672 1536//2673 1533//2674
f 1535//2675 1532//2676 1531//2677
f 1535//2675 1533//2678 1532//2676
f 1535//2679 1531//2679 1537//2679
f 1535//2680 1537//2680 1507//2680
f 1538//2681 1507//2681 896//2681
f 1538//2682 1536//2682 1535//2682
f 1538//2683 1535//2683 1507//2683
f 1539//2684 1531//2684 1530//2684
f 1540//2685 1531//2686 1539//2687
f 1541//2688 1531//2689 1540//2690
f 1541//2691 1537//2691 1531//2691
f 1541//2692 1507//2692 1537//2692
f 1542//2693 1540//2685 1539//2687
f 1543//2694 1540//2694 1542//2694
f 1543//2695 1541//2688 1540//2690
f 1544//2696 1541//2697 1543//2698
f 1545//2699 892//2699 1507//2699
f 1545//2700 1507//2700 1541//2700
f 1545//2701 1541//2701 1544//2701
f 1435//2702 1436//2702 1546//2702
f 1547//2703 1425//2704 1435//2705
f 1547//2706 1426//2706 1425//2706
f 1547//2703 1435//2705 1546//2707
f 1422//2708 1508//2708 892//2708
f 1548//2709 1422//2709 1421//2709
f 1548//2710 1508//2710 1422//2710
f 1548//2711 1546//2711 1549//2711
f 1548//2712 1549//2712 1508//2712
f 1548//2713 1421//2445 1426//2444
f 1548//2714 1547//2715 1546//2716
f 1548//2714 1426//2717 1547//2715
f 1439//2718 1546//2718 1436//2718
f 1550//2719 1546//2719 1439//2719
f 1550//2720 1549//2720 1546//2720
f 1550//2721 1508//2721 1549//2721
f 1494//2722 1550//2722 1439//2722
f 1493//2723 1550//2723 1494//2723
f 1444//2724 1508//2724 1550//2724
f 1444//2725 1550//2725 1493//2725
f 1444//2726 889//2726 1508//2726
f 1551//2727 1446//2727 1500//2727
f 1445//2482 888//2728 889//2483
f 1445//2729 1446//2729 1551//2729
f 1552//2730 1553//2730 888//2730
f 1552//2731 1554//2731 1553//2731
f 1552//2732 1458//2732 1554//2732
f 1552//2733 1500//2733 1459//2733
f 1552//2734 1551//2734 1500//2734
f 1552//2735 1445//2735 1551//2735
f 1552//2736 888//2736 1445//2736
f 1552//2737 1459//2737 1458//2737
f 1461//2738 1510//2738 1509//2738
f 1461//2739 1509//2740 1504//2741
f 1461//2739 1504//2741 1503//2742
f 1461//2743 1503//2743 1462//2743
f 1463//2744 1510//2744 1461//2744
f 1471//2523 1470//2522 1555//2745
f 1471//2746 1510//2746 1463//2746
f 1471//2747 1512//2747 1511//2747
f 1471//2748 1511//2748 1510//2748
f 1471//2749 1555//2749 1512//2749
f 1556//2750 1469//2750 1468//2750
f 1556//2751 1468//2751 935//2751
f 1556//2752 1470//2752 1469//2752
f 1557//2753 1555//2753 1470//2753
f 1557//2754 1470//2754 1556//2754
f 1558//2755 1557//2755 1556//2755
f 1559//2756 1557//2756 1558//2756
f 1560//2757 1555//2757 1557//2757
f 1560//2758 1557//2758 1559//2758
f 1560//2759 1476//2759 1512//2759
f 1560//2760 1512//2760 1555//2760
f 1473//2761 1556//2761 935//2761
f 1473//2762 1558//2762 1556//2762
f 1477//2763 1559//2763 1558//2763
f 1477//2764 1560//2764 1559//2764
f 1477//2765 1476//2765 1560//2765
f 1477//2535 1558//2766 1473//2536
f 1474//2767 935//2767 933//2767
f 1474//2768 1473//2768 935//2768
f 1483//2769 1481//2769 1474//2769
f 1483//2770 1474//2771 1561//2772
f 1562//2773 1563//2773 1564//2773
f 1562//2774 1564//2775 1565//2776
f 1562//2777 933//2777 1563//2777
f 1562//2778 1474//2778 933//2778
f 1562//2779 1561//2779 1474//2779
f 1566//2780 1562//2774 1565//2776
f 1566//2781 1565//2781 1518//2781
f 1566//2782 1487//2782 1483//2782
f 1566//2783 1483//2770 1561//2772
f 1566//2780 1561//2784 1562//2774
f 1566//2785 1518//2785 1487//2785
f 1484//2547 1517//2786 1481//2548
f 1484//2787 1491//2787 899//2787
f 1484//2788 899//2788 1517//2788
f 1567//2789 1564//2789 1563//2789
f 1567//2790 1565//2790 1564//2790
f 1567//2791 1563//2791 933//2791
f 1568//2792 1522//2793 1518//2794
f 1568//2792 1518//2794 1565//2795
f 1568//2796 1565//2796 1567//2796
f 1568//2797 1567//2797 1569//2797
f 1570//2798 933//2799 931//2800
f 1570//2801 1567//2801 933//2801
f 1570//2802 1569//2802 1567//2802
f 1571//2803 1572//2803 1525//2803
f 1571//2804 1522//2804 1568//2804
f 1571//2805 1525//2805 1522//2805
f 1571//2806 1570//2806 1572//2806
f 1571//2807 1568//2808 1569//2809
f 1571//2807 1569//2809 1570//2810
f 1573//2811 1534//2811 1572//2811
f 1573//2812 1529//2812 1534//2812
f 1573//2813 931//2813 1574//2813
f 1573//2814 1570//2798 931//2800
f 1573//2815 1572//2815 1570//2815
f 1575//2816 1526//2816 1525//2816
f 1575//2817 1525//2817 1572//2817
f 1575//2818 1527//2658 1526//2660
f 1575//2663 896//2663 1528//2662
f 1575//2819 1528//2819 1527//2819
f 1576//2820 896//2663 1575//2663
f 1576//2821 1575//2821 1572//2821
f 1577//2822 896//2822 1576//2822
f 1577//2823 1572//2823 1534//2823
f 1577//2824 1533//2674 1536//2673
f 1577//2825 1534//2825 1533//2825
f 1577//2826 1576//2826 1572//2826
f 1577//2827 1538//2827 896//2827
f 1577//2828 1536//2828 1538//2828
f 1578//2829 1573//2829 1574//2829
f 1578//2830 1529//2831 1573//2832
f 1578//2833 1579//2833 1580//2833
f 1578//2830 1530//2834 1529//2831
f 1578//2835 1580//2835 1530//2835
f 1578//2836 1574//2836 1579//2836
f 1581//2457 1580//2457 1579//2457
f 1581//2837 1574//2837 931//2837
f 1581//2838 1579//2838 1574//2838
f 1582//2839 1581//2839 1583//2839
f 1582//2840 1580//2840 1581//2840
f 1582//2841 1530//2842 1580//2843
f 1582//2841 1539//2844 1530//2842
f 1584//2845 931//2846 929//2847
f 1584//2848 1581//2848 931//2848
f 1584//2849 1583//2849 1581//2849
f 1585//2850 1539//2850 1582//2850
f 1585//2851 1584//2851 1424//2851
f 1585//2852 1583//2853 1584//2854
f 1585//2852 1582//2855 1583//2853
f 1585//2856 1424//2856 1542//2856
f 1585//2857 1542//2857 1539//2857
f 1586//2858 1542//2858 1424//2858
f 1586//2859 1543//2859 1542//2859
f 1586//2860 892//2860 1545//2860
f 1586//2861 1544//2696 1543//2698
f 1586//2862 1545//2862 1544//2862
f 1431//2863 1584//2845 929//2847
f 1431//2864 1424//2864 1584//2864
f 1423//2437 892//2436 1586//2865
f 1423//2441 1586//2866 1424//2442
f 1433//2867 1424//2867 1431//2867
f 1433//2868 1425//2868 1424//2868
f 1433//2869 1435//2869 1425//2869
f 900//2870 898//2871 1587//2872
f 1399//2873 1006//2873 1000//2873
f 1588//2874 1589//2875 1007//2876
f 1588//2877 1007//2878 1006//2879
f 1588//2877 1006//2879 1399//2880
f 1590//2881 1399//2365 1400//2364
f 1590//2882 1591//2883 1589//2884
f 1590//2885 1588//2886 1399//2887
f 1590//2885 1589//2888 1588//2886
f 1592//2889 1400//2889 1402//2889
f 1592//2890 1587//2890 1591//2890
f 1592//2891 1591//2891 1590//2891
f 1592//2892 1590//2892 1400//2892
f 1593//2893 1402//2893 1403//2893
f 1593//2894 1403//2374 904//2373
f 1593//2894 904//2373 900//2895
f 1593//2896 900//2870 1587//2872
f 1593//2897 1587//2897 1592//2897
f 1593//2898 1592//2898 1402//2898
f 1594//2899 1595//2899 1596//2899
f 1597//2900 1409//2900 1410//2900
f 1597//2901 536//2901 538//2901
f 1597//2902 538//2902 1598//2902
f 1597//2903 1598//2903 1595//2903
f 1597//2904 1410//2904 536//2904
f 1599//2905 1600//2905 1601//2905
f 1599//2906 1594//2906 1600//2906
f 1602//2907 1408//2907 1409//2907
f 1602//2908 1409//2908 1597//2908
f 1602//2909 1595//2909 1594//2909
f 1602//2910 1597//2910 1595//2910
f 1603//2911 1604//2911 1605//2911
f 1603//2912 1606//2912 1604//2912
f 1603//2913 1601//2913 1606//2913
f 1603//2914 1599//2914 1601//2914
f 1607//2915 1406//2915 1407//2915
f 1607//2916 1407//2917 1408//2918
f 1607//2916 1408//2918 1602//2919
f 1607//2920 1594//2920 1599//2920
f 1607//2921 1602//2921 1594//2921
f 1608//2922 1405//2922 1406//2922
f 1608//2923 1605//2923 1609//2923
f 1608//2924 1603//2924 1605//2924
f 1608//2925 1609//2925 1405//2925
f 1608//2926 1406//2926 1607//2926
f 1608//2927 1599//2927 1603//2927
f 1608//2928 1607//2928 1599//2928
f 1610//2929 478//2929 456//2929
f 1610//2930 1611//2930 1612//2930
f 1610//2931 1612//2932 1613//2932
f 1610//2933 1613//2933 478//2933
f 1614//2934 456//2934 1615//2934
f 1614//2935 1610//2935 456//2935
f 1614//2936 1616//2936 1611//2936
f 1614//2937 1615//2937 1617//2937
f 1614//2938 1617//2938 1616//2938
f 1614//2939 1611//2939 1610//2939
f 1410//2940 537//2940 536//2940
f 745//2941 1405//2941 1609//2941
f 1613//2942 497//2942 478//2942
f 1618//2943 508//2943 497//2943
f 1618//2944 1613//2944 1612//2944
f 1618//2945 497//2945 1613//2945
f 1596//2946 1612//2946 1611//2946
f 1596//2947 1618//2947 1612//2947
f 1598//2948 538//2948 513//2948
f 1598//2949 513//2949 508//2949
f 1598//2950 508//2950 1618//2950
f 1617//2951 1615//2951 1619//2951
f 1600//2952 1596//2952 1611//2952
f 1600//2953 1611//2953 1616//2953
f 1595//2954 1618//2954 1596//2954
f 1595//2955 1598//2955 1618//2955
f 1601//2956 1619//2956 1606//2956
f 1601//2957 1600//2957 1616//2957
f 1601//2958 1617//2958 1619//2958
f 1601//2959 1616//2959 1617//2959
f 1594//2960 1596//2960 1600//2960
f 1620//2961 1415//2424 1416//2423
f 1620//2962 1416//2962 1417//2962
f 1620//2963 1417//2963 1621//2963
f 1419//2964 761//2964 1622//2964
f 1623//2965 1624//2965 1625//2965
f 1623//2966 1625//2966 1626//2966
f 1627//2967 1620//2967 1621//2967
f 1627//2968 1621//2968 1624//2968
f 1628//2969 1554//2969 1458//2969
f 1628//2970 1626//2970 1554//2970
f 1628//2971 1623//2971 1626//2971
f 1629//2972 1627//2972 1624//2972
f 1629//2973 1624//2973 1623//2973
f 1630//2974 1414//2422 1415//2422
f 1630//2975 1415//2975 1620//2975
f 1630//2976 1620//2976 1627//2976
f 1631//2977 1629//2977 1623//2977
f 1631//2978 1623//2978 1628//2978
f 1632//2979 1627//2979 1629//2979
f 1632//2980 1630//2980 1627//2980
f 1633//2981 1458//2982 1456//2983
f 1633//2984 1456//2499 1452//2498
f 1633//2981 1628//2985 1458//2982
f 1553//2986 1634//2986 888//2986
f 1633//2987 1631//2987 1628//2987
f 1635//2988 1629//2988 1631//2988
f 1635//2989 1632//2989 1629//2989
f 1636//2990 1635//2990 1631//2990
f 1636//2991 1633//2992 1452//2993
f 1636//2991 1631//2994 1633//2992
f 1637//2995 1452//2995 1451//2995
f 1637//2996 1636//2996 1452//2996
f 1638//2997 1413//2997 1414//2997
f 1638//2998 1414//2998 1630//2998
f 1639//2999 1638//2999 1630//2999
f 1639//3000 1630//3000 1632//3000
f 1639//3001 1413//3002 1638//3003
f 1640//3004 1639//3004 1632//3004
f 1640//3005 1413//3002 1639//3001
f 1640//3006 1632//3006 1635//3006
f 1641//3007 1640//3007 1635//3007
f 1641//3008 1413//3008 1640//3008
f 1642//3009 1637//3009 1451//3009
f 1642//3010 1636//3010 1637//3010
f 1642//3011 1451//3011 1453//3011
f 1642//3012 1413//3012 1641//3012
f 1642//3013 1635//3013 1636//3013
f 1642//3014 1641//3014 1635//3014
f 1642//3015 1453//3015 1413//3015
f 1411//3016 1453//3016 927//3016
f 1412//3017 1453//3017 1411//3017
f 1413//3018 1453//3018 1412//3018
f 1643//3019 1418//3019 1419//3019
f 1643//3020 1622//3020 1644//3020
f 1643//3021 1419//3021 1622//3021
f 1645//3022 1644//3022 1646//3022
f 1645//3023 1643//3023 1644//3023
f 1625//3024 1647//3024 1648//3024
f 1625//3025 1646//3025 1647//3025
f 1625//3026 1645//3026 1646//3026
f 1621//3027 1417//3027 1418//3027
f 1621//3028 1643//3028 1645//3028
f 1621//3029 1418//3029 1643//3029
f 1626//3030 1553//3030 1554//3030
f 1626//3031 1648//3031 1634//3031
f 1626//3032 1625//3032 1648//3032
f 1626//3033 1634//3033 1553//3033
f 1624//3034 1621//3034 1645//3034
f 1624//3035 1645//3035 1625//3035
f 1022//3036 1649//3036 1026//3036
f 1022//3037 1650//3037 1649//3037
f 895//3038 894//3039 1651//3040
f 1652//3041 1022//3041 1020//3041
f 1653//3042 1652//3042 1020//3042
f 1653//3043 1650//3043 1022//3043
f 1653//3044 1022//3044 1652//3044
f 1654//3045 1655//3045 1650//3045
f 1654//3046 1650//3046 1653//3046
f 1656//3047 1651//3048 1655//3049
f 1656//3050 1655//3050 1654//3050
f 1656//3051 895//3052 1651//3053
f 1657//3054 1007//2876 1589//2875
f 1657//3055 1020//1336 1007//1338
f 1658//3056 1589//2884 1591//2883
f 1658//3057 1653//3057 1020//3057
f 1658//3058 1020//3058 1657//3058
f 1658//3059 1657//3059 1589//3059
f 1659//3060 1591//3060 1587//3060
f 1659//3061 1658//3061 1591//3061
f 1659//3062 1654//3062 1653//3062
f 1659//3063 1653//3063 1658//3063
f 1660//3064 1587//3064 898//3064
f 1660//3065 897//3066 895//3052
f 1660//3065 898//3067 897//3066
f 1660//3068 1659//3069 1587//3070
f 1660//3068 1654//3071 1659//3069
f 1660//3065 895//3052 1656//3051
f 1660//3072 1656//3072 1654//3072
f 1609//3073 751//3074 745//3075
f 1661//3076 1609//3077 1605//3078
f 1661//3075 753//3075 755//3073
f 1661//3075 755//3073 751//3074
f 1661//3075 751//3074 1609//3073
f 1662//3079 1661//3076 1605//3078
f 1663//3080 1605//3081 1604//3082
f 1663//3080 1662//3083 1605//3081
f 1664//3084 1604//3085 1606//3086
f 1664//3084 1663//3086 1604//3085
f 1665//3087 1606//3088 1619//3088
f 1665//3087 1664//3088 1606//3088
f 1666//3089 1619//3090 1615//3091
f 1666//3089 1665//3092 1619//3090
f 454//3093 1615//3093 456//3094
f 454//3093 1666//3093 1615//3093
f 1667//3095 888//3095 1634//3095
f 1667//3095 886//3095 888//3095
f 1668//3096 1634//3097 1648//3097
f 1668//3096 1667//3096 1634//3097
f 1669//3098 1648//3098 1647//3099
f 1669//3098 1668//3099 1648//3098
f 1670//3100 1647//3101 1646//3101
f 1670//3100 1669//3100 1647//3101
f 1671//3102 1646//3103 1644//3104
f 1671//3102 1670//3102 1646//3103
f 1672//3105 1644//3106 1622//3107
f 1672//3105 1671//3108 1644//3106
f 753//3109 1622//3110 761//3111
f 753//3109 1672//3109 1622//3110
f 1033//3112 1673//3112 561//3112
f 1649//3113 1046//3113 1026//3113
f 893//3114 891//3114 1674//3114
f 1675//3115 1033//3115 1046//3115
f 1675//3116 1673//3116 1033//3116
f 1676//3117 1649//3117 1650//3117
f 1676//3118 1677//3118 1673//3118
f 1676//3119 1675//3120 1046//3121
f 1676//3122 1046//3122 1649//3122
f 1676//3119 1673//3123 1675//3120
f 1678//3124 1650//3124 1655//3124
f 1678//3125 1679//3125 1677//3125
f 1678//3126 1680//3126 1679//3126
f 1678//3127 1677//3127 1676//3127
f 1678//3128 1676//3128 1650//3128
f 1681//3129 1682//3129 1680//3129
f 1681//3130 1680//3130 1678//3130
f 1681//3131 1678//3131 1655//3131
f 1683//3132 1655//3049 1651//3048
f 1683//3133 1651//3040 894//3039
f 1683//3134 894//3134 893//3134
f 1683//3135 1674//3135 1682//3135
f 1683//3136 1681//3136 1655//3136
f 1683//3137 1682//3137 1681//3137
f 1683//3138 893//3138 1674//3138
f 1684//3139 1685//3139 1686//3139
f 1687//3140 1671//3140 1672//3140
f 1687//3141 1661//3141 1662//3141
f 1687//3142 1662//3142 1688//3142
f 1687//3143 1688//3143 1685//3143
f 1687//3144 1672//3144 1661//3144
f 1689//3145 1690//3145 1691//3145
f 1689//3146 1684//3146 1690//3146
f 1692//3147 1670//3147 1671//3147
f 1692//3148 1671//3148 1687//3148
f 1692//3149 1685//3149 1684//3149
f 1692//3150 1687//3150 1685//3150
f 1693//3151 1694//3151 1695//3151
f 1693//3152 1696//3152 1694//3152
f 1693//3153 1691//3153 1696//3153
f 1693//3154 1689//3154 1691//3154
f 1697//3155 1668//3155 1669//3155
f 1697//3156 1669//3157 1670//3158
f 1697//3156 1670//3158 1692//3159
f 1697//3160 1684//3160 1689//3160
f 1697//3161 1692//3161 1684//3161
f 1698//3162 1667//3162 1668//3162
f 1698//3163 1695//3163 1699//3163
f 1698//3164 1693//3164 1695//3164
f 1698//3165 1699//3165 1667//3165
f 1698//3166 1668//3166 1697//3166
f 1698//3167 1689//3167 1693//3167
f 1698//3168 1697//3168 1689//3168
f 1700//3169 1666//3169 454//3169
f 1700//3170 1701//3170 1702//3170
f 1700//3171 1702//3171 1703//3171
f 1700//3172 1703//3172 1666//3172
f 1704//3173 454//3173 1705//3173
f 1704//3174 1700//3174 454//3174
f 1704//3175 1705//3175 1706//3175
f 1704//3176 1707//3176 1701//3176
f 1704//3177 1706//3178 1707//3177
f 1704//3179 1701//3179 1700//3179
f 1672//3180 753//3180 1661//3180
f 886//3181 1667//3181 1699//3181
f 1703//3182 1665//3182 1666//3182
f 1708//3183 1664//3183 1665//3183
f 1708//3184 1703//3184 1702//3184
f 1708//3185 1665//3185 1703//3185
f 1686//3186 1702//3186 1701//3186
f 1686//3187 1708//3187 1702//3187
f 1688//3188 1662//3188 1663//3188
f 1688//3189 1663//3189 1664//3189
f 1688//3190 1664//3190 1708//3190
f 1706//3191 1705//3191 1709//3191
f 1690//3192 1686//3192 1701//3192
f 1690//3193 1701//3193 1707//3193
f 1685//3194 1688//3194 1708//3194
f 1685//3195 1708//3195 1686//3195
f 1691//3196 1709//3196 1696//3196
f 1691//3197 1690//3197 1707//3197
f 1691//3198 1706//3198 1709//3198
f 1691//3199 1707//3199 1706//3199
f 1684//3200 1686//3200 1690//3200
f 1677//3201 1710//3201 1711//3201
f 1712//3202 1713//3202 1714//3202
f 1712//3203 1715//3203 1716//3203
f 1712//3204 1714//3204 1715//3204
f 1705//3205 454//3206 453//3207
f 1677//3208 1711//3208 1673//3208
f 1712//3209 1717//3210 1713//3210
f 1679//3211 1718//3211 1710//3211
f 1679//3212 1719//3212 1718//3212
f 452//3213 1705//3205 453//3207
f 1720//3214 1721//3215 1722//3216
f 1679//3217 1723//3217 1719//3217
f 1720//3218 890//3218 1721//3218
f 1720//3219 1713//3219 1717//3219
f 1720//3214 1722//3216 1713//3220
f 1679//3221 1710//3221 1677//3221
f 1724//3222 890//3222 1720//3222
f 1725//3223 1726//3224 1727//3225
f 1680//3226 1728//3226 1723//3226
f 1680//3227 1729//3227 1728//3227
f 1730//3228 452//3228 451//3228
f 1731//3229 890//3229 1724//3229
f 1680//3230 1723//3230 1679//3230
f 1725//3231 1727//3231 1732//3231
f 1733//3232 890//3233 1731//3234
f 1733//3235 1731//3236 1724//3237
f 1733//3238 1717//3239 1712//3240
f 1734//3241 1735//3242 1726//3243
f 1736//3244 1709//3244 1705//3244
f 1733//3245 1720//3245 1717//3245
f 1736//3246 1705//3246 452//3246
f 1733//3235 1724//3237 1720//3247
f 1736//3248 452//3248 1730//3248
f 1737//3249 890//3233 1733//3232
f 1734//3250 1726//3224 1725//3223
f 1737//3251 1716//3252 1729//3253
f 1737//3254 1680//3254 1682//3254
f 1737//3255 1682//3255 1674//3255
f 1737//3256 1674//3256 891//3256
f 1737//3257 891//3257 890//3257
f 1737//3258 1733//3238 1712//3240
f 1737//3259 1729//3259 1680//3259
f 1737//3251 1712//3260 1716//3252
f 1738//3261 564//3262 563//3263
f 562//3264 1738//3261 563//3263
f 1739//3265 1709//3265 1736//3265
f 1740//3266 1741//3267 1735//3268
f 1742//3269 1694//3269 1743//3269
f 1742//3270 1744//3270 1745//3270
f 1742//3271 1743//3271 1744//3271
f 1742//3272 887//3272 886//3272
f 1742//3273 886//3273 1699//3273
f 1740//3274 1735//3242 1734//3241
f 1742//3275 1699//3275 1695//3275
f 1742//3276 1695//3276 1694//3276
f 1746//3277 1747//3277 1748//3277
f 1749//3278 1696//3279 1709//3280
f 1746//3281 1750//3281 1747//3281
f 1751//3282 1752//3282 1741//3282
f 1746//3283 1745//3283 1750//3283
f 1749//3284 1709//3284 1739//3284
f 1746//3285 1742//3285 1745//3285
f 1751//3286 1741//3267 1740//3266
f 1753//3287 466//3288 465//3288
f 1753//3287 462//3289 466//3288
f 1754//3290 1696//3279 1749//3278
f 1743//3291 1696//3291 1754//3291
f 1743//3292 1694//3292 1696//3292
f 1755//3293 1756//3293 1757//3293
f 1755//3294 1748//3294 1756//3294
f 1755//3295 1746//3295 1748//3295
f 1758//3296 465//3296 464//3296
f 1758//3297 1753//3297 465//3297
f 1755//3298 1759//3299 1760//3300
f 1755//3298 1760//3300 1746//3301
f 1761//3302 1742//3302 1746//3302
f 1761//3303 887//3303 1742//3303
f 1761//3304 1760//3305 1759//3306
f 1761//3304 1746//3307 1760//3305
f 1762//3308 887//3308 1761//3308
f 1673//3309 1711//3309 1738//3309
f 1673//3310 562//3264 561//3311
f 1673//3310 1738//3261 562//3264
f 1763//3312 887//3312 1762//3312
f 1764//3313 887//3313 1763//3313
f 1765//3314 1761//3315 1759//3316
f 1765//3317 1762//3318 1761//3319
f 1765//3317 1764//3320 1763//3321
f 1765//3317 1763//3321 1762//3318
f 1765//3314 1759//3316 1755//3322
f 1766//3323 1767//3323 1752//3323
f 1766//3324 1768//3324 1767//3324
f 1766//3325 1757//3325 1768//3325
f 1732//3326 1727//3326 1753//3326
f 1766//3327 1765//3314 1755//3322
f 1732//3328 1753//3328 1758//3328
f 1766//3329 1755//3329 1757//3329
f 1722//3330 1769//3330 1770//3330
f 1722//3331 1771//3331 1769//3331
f 1722//3332 1751//3332 1771//3332
f 1722//3333 1752//3333 1751//3333
f 1722//3334 1766//3334 1752//3334
f 1772//3335 887//3335 1764//3335
f 1772//3336 1764//3336 1765//3336
f 1772//3337 890//3337 887//3337
f 1772//3338 1765//3338 1766//3338
f 1773//3339 1772//3339 1766//3339
f 1773//3340 890//3341 1772//3342
f 1721//3215 1766//3343 1722//3216
f 1721//3344 1773//3344 1766//3344
f 1721//3345 890//3341 1773//3340
f 1713//3346 1722//3346 1770//3346
f 1713//3347 1774//3347 1714//3347
f 1713//3348 1770//3348 1774//3348
f 751//118 755//118 1775//118
f 751//118 1775//118 1776//115
f 584//3349 374//3350 730//3351
f 583//3352 374//3350 584//3349
f 600//3353 374//3350 583//3352
f 599//3353 377//3354 374//3350
f 599//3353 374//3350 600//3353
f 721//3355 584//3356 730//3357
f 616//3350 377//3354 599//3353
f 713//3358 584//3356 721//3355
f 615//3359 377//3354 616//3350
f 760//3360 377//3354 615//3359
f 679//3361 600//3361 583//3362
f 679//3361 583//3362 684//3362
f 718//3363 713//3364 721//3365
f 647//3366 616//3362 599//3361
f 647//3366 599//3361 652//3367
f 712//3368 713//3364 718//3363
f 759//3369 615//3370 628//3371
f 759//3369 760//3372 615//3370
f 678//3373 679//3374 684//3375
f 678//3373 684//3375 683//3376
f 646//3377 647//3378 652//3379
f 646//3377 652//3379 651//3380
f 711//3381 718//3381 719//3382
f 711//3381 712//3383 718//3381
f 627//3384 759//3385 628//3386
f 758//3387 759//3385 627//3384
f 677//3388 678//3389 683//3389
f 677//3388 683//3389 682//3389
f 645//3390 646//3391 651//3389
f 645//3390 651//3389 650//3392
f 710//3393 719//3394 742//3395
f 710//3393 711//3396 719//3394
f 626//3397 758//3397 627//3397
f 757//3398 758//3398 626//3398
f 676//3399 682//3400 681//3400
f 676//3399 677//3401 682//3400
f 644//3402 645//3403 650//3400
f 644//3402 650//3400 649//3404
f 709//3405 742//3406 738//3407
f 709//3405 710//3408 742//3406
f 625//3409 757//3409 626//3409
f 756//3410 757//3410 625//3410
f 675//3411 681//3412 680//3412
f 675//3411 676//3413 681//3412
f 643//3414 649//3414 648//3415
f 643//3414 644//3414 649//3414
f 582//3416 709//3417 738//3418
f 582//3416 738//3418 734//3419
f 598//3420 675//3420 680//3420
f 598//3420 680//3420 581//3420
f 754//3421 756//3421 624//3421
f 731//3422 582//3423 734//3424
f 731//3422 598//3425 581//3426
f 731//3422 581//3426 582//3423
f 614//3427 643//3428 648//3420
f 614//3427 648//3420 597//3420
f 755//3429 613//3429 614//3429
f 755//3430 754//3430 613//3430
f 1775//3431 614//3431 597//3432
f 1775//3433 755//3433 614//3433
f 1775//3434 598//3425 731//3422
f 1775//3431 597//3432 598//3432
f 579//3435 731//3436 727//3437
f 580//3438 731//3436 579//3435
f 595//3439 731//3436 580//3438
f 1776//3440 1775//3440 731//3440
f 1776//3441 731//3436 595//3439
f 596//3442 1776//3443 595//3444
f 725//3445 579//3446 727//3447
f 611//3448 1776//3443 596//3442
f 708//3449 579//3446 725//3445
f 751//3450 1776//3450 611//3450
f 751//3451 611//3451 612//3451
f 689//3452 580//3453 694//3454
f 689//3452 595//3455 580//3453
f 724//3456 708//3457 725//3458
f 657//3453 611//3459 596//3460
f 657//3453 596//3460 662//3460
f 706//3461 708//3457 724//3456
f 749//3462 751//3462 612//3462
f 687//3463 694//3464 692//3465
f 687//3463 689//3463 694//3464
f 723//3466 706//3467 724//3468
f 655//3469 662//3463 660//3463
f 655//3469 657//3465 662//3463
f 705//3470 706//3467 723//3466
f 747//3471 749//3471 633//3471
f 686//3472 692//3473 691//3473
f 686//3472 687//3474 692//3473
f 722//3475 705//3476 723//3477
f 654//3473 660//3474 659//3474
f 654//3473 655//3473 660//3474
f 704//3478 705//3476 722//3475
f 746//3479 747//3479 631//3479
f 746//3480 631//3480 630//3480
f 685//3481 686//3482 691//3483
f 685//3481 691//3483 690//3484
f 653//3482 654//3481 659//3482
f 653//3482 659//3482 658//3482
f 707//3485 722//3486 726//3487
f 707//3485 704//3488 722//3486
f 744//3489 630//3489 629//3489
f 744//3490 746//3490 630//3490
f 688//3491 690//3492 693//3493
f 688//3491 685//3494 690//3492
f 656//3495 653//3496 658//3497
f 656//3495 658//3497 661//3498
f 577//3499 726//3500 729//3501
f 577//3499 707//3502 726//3500
f 748//3503 629//3504 632//3505
f 748//3503 744//3506 629//3504
f 593//3507 688//3507 693//3507
f 593//3507 693//3507 578//3507
f 260//3508 578//3509 577//3510
f 260//3508 577//3510 729//3511
f 260//3508 593//3512 578//3509
f 609//3513 656//3514 661//3515
f 609//3513 661//3515 594//3516
f 610//3517 748//3518 632//3519
f 750//3520 748//3518 610//3517
f 265//3521 593//3512 260//3508
f 265//3521 609//3522 594//3512
f 265//3521 750//3523 610//3524
f 265//3521 594//3512 593//3512
f 265//3521 610//3524 609//3522
f 633//3525 631//3525 747//3525
f 612//3526 633//3526 749//3526
f 624//3527 613//3527 754//3527
f 625//3528 624//3528 756//3528
f 316//863 323//863 328//863
f 316//863 318//122 323//863
f 669//3529 670//3530 672//3530
f 667//3531 668//3532 664//3533
f 664//3533 668//3532 665//3534
f 672//3530 670//3530 673//3535
f 700//3536 574//3537 697//3538
f 255//3539 256//3539 736//3539
f 573//3540 574//3540 720//3540
f 576//3541 741//3541 736//3541
f 1777//3542 1778//3543 619//3544
f 619//3544 1778//3543 621//3545
f 736//3546 575//3547 576//3548
f 700//3536 589//3549 574//3537
f 637//3535 638//3530 640//3550
f 635//3551 1779//3551 636//3551
f 736//3546 592//3552 575//3547
f 640//3550 638//3530 641//3553
f 1780//3554 1779//3554 635//3554
f 736//3546 591//3546 592//3552
f 668//3555 590//3556 665//3557
f 736//3546 1781//3558 591//3546
f 256//3539 1781//3559 736//3539
f 716//3560 737//3560 740//3560
f 574//3561 728//3561 720//3561
f 589//3562 728//3563 574//3563
f 1778//3564 622//3564 621//3564
f 1781//3558 608//3565 591//3546
f 668//3555 605//3566 590//3556
f 670//3567 671//3568 673//3569
f 1779//3570 606//3570 636//3570
f 701//3571 743//3571 741//3571
f 673//3569 671//3568 674//3572
f 606//3540 1782//3540 605//3540
f 1779//3573 1782//3573 606//3573
f 1781//3558 607//3574 608//3565
f 592//3575 698//3576 575//3577
f 728//213 1783//213 732//213
f 589//3562 1783//3578 728//3563
f 590//3579 1783//3578 589//3562
f 605//3563 1783//3578 590//3579
f 575//3577 698//3576 695//3580
f 1778//3581 1784//3581 622//3581
f 1782//3582 1783//3582 605//3582
f 638//3583 639//3583 641//3584
f 641//3584 639//3583 642//3585
f 732//3586 587//3586 735//3586
f 735//3587 587//3587 588//3587
f 1781//3588 1785//3588 607//3588
f 671//3589 585//3590 674//3590
f 1783//213 1786//213 732//213
f 608//3591 666//3592 591//3593
f 1786//3594 604//3595 732//3596
f 732//3596 604//3595 587//3597
f 591//3593 666//3592 663//3593
f 586//3598 733//3598 737//3598
f 588//3599 739//3600 735//3601
f 585//3602 733//3603 586//3604
f 1786//3594 603//3605 604//3595
f 671//3589 602//3606 585//3590
f 585//3602 602//3602 733//3603
f 698//3607 699//3608 695//3609
f 639//3590 601//3590 642//3590
f 588//3599 714//3610 739//3600
f 695//3609 699//3608 696//3607
f 702//3611 717//3611 743//3611
f 1786//3594 620//3612 603//3605
f 639//3590 618//3613 601//3590
f 1784//3614 1787//3614 623//3614
f 702//3615 703//3615 717//3615
f 1786//3616 1777//3616 620//3616
f 620//3617 1777//3617 619//3617
f 666//3609 667//3608 663//3618
f 733//3619 1788//3619 181//3619
f 617//3620 1788//3621 618//3622
f 601//3623 1788//3621 602//3602
f 587//3624 669//3624 672//3624
f 602//3602 1788//3621 733//3603
f 663//3618 667//3608 664//3625
f 618//3622 1788//3621 601//3623
f 604//3624 669//3624 587//3624
f 1787//3626 1788//3626 617//3626
f 1788//3619 182//3619 181//3619
f 623//3627 622//3627 1784//3627
f 617//3628 623//3628 1787//3628
f 1785//3629 1780//3629 634//3629
f 634//3630 607//3630 1785//3630
f 635//3631 634//3631 1780//3631
f 576//3632 701//3632 741//3632
f 701//3633 702//3633 743//3633
f 715//3634 716//3634 740//3634
f 716//3635 586//3635 737//3635
f 714//3636 715//3636 739//3636
f 699//3637 700//3638 696//3639
f 715//3640 740//3640 739//3640
f 696//3639 700//3638 697//3637
f 603//3641 637//3641 640//3641
f 620//3641 637//3641 603//3641
f 717//3642 573//3642 720//3642
f 703//3643 573//3643 717//3643
f 250//89 226//108 186//75
f 1781//97 256//90 253//3644
f 203//89 186//75 185//103
f 203//89 185//103 235//83
f 203//89 235//83 224//3645
f 203//89 224//3645 221//108
f 236//3646 203//89 205//89
f 1782//85 253//3644 250//89
f 1782//85 1779//100 1780//90
f 1782//85 1780//90 1785//3647
f 1782//85 1785//3647 1781//97
f 1782//85 1781//97 253//3644
f 1788//83 236//3646 206//90
f 1788//83 206//90 182//83
f 1788//83 186//75 203//89
f 1788//83 203//89 236//3646
f 1777//108 1786//85 1783//83
f 1777//108 1783//83 1782//85
f 1784//89 1788//83 1787//83
f 1784//89 1778//105 1777//108
f 1784//89 250//89 186//75
f 1784//89 1782//85 250//89
f 1784//89 186//75 1788//83
f 1784//89 1777//108 1782//85
f 1789//3648 1790//3649 1791//3650
f 1719//3651 1792//3651 1718//3651
f 1793//3652 1794//3653 1795//3653
f 1723//3654 1792//3654 1719//3654
f 1718//3655 1792//3655 564//3655
f 1790//3656 1792//3656 1723//3656
f 484//3657 474//3657 519//3657
f 1796//3658 1792//3659 1797//3658
f 1798//3660 1799//3661 1794//3662
f 1797//3658 1792//3659 1790//3663
f 1800//3664 1799//3661 1798//3660
f 1801//3665 1802//3666 1796//3667
f 496//3668 1803//3668 1804//3668
f 1796//3667 1802//3666 1792//3669
f 484//3670 491//3670 474//3670
f 1792//3669 1802//3666 564//3671
f 564//3672 1805//3672 566//3672
f 570//3673 1806//3674 496//3674
f 1801//3675 1805//3676 1802//3677
f 496//3678 1806//3678 1803//3678
f 491//3679 511//3679 474//3679
f 1807//3675 1805//3676 1801//3675
f 1802//3680 1805//3680 564//3680
f 566//3681 1808//3681 568//3681
f 1805//3682 1808//3682 566//3682
f 568//3683 1808//3683 1809//3683
f 1809//3684 1808//3685 1807//3684
f 1810//3686 1811//3686 1800//3687
f 1807//3684 1808//3685 1805//3688
f 1800//3687 1811//3686 1799//3689
f 1812//3690 1789//3691 1810//3692
f 1810//3692 1789//3691 1811//3693
f 1812//3694 1797//3695 1789//3648
f 1813//3696 1797//3695 1812//3694
f 467//3697 1814//3698 461//3699
f 461//3700 1814//3700 464//3700
f 1710//3701 564//3701 1711//3701
f 1718//3702 564//3702 1710//3702
f 564//3703 1738//3703 1711//3703
f 474//3704 1815//3704 470//3704
f 1816//3705 1814//3698 467//3697
f 1816//3706 1817//3707 1814//3708
f 1795//3709 1817//3707 1816//3706
f 474//3710 1793//3710 1815//3710
f 1814//3711 1817//3711 464//3711
f 1813//3712 1796//3712 1797//3713
f 1818//3714 1796//3712 1813//3712
f 464//3715 1819//3715 1734//3715
f 535//3716 1798//3716 521//3716
f 521//3717 1798//3717 511//3717
f 511//3718 1798//3718 474//3718
f 474//3719 1798//3719 1793//3719
f 1740//3720 1819//3720 1751//3720
f 1817//3721 1819//3721 464//3721
f 1734//3722 1819//3722 1740//3722
f 1794//3723 1819//3724 1795//3725
f 1795//3725 1819//3724 1817//3724
f 494//3726 496//3726 504//3726
f 504//3727 496//3727 515//3727
f 515//3728 496//3728 530//3728
f 554//3729 1800//3729 555//3729
f 1804//3730 1801//3731 1818//3732
f 555//3733 1800//3734 535//3733
f 1818//3732 1801//3731 1796//3735
f 535//3736 1800//3736 1798//3736
f 554//3737 1810//3737 1800//3737
f 1794//3738 1820//3739 1819//3740
f 1771//3741 1820//3741 1769//3741
f 547//3742 1810//3742 548//3742
f 1751//3743 1820//3743 1771//3743
f 548//3744 1810//3744 554//3744
f 1819//3745 1820//3745 1751//3745
f 1799//3746 1820//3739 1794//3738
f 547//3747 1812//3690 1810//3692
f 1804//3748 1807//3749 1801//3749
f 1803//3750 1807//3749 1804//3748
f 533//3751 1812//3751 540//3751
f 540//3752 1812//3752 542//3752
f 542//3753 1812//3753 547//3753
f 533//3754 1813//3696 1812//3694
f 1770//3755 1821//3755 1774//3755
f 543//3756 1813//3756 544//3756
f 1769//3757 1821//3757 1770//3757
f 544//3758 1813//3758 525//3758
f 525//3759 1813//3759 533//3759
f 464//3760 1732//3760 1758//3760
f 1820//3761 1821//3761 1769//3761
f 470//3762 1816//3762 467//3762
f 464//3763 1725//3763 1732//3763
f 1815//3764 1816//3764 470//3764
f 1799//3765 1821//3766 1820//3767
f 1811//3768 1821//3766 1799//3765
f 570//3769 1809//3770 1806//3771
f 568//3772 1809//3770 570//3769
f 464//3773 1734//3773 1725//3773
f 1803//3774 1809//3775 1807//3774
f 1806//3774 1809//3775 1803//3774
f 1715//3776 1791//3776 1716//3776
f 1714//3777 1791//3777 1715//3777
f 1774//3778 1791//3778 1714//3778
f 1815//3779 1795//3780 1816//3780
f 1793//3781 1795//3780 1815//3779
f 1789//3691 1791//3782 1811//3693
f 530//3783 1818//3783 532//3783
f 1821//3784 1791//3782 1774//3785
f 532//3786 1818//3786 543//3786
f 543//3787 1818//3787 1813//3787
f 1811//3693 1791//3782 1821//3784
f 496//3788 1818//3788 530//3788
f 1728//3789 1790//3789 1723//3789
f 496//3790 1804//3730 1818//3732
f 1729//3791 1790//3791 1728//3791
f 1716//3792 1790//3792 1729//3792
f 1791//3650 1790//3649 1716//3793
f 1797//3695 1790//3649 1789//3648
f 1798//3794 1794//3653 1793//3652
f 1822//3795 1823//3796 1824//3796
f 1825//3797 1826//3798 1827//3799
f 1823//3800 1828//3800 534//3800
f 1829//3801 1828//3801 1830//3801
f 1749//3802 1831//3802 1832//3802
f 451//3803 1831//3803 1749//3803
f 534//3804 1828//3804 509//3804
f 509//3805 1828//3805 510//3805
f 510//3806 1828//3806 498//3806
f 1833//3807 1834//3808 1826//3808
f 1753//3809 1727//3809 462//3809
f 1830//3801 1828//3801 1823//3810
f 1835//3811 1834//3808 1833//3807
f 1836//3812 1837//3813 1829//3814
f 1727//3815 1726//3815 462//3815
f 498//3816 1837//3816 460//3816
f 451//3817 1838//3817 1831//3817
f 1828//3818 1837//3818 498//3818
f 1829//3814 1837//3813 1828//3819
f 1839//3820 1840//3821 1836//3822
f 1841//3823 1842//3824 1835//3825
f 1837//3826 1840//3826 460//3826
f 1836//3822 1840//3821 1837//3827
f 1835//3825 1842//3824 1834//3825
f 457//3828 1843//3829 455//3830
f 460//3831 1843//3831 457//3831
f 455//3830 1843//3829 1844//3830
f 450//3832 1845//3832 451//3832
f 1844//3833 1843//3834 1839//3835
f 1838//3836 1845//3837 450//3838
f 1839//3835 1843//3834 1840//3839
f 451//3840 1845//3840 1838//3840
f 1840//3841 1843//3841 460//3841
f 1846//3842 1822//3843 1841//3844
f 1841//3844 1822//3843 1842//3845
f 1847//3846 1848//3846 468//3846
f 469//3847 1848//3847 471//3847
f 468//3848 1848//3848 469//3848
f 498//3849 460//3849 499//3849
f 460//3850 479//3850 499//3850
f 460//3851 514//3851 479//3851
f 1849//3852 1830//3853 1846//3852
f 1846//3852 1830//3853 1822//3795
f 1848//3854 1850//3854 471//3854
f 462//3855 1851//3855 463//3855
f 1827//3856 1850//3856 1847//3857
f 462//3858 1825//3858 1851//3858
f 1847//3857 1850//3856 1848//3856
f 1735//3859 1833//3859 1726//3859
f 1741//3860 1833//3860 1735//3860
f 1849//3861 1829//3862 1830//3863
f 1832//3864 1829//3862 1849//3861
f 471//3865 1852//3865 506//3865
f 506//3866 1852//3866 518//3866
f 518//3867 1852//3867 529//3867
f 462//3868 1833//3868 1825//3868
f 1726//3869 1833//3869 462//3869
f 1752//3870 1835//3870 1741//3870
f 1827//3871 1852//3872 1850//3873
f 1767//3874 1835//3874 1752//3874
f 1768//3875 1835//3875 1767//3875
f 1826//3873 1852//3872 1827//3871
f 1850//3876 1852//3876 471//3876
f 1741//3877 1835//3877 1833//3877
f 1739//3878 451//3878 1749//3878
f 1831//3879 1836//3880 1832//3880
f 1736//3881 451//3881 1739//3882
f 1832//3880 1836//3880 1829//3879
f 1730//3883 451//3883 1736//3883
f 1757//3884 1841//3884 1768//3884
f 1756//3885 1841//3885 1757//3885
f 529//3886 1853//3886 541//3886
f 541//3887 1853//3887 556//3887
f 556//3888 1853//3888 557//3888
f 1768//3889 1841//3889 1835//3889
f 1748//3890 1846//3890 1756//3890
f 1747//3891 1846//3891 1748//3891
f 1852//3892 1853//3892 529//3892
f 1750//3893 1846//3893 1747//3893
f 1826//3894 1853//3895 1852//3894
f 1834//3894 1853//3895 1826//3894
f 1831//3896 1839//3896 1836//3897
f 1756//3898 1846//3842 1841//3844
f 450//3838 1839//3899 1838//3836
f 1838//3897 1839//3896 1831//3896
f 1853//3900 1854//3900 557//3900
f 557//3901 1854//3901 477//3901
f 477//3902 1854//3902 559//3902
f 463//3903 1847//3904 468//3904
f 471//3905 483//3905 485//3905
f 1851//3906 1847//3904 463//3903
f 1745//3907 1849//3907 1750//3907
f 471//3908 506//3908 483//3908
f 1744//3909 1849//3909 1745//3909
f 1842//3910 1854//3911 1834//3912
f 1834//3912 1854//3911 1853//3912
f 1750//3913 1849//3913 1846//3913
f 455//3914 1844//3914 450//3914
f 450//3838 1844//3915 1839//3899
f 1854//3916 1824//3917 559//3918
f 1825//3919 1827//3920 1851//3921
f 559//3922 1824//3922 489//3922
f 489//3923 1824//3923 490//3923
f 490//3924 1824//3924 492//3924
f 1851//3921 1827//3920 1847//3925
f 1743//3926 1832//3926 1744//3926
f 1754//3927 1832//3927 1743//3927
f 1842//3845 1824//3917 1854//3916
f 1749//3928 1832//3928 1754//3928
f 1822//3843 1824//3917 1842//3845
f 1744//3929 1832//3929 1849//3929
f 1824//3930 1823//3930 492//3930
f 1833//3931 1826//3798 1825//3797
f 492//3932 1823//3932 493//3932
f 493//3933 1823//3933 534//3933
f 1830//3853 1823//3796 1822//3795
f 1855//3934 1856//3934 1857//3934
f 1855//3935 1857//3936 1858//3937
f 1859//3938 1856//3938 1855//3938
f 1860//3939 1861//3939 1856//3939
f 1860//3940 1856//3940 1859//3940
f 1862//3941 1859//3941 1863//3941
f 1862//3942 1860//3942 1859//3942
f 1864//3943 1865//3944 1866//3945
f 1864//3946 1866//3946 1861//3946
f 1864//3947 1861//3947 1860//3947
f 1867//3948 1863//3948 1868//3948
f 1867//3949 1862//3949 1863//3949
f 1869//3950 1860//3950 1862//3950
f 1869//3951 1864//3951 1860//3951
f 1870//3952 1871//3952 1872//3952
f 1873//3953 1868//3953 1871//3953
f 1873//3954 1867//3954 1868//3954
f 1874//3955 1869//3955 1862//3955
f 1874//3956 1862//3956 1867//3956
f 1875//3957 1865//3957 1864//3957
f 1875//3958 1864//3958 1869//3958
f 1876//3959 1871//3959 1870//3959
f 1876//3960 1873//3960 1871//3960
f 1877//3961 1867//3961 1873//3961
f 1877//3962 1874//3962 1867//3962
f 1878//3963 1875//3963 1869//3963
f 1878//3964 1869//3964 1874//3964
f 1879//3965 1880//3966 1881//3967
f 1879//3968 1881//3968 1865//3968
f 1879//3969 1865//3969 1875//3969
f 1882//3970 1870//3970 1883//3970
f 1882//3971 1876//3971 1870//3971
f 1884//3972 1877//3972 1873//3972
f 1884//3973 1873//3973 1876//3973
f 1885//3974 1874//3974 1877//3974
f 1885//3975 1878//3975 1874//3975
f 1886//3976 1875//3976 1878//3976
f 1886//3977 1879//3977 1875//3977
f 1887//3978 1882//3978 1883//3978
f 1887//3979 1883//3979 1888//3979
f 1889//3980 1876//3980 1882//3980
f 1889//3981 1884//3981 1876//3981
f 1890//3982 1877//3982 1884//3982
f 1890//3983 1885//3983 1877//3983
f 1891//3984 1878//3984 1885//3984
f 1891//3985 1886//3985 1878//3985
f 1892//3986 1893//3986 1880//3986
f 1892//3987 1880//3987 1879//3987
f 1892//3988 1879//3988 1886//3988
f 1892//3989 1894//3989 1893//3989
f 1895//3990 1896//3990 1897//3990
f 1898//3991 1888//3991 1896//3991
f 1898//3992 1887//3992 1888//3992
f 1899//3993 1889//3993 1882//3993
f 1899//3994 1882//3994 1887//3994
f 1900//3995 1890//3995 1884//3995
f 1900//3996 1884//3996 1889//3996
f 1901//3997 1885//3997 1890//3997
f 1901//3998 1891//3998 1885//3998
f 1902//3999 1903//3999 1894//3999
f 1902//4000 1886//4000 1891//4000
f 1902//4001 1894//4001 1892//4001
f 1902//4002 1892//4002 1886//4003
f 1904//4004 1898//4004 1896//4004
f 1904//4005 1896//4005 1895//4005
f 1905//4006 1887//4006 1898//4006
f 1905//4007 1899//4007 1887//4007
f 1906//4008 1889//4008 1899//4008
f 1906//4009 1900//4009 1889//4009
f 1907//4010 1890//4010 1900//4010
f 1907//4011 1901//4011 1890//4011
f 1908//4012 1909//4012 1903//4012
f 1908//4013 1903//4013 1902//4013
f 1908//4014 1891//4014 1901//4014
f 1908//4015 1902//4015 1891//4015
f 1910//4016 1895//4016 1911//4016
f 1910//4017 1904//4017 1895//4017
f 1912//4018 1898//4018 1904//4018
f 1912//4019 1905//4019 1898//4019
f 1913//4020 1906//4020 1899//4020
f 1913//4021 1899//4021 1905//4021
f 1914//4022 1900//4022 1906//4022
f 1914//4023 1907//4023 1900//4023
f 1915//4024 1916//4024 1909//4024
f 1915//4025 1901//4025 1907//4025
f 1915//4026 1909//4026 1908//4026
f 1915//4027 1908//4027 1901//4027
f 1917//4028 1911//4028 1918//4028
f 1917//4029 1910//4029 1911//4029
f 1919//4030 1904//4030 1910//4030
f 1919//4031 1912//4031 1904//4031
f 1920//4032 1905//4032 1912//4032
f 1920//4033 1913//4033 1905//4033
f 1921//4034 1906//4034 1913//4034
f 1921//4035 1914//4035 1906//4035
f 1922//4036 1907//4036 1914//4036
f 1922//4037 1923//4037 1916//4037
f 1922//4038 1916//4038 1915//4038
f 1922//4039 1915//4039 1907//4039
f 1924//4040 1925//4040 1926//4040
f 1924//4041 1927//4042 1928//4043
f 1924//4044 1928//4044 1925//4044
f 1929//4045 1918//4045 1926//4045
f 1929//4046 1917//4046 1918//4046
f 1930//4047 1919//4047 1910//4047
f 1930//4048 1910//4048 1917//4048
f 1931//4049 1920//4049 1912//4049
f 1931//4050 1912//4050 1919//4050
f 1932//4051 1913//4051 1920//4051
f 1932//4052 1921//4052 1913//4052
f 1933//4053 1922//4053 1914//4053
f 1933//4054 1923//4054 1922//4054
f 1933//4055 1934//4055 1923//4055
f 1933//4056 1914//4056 1921//4056
f 1935//4057 1926//4057 1925//4057
f 1935//4058 1925//4058 1936//4058
f 1935//4059 1929//4059 1926//4059
f 1937//4060 1917//4060 1929//4060
f 1937//4061 1930//4061 1917//4061
f 1938//4062 1919//4062 1930//4062
f 1938//4063 1931//4063 1919//4063
f 1939//4064 1932//4064 1920//4064
f 1939//4065 1920//4065 1931//4065
f 1940//4066 1921//4066 1932//4066
f 1940//4067 1933//4067 1921//4067
f 1940//4068 1941//4069 1942//4070
f 1940//4071 1942//4072 1934//4073
f 1940//4071 1934//4073 1933//4074
f 1943//4075 1929//4075 1935//4075
f 1943//4076 1937//4076 1929//4076
f 1944//4077 1938//4077 1930//4077
f 1944//4078 1930//4078 1937//4078
f 1945//4079 1931//4079 1938//4079
f 1945//4080 1939//4080 1931//4080
f 1946//4081 1941//4069 1940//4068
f 1946//4082 1940//4082 1932//4082
f 1946//4083 1947//4083 1941//4083
f 1946//4084 1932//4084 1939//4084
f 1948//4085 1936//4085 1949//4085
f 1948//4086 1949//4087 1950//4088
f 1948//4089 1935//4089 1936//4089
f 1948//4090 1943//4090 1935//4090
f 1951//4091 1937//4091 1943//4091
f 1951//4092 1944//4092 1937//4092
f 1952//4093 1938//4093 1944//4093
f 1952//4094 1945//4094 1938//4094
f 1953//4095 1954//4095 1947//4095
f 1953//4096 1939//4096 1945//4096
f 1953//4097 1947//4097 1946//4097
f 1953//4098 1946//4098 1939//4098
f 1955//4099 1948//4099 1950//4099
f 1955//4100 1943//4100 1948//4100
f 1955//4101 1951//4101 1943//4101
f 1956//4102 1944//4102 1951//4102
f 1956//4103 1952//4103 1944//4103
f 1957//4104 1958//4104 1954//4104
f 1957//4105 1954//4105 1953//4105
f 1957//4106 1945//4106 1952//4106
f 1957//4107 1953//4107 1945//4107
f 1959//4108 1956//4108 1951//4108
f 1959//4109 1951//4109 1955//4109
f 1960//4110 1958//4110 1957//4110
f 1960//4111 1961//4111 1958//4111
f 1960//4112 1952//4112 1956//4112
f 1960//4113 1957//4113 1952//4113
f 1962//4114 1959//4114 1955//4114
f 1962//4115 1950//4115 1963//4115
f 1962//4116 1963//4117 1964//4118
f 1962//4119 1955//4119 1950//4119
f 1965//4120 1961//4120 1960//4120
f 1965//4121 1960//4121 1956//4121
f 1965//4122 1966//4122 1961//4122
f 1965//4123 1956//4123 1959//4123
f 1967//4124 1966//4124 1965//4124
f 1967//4125 1965//4125 1959//4125
f 1967//4126 1964//4126 1968//4126
f 1967//4127 1968//4127 1966//4127
f 1967//4128 1959//4128 1962//4128
f 1967//4129 1962//4129 1964//4129
f 1969//4130 1858//4131 1970//4132
f 1969//4133 1970//4133 1859//4133
f 1969//4134 1855//3935 1858//3937
f 1969//4134 1859//4135 1855//3935
f 1971//4136 1863//4136 1859//4136
f 1971//4137 1868//4137 1863//4137
f 1971//4138 1859//4138 1970//4138
f 1972//4139 1871//4139 1868//4139
f 1972//4140 1868//4140 1971//4140
f 1973//4141 1883//4141 1870//4141
f 1973//4142 1870//4142 1872//4142
f 1973//4143 1872//4143 1974//4143
f 1975//4144 1974//4144 1897//4144
f 1975//4145 1973//4145 1974//4145
f 1975//4146 1888//4147 1883//4148
f 1975//4149 1896//4149 1888//4149
f 1975//4150 1897//4150 1896//4150
f 1975//4146 1883//4148 1973//4151
f 1976//4152 1911//4152 1895//4152
f 1977//4153 1918//4153 1911//4153
f 1977//4154 1926//4154 1918//4154
f 1977//4155 1978//4155 1926//4155
f 1977//4156 1911//4156 1976//4156
f 1979//4157 1978//4158 1927//4159
f 1979//4160 1924//4041 1926//4161
f 1979//4162 1926//4162 1978//4162
f 1979//4160 1927//4042 1924//4041
f 1980//4163 1971//4163 1970//4163
f 1980//4164 1972//4164 1971//4164
f 1981//4165 1871//4165 1972//4165
f 1982//4166 1976//4166 1895//4166
f 1983//4167 1978//4167 1977//4167
f 1983//4168 1977//4168 1976//4168
f 1984//4169 1970//4170 1985//4171
f 1984//4172 1985//4172 1981//4172
f 1984//4169 1980//4173 1970//4170
f 1984//4174 1972//4175 1980//4176
f 1984//4174 1981//4177 1972//4175
f 1986//4178 1985//4179 1872//4180
f 1986//4178 1981//4181 1985//4179
f 1986//4182 1871//4182 1981//4182
f 1986//4183 1872//4183 1871//4183
f 1987//4184 1897//4185 1988//4186
f 1987//4184 1988//4186 1982//4187
f 1987//4188 1982//4188 1895//4188
f 1987//4189 1895//4189 1897//4189
f 1989//4190 1988//4191 1978//4192
f 1989//4190 1978//4192 1983//4193
f 1989//4194 1982//4194 1988//4194
f 1989//4195 1976//4196 1982//4197
f 1989//4195 1983//4198 1976//4196
f 130//23 1990//173 1991//24
f 130//23 129//23 1990//173
f 3//4199 1991//4200 1968//4201
f 3//4199 130//4199 1991//4200
f 164//4 1992//4 1993//4
f 164//4202 1893//4203 1992//4204
f 164//4202 30//4205 1893//4203
f 135//4206 1993//4207 1994//4208
f 135//4209 164//4209 1993//4209
f 134//4210 1994//4210 1995//4210
f 134//4206 135//4206 1994//4206
f 138//4211 1995//4212 1996//4213
f 138//192 134//192 1995//192
f 141//4214 1996//4214 1997//4214
f 141//4215 138//4215 1996//4215
f 167//4216 1998//4216 1999//4216
f 167//4217 2000//4217 1998//4217
f 167//4218 1997//4218 2000//4218
f 167//4219 141//4219 1997//4219
f 142//4220 2001//4220 2002//4220
f 142//4221 2003//4221 2001//4221
f 142//4222 2004//4222 2003//4222
f 142//4223 2005//4223 2004//4223
f 142//4224 2006//4225 2005//4224
f 142//4226 1999//4227 2006//4228
f 142//4226 167//4229 1999//4227
f 140//4230 2007//4230 2008//4230
f 140//4231 2009//4231 2007//4231
f 140//4232 2002//4232 2009//4232
f 140//4233 142//4233 2002//4233
f 133//4234 2008//4234 2010//4234
f 133//4235 140//4235 2008//4235
f 132//181 133//4236 2010//4237
f 132//181 2010//4237 2011//4238
f 131//4239 132//177 2011//4240
f 131//4239 2011//4240 2012//4239
f 129//4241 2012//4242 1990//4243
f 129//4241 131//4244 2012//4242
f 28//4245 1881//3967 1880//3966
f 28//4245 26//4246 1881//3967
f 30//4247 1880//4247 1893//4247
f 30//4247 28//4247 1880//4247
f 4//4248 3//4248 1968//4248
f 4//217 1964//4118 1963//4117
f 4//4248 1968//4248 1964//4248
f 5//4249 1963//4249 1950//4249
f 5//4250 4//4250 1963//4250
f 7//4251 1950//4088 1949//4087
f 7//4252 5//4252 1950//4252
f 10//4253 1949//4253 1936//4253
f 10//4251 7//4251 1949//4251
f 12//4254 1936//4254 1925//4254
f 12//4255 10//4255 1936//4255
f 14//4256 1927//4159 1978//4158
f 14//4257 1928//4257 1927//4257
f 14//4258 1925//4258 1928//4258
f 14//4259 12//4259 1925//4259
f 16//4260 1985//4260 1970//4260
f 16//4261 1872//4261 1985//4261
f 16//4262 1974//4262 1872//4262
f 16//4263 1897//4263 1974//4263
f 16//4264 1988//4265 1897//4264
f 16//4266 1978//4267 1988//4268
f 16//4266 14//4269 1978//4267
f 18//4270 1857//4270 1856//4270
f 18//4271 1858//4271 1857//4271
f 18//4272 1970//4132 1858//4131
f 18//4273 16//4273 1970//4273
f 20//4274 1856//4274 1861//4274
f 20//4275 18//4275 1856//4275
f 22//4276 20//4277 1861//4278
f 22//4276 1861//4278 1866//4279
f 24//4280 22//4281 1866//3945
f 24//4280 1866//3945 1865//3944
f 26//4282 1865//4283 1881//4284
f 26//4282 24//4282 1865//4283
f 2013//4285 1893//4285 1894//4285
f 2013//4286 1993//4286 1992//4286
f 2013//4287 1992//4204 1893//4203
f 2014//4288 1894//4288 1903//4288
f 2014//4289 2013//4289 1894//4289
f 2015//4290 1903//4290 1909//4290
f 2015//4291 2014//4291 1903//4291
f 2016//4292 1993//4292 2013//4292
f 2016//4293 2013//4293 2014//4293
f 2017//4294 2015//4294 1909//4294
f 2017//4295 1909//4295 1916//4295
f 2018//4296 2016//4296 2014//4296
f 2018//4297 2014//4297 2015//4297
f 2019//4298 1995//4298 1994//4298
f 2019//4299 1994//4208 1993//4207
f 2019//4300 1993//4300 2016//4300
f 2020//4301 1916//4301 1923//4301
f 2020//4302 2017//4302 1916//4302
f 2021//4303 2015//4303 2017//4303
f 2021//4304 2018//4304 2015//4304
f 2022//4305 2019//4305 2016//4305
f 2022//4306 2016//4306 2018//4306
f 2023//4307 1923//4307 1934//4307
f 2023//4308 2020//4308 1923//4308
f 2024//4309 2021//4309 2017//4309
f 2024//4310 2017//4310 2020//4310
f 2025//4311 2022//4311 2018//4311
f 2025//4312 2018//4312 2021//4312
f 2026//4313 1995//4313 2019//4313
f 2026//4314 2019//4314 2022//4314
f 2027//4315 2023//4315 1934//4315
f 2027//4316 1934//4316 1942//4316
f 2028//4317 2024//4317 2020//4317
f 2028//4318 2020//4318 2023//4318
f 2029//4319 2025//4319 2021//4319
f 2029//4320 2021//4320 2024//4320
f 2030//4321 2022//4321 2025//4321
f 2030//4322 2026//4322 2022//4322
f 2031//4323 1997//4323 1996//4323
f 2031//4324 1996//4213 1995//4212
f 2031//4325 1995//4325 2026//4325
f 2032//4326 1942//4326 1941//4326
f 2032//4327 2027//4327 1942//4327
f 2033//4328 2028//4328 2023//4328
f 2033//4329 2023//4329 2027//4329
f 2034//4330 2029//4330 2024//4330
f 2034//4331 2024//4331 2028//4331
f 2035//4332 2025//4332 2029//4332
f 2035//4333 2030//4333 2025//4333
f 2036//4334 2026//4334 2030//4334
f 2036//4335 2031//4335 2026//4335
f 2036//4336 1997//4336 2031//4336
f 2037//4337 1941//4337 1947//4337
f 2037//4338 2032//4338 1941//4338
f 2038//4339 2027//4339 2032//4339
f 2038//4340 2033//4340 2027//4340
f 2039//4341 2028//4341 2033//4341
f 2039//4342 2034//4342 2028//4342
f 2040//4343 2035//4343 2029//4343
f 2040//4344 2029//4344 2034//4344
f 2041//4345 2036//4345 2030//4345
f 2041//4346 2030//4346 2035//4346
f 2042//4347 1999//4347 1998//4347
f 2042//4348 1998//4348 2000//4348
f 2042//4349 2000//4349 1997//4349
f 2042//4350 1997//4350 2036//4350
f 2043//4351 1947//4351 1954//4351
f 2043//4352 2037//4352 1947//4352
f 2044//4353 2032//4353 2037//4353
f 2044//4354 2038//4354 2032//4354
f 2045//4355 2039//4355 2033//4355
f 2045//4356 2033//4356 2038//4356
f 2046//4357 2034//4357 2039//4357
f 2046//4358 2040//4358 2034//4358
f 2047//4359 2041//4359 2035//4359
f 2047//4360 2035//4360 2040//4360
f 2048//4361 1999//4361 2042//4361
f 2048//4362 2042//4362 2036//4362
f 2048//4363 2036//4363 2041//4363
f 2049//4364 1954//4364 1958//4364
f 2049//4365 2043//4365 1954//4365
f 2050//4366 2044//4366 2037//4366
f 2050//4367 2037//4367 2043//4367
f 2051//4368 2038//4368 2044//4368
f 2051//4369 2045//4369 2038//4369
f 2052//4370 2039//4370 2045//4370
f 2052//4371 2046//4371 2039//4371
f 2053//4372 2040//4372 2046//4372
f 2053//4373 2047//4373 2040//4373
f 2054//4374 2041//4374 2047//4374
f 2054//4375 2048//4375 2041//4375
f 2055//4376 1958//4376 1961//4376
f 2055//4377 2049//4377 1958//4377
f 2056//4378 2043//4378 2049//4378
f 2056//4379 2050//4379 2043//4379
f 2057//4380 2044//4380 2050//4380
f 2057//4381 2051//4381 2044//4381
f 2058//4382 2052//4382 2045//4382
f 2058//4383 2045//4383 2051//4383
f 2059//4384 2046//4384 2052//4384
f 2059//4385 2053//4385 2046//4385
f 2060//4386 2047//4386 2053//4386
f 2060//4387 2054//4387 2047//4388
f 2061//4389 1961//4389 1966//4389
f 2061//4390 2055//4390 1961//4390
f 2062//4391 2049//4391 2055//4391
f 2062//4392 2056//4392 2049//4392
f 2063//4393 2057//4393 2050//4393
f 2063//4394 2050//4394 2056//4394
f 2064//4395 2051//4395 2057//4395
f 2064//4396 2058//4396 2051//4396
f 2065//4397 2052//4397 2058//4397
f 2065//4398 2059//4398 2052//4398
f 2066//4399 2053//4399 2059//4399
f 2066//4400 2060//4400 2053//4400
f 2067//4401 1966//4401 1968//4401
f 2067//4402 2061//4402 1966//4402
f 2067//4403 1968//4201 1991//4200
f 2067//4404 1991//4404 1990//4404
f 2068//4405 2055//4405 2061//4405
f 2068//4406 2062//4406 2055//4406
f 2069//4407 2063//4407 2056//4407
f 2069//4408 2056//4408 2062//4408
f 2070//4409 2057//4409 2063//4409
f 2070//4410 2064//4410 2057//4410
f 2071//4411 2065//4411 2058//4411
f 2071//4412 2058//4412 2064//4412
f 2072//4413 2059//4413 2065//4413
f 2072//4414 2066//4414 2059//4414
f 2073//4415 2061//4415 2067//4415
f 2073//4416 2067//4416 1990//4416
f 2073//4417 2068//4417 2061//4417
f 2074//4418 2062//4418 2068//4419
f 2074//4420 2069//4420 2062//4420
f 2075//4421 2070//4421 2063//4421
f 2075//4422 2063//4422 2069//4422
f 2076//4423 2064//4423 2070//4423
f 2076//4424 2071//4424 2064//4424
f 2077//4425 2065//4425 2071//4425
f 2077//4426 2072//4426 2065//4426
f 2078//4427 2068//4427 2073//4427
f 2078//4428 2074//4428 2068//4428
f 2079//4429 2069//4429 2074//4429
f 2079//4430 2075//4430 2069//4430
f 2080//4431 2070//4431 2075//4431
f 2080//4432 2076//4432 2070//4432
f 2081//4433 2071//4433 2076//4433
f 2081//4434 2077//4434 2071//4434
f 2082//4435 1990//4243 2012//4242
f 2082//4436 2012//4436 2011//4436
f 2082//4437 2073//4437 1990//4437
f 2082//4438 2078//4438 2073//4438
f 2083//4439 2074//4439 2078//4439
f 2083//4440 2079//4440 2074//4440
f 2084//4441 2075//4441 2079//4441
f 2084//4442 2080//4442 2075//4442
f 2085//4443 2076//4443 2080//4443
f 2085//4444 2081//4444 2076//4444
f 2086//4445 2083//4445 2078//4445
f 2086//4446 2082//4446 2011//4446
f 2086//4447 2078//4447 2082//4447
f 2087//4448 2079//4448 2083//4448
f 2087//4449 2084//4449 2079//4449
f 2088//4450 2080//4450 2084//4450
f 2088//4451 2085//4451 2080//4451
f 2089//4452 2083//4452 2086//4452
f 2089//4453 2087//4453 2083//4453
f 2090//4454 2084//4454 2087//4454
f 2090//4455 2088//4455 2084//4455
f 2091//4456 2089//4456 2086//4456
f 2091//4457 2011//4238 2010//4237
f 2091//4458 2010//4458 2008//4458
f 2091//4459 2008//4459 2089//4459
f 2091//4460 2086//4460 2011//4460
f 2092//4461 2087//4461 2089//4461
f 2092//4462 2090//4462 2087//4462
f 2093//4463 2002//4463 2092//4463
f 2093//4464 2008//4464 2007//4464
f 2093//4465 2007//4465 2009//4465
f 2093//4466 2089//4466 2008//4466
f 2093//4467 2009//4467 2002//4467
f 2093//4468 2092//4468 2089//4468
f 2094//4469 1999//4469 2048//4469
f 2095//4470 2094//4471 2048//4472
f 2095//4470 2048//4472 2054//4473
f 2096//4474 2054//4475 2060//4476
f 2096//4474 2095//4477 2054//4475
f 2097//4478 2096//4474 2060//4476
f 2097//4479 2060//4479 2066//4479
f 2098//4480 2004//4480 2005//4480
f 2098//4481 2066//4481 2072//4481
f 2099//4482 2004//4482 2098//4483
f 2099//4484 2098//4485 2072//4486
f 2099//4484 2072//4486 2077//4487
f 2100//4488 2004//4489 2099//4490
f 2100//4491 2099//4491 2077//4491
f 2100//4492 2077//4493 2081//4494
f 2101//4495 2003//4495 2004//4495
f 2101//4496 2100//4492 2081//4494
f 2101//4497 2004//4489 2100//4488
f 2101//4498 2081//4498 2085//4498
f 2102//4499 2085//4499 2088//4499
f 2103//4500 2102//4501 2088//4502
f 2103//4500 2088//4502 2090//4503
f 2104//4504 2090//4505 2092//4504
f 2104//4506 2103//4500 2090//4503
f 2105//4507 2092//4508 2002//4508
f 2105//4509 2104//4504 2092//4504
f 2106//4510 1999//4510 2094//4510
f 2107//4511 2094//4512 2095//4513
f 2107//4511 2095//4513 2096//4514
f 2107//4511 2106//4515 2094//4512
f 2108//4516 2096//4517 2097//4518
f 2108//4516 2107//4519 2096//4517
f 2109//4520 2097//4520 2066//4520
f 2109//4521 2066//4521 2098//4521
f 2109//4522 2108//4516 2097//4518
f 2110//4523 2101//4523 2085//4523
f 2110//4524 2085//4524 2102//4524
f 2111//4525 2102//4526 2103//4527
f 2111//4525 2110//4528 2102//4526
f 2112//4529 2111//4525 2103//4527
f 2112//4530 2103//4531 2104//4532
f 2112//4530 2104//4532 2105//4533
f 2113//4534 2105//4534 2002//4534
f 2113//4535 2112//4530 2105//4533
f 2114//4536 2006//4537 1999//4538
f 2114//4536 1999//4538 2106//4539
f 2115//4540 2006//4541 2114//4542
f 2115//4543 2106//4544 2107//4545
f 2115//4546 2108//4546 2006//4546
f 2115//4547 2107//4519 2108//4516
f 2115//4543 2114//4548 2106//4544
f 2116//4549 2005//4550 2006//4551
f 2116//4549 2006//4551 2108//4552
f 2116//4553 2108//4554 2109//4555
f 2117//4556 2005//4557 2116//4557
f 2117//4558 2098//4558 2005//4558
f 2117//4559 2109//4559 2098//4559
f 2117//4560 2116//4553 2109//4555
f 2118//4561 2003//4561 2101//4561
f 2118//4562 2101//4562 2110//4562
f 2119//4563 2001//4564 2003//4565
f 2119//4563 2111//4566 2001//4564
f 2119//4567 2110//4568 2111//4569
f 2119//4567 2118//4570 2110//4568
f 2119//4571 2003//4571 2118//4571
f 2120//4572 2111//4525 2112//4529
f 2120//4573 2001//4573 2111//4573
f 2120//4574 2112//4575 2113//4576
f 2121//4577 2002//4578 2001//4579
f 2121//4577 2113//4580 2002//4578
f 2121//4581 2001//4582 2120//4583
f 2121//4584 2120//4574 2113//4576
f 24//83 20//74 22//79
f 20//74 16//91 18//85
f 30//4585 135//98 28//78
f 28//78 135//98 26//78
f 26//78 135//98 24//83
f 164//83 135//98 30//4585
f 14//85 10//105 12//89
f 134//85 138//83 135//98
f 135//98 138//83 24//83
f 138//83 141//85 24//83
f 16//91 4//90 14//85
f 10//105 4//90 7//872
f 7//872 4//90 5//111
f 14//85 4//90 10//105
f 167//866 142//76 141//85
f 4//90 131//102 3//80
f 3//80 131//102 130//83
f 130//83 131//102 129//111
f 133//85 132//111 140//75
f 140//75 132//111 142//76
f 24//83 132//111 20//74
f 20//74 132//111 16//91
f 16//91 132//111 4//90
f 142//76 132//111 141//85
f 141//85 132//111 24//83
f 4//90 132//111 131//102
f 2122//4586 2123//4587 2124//4586
f 2122//4588 2125//4588 2126//4589
f 2122//4586 2127//4587 2123//4587
f 2122//4588 2126//4589 2127//4589
f 2128//4590 2129//4590 2130//4590
f 2128//4591 2131//4592 2132//4593
f 2128//4590 2133//4594 2129//4590
f 2128//4591 2130//4595 2131//4592
f 2134//4596 2124//4597 2133//4598
f 2134//4596 2133//4598 2128//4599
f 2134//4600 2128//4601 2132//4600
f 2134//4600 2132//4600 2135//4601
f 2136//4602 2125//4603 2122//4602
f 2136//4604 2124//4605 2134//4606
f 2136//4607 2135//4608 2137//4609
f 2136//4607 2134//4607 2135//4608
f 2136//4610 2137//4610 2138//4611
f 2136//4602 2138//4612 2125//4603
f 2136//4604 2122//4605 2124//4605
f 2139//4613 2140//4613 2141//4613
f 2142//4614 2138//4611 2137//4610
f 2143//4615 2144//4616 2145//4617
f 2143//4615 2145//4617 2146//4615
f 2147//4618 2144//4619 2143//4620
f 2147//4618 2148//4621 2144//4619
f 2149//4622 2146//4623 2150//4624
f 2149//4622 2143//4625 2146//4623
f 2151//4626 2152//4627 2148//4628
f 2151//4626 2148//4628 2147//4629
f 2153//4630 2147//4631 2143//4632
f 2153//4630 2143//4632 2149//4633
f 2154//4634 2155//4635 2152//4636
f 2154//4634 2152//4636 2151//4637
f 2156//4638 2150//4638 2157//4638
f 2156//4638 2149//4639 2150//4638
f 2158//4640 2147//4641 2153//4640
f 2158//4640 2151//4642 2147//4641
f 2159//4643 2160//4644 2155//4645
f 2159//4643 2155//4645 2154//4643
f 2161//4646 2153//4647 2149//4648
f 2161//4646 2149//4648 2156//4649
f 2162//4650 2151//4651 2158//4652
f 2162//4650 2154//4653 2151//4651
f 2163//4654 2164//4655 2165//4656
f 2163//4657 2160//4658 2159//4659
f 2163//4657 2166//4660 2160//4658
f 2163//4654 2165//4656 2166//4661
f 2167//4662 2157//4663 2168//4662
f 2167//4662 2156//4664 2157//4663
f 2169//4665 2153//4666 2161//4667
f 2169//4665 2158//4666 2153//4666
f 2170//4668 2154//4669 2162//4670
f 2170//4668 2159//4671 2154//4669
f 2171//4672 2168//4672 2172//4672
f 2171//4673 2167//4673 2168//4673
f 2173//4674 2161//4675 2156//4676
f 2173//4674 2156//4676 2167//4674
f 2174//4677 2158//4677 2169//4678
f 2174//4677 2162//4677 2158//4677
f 2175//4679 2176//4679 2164//4679
f 2175//4680 2163//4681 2159//4682
f 2175//4683 2164//4683 2163//4683
f 2175//4680 2159//4682 2170//4684
f 2177//4685 2173//4686 2167//4687
f 2177//4685 2167//4687 2171//4685
f 2178//4688 2171//4688 2172//4688
f 2179//4689 2161//4689 2173//4689
f 2179//4689 2169//4690 2161//4689
f 2180//4691 2162//4692 2174//4692
f 2180//4691 2170//4691 2162//4692
f 2181//4693 2179//4694 2173//4693
f 2181//4693 2173//4693 2177//4693
f 2182//4695 2172//4695 2183//4695
f 2182//4696 2178//4696 2172//4696
f 2184//4697 2177//4698 2171//4698
f 2184//4697 2171//4698 2178//4699
f 2185//4700 2169//4701 2179//4700
f 2185//4700 2174//4701 2169//4701
f 2186//4702 2187//4702 2176//4702
f 2186//4703 2170//4704 2180//4705
f 2186//4703 2175//4705 2170//4704
f 2186//4706 2176//4706 2175//4706
f 2188//4707 2185//4708 2179//4709
f 2188//4707 2179//4709 2181//4710
f 2189//4711 2178//4711 2182//4712
f 2189//4711 2184//4711 2178//4711
f 2190//4713 2182//4713 2183//4713
f 2191//4714 2181//4715 2177//4716
f 2191//4714 2177//4716 2184//4717
f 2192//4718 2180//4718 2174//4718
f 2192//4718 2174//4718 2185//4718
f 2193//4719 2185//4720 2188//4721
f 2193//4719 2192//4720 2185//4720
f 2194//4722 2184//4723 2189//4723
f 2194//4722 2191//4724 2184//4723
f 2195//4725 2190//4725 2183//4725
f 2195//4726 2183//4726 2196//4726
f 2197//4727 2182//4728 2190//4728
f 2197//4727 2189//4729 2182//4728
f 2198//4730 2188//4731 2181//4732
f 2198//4730 2181//4732 2191//4730
f 2199//4733 2200//4733 2187//4733
f 2199//4734 2186//4735 2180//4736
f 2199//4737 2187//4737 2186//4737
f 2199//4734 2180//4736 2192//4736
f 2201//4738 2200//4739 2199//4740
f 2201//4741 2192//4742 2193//4743
f 2201//4741 2199//4744 2192//4742
f 2202//4745 2191//4746 2194//4747
f 2202//4745 2198//4748 2191//4746
f 2203//4749 2190//4750 2195//4749
f 2203//4749 2197//4751 2190//4750
f 2204//4752 2195//4752 2196//4752
f 2205//4753 2194//4754 2189//4755
f 2205//4753 2189//4755 2197//4756
f 2206//4757 2188//4758 2198//4757
f 2206//4757 2193//4759 2188//4758
f 2207//4760 2198//4761 2202//4761
f 2207//4760 2206//4762 2198//4761
f 2208//4763 2197//4764 2203//4765
f 2208//4763 2205//4766 2197//4764
f 2209//4767 2203//4768 2195//4767
f 2209//4767 2195//4767 2204//4769
f 2210//4770 2196//4770 2211//4770
f 2210//4771 2204//4771 2196//4771
f 2212//4772 2194//4773 2205//4773
f 2212//4772 2202//4774 2194//4773
f 2213//4775 2193//4776 2206//4777
f 2213//4778 2214//4778 2200//4778
f 2213//4779 2200//4739 2201//4738
f 2213//4775 2201//4780 2193//4776
f 2215//4781 2210//4781 2211//4781
f 2216//4782 2213//4782 2206//4783
f 2216//4782 2206//4783 2207//4784
f 2216//4785 2214//4786 2213//4787
f 2217//4788 2212//4789 2205//4790
f 2217//4788 2205//4790 2208//4789
f 2218//4791 2208//4792 2203//4792
f 2218//4791 2203//4792 2209//4793
f 2219//4794 2209//4795 2204//4795
f 2219//4794 2204//4795 2210//4796
f 2220//4797 2202//4798 2212//4798
f 2220//4797 2207//4799 2202//4798
f 2221//4800 2219//4801 2210//4802
f 2221//4800 2210//4802 2215//4800
f 2222//4803 2212//4804 2217//4805
f 2222//4803 2220//4806 2212//4804
f 2223//4807 2217//4807 2208//4808
f 2223//4807 2208//4808 2218//4809
f 2224//4810 2209//4811 2219//4810
f 2224//4810 2218//4810 2209//4811
f 2225//4812 2211//4812 2226//4812
f 2225//4813 2215//4813 2211//4813
f 2227//4814 2228//4814 2214//4814
f 2227//4815 2214//4786 2216//4785
f 2227//4816 2207//4817 2220//4818
f 2227//4816 2216//4819 2207//4817
f 2229//4820 2225//4820 2226//4820
f 2230//4821 2224//4822 2219//4823
f 2230//4821 2219//4823 2221//4824
f 2231//4825 2228//4826 2227//4827
f 2231//4828 2220//4829 2222//4830
f 2231//4828 2227//4831 2220//4829
f 2232//4832 2222//4833 2217//4834
f 2232//4832 2217//4834 2223//4834
f 2233//4835 2223//4836 2218//4835
f 2233//4835 2218//4835 2224//4835
f 2234//4837 2221//4838 2215//4839
f 2234//4837 2215//4839 2225//4837
f 2235//4840 2225//4841 2229//4842
f 2235//4840 2234//4843 2225//4841
f 2236//4844 2233//4845 2224//4845
f 2236//4844 2224//4845 2230//4846
f 2237//4847 2238//4847 2228//4847
f 2237//4848 2228//4826 2231//4825
f 2237//4849 2231//4850 2222//4851
f 2237//4849 2222//4851 2232//4852
f 2239//4853 2223//4854 2233//4853
f 2239//4853 2232//4855 2223//4854
f 2240//4856 2230//4857 2221//4858
f 2240//4856 2221//4858 2234//4859
f 2241//4860 2226//4860 2242//4860
f 2241//4861 2229//4861 2226//4861
f 2243//4862 2241//4862 2242//4862
f 2244//4863 2234//4863 2235//4863
f 2244//4863 2240//4864 2234//4863
f 2245//4865 2233//4865 2236//4866
f 2245//4865 2239//4867 2233//4865
f 2246//4868 2238//4868 2237//4869
f 2246//4870 2237//4871 2232//4871
f 2246//4870 2232//4871 2239//4872
f 2247//4873 2236//4874 2230//4875
f 2247//4873 2230//4875 2240//4874
f 2248//4876 2229//4876 2241//4877
f 2248//4876 2235//4877 2229//4876
f 2249//4878 2241//4879 2243//4880
f 2249//4878 2248//4879 2241//4879
f 2250//4881 2240//4882 2244//4883
f 2250//4881 2247//4883 2240//4882
f 2251//4884 2246//4885 2239//4884
f 2251//4886 2252//4886 2238//4886
f 2251//4887 2238//4868 2246//4868
f 2251//4884 2239//4884 2245//4884
f 2253//4888 2245//4888 2236//4888
f 2253//4888 2236//4888 2247//4889
f 2254//4890 2235//4891 2248//4892
f 2254//4890 2244//4893 2235//4891
f 2255//4894 2242//4894 2256//4894
f 2255//4895 2243//4895 2242//4895
f 2257//4896 2254//4897 2248//4898
f 2257//4896 2248//4898 2249//4898
f 2258//4899 2253//4900 2247//4899
f 2258//4899 2247//4899 2250//4901
f 2259//4902 2251//4903 2245//4904
f 2259//4905 2252//4906 2251//4907
f 2259//4902 2245//4904 2253//4904
f 2260//4908 2250//4909 2244//4909
f 2260//4908 2244//4909 2254//4909
f 2261//4910 2249//4911 2243//4912
f 2261//4910 2243//4912 2255//4913
f 2262//4914 2254//4915 2257//4916
f 2262//4914 2260//4917 2254//4915
f 2263//4918 2264//4918 2252//4918
f 2263//4919 2253//4920 2258//4921
f 2263//4922 2252//4906 2259//4905
f 2263//4919 2259//4923 2253//4920
f 2265//4924 2250//4925 2260//4924
f 2265//4924 2258//4924 2250//4925
f 2266//4926 2257//4927 2249//4927
f 2266//4926 2249//4927 2261//4927
f 2267//4928 2255//4928 2256//4928
f 2267//4929 2256//4929 2268//4929
f 2269//4930 2260//4931 2262//4931
f 2269//4930 2265//4930 2260//4931
f 2270//4932 2264//4933 2263//4934
f 2270//4935 2263//4936 2258//4937
f 2270//4935 2258//4937 2265//4935
f 2271//4938 2262//4939 2257//4940
f 2271//4938 2257//4940 2266//4941
f 2272//4942 2255//4943 2267//4944
f 2272//4942 2261//4943 2255//4943
f 2273//4945 2126//4945 2264//4945
f 2273//4946 2264//4933 2270//4932
f 2273//4947 2265//4947 2269//4947
f 2273//4947 2270//4948 2265//4947
f 2123//4949 2269//4950 2262//4950
f 2123//4949 2262//4950 2271//4951
f 2129//4952 2266//4953 2261//4954
f 2129//4952 2261//4954 2272//4952
f 2274//4955 2268//4955 2140//4955
f 2274//4956 2140//4956 2139//4956
f 2274//4957 2267//4957 2268//4957
f 2127//4958 2273//4958 2269//4959
f 2127//4960 2126//4960 2273//4960
f 2127//4958 2269//4959 2123//4958
f 2133//4961 2271//4962 2266//4963
f 2133//4961 2266//4963 2129//4964
f 2275//4965 2139//4966 2276//4967
f 2275//4965 2274//4966 2139//4966
f 2275//4968 2272//4968 2267//4969
f 2275//4968 2267//4969 2274//4970
f 2124//4971 2123//4972 2271//4971
f 2124//4971 2271//4971 2133//4972
f 2130//4973 2276//4974 2131//4975
f 2130//4973 2275//4976 2276//4974
f 2130//4977 2129//4978 2272//4978
f 2130//4977 2272//4978 2275//4979
f 2277//4980 2278//4981 2279//4980
f 2277//4982 2280//4983 2281//4982
f 2277//4980 2282//4984 2278//4981
f 2277//4982 2281//4982 2282//4983
f 2283//4985 2284//4986 2285//4987
f 2283//4988 2286//4989 2287//4990
f 2283//4985 2288//4991 2284//4986
f 2283//4988 2285//4992 2286//4989
f 2289//4993 2279//4994 2288//4994
f 2289//4993 2288//4994 2283//4995
f 2289//4996 2283//4996 2287//4997
f 2289//4996 2287//4997 2290//4996
f 2291//4998 2280//4999 2277//4999
f 2291//5000 2279//5000 2289//5001
f 2291//5002 2290//5003 2292//5004
f 2291//5002 2289//5005 2290//5003
f 2291//5006 2292//5007 2293//5007
f 2291//4998 2293//5008 2280//4999
f 2291//5000 2277//5009 2279//5000
f 2294//5010 2295//5010 2296//5010
f 2297//5007 2293//5007 2292//5007
f 2298//5011 2299//5012 2300//5011
f 2298//5011 2300//5011 2301//5013
f 2302//5014 2299//5015 2298//5014
f 2302//5014 2303//5016 2299//5015
f 2304//5017 2301//5018 2305//5019
f 2304//5017 2298//5018 2301//5018
f 2306//5020 2307//5021 2303//5021
f 2306//5020 2303//5021 2302//5022
f 2308//5023 2302//5024 2298//5025
f 2308//5023 2298//5025 2304//5026
f 2309//5027 2310//5028 2307//5029
f 2309//5027 2307//5029 2306//5029
f 2311//5030 2305//5031 2312//5032
f 2311//5030 2304//5032 2305//5031
f 2313//5033 2302//5034 2308//5035
f 2313//5033 2306//5033 2302//5034
f 2314//5036 2315//5037 2310//5038
f 2314//5036 2310//5038 2309//5036
f 2316//5039 2308//5040 2304//5041
f 2316//5039 2304//5041 2311//5042
f 2317//5043 2306//5044 2313//5045
f 2317//5043 2309//5046 2306//5044
f 2318//5047 2319//5048 2320//5049
f 2318//5050 2315//5051 2314//5052
f 2318//5050 2321//5053 2315//5051
f 2318//5047 2320//5049 2321//5054
f 2322//5055 2312//5055 2323//5055
f 2322//5055 2311//5055 2312//5055
f 2324//5056 2308//5057 2316//5058
f 2324//5056 2313//5059 2308//5057
f 2325//5060 2309//5061 2317//5062
f 2325//5060 2314//5061 2309//5061
f 2326//5063 2323//5064 2327//5064
f 2326//5065 2322//5065 2323//5065
f 2328//5066 2316//5066 2311//5067
f 2328//5066 2311//5067 2322//5068
f 2329//5069 2313//5070 2324//5071
f 2329//5069 2317//5070 2313//5070
f 2330//5072 2331//5072 2319//5072
f 2330//5073 2318//5074 2314//5075
f 2330//5076 2319//5076 2318//5076
f 2330//5073 2314//5075 2325//5077
f 2332//5078 2328//5079 2322//5079
f 2332//5078 2322//5079 2326//5079
f 2333//5080 2326//5080 2327//5080
f 2334//5081 2316//5082 2328//5083
f 2334//5081 2324//5084 2316//5082
f 2335//5085 2317//5086 2329//5087
f 2335//5085 2325//5086 2317//5086
f 2336//5088 2334//5088 2328//5088
f 2336//5088 2328//5088 2332//5089
f 2337//5090 2327//5090 2338//5090
f 2337//5091 2333//5091 2327//5091
f 2339//5092 2332//5093 2326//5093
f 2339//5092 2326//5093 2333//5094
f 2340//5095 2324//5096 2334//5097
f 2340//5095 2329//5097 2324//5096
f 2341//5098 2342//5098 2331//5098
f 2341//5099 2325//5100 2335//5099
f 2341//5099 2330//5101 2325//5100
f 2341//5102 2331//5102 2330//5102
f 2343//5103 2340//5104 2334//5105
f 2343//5103 2334//5105 2336//5104
f 2344//5106 2333//5107 2337//5108
f 2344//5106 2339//5109 2333//5107
f 2345//5110 2337//5110 2338//5110
f 2346//5111 2336//5112 2332//5113
f 2346//5111 2332//5113 2339//5114
f 2347//5115 2335//5115 2329//5115
f 2347//5115 2329//5115 2340//5116
f 2348//5117 2340//5118 2343//5117
f 2348//5117 2347//5117 2340//5118
f 2349//5119 2339//5120 2344//5121
f 2349//5119 2346//5121 2339//5120
f 2350//5122 2345//5123 2338//5122
f 2350//5124 2338//5125 2351//5124
f 2352//5126 2337//5127 2345//5127
f 2352//5126 2344//5127 2337//5127
f 2353//5128 2343//5129 2336//5128
f 2353//5128 2336//5128 2346//5130
f 2354//5131 2355//5131 2342//5131
f 2354//5132 2341//5133 2335//5134
f 2354//5135 2342//5135 2341//5135
f 2354//5132 2335//5134 2347//5136
f 2356//5137 2355//5138 2354//5139
f 2356//5140 2347//5141 2348//5142
f 2356//5140 2354//5143 2347//5141
f 2357//5144 2346//5144 2349//5144
f 2357//5144 2353//5144 2346//5144
f 2358//5145 2345//5145 2350//5145
f 2358//5145 2352//5146 2345//5145
f 2359//5147 2350//5147 2351//5147
f 2360//5148 2349//5149 2344//5150
f 2360//5148 2344//5150 2352//5151
f 2361//5152 2343//5152 2353//5152
f 2361//5152 2348//5152 2343//5152
f 2362//5153 2353//5153 2357//5153
f 2362//5153 2361//5154 2353//5153
f 2363//5155 2352//5156 2358//5157
f 2363//5155 2360//5155 2352//5156
f 2364//5158 2358//5159 2350//5159
f 2364//5158 2350//5159 2359//5160
f 2365//5161 2351//5161 2366//5161
f 2365//5162 2359//5162 2351//5162
f 2367//5163 2349//5163 2360//5164
f 2367//5163 2357//5165 2349//5163
f 2368//5166 2348//5167 2361//5167
f 2368//5168 2369//5168 2355//5168
f 2368//5169 2355//5138 2356//5137
f 2368//5166 2356//5167 2348//5167
f 2370//5170 2365//5170 2366//5170
f 2371//5171 2368//5172 2361//5173
f 2371//5171 2361//5173 2362//5174
f 2371//5175 2369//5176 2368//5177
f 2372//5178 2367//5179 2360//5180
f 2372//5178 2360//5180 2363//5178
f 2373//5181 2363//5182 2358//5183
f 2373//5181 2358//5183 2364//5183
f 2374//5184 2364//5185 2359//5186
f 2374//5184 2359//5186 2365//5184
f 2375//5187 2357//5187 2367//5188
f 2375//5187 2362//5187 2357//5187
f 2376//5189 2374//5189 2365//5190
f 2376//5189 2365//5190 2370//5189
f 2377//5191 2367//5192 2372//5193
f 2377//5191 2375//5192 2367//5192
f 2378//5194 2372//5195 2363//5196
f 2378//5194 2363//5196 2373//5197
f 2379//5198 2364//5199 2374//5200
f 2379//5198 2373//5199 2364//5199
f 2380//5201 2366//5201 2381//5201
f 2380//5202 2370//5202 2366//5202
f 2382//5203 2383//5203 2369//5203
f 2382//5204 2369//5176 2371//5175
f 2382//5205 2362//5206 2375//5205
f 2382//5205 2371//5206 2362//5206
f 2384//5207 2380//5207 2381//5207
f 2385//5208 2379//5209 2374//5210
f 2385//5208 2374//5210 2376//5208
f 2386//5211 2383//5211 2382//5212
f 2386//5213 2375//5214 2377//5215
f 2386//5213 2382//5216 2375//5214
f 2387//5217 2377//5218 2372//5217
f 2387//5217 2372//5217 2378//5217
f 2388//5219 2378//5220 2373//5221
f 2388//5219 2373//5221 2379//5221
f 2389//5222 2376//5223 2370//5223
f 2389//5222 2370//5223 2380//5223
f 2390//5224 2380//5225 2384//5224
f 2390//5224 2389//5224 2380//5225
f 2391//5226 2388//5227 2379//5227
f 2391//5226 2379//5227 2385//5228
f 2392//5229 2393//5229 2383//5229
f 2392//5230 2383//5211 2386//5211
f 2392//5231 2386//5232 2377//5233
f 2392//5231 2377//5233 2387//5231
f 2394//5234 2378//5235 2388//5236
f 2394//5234 2387//5235 2378//5235
f 2395//5237 2385//5238 2376//5239
f 2395//5237 2376//5239 2389//5240
f 2396//5241 2381//5241 2397//5241
f 2396//5242 2384//5242 2381//5242
f 2398//5243 2396//5243 2397//5243
f 2399//5244 2389//5245 2390//5245
f 2399//5244 2395//5245 2389//5245
f 2400//5246 2388//5247 2391//5248
f 2400//5246 2394//5247 2388//5247
f 2401//5249 2393//5250 2392//5251
f 2401//5252 2392//5253 2387//5252
f 2401//5252 2387//5252 2394//5254
f 2402//5255 2391//5256 2385//5257
f 2402//5255 2385//5257 2395//5258
f 2403//5259 2384//5260 2396//5259
f 2403//5259 2390//5261 2384//5260
f 2404//5262 2396//5262 2398//5263
f 2404//5262 2403//5262 2396//5262
f 2405//5264 2395//5265 2399//5264
f 2405//5264 2402//5266 2395//5265
f 2406//5267 2401//5268 2394//5269
f 2406//5270 2407//5270 2393//5270
f 2406//5271 2393//5250 2401//5249
f 2406//5267 2394//5269 2400//5272
f 2408//5273 2400//5274 2391//5273
f 2408//5273 2391//5273 2402//5273
f 2409//5275 2390//5276 2403//5277
f 2409//5275 2399//5276 2390//5276
f 2410//5278 2397//5278 2411//5278
f 2410//5279 2398//5279 2397//5279
f 2412//5280 2409//5281 2403//5282
f 2412//5280 2403//5282 2404//5280
f 2413//5283 2408//5284 2402//5284
f 2413//5283 2402//5284 2405//5285
f 2414//5286 2406//5287 2400//5288
f 2414//5289 2407//5290 2406//5291
f 2414//5286 2400//5288 2408//5286
f 2415//5292 2405//5293 2399//5294
f 2415//5292 2399//5294 2409//5295
f 2416//5296 2404//5297 2398//5298
f 2416//5296 2398//5298 2410//5298
f 2417//5299 2409//5300 2412//5301
f 2417//5299 2415//5301 2409//5300
f 2418//5302 2419//5302 2407//5302
f 2418//5303 2408//5304 2413//5303
f 2418//5305 2407//5290 2414//5289
f 2418//5303 2414//5304 2408//5304
f 2420//5306 2405//5306 2415//5306
f 2420//5306 2413//5306 2405//5306
f 2421//5307 2412//5308 2404//5308
f 2421//5307 2404//5308 2416//5309
f 2422//5310 2410//5310 2411//5310
f 2422//5311 2411//5311 2423//5311
f 2424//5312 2415//5313 2417//5313
f 2424//5312 2420//5313 2415//5313
f 2425//5314 2419//5315 2418//5316
f 2425//5317 2418//5318 2413//5319
f 2425//5317 2413//5319 2420//5320
f 2426//5321 2417//5322 2412//5323
f 2426//5321 2412//5323 2421//5322
f 2427//5324 2410//5325 2422//5325
f 2427//5324 2416//5326 2410//5325
f 2428//5327 2281//5327 2419//5327
f 2428//5328 2419//5315 2425//5314
f 2428//5329 2420//5330 2424//5331
f 2428//5329 2425//5332 2420//5330
f 2278//5333 2424//5334 2417//5334
f 2278//5333 2417//5334 2426//5335
f 2284//5336 2421//5337 2416//5337
f 2284//5336 2416//5337 2427//5338
f 2429//5339 2423//5339 2295//5339
f 2429//5340 2295//5340 2294//5340
f 2429//5341 2422//5341 2423//5341
f 2282//5342 2428//5343 2424//5343
f 2282//5344 2281//5344 2428//5344
f 2282//5342 2424//5343 2278//5345
f 2288//5346 2426//5347 2421//5346
f 2288//5346 2421//5346 2284//5348
f 2430//5349 2294//5350 2431//5349
f 2430//5349 2429//5351 2294//5350
f 2430//5352 2427//5353 2422//5354
f 2430//5352 2422//5354 2429//5352
f 2279//5355 2278//5355 2426//5355
f 2279//5355 2426//5355 2288//5356
f 2285//5357 2431//5358 2286//5359
f 2285//5357 2430//5360 2431//5358
f 2285//5361 2284//5361 2427//5361
f 2285//5361 2427//5361 2430//5362
f 2432//5363 2433//5363 2434//5363
f 2434//5363 2433//5363 2435//5363
f 2435//5364 2436//5365 2437//5365
f 2433//5365 2436//5365 2435//5364
f 2437//5366 2438//5366 2439//5367
f 2436//5368 2438//5366 2437//5366
f 2439//5369 2440//5370 2441//5371
f 2438//5371 2440//5370 2439//5369
f 2441//5372 2442//5372 2443//5372
f 2440//5372 2442//5372 2441//5372
f 2443//5373 2444//5374 2445//5374
f 2442//5375 2444//5374 2443//5373
f 2445//5376 2296//5377 2145//5378
f 2444//5378 2296//5377 2445//5376
f 2145//5379 2295//5379 2146//5379
f 2296//5379 2295//5379 2145//5379
f 2146//5380 2423//5381 2150//5382
f 2295//5381 2423//5381 2146//5380
f 2150//5383 2411//5384 2157//5385
f 2423//5384 2411//5384 2150//5383
f 2157//5386 2397//5386 2168//5387
f 2411//5388 2397//5386 2157//5386
f 2168//5389 2381//5390 2172//5390
f 2397//5391 2381//5390 2168//5389
f 2172//5392 2366//5392 2183//5393
f 2381//5393 2366//5392 2172//5392
f 2183//5394 2351//5394 2196//2429
f 2366//2429 2351//5394 2183//5394
f 2200//28 2446//28 2187//28
f 2214//28 2446//28 2200//28
f 2165//28 2446//28 2447//28
f 2214//28 2448//28 2446//28
f 2214//28 2449//28 2448//28
f 2450//28 2451//28 159//28
f 2214//28 2452//28 2449//28
f 159//28 2453//28 2450//28
f 2228//28 2454//28 2214//28
f 2214//28 2454//28 2452//28
f 2455//28 2454//28 2228//28
f 2446//28 147//28 2447//28
f 159//28 2456//28 2457//28
f 2451//28 2458//28 159//28
f 159//28 2457//28 2453//28
f 2458//28 2459//28 159//28
f 159//28 2460//28 147//28
f 2459//28 2460//28 159//28
f 2460//28 2461//28 147//28
f 2461//28 2462//28 147//28
f 2462//28 2463//28 147//28
f 2125//28 2456//28 2126//28
f 2138//28 2456//28 2125//28
f 2142//28 2456//28 2138//28
f 2457//28 2456//28 2142//28
f 2456//28 2264//28 2126//28
f 2463//28 2464//28 147//28
f 2465//28 2252//28 2456//28
f 2456//28 2252//28 2264//28
f 2464//28 2447//28 147//28
f 2465//28 2466//28 2252//28
f 2466//28 2467//28 2252//28
f 2238//28 2455//28 2228//28
f 2252//28 2455//28 2238//28
f 2467//28 2455//28 2252//28
f 2164//28 2446//28 2165//28
f 2176//28 2446//28 2164//28
f 2187//28 2446//28 2176//28
f 2468//27 2456//27 157//27
f 157//27 2456//27 159//27
f 2393//26 2469//26 2383//26
f 2407//26 2469//26 2393//26
f 2470//26 2469//26 2407//26
f 2319//26 2468//26 2320//26
f 2331//26 2468//26 2319//26
f 2342//26 2468//26 2331//26
f 2355//26 2468//26 2342//26
f 2369//26 2468//26 2355//26
f 2320//26 2468//26 2471//26
f 2472//26 2473//26 139//26
f 2369//26 2474//26 2468//26
f 2369//26 2475//26 2474//26
f 139//26 2476//26 2472//26
f 2369//26 2477//26 2475//26
f 2473//26 2478//26 139//26
f 2383//26 2479//26 2369//26
f 2369//26 2479//26 2477//26
f 139//26 2480//26 2476//26
f 2469//26 2479//26 2383//26
f 139//26 2481//26 2480//26
f 2468//26 157//26 2471//26
f 2478//26 2482//26 139//26
f 139//26 2483//26 157//26
f 2482//26 2483//26 139//26
f 2483//26 2484//26 157//26
f 2484//26 2485//26 157//26
f 2485//26 2486//26 157//26
f 2280//26 2481//26 2281//26
f 2293//26 2481//26 2280//26
f 2297//26 2481//26 2293//26
f 2480//26 2481//26 2297//26
f 2481//26 2419//26 2281//26
f 2486//26 2487//26 157//26
f 2488//26 2407//26 2481//26
f 2481//26 2407//26 2419//26
f 2487//26 2471//26 157//26
f 2488//26 2489//26 2407//26
f 2489//26 2470//26 2407//26
f 2446//213 2481//213 147//213
f 147//213 2481//213 139//213
f 2490//122 2491//122 2492//122
f 2490//122 2492//122 2493//122
f 139//85 159//85 147//85
f 157//85 159//85 139//85
f 2490//5395 2455//5396 2494//5397
f 2490//5395 2494//5397 2495//5398
f 2490//5395 2495//5398 2496//5399
f 2497//5398 2493//5400 2498//5400
f 2499//5401 2493//5400 2497//5398
f 2454//5402 2493//5400 2499//5401
f 2454//5402 2455//5396 2490//5395
f 2454//5402 2490//5395 2493//5400
f 2492//5403 2469//5404 2500//5405
f 2492//5403 2500//5405 2501//5406
f 2492//5403 2501//5406 2502//5407
f 2503//5406 2491//5408 2504//5409
f 2505//5410 2491//5408 2503//5406
f 2479//5411 2491//5408 2505//5410
f 2479//5411 2469//5404 2492//5403
f 2479//5411 2492//5403 2491//5408
f 2488//5412 2481//5413 2446//5412
f 2488//5412 2446//5412 2448//5412
f 2489//5414 2448//5414 2449//5414
f 2489//5414 2488//5415 2448//5414
f 2470//5416 2452//5416 2454//5416
f 2470//5417 2449//5418 2452//5419
f 2470//5417 2489//5420 2449//5418
f 2469//5421 2454//5421 2499//5421
f 2469//5416 2470//5416 2454//5416
f 2500//5422 2499//5422 2497//5422
f 2500//5423 2469//5423 2499//5423
f 2501//5424 2497//5424 2498//5424
f 2501//5425 2500//5425 2497//5425
f 2502//5426 2498//5426 2493//5426
f 2502//5427 2501//5427 2498//5427
f 2492//5428 2502//5428 2493//5428
f 2465//5429 2456//5430 2468//5429
f 2465//5429 2468//5429 2474//5431
f 2466//5432 2474//5433 2475//5432
f 2466//5432 2465//5432 2474//5433
f 2467//5434 2475//5435 2477//5436
f 2467//5434 2466//5435 2475//5435
f 2455//5437 2477//5438 2479//5439
f 2455//5440 2479//5440 2505//5440
f 2455//5437 2467//5437 2477//5438
f 2494//5441 2505//5441 2503//5441
f 2494//5442 2455//5442 2505//5442
f 2495//5443 2503//5443 2504//5443
f 2495//5444 2494//5444 2503//5444
f 2496//5445 2504//5445 2491//5445
f 2496//5446 2495//5446 2504//5446
f 2490//5447 2496//5447 2491//5447
f 2351//5448 2338//5448 2196//5448
f 2196//5448 2338//5448 2211//5448
f 2211//3076 2327//5449 2226//5450
f 2338//3079 2327//5449 2211//3076
f 2226//5451 2323//5452 2242//5451
f 2327//5452 2323//5452 2226//5451
f 2242//3085 2312//5453 2256//3085
f 2323//3086 2312//5453 2242//3085
f 2256//3088 2305//3088 2268//3088
f 2312//3088 2305//3088 2256//3088
f 2268//5454 2301//5454 2140//3092
f 2305//5454 2301//5454 2268//5454
f 2140//3093 2300//3094 2141//5455
f 2301//5455 2300//3094 2140//3093
f 2141//5456 2506//5456 2507//5457
f 2300//5457 2506//5456 2141//5456
f 2507//5458 2508//5459 2509//3979
f 2506//5460 2508//5459 2507//5458
f 2509//5461 2510//5462 2511//5463
f 2508//5462 2510//5462 2509//5461
f 2511//5464 2512//5465 2513//5466
f 2510//5464 2512//5465 2511//5464
f 2513//5467 2514//5467 2515//5467
f 2512//5468 2514//5467 2513//5467
f 2515//5469 2516//5469 2517//5469
f 2514//5469 2516//5469 2515//5469
f 2517//5470 2432//5470 2434//5470
f 2516//5471 2432//5470 2517//5470
f 2518//5472 2519//5473 2520//5473
f 2521//5474 2522//5475 2523//5476
f 2521//5477 2487//5478 2486//5477
f 2521//5477 2486//5477 2524//5479
f 2521//5474 2524//5475 2522//5475
f 2525//5480 2526//5481 2527//5482
f 2525//5483 2307//5484 2310//5485
f 2525//5480 2527//5482 2518//5480
f 2525//5483 2518//5485 2307//5484
f 2528//5486 2523//5487 2526//5486
f 2528//5488 2525//5489 2310//5490
f 2528//5486 2526//5486 2525//5491
f 2528//5488 2310//5490 2315//5492
f 2529//5493 2528//5494 2315//5495
f 2529//5496 2487//5496 2521//5497
f 2529//5493 2315//5495 2321//5498
f 2529//5499 2321//5499 2320//5500
f 2529//5496 2471//5501 2487//5496
f 2529//5499 2320//5500 2471//5500
f 2529//5502 2521//5503 2523//5504
f 2529//5502 2523//5504 2528//5502
f 2299//5505 2506//5505 2300//5505
f 2530//5506 2294//5507 2296//5508
f 2530//5506 2296//5508 2444//5508
f 2531//5509 2431//5510 2294//5510
f 2531//5509 2294//5510 2530//5511
f 2532//5512 2444//5513 2442//5514
f 2532//5512 2530//5513 2444//5513
f 2533//5515 2286//5516 2431//5517
f 2533//5515 2431//5517 2531//5518
f 2534//5519 2530//5520 2532//5519
f 2534//5519 2531//5521 2530//5520
f 2535//5522 2287//5523 2286//5523
f 2535//5522 2286//5523 2533//5523
f 2536//5524 2442//5525 2440//5526
f 2536//5524 2532//5525 2442//5525
f 2537//5527 2531//5528 2534//5527
f 2537//5527 2533//5529 2531//5528
f 2538//5530 2290//5531 2287//5531
f 2538//5530 2287//5531 2535//5532
f 2539//5533 2534//5534 2532//5535
f 2539//5533 2532//5535 2536//5536
f 2540//5537 2535//5537 2533//5538
f 2540//5537 2533//5538 2537//5537
f 2541//5539 2292//5540 2290//5541
f 2541//5542 2297//5543 2292//5544
f 2541//5542 2480//5545 2297//5543
f 2541//5539 2290//5541 2538//5546
f 2542//5547 2440//5547 2438//5547
f 2542//5547 2536//5548 2440//5547
f 2543//5549 2534//5550 2539//5551
f 2543//5549 2537//5552 2534//5550
f 2544//5553 2535//5554 2540//5555
f 2544//5553 2538//5556 2535//5554
f 2545//5557 2438//5557 2436//5557
f 2545//5558 2542//5558 2438//5558
f 2546//5559 2539//5560 2536//5560
f 2546//5559 2536//5560 2542//5559
f 2547//5561 2540//5562 2537//5563
f 2547//5561 2537//5563 2543//5563
f 2548//5564 2476//5564 2480//5564
f 2548//5565 2541//5566 2538//5567
f 2548//5568 2480//5568 2541//5568
f 2548//5565 2538//5567 2544//5569
f 2549//5570 2546//5571 2542//5572
f 2549//5570 2542//5572 2545//5570
f 2550//5573 2545//5573 2436//5573
f 2551//5574 2539//5575 2546//5576
f 2551//5574 2543//5577 2539//5575
f 2552//5578 2540//5579 2547//5580
f 2552//5578 2544//5580 2540//5579
f 2553//5581 2551//5582 2546//5583
f 2553//5581 2546//5583 2549//5584
f 2554//5585 2436//5585 2433//5585
f 2554//5586 2550//5586 2436//5586
f 2555//5587 2549//5587 2545//5587
f 2555//5587 2545//5587 2550//5588
f 2556//5589 2547//5589 2543//5589
f 2556//5589 2543//5589 2551//5590
f 2557//5591 2472//5591 2476//5591
f 2557//5592 2544//5593 2552//5594
f 2557//5592 2548//5595 2544//5593
f 2557//5596 2476//5596 2548//5596
f 2558//5597 2551//5597 2553//5598
f 2558//5597 2556//5599 2551//5597
f 2559//5600 2550//5600 2554//5600
f 2559//5600 2555//5600 2550//5600
f 2560//5601 2554//5601 2433//5601
f 2561//5602 2549//5603 2555//5604
f 2561//5602 2553//5605 2549//5603
f 2562//5606 2552//5607 2547//5607
f 2562//5606 2547//5607 2556//5608
f 2563//5609 2556//5610 2558//5610
f 2563//5609 2562//5611 2556//5610
f 2564//5612 2555//5613 2559//5614
f 2564//5612 2561//5615 2555//5613
f 2565//5616 2433//5616 2432//5616
f 2565//5617 2560//5617 2433//5617
f 2566//5618 2559//5619 2554//5620
f 2566//5618 2554//5620 2560//5621
f 2567//5622 2558//5623 2553//5624
f 2567//5622 2553//5624 2561//5625
f 2568//5626 2552//5627 2562//5628
f 2568//5629 2473//5629 2472//5629
f 2568//5630 2472//5630 2557//5630
f 2568//5626 2557//5631 2552//5627
f 2569//5632 2562//5633 2563//5634
f 2569//5632 2568//5635 2562//5633
f 2569//5636 2473//5637 2568//5638
f 2570//5639 2561//5639 2564//5640
f 2570//5639 2567//5641 2561//5639
f 2571//5642 2560//5643 2565//5642
f 2571//5642 2566//5644 2560//5643
f 2572//5645 2565//5645 2432//5645
f 2573//5646 2559//5647 2566//5648
f 2573//5646 2564//5649 2559//5647
f 2574//5650 2558//5651 2567//5651
f 2574//5650 2563//5652 2558//5651
f 2575//5653 2567//5653 2570//5653
f 2575//5653 2574//5654 2567//5653
f 2576//5655 2566//5655 2571//5656
f 2576//5655 2573//5657 2566//5655
f 2577//5658 2571//5659 2565//5660
f 2577//5658 2565//5660 2572//5661
f 2578//5662 2432//5662 2516//5662
f 2578//5663 2572//5663 2432//5663
f 2579//5664 2564//5665 2573//5664
f 2579//5664 2570//5666 2564//5665
f 2580//5667 2563//5667 2574//5668
f 2580//5669 2478//5669 2473//5669
f 2580//5670 2473//5637 2569//5636
f 2580//5667 2569//5671 2563//5667
f 2581//5672 2578//5672 2516//5672
f 2582//5673 2580//5674 2574//5675
f 2582//5673 2574//5675 2575//5674
f 2582//5676 2478//5677 2580//5678
f 2583//5679 2579//5680 2573//5681
f 2583//5679 2573//5681 2576//5679
f 2584//5682 2571//5683 2577//5682
f 2584//5682 2576//5683 2571//5683
f 2585//5684 2577//5685 2572//5686
f 2585//5684 2572//5686 2578//5684
f 2586//5687 2570//5687 2579//5687
f 2586//5687 2575//5688 2570//5687
f 2587//5689 2585//5690 2578//5691
f 2587//5689 2578//5691 2581//5692
f 2588//5693 2579//5693 2583//5693
f 2588//5693 2586//5693 2579//5693
f 2589//5694 2583//5695 2576//5694
f 2589//5694 2576//5694 2584//5694
f 2590//5696 2577//5696 2585//5696
f 2590//5696 2584//5696 2577//5696
f 2591//5697 2516//5697 2514//5697
f 2591//5698 2581//5698 2516//5698
f 2592//5699 2482//5699 2478//5699
f 2592//5700 2478//5677 2582//5676
f 2592//5701 2575//5702 2586//5703
f 2592//5701 2582//5704 2575//5702
f 2593//5705 2591//5705 2514//5705
f 2594//5706 2590//5706 2585//5707
f 2594//5706 2585//5707 2587//5708
f 2595//5709 2482//5709 2592//5710
f 2595//5711 2586//5712 2588//5713
f 2595//5711 2592//5714 2586//5712
f 2596//5715 2588//5716 2583//5716
f 2596//5715 2583//5716 2589//5715
f 2597//5717 2589//5718 2584//5719
f 2597//5717 2584//5719 2590//5720
f 2598//5721 2587//5722 2581//5723
f 2598//5721 2581//5723 2591//5724
f 2599//5725 2591//5726 2593//5727
f 2599//5725 2598//5725 2591//5726
f 2600//5728 2590//5729 2594//5730
f 2600//5728 2597//5731 2590//5729
f 2601//5732 2588//5733 2596//5734
f 2601//5735 2483//5735 2482//5735
f 2601//5736 2482//5709 2595//5709
f 2601//5732 2595//5737 2588//5733
f 2602//5738 2589//5739 2597//5740
f 2602//5738 2596//5739 2589//5739
f 2603//5741 2587//5742 2598//5743
f 2603//5741 2594//5744 2587//5742
f 2604//5745 2514//5745 2512//5745
f 2604//5746 2593//5746 2514//5746
f 2605//5747 2604//5747 2512//5747
f 2606//5748 2598//5748 2599//5749
f 2606//5748 2603//5750 2598//5748
f 2607//5751 2597//5752 2600//5751
f 2607//5751 2602//5752 2597//5752
f 2608//5753 2483//5753 2601//5754
f 2608//5755 2601//5756 2596//5757
f 2608//5755 2596//5757 2602//5755
f 2609//5758 2600//5758 2594//5759
f 2609//5758 2594//5759 2603//5760
f 2610//5761 2593//5762 2604//5762
f 2610//5761 2599//5763 2593//5762
f 2611//5764 2604//5765 2605//5766
f 2611//5764 2610//5767 2604//5765
f 2612//5768 2609//5769 2603//5770
f 2612//5768 2603//5770 2606//5771
f 2613//5772 2602//5773 2607//5774
f 2613//5775 2483//5753 2608//5753
f 2613//5776 2484//5776 2483//5776
f 2613//5772 2608//5777 2602//5773
f 2614//5778 2607//5779 2600//5778
f 2614//5778 2600//5778 2609//5780
f 2615//5781 2599//5781 2610//5782
f 2615//5781 2606//5781 2599//5781
f 2616//5783 2605//5783 2512//5783
f 2616//5784 2512//5784 2510//5784
f 2617//5785 2615//5786 2610//5785
f 2617//5785 2610//5785 2611//5785
f 2618//5787 2614//5788 2609//5789
f 2618//5787 2609//5789 2612//5787
f 2619//5790 2607//5791 2614//5792
f 2619//5793 2484//5794 2613//5795
f 2619//5790 2613//5796 2607//5791
f 2620//5797 2606//5798 2615//5799
f 2620//5797 2612//5800 2606//5798
f 2621//5801 2611//5802 2605//5803
f 2621//5801 2605//5803 2616//5801
f 2622//5804 2615//5805 2617//5806
f 2622//5804 2620//5807 2615//5805
f 2623//5808 2619//5809 2614//5810
f 2623//5811 2484//5794 2619//5793
f 2623//5812 2485//5812 2484//5812
f 2623//5808 2614//5810 2618//5813
f 2624//5814 2618//5815 2612//5815
f 2624//5814 2612//5815 2620//5816
f 2625//5817 2611//5818 2621//5819
f 2625//5817 2617//5820 2611//5818
f 2626//5821 2510//5821 2508//5821
f 2626//5822 2616//5822 2510//5822
f 2627//5823 2620//5824 2622//5825
f 2627//5823 2624//5826 2620//5824
f 2628//5827 2618//5828 2624//5829
f 2628//5830 2485//5831 2623//5832
f 2628//5827 2623//5833 2618//5828
f 2629//5834 2622//5835 2617//5836
f 2629//5834 2617//5836 2625//5837
f 2519//5838 2621//5839 2616//5840
f 2519//5838 2616//5840 2626//5838
f 2630//5841 2486//5841 2485//5841
f 2630//5842 2485//5831 2628//5830
f 2630//5843 2624//5844 2627//5845
f 2630//5843 2628//5846 2624//5844
f 2522//5847 2622//5847 2629//5848
f 2522//5847 2627//5849 2622//5847
f 2527//5850 2625//5851 2621//5851
f 2527//5850 2621//5851 2519//5852
f 2631//5853 2626//5853 2508//5853
f 2631//5854 2506//5854 2299//5854
f 2631//5855 2508//5855 2506//5855
f 2524//5856 2486//5856 2630//5856
f 2524//5857 2630//5858 2627//5857
f 2524//5857 2627//5857 2522//5859
f 2526//5860 2629//5861 2625//5862
f 2526//5860 2625//5862 2527//5863
f 2520//5864 2631//5865 2299//5866
f 2520//5864 2299//5866 2303//5865
f 2520//5867 2626//5868 2631//5869
f 2520//5867 2519//5870 2626//5868
f 2523//5871 2522//5872 2629//5873
f 2523//5871 2629//5873 2526//5874
f 2518//5875 2303//5876 2307//5877
f 2518//5472 2527//5472 2519//5473
f 2518//5875 2520//5877 2303//5876
f 2632//5878 2464//5878 2463//5879
f 2632//5878 2463//5879 2633//5879
f 2632//5880 2633//5881 2634//5881
f 2635//5882 2636//5883 2637//5884
f 2635//5885 2152//5886 2155//5887
f 2635//5882 2637//5884 2638//5888
f 2635//5885 2638//5885 2152//5886
f 2639//5889 2640//5890 2636//5891
f 2639//5892 2635//5893 2155//5892
f 2639//5889 2636//5891 2635//5894
f 2639//5892 2155//5892 2160//5892
f 2641//5895 2639//5896 2160//5897
f 2641//5898 2464//5899 2632//5900
f 2641//5895 2160//5897 2166//5901
f 2641//5902 2166//5903 2165//5904
f 2641//5898 2447//5905 2464//5899
f 2641//5902 2165//5904 2447//5906
f 2641//5907 2632//5908 2640//5909
f 2641//5907 2640//5909 2639//5910
f 2144//5911 2445//5911 2145//5911
f 2642//5912 2139//5913 2141//5914
f 2642//5915 2507//5916 2509//5917
f 2642//5912 2141//5914 2507//5913
f 2643//5918 2276//5918 2139//5918
f 2643//5918 2139//5918 2642//5919
f 2644//5920 2642//5915 2509//5917
f 2645//5921 2131//5922 2276//5923
f 2645//5921 2276//5923 2643//5924
f 2646//5925 2642//5926 2644//5926
f 2646//5925 2643//5927 2642//5926
f 2647//5928 2132//5929 2131//5930
f 2647//5928 2131//5930 2645//5931
f 2648//5932 2511//5933 2513//5934
f 2648//5935 2509//5936 2511//5935
f 2648//5935 2644//5936 2509//5936
f 2649//5937 2643//5938 2646//5937
f 2649//5937 2645//5939 2643//5938
f 2650//5940 2135//5940 2132//5941
f 2650//5940 2132//5941 2647//5942
f 2651//5943 2644//5944 2648//5945
f 2651//5943 2646//5946 2644//5944
f 2652//5947 2645//5948 2649//5947
f 2652//5947 2647//5949 2645//5948
f 2653//5950 2137//5951 2135//5952
f 2653//5953 2142//5954 2137//5955
f 2653//5953 2457//5956 2142//5954
f 2653//5950 2135//5952 2650//5957
f 2654//5958 2648//5932 2513//5934
f 2655//5959 2646//5960 2651//5961
f 2655//5959 2649//5962 2646//5960
f 2656//5963 2647//5964 2652//5963
f 2656//5963 2650//5963 2647//5964
f 2657//5965 2513//5965 2515//5965
f 2657//5966 2654//5966 2513//5966
f 2658//5967 2651//5968 2648//5969
f 2658//5967 2648//5969 2654//5970
f 2659//5971 2652//5971 2649//5971
f 2659//5971 2649//5971 2655//5972
f 2660//5973 2453//5973 2457//5973
f 2660//5974 2653//5974 2650//5975
f 2660//5976 2457//5976 2653//5976
f 2660//5974 2650//5975 2656//5977
f 2661//5978 2658//5979 2654//5980
f 2661//5978 2654//5980 2657//5981
f 2662//5982 2657//5982 2515//5982
f 2663//5983 2651//5984 2658//5985
f 2663//5983 2655//5986 2651//5984
f 2664//5987 2656//5988 2652//5989
f 2664//5987 2652//5989 2659//5990
f 2665//5991 2658//5992 2661//5993
f 2665//5991 2663//5994 2658//5992
f 2666//5995 2515//5995 2517//5995
f 2666//5996 2662//5996 2515//5996
f 2667//5997 2661//5998 2657//5998
f 2667//5997 2657//5998 2662//5997
f 2668//5999 2655//5999 2663//5999
f 2668//5999 2659//6000 2655//5999
f 2669//6001 2450//6001 2453//6001
f 2669//6002 2660//6003 2656//6004
f 2669//6002 2656//6004 2664//6005
f 2669//6006 2453//6006 2660//6006
f 2670//6007 2663//6008 2665//6009
f 2670//6007 2668//6010 2663//6008
f 2671//6011 2662//6012 2666//6013
f 2671//6011 2667//6012 2662//6012
f 2672//6014 2666//6014 2517//6014
f 2673//6015 2665//6016 2661//6017
f 2673//6015 2661//6017 2667//6018
f 2674//6019 2664//6019 2659//6019
f 2674//6019 2659//6019 2668//6019
f 2675//6020 2674//6021 2668//6022
f 2675//6020 2668//6022 2670//6021
f 2676//6023 2667//6024 2671//6025
f 2676//6023 2673//6025 2667//6024
f 2677//6026 2517//6026 2434//6026
f 2677//6027 2672//6027 2517//6027
f 2678//6028 2671//6029 2666//6030
f 2678//6028 2666//6030 2672//6031
f 2679//6032 2665//6033 2673//6034
f 2679//6032 2670//6035 2665//6033
f 2680//6036 2451//6036 2450//6036
f 2680//6037 2669//6038 2664//6039
f 2680//6037 2664//6039 2674//6040
f 2680//6041 2450//6041 2669//6041
f 2681//6042 2451//6043 2680//6044
f 2681//6045 2674//6046 2675//6047
f 2681//6045 2680//6048 2674//6046
f 2682//6049 2679//6049 2673//6050
f 2682//6049 2673//6050 2676//6051
f 2683//6052 2672//6053 2677//6053
f 2683//6052 2678//6054 2672//6053
f 2684//6055 2677//6055 2434//6055
f 2685//6056 2671//6057 2678//6058
f 2685//6056 2676//6059 2671//6057
f 2686//6060 2675//6061 2670//6062
f 2686//6060 2670//6062 2679//6060
f 2687//6063 2679//6063 2682//6064
f 2687//6063 2686//6063 2679//6063
f 2688//6065 2685//6066 2678//6067
f 2688//6065 2678//6067 2683//6068
f 2689//6069 2683//6070 2677//6071
f 2689//6069 2677//6071 2684//6071
f 2690//6072 2684//6072 2434//6072
f 2690//6073 2434//6073 2435//6073
f 2691//6074 2676//6075 2685//6075
f 2691//6074 2682//6076 2676//6075
f 2692//6077 2675//6078 2686//6079
f 2692//6080 2458//6080 2451//6080
f 2692//6081 2451//6043 2681//6042
f 2692//6077 2681//6082 2675//6078
f 2693//6083 2690//6083 2435//6083
f 2694//6084 2692//6085 2686//6084
f 2694//6084 2686//6084 2687//6086
f 2694//6087 2458//6088 2692//6089
f 2695//6090 2691//6091 2685//6092
f 2695//6090 2685//6092 2688//6090
f 2696//6093 2683//6094 2689//6093
f 2696//6093 2688//6093 2683//6094
f 2697//6095 2689//6096 2684//6097
f 2697//6095 2684//6097 2690//6095
f 2698//6098 2682//6099 2691//6100
f 2698//6098 2687//6101 2682//6099
f 2699//6102 2697//6102 2690//6102
f 2699//6102 2690//6102 2693//6103
f 2700//6104 2691//6104 2695//6105
f 2700//6104 2698//6104 2691//6104
f 2701//6106 2695//6107 2688//6108
f 2701//6106 2688//6108 2696//6109
f 2702//6110 2689//6110 2697//6111
f 2702//6110 2696//6112 2689//6110
f 2703//6113 2435//6113 2437//6113
f 2703//6114 2693//6114 2435//6114
f 2704//6115 2459//6115 2458//6115
f 2704//6116 2458//6088 2694//6087
f 2704//6117 2687//6118 2698//6119
f 2704//6117 2694//6120 2687//6118
f 2705//6121 2703//6121 2437//6121
f 2706//6122 2697//6123 2699//6124
f 2706//6122 2702//6125 2697//6123
f 2707//6126 2459//6127 2704//6128
f 2707//6129 2698//6130 2700//6131
f 2707//6129 2704//6132 2698//6130
f 2708//6133 2700//6133 2695//6134
f 2708//6133 2695//6134 2701//6133
f 2709//6135 2701//6136 2696//6137
f 2709//6135 2696//6137 2702//6137
f 2710//6138 2699//6139 2693//6140
f 2710//6138 2693//6140 2703//6141
f 2711//6142 2703//6143 2705//6143
f 2711//6142 2710//6142 2703//6143
f 2712//6144 2702//6145 2706//6146
f 2712//6144 2709//6147 2702//6145
f 2713//6148 2460//6148 2459//6148
f 2713//6149 2459//6127 2707//6126
f 2713//6150 2700//6151 2708//6152
f 2713//6150 2707//6153 2700//6151
f 2714//6154 2701//6155 2709//6156
f 2714//6154 2708//6155 2701//6155
f 2715//6157 2706//6158 2699//6159
f 2715//6157 2699//6159 2710//6160
f 2716//6161 2437//6161 2439//6161
f 2716//6162 2705//6162 2437//6162
f 2717//6163 2716//6163 2439//6163
f 2718//6164 2710//6165 2711//6164
f 2718//6164 2715//6164 2710//6165
f 2719//6166 2709//6166 2712//6167
f 2719//6166 2714//6168 2709//6166
f 2720//6169 2460//6169 2713//6170
f 2720//6171 2713//6172 2708//6173
f 2720//6171 2708//6173 2714//6172
f 2721//6174 2712//6175 2706//6176
f 2721//6174 2706//6176 2715//6177
f 2722//6178 2705//6178 2716//6179
f 2722//6178 2711//6180 2705//6178
f 2723//6181 2716//6182 2717//6183
f 2723//6181 2722//6183 2716//6182
f 2724//6184 2721//6185 2715//6185
f 2724//6184 2715//6185 2718//6184
f 2725//6186 2714//6187 2719//6188
f 2725//6189 2460//6169 2720//6169
f 2725//6190 2461//6190 2460//6190
f 2725//6186 2720//6188 2714//6187
f 2726//6191 2719//6191 2712//6192
f 2726//6191 2712//6192 2721//6193
f 2727//6194 2711//6195 2722//6196
f 2727//6194 2718//6195 2711//6195
f 2728//6197 2717//6197 2439//6197
f 2728//6198 2439//6198 2441//6198
f 2729//6199 2727//6200 2722//6201
f 2729//6199 2722//6201 2723//6202
f 2730//6203 2726//6204 2721//6203
f 2730//6203 2721//6203 2724//6203
f 2731//6205 2719//6206 2726//6207
f 2731//6208 2461//6209 2725//6210
f 2731//6205 2725//6206 2719//6206
f 2732//6211 2718//6212 2727//6213
f 2732//6211 2724//6213 2718//6212
f 2733//6214 2723//6215 2717//6214
f 2733//6214 2717//6214 2728//6214
f 2734//6216 2727//6217 2729//6218
f 2734//6216 2732//6219 2727//6217
f 2735//6220 2731//6221 2726//6222
f 2735//6223 2461//6209 2731//6208
f 2735//6224 2462//6224 2461//6224
f 2735//6220 2726//6222 2730//6225
f 2736//6226 2730//6226 2724//6226
f 2736//6226 2724//6226 2732//6226
f 2737//6227 2723//6228 2733//6227
f 2737//6227 2729//6229 2723//6228
f 2738//6230 2441//6230 2443//6230
f 2738//6231 2728//6231 2441//6231
f 2739//6232 2732//6233 2734//6234
f 2739//6232 2736//6235 2732//6233
f 2740//6236 2730//6237 2736//6236
f 2740//6238 2462//6239 2735//6240
f 2740//6236 2735//6241 2730//6237
f 2741//6242 2734//6243 2729//6243
f 2741//6242 2729//6243 2737//6244
f 2742//6245 2733//6246 2728//6246
f 2742//6245 2728//6246 2738//6245
f 2743//6247 2463//6247 2462//6247
f 2743//6248 2462//6239 2740//6238
f 2743//6249 2736//6249 2739//6250
f 2743//6249 2740//6251 2736//6249
f 2634//6252 2734//6252 2741//6252
f 2634//6252 2739//6253 2734//6252
f 2637//6254 2737//6255 2733//6255
f 2637//6254 2733//6255 2742//6256
f 2744//6257 2738//6257 2443//6257
f 2744//6258 2445//6258 2144//6258
f 2744//6259 2443//6259 2445//6259
f 2633//6260 2463//6260 2743//6260
f 2633//6261 2743//6262 2739//6263
f 2633//6261 2739//6263 2634//6264
f 2636//6265 2741//6266 2737//6267
f 2636//6265 2737//6267 2637//6268
f 2745//6269 2744//6270 2144//6271
f 2745//6269 2144//6271 2148//6272
f 2745//6273 2738//6274 2744//6275
f 2745//6273 2742//6276 2738//6274
f 2640//6277 2634//6277 2741//6278
f 2640//6277 2741//6278 2636//6279
f 2638//6280 2148//6281 2152//6282
f 2638//6283 2637//6284 2742//6285
f 2638//6280 2745//6286 2148//6281
f 2638//6283 2742//6285 2745//6287
f 2632//5880 2634//5881 2640//6288
f 2746//4586 2747//4586 2748//4586
f 2746//4588 2749//4588 2747//4588
f 2750//6289 2751//6289 2752//4590
f 2750//6290 2753//4592 2754//6291
f 2755//4616 2756//4615 2757//4615
f 2750//6289 2758//6292 2751//6289
f 2750//6290 2752//4591 2753//4592
f 2759//4599 2760//4599 2758//6293
f 2759//4599 2758//6293 2750//6293
f 2759//4600 2750//4600 2754//6294
f 2759//4600 2754//6294 2761//6294
f 2762//4602 2763//4612 2746//4612
f 2762//4604 2760//6295 2759//4604
f 2762//4607 2761//6296 2764//6297
f 2762//4607 2759//6298 2761//6296
f 2762//4611 2764//4610 2765//6299
f 2762//4602 2765//6300 2763//4612
f 2762//4604 2746//6301 2760//6295
f 2766//6302 2767//6302 2768//6302
f 2769//4614 2765//6299 2764//4610
f 2770//6303 2755//6303 2771//4625
f 2770//4615 2756//4615 2755//4616
f 2772//6304 2773//6305 2756//6306
f 2772//6304 2756//6306 2770//6307
f 2774//4625 2770//6303 2771//4625
f 2775//6308 2773//6309 2772//4626
f 2775//6308 2776//6310 2773//6309
f 2777//6311 2772//4631 2770//6312
f 2777//6311 2770//6312 2774//4631
f 2778//4637 2779//6313 2776//4636
f 2778//4637 2776//4636 2775//4637
f 2780//4638 2774//4638 2771//4638
f 2780//4638 2771//4638 2781//4638
f 2782//4640 2772//4641 2777//4640
f 2782//4640 2775//6314 2772//4641
f 2783//6315 2784//4643 2779//4645
f 2783//6315 2779//4645 2778//6315
f 2785//6316 2774//6317 2780//6318
f 2785//6316 2777//4647 2774//6317
f 2786//4650 2778//4652 2775//6319
f 2786//4650 2775//6319 2782//4650
f 2787//4654 2788//6320 2789//6321
f 2787//6322 2790//4660 2784//6323
f 2787//4654 2789//6321 2790//6324
f 2787//6322 2784//6323 2783//6325
f 2791//4663 2780//4663 2781//4663
f 2791//4663 2781//4663 2792//4662
f 2793//6326 2777//4666 2785//6327
f 2793//6326 2782//4666 2777//4666
f 2794//6328 2783//6329 2778//4670
f 2794//6328 2778//4670 2786//6330
f 2795//6331 2792//6331 2796//6331
f 2795//4673 2791//4673 2792//4673
f 2797//4676 2785//4676 2780//4675
f 2797//4676 2780//4675 2791//4676
f 2798//4677 2786//4677 2782//4677
f 2798//4677 2782//4677 2793//4678
f 2799//4679 2800//4679 2788//4679
f 2799//4683 2788//4683 2787//4683
f 2799//4680 2787//4680 2783//4682
f 2799//4680 2783//4682 2794//4684
f 2801//6332 2791//6333 2795//6332
f 2801//6332 2797//6334 2791//6333
f 2802//6335 2795//6335 2796//6335
f 2803//4689 2793//6336 2785//6336
f 2803//4689 2785//6336 2797//4689
f 2804//4692 2794//6337 2786//4691
f 2804//4692 2786//4691 2798//4691
f 2805//4693 2797//4693 2801//4693
f 2805//4693 2803//4693 2797//4693
f 2806//6338 2796//6338 2807//6338
f 2806//6339 2802//6339 2796//6339
f 2808//4699 2801//4698 2795//4697
f 2808//4699 2795//4697 2802//4699
f 2809//4700 2793//4700 2803//4700
f 2809//4700 2798//4700 2793//4700
f 2810//4702 2811//4702 2800//4702
f 2810//4705 2794//6340 2804//4705
f 2810//4705 2799//4704 2794//6340
f 2810//4706 2800//4706 2799//4706
f 2812//4707 2809//6341 2803//4709
f 2812//4707 2803//4709 2805//4709
f 2813//4711 2802//6342 2806//6343
f 2813//4711 2808//6342 2802//6342
f 2814//4713 2806//4713 2807//4713
f 2815//6344 2801//6345 2808//6346
f 2815//6344 2805//4715 2801//6345
f 2816//4718 2804//4718 2798//4718
f 2816//4718 2798//4718 2809//4718
f 2817//6347 2809//6348 2812//4720
f 2817//6347 2816//4720 2809//6348
f 2818//4723 2808//6349 2813//4723
f 2818//4723 2815//4724 2808//6349
f 2819//6350 2807//6350 2820//6350
f 2819//6351 2814//6351 2807//6351
f 2821//6352 2806//4728 2814//4728
f 2821//6352 2813//6353 2806//4728
f 2822//6354 2812//4730 2805//6355
f 2822//6354 2805//6355 2815//6355
f 2823//4733 2824//4733 2811//4733
f 2823//6356 2811//6356 2810//6356
f 2823//4736 2810//4734 2804//4736
f 2823//4736 2804//4736 2816//6357
f 2825//6358 2824//6359 2823//6360
f 2825//6361 2816//6362 2817//4743
f 2825//6361 2823//4744 2816//6362
f 2826//4745 2815//4748 2818//6363
f 2826//4745 2822//4748 2815//4748
f 2827//6364 2814//6365 2819//6364
f 2827//6364 2821//6366 2814//6365
f 2828//6367 2819//6367 2820//6367
f 2829//6368 2818//6369 2813//6370
f 2829//6368 2813//6370 2821//4755
f 2830//4759 2817//4758 2812//4759
f 2830//4759 2812//4759 2822//4757
f 2831//4761 2822//6371 2826//6372
f 2831//4761 2830//6371 2822//6371
f 2832//4765 2821//6373 2827//4763
f 2832//4765 2829//4764 2821//6373
f 2833//4769 2827//4768 2819//4769
f 2833//4769 2819//4769 2828//6374
f 2834//6375 2820//6375 2835//6375
f 2834//6376 2828//6376 2820//6376
f 2836//6377 2818//6378 2829//6378
f 2836//6377 2826//6378 2818//6378
f 2837//6379 2817//6380 2830//6381
f 2837//4778 2838//4778 2824//4778
f 2837//4779 2824//6359 2825//6358
f 2837//6379 2825//6382 2817//6380
f 2839//4781 2834//4781 2835//4781
f 2840//4784 2837//6383 2830//4782
f 2840//4784 2830//4782 2831//6384
f 2840//4785 2838//4786 2837//4787
f 2841//4789 2836//4788 2829//6385
f 2841//4789 2829//6385 2832//6386
f 2842//6387 2832//4791 2827//4791
f 2842//6387 2827//4791 2833//4792
f 2843//4796 2833//4795 2828//4795
f 2843//4796 2828//4795 2834//4796
f 2844//6388 2826//6388 2836//4797
f 2844//6388 2831//4799 2826//6388
f 2845//4800 2843//4800 2834//4800
f 2845//4800 2834//4800 2839//6389
f 2846//6390 2844//4804 2836//4805
f 2846//6390 2836//4805 2841//4804
f 2847//4807 2841//4807 2832//6391
f 2847//4807 2832//6391 2842//4807
f 2848//4810 2833//4810 2843//6392
f 2848//4810 2842//6393 2833//4810
f 2849//4812 2835//4812 2850//4812
f 2849//6394 2839//6394 2835//6394
f 2851//4814 2852//4814 2838//4814
f 2851//6395 2838//4786 2840//4785
f 2851//6396 2831//6397 2844//6398
f 2851//6396 2840//4819 2831//6397
f 2853//6399 2849//6399 2850//6399
f 2854//6400 2848//6401 2843//6402
f 2854//6400 2843//6402 2845//4824
f 2855//6403 2852//6404 2851//6405
f 2855//4830 2844//4829 2846//6406
f 2855//4830 2851//6407 2844//4829
f 2856//4834 2846//6408 2841//6409
f 2856//4834 2841//6409 2847//4834
f 2857//6410 2847//6411 2842//6412
f 2857//6410 2842//6412 2848//4835
f 2858//4838 2845//4838 2839//6413
f 2858//4838 2839//6413 2849//4838
f 2859//4840 2849//4841 2853//4842
f 2859//4840 2858//4843 2849//4841
f 2860//4844 2857//6414 2848//4845
f 2860//4844 2848//4845 2854//6415
f 2861//6416 2862//6416 2852//6416
f 2861//4848 2852//6404 2855//6403
f 2861//4849 2855//6417 2846//4849
f 2861//4849 2846//4849 2856//6418
f 2863//4853 2847//4855 2857//6419
f 2863//4853 2856//6420 2847//4855
f 2864//6421 2854//6422 2845//6423
f 2864//6421 2845//6423 2858//6423
f 2865//4860 2850//6424 2866//6424
f 2865//6425 2853//6425 2850//6425
f 2867//4862 2865//4862 2866//4862
f 2868//4863 2858//6426 2859//4863
f 2868//4863 2864//6427 2858//6426
f 2869//4865 2857//4865 2860//4867
f 2869//4865 2863//4865 2857//4865
f 2870//6428 2862//6428 2861//4869
f 2870//4870 2861//6429 2856//4871
f 2870//4870 2856//4871 2863//6430
f 2871//4874 2860//6431 2854//4874
f 2871//4874 2854//4874 2864//6432
f 2872//6433 2853//6434 2865//4876
f 2872//6433 2859//4877 2853//6434
f 2873//4879 2865//4879 2867//4880
f 2873//4879 2872//4879 2865//4879
f 2874//6435 2864//4883 2868//4881
f 2874//6435 2871//4883 2864//4883
f 2875//6436 2870//6437 2863//6438
f 2875//6439 2876//6439 2862//6439
f 2875//6440 2862//6428 2870//6428
f 2875//6436 2863//6438 2869//4884
f 2877//4888 2869//4888 2860//4889
f 2877//4888 2860//4889 2871//4889
f 2878//6441 2859//4891 2872//6442
f 2878//6441 2868//4893 2859//4891
f 2879//6443 2866//6443 2880//6443
f 2879//6444 2867//6444 2866//6444
f 2881//4896 2878//6445 2872//6446
f 2881//4896 2872//6446 2873//4898
f 2882//4899 2877//4899 2871//4899
f 2882//4899 2871//4899 2874//4899
f 2883//6447 2875//6448 2869//6449
f 2883//4905 2876//4906 2875//4907
f 2883//6447 2869//6449 2877//6450
f 2884//4909 2874//4909 2868//4909
f 2884//4909 2868//4909 2878//6451
f 2885//4910 2873//4911 2867//4911
f 2885//4910 2867//4911 2879//6452
f 2886//4917 2878//4916 2881//4914
f 2886//4917 2884//4915 2878//4916
f 2887//4918 2888//4918 2876//4918
f 2887//6453 2877//4923 2882//6454
f 2887//4922 2876//4906 2883//4905
f 2887//6453 2883//4923 2877//4923
f 2889//4924 2874//4924 2884//4925
f 2889//4924 2882//6455 2874//4924
f 2890//6456 2881//6457 2873//4927
f 2890//6456 2873//4927 2885//4927
f 2891//6458 2879//6458 2880//6458
f 2891//6459 2880//6459 2892//6459
f 2893//4930 2884//4930 2886//4930
f 2893//4930 2889//4930 2884//4930
f 2894//6460 2888//6461 2887//6462
f 2894//4937 2887//6463 2882//4937
f 2894//4937 2882//4937 2889//4935
f 2895//6464 2886//6465 2881//4941
f 2895//6464 2881//4941 2890//4941
f 2896//4942 2879//4943 2891//4942
f 2896//4942 2885//4943 2879//4943
f 2897//4945 2749//4945 2888//4945
f 2897//6466 2888//6461 2894//6460
f 2897//6467 2889//4947 2893//4947
f 2897//6467 2894//6468 2889//4947
f 2748//4951 2893//6469 2886//4951
f 2748//4951 2886//4951 2895//4950
f 2751//4952 2890//6470 2885//4953
f 2751//4952 2885//4953 2896//6471
f 2898//4955 2892//4955 2767//4955
f 2898//6472 2767//6472 2766//6472
f 2898//6473 2891//6473 2892//6473
f 2747//6474 2897//4958 2893//4958
f 2747//6475 2749//6475 2897//6475
f 2747//6474 2893//4958 2748//4958
f 2758//6476 2895//6477 2890//6477
f 2758//6476 2890//6477 2751//6476
f 2899//6478 2766//6479 2900//6480
f 2899//6478 2898//4966 2766//6479
f 2899//6481 2896//6482 2891//6483
f 2899//6481 2891//6483 2898//6484
f 2760//6485 2748//4972 2895//6485
f 2760//6485 2895//6485 2758//6486
f 2752//4973 2900//4974 2753//4975
f 2752//4973 2899//4976 2900//4974
f 2752//6487 2751//6488 2896//4978
f 2752//6487 2896//4978 2899//4979
f 2746//4586 2748//4586 2760//6489
f 2746//4588 2763//4588 2749//4588
f 2901//6490 2902//4984 2903//6491
f 2901//6492 2904//4983 2905//4983
f 2901//6490 2906//6493 2902//4984
f 2901//6492 2905//4983 2906//6492
f 2907//4987 2908//6494 2909//4987
f 2907//4988 2910//6495 2911//6496
f 2907//4987 2912//4986 2908//6494
f 2907//4988 2909//6497 2910//6495
f 2913//4995 2903//4994 2912//4994
f 2913//4995 2912//4994 2907//6498
f 2913//4996 2907//4996 2911//4997
f 2913//4996 2911//4997 2914//4996
f 2915//4999 2904//4999 2901//6499
f 2915//6500 2903//6501 2913//5001
f 2915//6502 2914//6503 2916//5004
f 2915//6502 2913//6502 2914//6503
f 2915//5006 2916//5007 2917//5006
f 2915//4999 2917//6504 2904//4999
f 2915//6500 2901//6505 2903//6501
f 2918//6506 2919//6506 2920//6506
f 2921//6507 2917//5006 2916//5007
f 2922//6508 2923//5011 2924//5011
f 2922//6508 2924//5011 2925//6508
f 2926//5016 2923//5015 2922//5014
f 2926//5016 2927//5015 2923//5015
f 2928//6509 2925//6510 2929//5019
f 2928//6509 2922//6510 2925//6510
f 2930//6511 2931//5021 2927//5021
f 2930//6511 2927//5021 2926//6511
f 2932//5026 2926//6512 2922//5023
f 2932//5026 2922//5023 2928//5025
f 2933//5027 2934//5028 2931//6513
f 2933//5027 2931//6513 2930//6514
f 2935//5030 2929//5031 2936//5030
f 2935//5030 2928//5031 2929//5031
f 2937//5035 2926//5033 2932//5033
f 2937//5035 2930//5034 2926//5033
f 2938//5036 2939//6515 2934//5038
f 2938//5036 2934//5038 2933//5036
f 2940//6516 2932//5041 2928//5041
f 2940//6516 2928//5041 2935//6517
f 2941//5043 2930//5046 2937//5043
f 2941//5043 2933//5046 2930//5046
f 2942//6518 2943//6519 2944//6520
f 2942//6521 2939//6522 2938//6523
f 2942//6521 2945//6522 2939//6522
f 2942//6518 2944//6520 2945//6524
f 2946//5055 2936//5055 2947//5055
f 2946//5055 2935//5055 2936//5055
f 2948//5059 2932//5059 2940//5057
f 2948//5059 2937//6525 2932//5059
f 2949//5060 2933//5061 2941//5060
f 2949//5060 2938//6526 2933//5061
f 2950//5063 2947//5063 2951//5063
f 2950//5065 2946//5065 2947//5065
f 2952//6527 2940//6528 2935//5067
f 2952//6527 2935//5067 2946//5068
f 2953//5069 2937//6529 2948//6530
f 2953//5069 2941//6529 2937//6529
f 2954//5072 2955//5072 2943//5072
f 2954//5075 2942//6531 2938//5075
f 2954//5076 2943//5076 2942//5076
f 2954//5075 2938//5075 2949//5075
f 2956//5079 2952//6532 2946//5079
f 2956//5079 2946//5079 2950//5079
f 2957//5080 2950//5080 2951//5080
f 2958//5081 2940//6533 2952//5083
f 2958//5081 2948//6534 2940//6533
f 2959//5085 2941//6535 2953//5085
f 2959//5085 2949//5086 2941//6535
f 2960//5088 2958//5088 2952//5088
f 2960//5088 2952//5088 2956//5089
f 2961//6536 2951//6536 2962//6536
f 2961//6537 2957//6537 2951//6537
f 2963//5092 2956//5093 2950//5093
f 2963//5092 2950//5093 2957//5092
f 2964//6538 2948//6539 2958//5097
f 2964//6538 2953//5097 2948//6539
f 2965//5098 2966//5098 2955//5098
f 2965//6540 2949//5100 2959//5099
f 2965//6540 2954//6541 2949//5100
f 2965//5102 2955//5102 2954//5102
f 2967//6542 2964//5105 2958//6543
f 2967//6542 2958//6543 2960//6544
f 2968//5106 2957//5106 2961//5108
f 2968//5106 2963//6545 2957//5106
f 2969//6546 2961//6546 2962//6546
f 2970//5114 2960//6547 2956//5114
f 2970//5114 2956//5114 2963//6548
f 2971//5115 2959//5115 2953//5115
f 2971//5115 2953//5115 2964//5115
f 2972//5117 2964//5117 2967//6549
f 2972//5117 2971//5117 2964//5117
f 2973//5121 2963//6550 2968//6550
f 2973//5121 2970//6550 2963//6550
f 2974//5123 2969//5123 2962//5123
f 2974//6551 2962//6551 2975//6551
f 2976//5126 2961//5127 2969//5127
f 2976//5126 2968//5127 2961//5127
f 2977//5128 2967//5129 2960//6552
f 2977//5128 2960//6552 2970//5128
f 2978//5131 2979//5131 2966//5131
f 2978//5136 2965//5134 2959//6553
f 2978//6554 2966//6554 2965//6554
f 2978//5136 2959//6553 2971//5133
f 2980//6555 2979//6556 2978//6557
f 2980//5141 2971//5141 2972//5141
f 2980//5141 2978//5143 2971//5141
f 2981//5144 2970//6558 2973//6559
f 2981//5144 2977//5144 2970//6558
f 2982//5145 2969//5145 2974//5145
f 2982//5145 2976//5146 2969//5145
f 2983//5147 2974//5147 2975//5147
f 2984//5151 2973//6560 2968//6561
f 2984//5151 2968//6561 2976//6561
f 2985//6562 2967//5152 2977//6563
f 2985//6562 2972//5152 2967//5152
f 2986//5153 2977//6564 2981//5153
f 2986//5153 2985//5153 2977//6564
f 2987//6565 2976//5156 2982//5157
f 2987//6565 2984//5156 2976//5156
f 2988//5158 2982//5159 2974//5159
f 2988//5158 2974//5159 2983//6566
f 2989//6567 2975//6567 2990//6567
f 2989//6568 2983//6568 2975//6568
f 2991//5164 2973//5163 2984//6569
f 2991//5164 2981//5163 2973//5163
f 2992//6570 2972//6571 2985//5167
f 2992//5168 2993//5168 2979//5168
f 2992//6572 2979//6556 2980//6555
f 2992//6570 2980//6571 2972//6571
f 2994//6573 2989//6573 2990//6573
f 2995//6574 2992//5172 2985//6575
f 2995//6574 2985//6575 2986//5174
f 2995//5175 2993//5176 2992//6576
f 2996//5178 2991//6577 2984//6578
f 2996//5178 2984//6578 2987//6579
f 2997//6580 2987//6581 2982//5183
f 2997//6580 2982//5183 2988//5183
f 2998//6582 2988//5186 2983//5186
f 2998//6582 2983//5186 2989//5184
f 2999//5188 2981//5187 2991//5187
f 2999//5188 2986//5188 2981//5187
f 3000//5189 2998//5189 2989//5190
f 3000//5189 2989//5190 2994//5190
f 3001//5191 2991//6583 2996//5191
f 3001//5191 2999//5191 2991//6583
f 3002//6584 2996//5196 2987//6585
f 3002//6584 2987//6585 2997//6586
f 3003//5198 2988//5198 2998//6587
f 3003//5198 2997//5200 2988//5198
f 3004//6588 2990//6588 3005//6588
f 3004//6589 2994//6589 2990//6589
f 3006//5203 3007//5203 2993//5203
f 3006//6590 2993//5176 2995//5175
f 3006//6591 2986//6592 2999//6593
f 3006//6591 2995//5206 2986//6592
f 3008//6594 3004//6594 3005//6594
f 3009//5208 3003//5209 2998//6595
f 3009//5208 2998//6595 3000//5208
f 3010//6596 3007//6596 3006//6597
f 3010//6598 2999//5216 3001//6599
f 3010//6598 3006//6598 2999//5216
f 3011//5217 3001//6600 2996//6600
f 3011//5217 2996//6600 3002//6601
f 3012//6602 3002//5221 2997//5221
f 3012//6602 2997//5221 3003//6602
f 3013//5223 3000//5223 2994//5223
f 3013//5223 2994//5223 3004//6603
f 3014//5224 3004//6604 3008//6604
f 3014//5224 3013//6604 3004//6604
f 3015//5226 3012//5227 3003//5227
f 3015//5226 3003//5227 3009//5227
f 3016//6605 3017//6605 3007//6605
f 3016//5230 3007//6596 3010//6596
f 3016//6606 3010//6607 3001//6608
f 3016//6606 3001//6608 3011//6609
f 3018//6610 3002//6611 3012//5234
f 3018//6610 3011//5235 3002//6611
f 3019//5237 3009//6612 3000//6613
f 3019//5237 3000//6613 3013//5240
f 3020//6614 3005//6615 3021//6615
f 3020//6616 3008//6616 3005//6616
f 3022//6617 3020//6617 3021//6617
f 3023//5244 3013//5245 3014//5244
f 3023//5244 3019//6618 3013//5245
f 3024//5247 3012//6619 3015//6620
f 3024//5247 3018//6619 3012//6619
f 3025//5250 3017//5250 3016//5251
f 3025//6621 3016//6621 3011//6622
f 3025//6621 3011//6622 3018//6623
f 3026//6624 3015//6625 3009//5258
f 3026//6624 3009//5258 3019//6625
f 3027//6626 3008//6626 3020//6627
f 3027//6626 3014//6628 3008//6626
f 3028//6629 3020//5262 3022//6630
f 3028//6629 3027//5263 3020//5262
f 3029//5266 3019//6631 3023//5266
f 3029//5266 3026//5266 3019//6631
f 3030//6632 3025//6633 3018//5269
f 3030//5270 3031//5270 3017//5270
f 3030//6634 3017//5250 3025//5250
f 3030//6632 3018//5269 3024//6635
f 3032//6636 3024//6637 3015//6638
f 3032//6636 3015//6638 3026//6638
f 3033//5275 3014//6639 3027//6640
f 3033//5275 3023//6639 3014//6639
f 3034//5278 3021//5278 3035//5278
f 3034//6641 3022//6641 3021//6641
f 3036//5280 3033//5280 3027//6642
f 3036//5280 3027//6642 3028//5280
f 3037//6643 3032//6643 3026//6643
f 3037//6643 3026//6643 3029//5284
f 3038//6644 3030//5287 3024//6645
f 3038//5289 3031//5290 3030//6646
f 3038//6644 3024//6645 3032//6644
f 3039//5293 3029//5295 3023//6647
f 3039//5293 3023//6647 3033//6648
f 3040//5298 3028//6649 3022//6650
f 3040//5298 3022//6650 3034//6651
f 3041//5299 3033//6652 3036//6653
f 3041//5299 3039//6654 3033//6652
f 3042//6655 3043//6655 3031//6655
f 3042//6656 3032//6657 3037//5303
f 3042//6658 3031//5290 3038//5289
f 3042//6656 3038//5304 3032//6657
f 3044//5306 3029//6659 3039//5306
f 3044//5306 3037//6660 3029//6659
f 3045//6661 3036//6662 3028//6663
f 3045//6661 3028//6663 3040//5307
f 3046//6664 3034//6664 3035//6664
f 3046//6665 3035//6665 3047//6665
f 3048//5313 3039//5312 3041//6666
f 3048//5313 3044//5312 3039//5312
f 3049//6667 3043//6668 3042//5316
f 3049//6669 3042//6670 3037//6671
f 3049//6669 3037//6671 3044//5320
f 3050//5322 3041//6672 3036//6672
f 3050//5322 3036//6672 3045//5322
f 3051//6673 3034//5325 3046//5325
f 3051//6673 3040//6674 3034//5325
f 3052//5327 2905//5327 3043//5327
f 3052//6675 3043//6668 3049//6667
f 3052//5329 3044//6676 3048//6677
f 3052//5329 3049//6676 3044//6676
f 2902//5335 3048//6678 3041//5335
f 2902//5335 3041//5335 3050//5335
f 2908//6679 3045//5337 3040//5337
f 2908//6679 3040//5337 3051//6680
f 3053//6681 3047//6681 2919//6681
f 3053//6682 2919//6682 2918//6682
f 3053//6683 3046//6683 3047//6683
f 2906//5342 3052//5345 3048//5345
f 2906//5344 2905//5344 3052//5344
f 2906//5342 3048//5345 2902//5345
f 2912//6684 3050//5346 3045//5346
f 2912//6684 3045//5346 2908//6685
f 3054//6686 2918//6687 3055//6688
f 3054//6686 3053//6689 2918//6687
f 3054//6690 3051//6691 3046//5353
f 3054//6690 3046//5353 3053//6692
f 2903//6693 2902//6693 3050//6693
f 2903//6693 3050//6693 2912//6693
f 2909//6694 3055//6695 2910//6696
f 2909//6694 3054//6697 3055//6695
f 2909//6698 2908//5361 3051//5362
f 2909//6698 3051//5362 3054//6699
f 3056//5363 3057//5363 3058//5363
f 3058//5363 3057//5363 3059//5363
f 3059//5365 3060//5364 3061//5364
f 3057//5365 3060//5364 3059//5365
f 3061//5366 3062//6700 3063//5368
f 3060//5367 3062//6700 3061//5366
f 3063//5370 3064//5369 3065//5369
f 3062//5370 3064//5369 3063//5370
f 3065//5372 3066//5372 3067//5372
f 3064//5372 3066//5372 3065//5372
f 3067//5375 3068//5374 3069//5374
f 3066//5373 3068//5374 3067//5375
f 3069//5377 2920//5376 2757//5378
f 3068//5378 2920//5376 3069//5377
f 2757//5379 2919//5379 2755//5379
f 2920//5379 2919//5379 2757//5379
f 2755//5380 3047//5381 2771//5382
f 2919//6701 3047//5381 2755//5380
f 2771//5383 3035//5384 2781//5385
f 3047//5384 3035//5384 2771//5383
f 2781//6702 3021//6702 2792//6703
f 3035//6703 3021//6702 2781//6702
f 2792//5389 3005//5390 2796//5390
f 3021//5391 3005//5390 2792//5389
f 2796//5392 2990//5392 2807//2432
f 3005//5393 2990//5392 2796//5392
f 2807//2429 2975//2429 2820//5394
f 2990//2429 2975//2429 2807//2429
f 2789//28 3070//28 3071//28
f 2838//28 3072//28 3070//28
f 2838//28 3073//28 3072//28
f 3074//28 3075//28 136//28
f 2838//28 3076//28 3073//28
f 2852//28 3077//28 2838//28
f 2862//28 3077//28 2852//28
f 136//28 3078//28 3074//28
f 2838//28 3077//28 3076//28
f 3079//28 3077//28 2862//28
f 136//28 3080//28 3081//28
f 3070//28 143//28 3071//28
f 3075//28 3082//28 136//28
f 136//28 3081//28 3078//28
f 3082//28 3083//28 136//28
f 136//28 3084//28 143//28
f 3083//28 3084//28 136//28
f 3084//28 3085//28 143//28
f 3085//28 3086//28 143//28
f 3086//28 3087//28 143//28
f 2763//28 3080//28 2749//28
f 2765//28 3080//28 2763//28
f 2769//28 3080//28 2765//28
f 3081//28 3080//28 2769//28
f 3080//28 2888//28 2749//28
f 3087//28 3088//28 143//28
f 3089//28 2876//28 3080//28
f 3080//28 2876//28 2888//28
f 3088//28 3071//28 143//28
f 3089//28 3090//28 2876//28
f 3090//28 3091//28 2876//28
f 2876//28 3079//28 2862//28
f 3091//28 3079//28 2876//28
f 2788//28 3070//28 2789//28
f 2800//28 3070//28 2788//28
f 2811//28 3070//28 2800//28
f 2824//28 3070//28 2811//28
f 2838//28 3070//28 2824//28
f 3092//27 3080//27 124//27
f 124//27 3080//27 136//27
f 3031//26 3093//26 3017//26
f 3094//26 3093//26 3031//26
f 2943//26 3092//26 2944//26
f 2955//26 3092//26 2943//26
f 2966//26 3092//26 2955//26
f 2979//26 3092//26 2966//26
f 2993//26 3092//26 2979//26
f 2944//26 3092//26 3095//26
f 3096//26 3097//26 152//26
f 2993//26 3098//26 3092//26
f 2993//26 3099//26 3098//26
f 152//26 3100//26 3096//26
f 2993//26 3101//26 3099//26
f 3097//26 3102//26 152//26
f 3007//26 3103//26 2993//26
f 3017//26 3103//26 3007//26
f 3093//26 3103//26 3017//26
f 152//26 3104//26 3100//26
f 2993//26 3103//26 3101//26
f 3092//26 124//26 3095//26
f 152//26 3105//26 3104//26
f 3102//26 3106//26 152//26
f 152//26 3107//26 124//26
f 3106//26 3107//26 152//26
f 3107//26 3108//26 124//26
f 3108//26 3109//26 124//26
f 3109//26 3110//26 124//26
f 2904//26 3105//26 2905//26
f 2917//26 3105//26 2904//26
f 2921//26 3105//26 2917//26
f 3104//26 3105//26 2921//26
f 3105//26 3043//26 2905//26
f 3110//26 3111//26 124//26
f 3112//26 3031//26 3105//26
f 3105//26 3031//26 3043//26
f 3111//26 3095//26 124//26
f 3112//26 3113//26 3031//26
f 3113//26 3094//26 3031//26
f 3070//213 3105//213 143//213
f 143//213 3105//213 152//213
f 3114//122 3115//122 3116//122
f 3114//122 3116//122 3117//122
f 152//85 136//85 143//85
f 124//85 136//85 152//85
f 3116//5403 3093//5404 3118//6704
f 3116//5403 3118//6704 3119//6705
f 3116//5403 3119//6705 3120//5409
f 3121//5406 3115//5408 3122//5409
f 3123//5410 3115//5408 3121//5406
f 3103//5411 3115//5408 3123//5410
f 3103//5411 3093//5404 3116//5403
f 3103//5411 3116//5403 3115//5408
f 3114//6706 3079//5396 3124//5397
f 3114//6706 3124//5397 3125//5398
f 3114//6706 3125//5398 3126//5401
f 3127//5398 3117//6707 3128//6708
f 3129//5395 3117//6707 3127//5398
f 3077//6707 3117//6707 3129//5395
f 3077//6707 3079//5396 3114//6706
f 3077//6707 3114//6706 3117//6707
f 3089//5429 3080//5429 3092//5429
f 3089//5429 3092//5429 3098//6709
f 3090//5432 3098//5432 3099//5432
f 3090//5432 3089//5433 3098//5432
f 3091//5434 3099//6710 3101//6711
f 3091//5434 3090//5435 3099//6710
f 3079//6712 3101//5437 3103//5437
f 3079//5440 3103//5440 3123//5440
f 3079//6712 3091//6712 3101//5437
f 3124//6713 3123//6713 3121//6713
f 3124//6714 3079//6714 3123//6714
f 3125//6715 3121//6715 3122//6715
f 3125//6716 3124//6716 3121//6716
f 3126//5445 3122//5445 3115//5445
f 3126//6717 3125//6717 3122//6717
f 3114//5447 3126//5447 3115//5447
f 3112//5412 3105//5412 3070//5412
f 3112//5412 3070//5412 3072//5412
f 3113//5414 3072//5414 3073//5414
f 3113//5414 3112//5415 3072//5414
f 3094//6718 3073//5418 3076//6719
f 3094//6718 3113//6720 3073//5418
f 3093//5416 3076//5416 3077//5416
f 3093//5421 3077//5421 3129//5421
f 3093//5416 3094//5416 3076//5416
f 3118//6721 3129//6721 3127//6721
f 3118//6722 3093//6722 3129//6722
f 3119//6723 3127//6723 3128//6723
f 3119//5425 3118//5425 3127//5425
f 3120//5426 3128//5426 3117//5426
f 3120//5427 3119//5427 3128//5427
f 3116//6724 3120//6724 3117//6724
f 2975//5448 2962//5448 2820//5448
f 2820//5448 2962//5448 2835//5448
f 2835//3076 2951//3076 2850//5450
f 2962//5450 2951//3076 2835//3076
f 2850//3081 2947//3081 2866//5451
f 2951//3081 2947//3081 2850//3081
f 2866//5453 2936//3085 2880//3086
f 2947//3085 2936//3085 2866//5453
f 2880//3088 2929//3088 2892//3087
f 2936//6725 2929//3088 2880//3088
f 2892//5454 2925//5454 2767//5454
f 2929//3092 2925//5454 2892//5454
f 2767//3094 2924//3093 2768//3094
f 2925//5455 2924//3093 2767//3094
f 2768//5456 3130//5456 3131//5457
f 2924//5457 3130//5456 2768//5456
f 3131//5458 3132//5458 3133//3979
f 3130//5460 3132//5458 3131//5458
f 3133//5462 3134//5461 3135//5462
f 3132//5463 3134//5461 3133//5462
f 3135//6726 3136//6726 3137//5464
f 3134//5466 3136//6726 3135//6726
f 3137//5467 3138//5467 3139//5467
f 3136//5468 3138//5467 3137//5467
f 3139//5469 3140//5469 3141//5469
f 3138//5469 3140//5469 3139//5469
f 3141//5470 3056//5470 3058//5471
f 3140//5470 3056//5470 3141//5470
f 3142//6727 3143//6728 2927//5876
f 3142//6729 3144//6730 3143//5473
f 3145//5476 3146//6731 3147//5476
f 3145//5477 3111//5479 3110//5477
f 3145//5477 3110//5477 3148//5479
f 3145//5476 3148//6732 3146//6731
f 3149//5480 3150//6733 3151//6734
f 3149//5483 2931//6735 2934//6735
f 3149//5480 3151//6734 3142//6736
f 3149//5483 3142//5483 2931//6735
f 3152//6737 3147//5486 3150//5486
f 3152//5488 3149//6738 2934//5490
f 3152//6737 3150//5486 3149//6739
f 3152//5488 2934//5490 2939//5490
f 3153//6740 3152//6741 2939//6742
f 3153//6743 3111//5496 3145//5496
f 3153//6740 2939//6742 2945//6744
f 3153//5499 2945//5499 2944//6745
f 3153//6743 3095//5496 3111//5496
f 3153//5499 2944//6745 3095//5500
f 3153//5502 3145//6746 3147//5504
f 3153//5502 3147//5504 3152//5502
f 2923//5505 3130//5505 2924//5505
f 3154//5508 2918//5508 2920//6747
f 3154//5508 2920//6747 3068//5508
f 3155//5511 3055//5510 2918//6748
f 3155//5511 2918//6748 3154//5511
f 3156//5512 3068//6749 3066//6749
f 3156//5512 3154//6749 3068//6749
f 3157//5518 2910//5517 3055//5515
f 3157//5518 3055//5515 3155//6750
f 3158//5520 3154//6751 3156//5519
f 3158//5520 3155//6751 3154//6751
f 3159//6752 2911//6753 2910//6754
f 3159//6752 2910//6754 3157//6755
f 3160//5524 3066//5525 3064//5524
f 3160//5524 3156//6756 3066//5525
f 3161//6757 3155//6758 3158//5529
f 3161//6757 3157//6757 3155//6758
f 3162//5532 2914//6759 2911//6760
f 3162//5532 2911//6760 3159//5532
f 3163//6761 3158//6762 3156//5535
f 3163//6761 3156//5535 3160//5534
f 3164//5537 3159//5537 3157//5538
f 3164//5537 3157//5538 3161//6763
f 3165//5539 2916//6764 2914//5541
f 3165//6765 2921//5543 2916//5544
f 3165//6765 3104//5545 2921//5543
f 3165//5539 2914//5541 3162//5546
f 3166//5547 3064//5547 3062//5547
f 3166//5547 3160//5547 3064//5547
f 3167//5550 3158//5550 3163//5551
f 3167//5550 3161//5552 3158//5550
f 3168//6766 3159//6767 3164//5555
f 3168//6766 3162//5553 3159//6767
f 3169//5557 3062//5557 3060//5557
f 3169//5558 3166//5558 3062//5558
f 3170//5559 3160//5560 3166//5559
f 3170//5559 3163//5559 3160//5560
f 3171//5561 3164//5562 3161//5563
f 3171//5561 3161//5563 3167//5561
f 3172//6768 3165//6769 3162//6770
f 3172//5564 3100//5564 3104//5564
f 3172//6771 3104//6771 3165//6771
f 3172//6768 3162//6770 3168//5569
f 3173//5570 3170//5570 3166//5571
f 3173//5570 3166//5571 3169//5570
f 3174//5573 3169//5573 3060//5573
f 3175//5574 3163//5575 3170//6772
f 3175//5574 3167//5577 3163//5575
f 3176//5578 3168//6773 3164//6774
f 3176//5578 3164//6774 3171//6774
f 3177//5581 3175//6775 3170//5583
f 3177//5581 3170//5583 3173//6776
f 3178//6777 3060//6777 3057//6777
f 3178//5586 3174//5586 3060//5586
f 3179//6778 3173//5587 3169//6779
f 3179//6778 3169//6779 3174//5587
f 3180//5589 3167//5589 3175//5589
f 3180//5589 3171//5589 3167//5589
f 3181//5591 3096//5591 3100//5591
f 3181//6780 3168//6781 3176//6782
f 3181//6780 3172//5592 3168//6781
f 3181//5596 3100//5596 3172//5596
f 3182//5599 3180//5599 3175//5597
f 3182//5599 3175//5597 3177//6783
f 3183//5600 3174//6784 3178//5600
f 3183//5600 3179//6784 3174//6784
f 3184//5601 3178//5601 3057//5601
f 3185//6785 3173//5603 3179//6786
f 3185//6785 3177//5605 3173//5603
f 3186//5607 3171//5607 3180//5607
f 3186//5607 3176//6787 3171//5607
f 3187//5609 3186//5611 3180//5609
f 3187//5609 3180//5609 3182//5611
f 3188//5615 3185//5613 3179//5613
f 3188//5615 3179//5613 3183//5615
f 3189//5616 3057//5616 3056//5616
f 3189//5617 3184//5617 3057//5617
f 3190//6788 3178//6789 3184//6790
f 3190//6788 3183//6789 3178//6789
f 3191//6791 3182//6792 3177//6793
f 3191//6791 3177//6793 3185//6792
f 3192//6794 3097//6794 3096//6794
f 3192//5626 3181//6795 3176//5631
f 3192//5626 3176//5631 3186//5626
f 3192//6796 3096//6796 3181//6796
f 3193//5636 3097//5637 3192//5638
f 3193//6797 3186//5633 3187//6798
f 3193//6797 3192//5635 3186//5633
f 3194//6799 3185//5639 3188//6800
f 3194//6799 3191//5641 3185//5639
f 3195//5643 3190//5644 3184//6801
f 3195//5643 3184//6801 3189//5642
f 3196//5645 3189//5645 3056//5645
f 3197//6802 3188//6803 3183//6804
f 3197//6802 3183//6804 3190//5648
f 3198//5651 3187//6805 3182//5651
f 3198//5651 3182//5651 3191//5651
f 3199//5653 3191//5653 3194//5653
f 3199//5653 3198//5653 3191//5653
f 3200//5655 3197//5656 3190//5655
f 3200//5655 3190//5655 3195//5655
f 3201//5659 3195//6806 3189//6806
f 3201//5659 3189//6806 3196//6807
f 3202//5663 3196//5663 3056//5663
f 3202//6808 3056//6808 3140//6808
f 3203//6809 3188//6810 3197//6810
f 3203//6809 3194//6811 3188//6810
f 3204//5671 3187//6812 3198//6813
f 3204//6814 3102//6814 3097//6814
f 3204//6815 3097//5637 3193//5636
f 3204//5671 3193//5667 3187//6812
f 3205//6816 3202//6816 3140//5672
f 3206//6817 3204//5674 3198//6818
f 3206//6817 3198//6818 3199//6819
f 3206//6820 3102//5677 3204//5678
f 3207//6821 3203//6822 3197//6823
f 3207//6821 3197//6823 3200//5679
f 3208//6824 3195//5682 3201//5682
f 3208//6824 3200//5683 3195//5682
f 3209//6825 3201//6825 3196//6825
f 3209//6825 3196//6825 3202//5684
f 3210//5687 3194//5687 3203//5687
f 3210//5687 3199//5687 3194//5687
f 3211//5691 3209//6826 3202//5691
f 3211//5691 3202//5691 3205//6827
f 3212//5693 3203//5693 3207//5693
f 3212//5693 3210//5693 3203//5693
f 3213//6828 3207//5695 3200//5694
f 3213//6828 3200//5694 3208//5694
f 3214//5696 3201//5696 3209//6829
f 3214//5696 3208//6829 3201//5696
f 3215//6830 3140//6831 3138//6830
f 3215//5698 3205//5698 3140//5698
f 3216//5699 3106//5699 3102//5699
f 3216//6832 3102//5677 3206//6820
f 3216//5701 3199//6833 3210//6834
f 3216//5701 3206//6835 3199//6833
f 3217//5705 3215//5705 3138//5705
f 3218//5706 3209//5707 3211//5707
f 3218//5706 3214//6836 3209//5707
f 3219//5709 3106//6837 3216//5710
f 3219//5713 3210//5713 3212//6838
f 3219//5713 3216//6839 3210//5713
f 3220//5715 3207//6840 3213//6840
f 3220//5715 3212//5715 3207//6840
f 3221//5717 3213//6841 3208//6842
f 3221//5717 3208//6842 3214//6843
f 3222//6844 3211//5722 3205//5723
f 3222//6844 3205//5723 3215//6845
f 3223//5727 3215//5725 3217//5727
f 3223//5727 3222//6846 3215//5725
f 3224//6847 3214//5729 3218//5730
f 3224//6847 3221//5729 3214//5729
f 3225//6848 3107//6848 3106//6848
f 3225//5736 3106//6837 3219//5709
f 3225//5732 3219//5737 3212//5733
f 3225//5732 3212//5733 3220//6849
f 3226//5739 3220//5738 3213//6850
f 3226//5739 3213//6850 3221//6851
f 3227//6852 3218//6853 3211//5742
f 3227//6852 3211//5742 3222//5743
f 3228//5745 3138//5745 3136//5745
f 3228//5746 3217//5746 3138//5746
f 3229//5747 3228//5747 3136//5747
f 3230//5748 3222//5748 3223//5749
f 3230//5748 3227//6854 3222//5748
f 3231//5751 3221//6855 3224//5751
f 3231//5751 3226//6855 3221//6855
f 3232//5753 3107//6856 3225//6857
f 3232//5755 3225//6858 3220//5756
f 3232//5755 3220//5756 3226//5755
f 3233//5760 3224//6859 3218//5759
f 3233//5760 3218//5759 3227//5760
f 3234//6860 3217//5761 3228//5762
f 3234//6860 3223//5761 3217//5761
f 3235//5767 3228//5765 3229//5766
f 3235//5767 3234//5767 3228//5765
f 3236//5768 3233//5768 3227//6861
f 3236//5768 3227//6861 3230//6862
f 3237//5774 3226//6863 3231//5772
f 3237//6864 3107//6856 3232//5753
f 3237//6865 3108//6865 3107//6865
f 3237//5774 3232//6866 3226//6863
f 3238//6867 3231//6868 3224//6868
f 3238//6867 3224//6868 3233//6867
f 3239//5782 3223//5781 3234//5782
f 3239//5782 3230//6869 3223//5781
f 3240//6870 3229//6870 3136//6870
f 3240//5784 3136//5784 3134//5784
f 3241//5785 3239//6871 3234//5785
f 3241//5785 3234//5785 3235//5785
f 3242//5789 3238//5788 3233//5789
f 3242//5789 3233//5789 3236//6872
f 3243//5790 3231//6873 3238//5792
f 3243//6874 3108//5794 3237//5795
f 3243//5790 3237//5791 3231//6873
f 3244//6875 3230//5798 3239//6876
f 3244//6875 3236//5800 3230//5798
f 3245//5801 3235//6877 3229//6878
f 3245//5801 3229//6878 3240//5801
f 3246//5804 3239//5804 3241//5806
f 3246//5804 3244//5807 3239//5804
f 3247//5808 3243//6879 3238//5809
f 3247//6880 3108//5794 3243//6874
f 3247//5812 3109//5812 3108//5812
f 3247//5808 3238//5809 3242//6879
f 3248//5816 3242//5815 3236//5815
f 3248//5816 3236//5815 3244//5816
f 3249//5819 3235//6881 3245//5820
f 3249//5819 3241//6882 3235//6881
f 3250//5821 3134//5821 3132//5821
f 3250//6883 3240//6883 3134//6883
f 3251//5825 3244//5825 3246//5826
f 3251//5825 3248//6884 3244//5825
f 3252//6885 3242//5833 3248//5829
f 3252//5830 3109//6886 3247//6887
f 3252//6885 3247//5833 3242//5833
f 3253//6888 3246//6889 3241//6890
f 3253//6888 3241//6890 3249//5836
f 3144//6891 3245//6892 3240//6892
f 3144//6891 3240//6892 3250//6891
f 3254//6893 3110//6893 3109//6893
f 3254//5842 3109//6886 3252//5830
f 3254//6894 3248//6895 3251//6896
f 3254//6894 3252//5846 3248//6895
f 3146//6897 3246//6898 3253//6899
f 3146//6897 3251//6900 3246//6898
f 3151//5852 3249//5852 3245//6901
f 3151//5852 3245//6901 3144//6902
f 3255//5853 3250//5853 3132//5853
f 3255//5854 3130//5854 2923//5854
f 3255//6903 3132//6903 3130//6903
f 3148//6904 3110//6904 3254//6904
f 3148//5857 3254//6905 3251//6906
f 3148//5857 3251//6906 3146//5859
f 3150//6907 3253//5862 3249//6908
f 3150//6907 3249//6908 3151//6909
f 3143//6910 3255//5865 2923//5865
f 3143//6910 2923//5865 2927//6911
f 3143//6912 3250//5869 3255//6912
f 3143//6912 3144//6913 3250//5869
f 3147//5873 3146//5873 3253//5873
f 3147//5873 3253//5873 3150//5871
f 3142//6727 2927//5876 2931//5877
f 3142//6729 3151//5472 3144//6730
f 3256//6914 3257//6915 2773//6916
f 3256//6917 3258//6287 3257//6284
f 3259//6918 3260//5881 3261//6919
f 3259//5879 3088//5878 3087//5878
f 3259//5879 3087//5878 3262//5878
f 3259//6918 3262//5881 3260//5881
f 3263//6920 3264//6921 3265//6922
f 3263//6923 2776//6924 2779//6925
f 3263//6920 3265//6922 3256//6926
f 3263//6923 3256//5885 2776//6924
f 3266//5889 3261//6927 3264//5891
f 3266//5892 3263//5892 2779//5892
f 3266//5889 3264//5891 3263//5889
f 3266//5892 2779//5892 2784//5892
f 3267//6928 3266//6929 2784//6930
f 3267//6931 3088//6931 3259//6931
f 3267//6928 2784//6930 2790//6932
f 3267//5902 2790//5903 2789//5906
f 3267//6931 3071//6931 3088//6931
f 3267//5902 2789//5906 3071//5904
f 3267//5907 3259//6933 3261//6934
f 3267//5907 3261//6934 3266//6934
f 2756//6935 3069//6935 2757//6935
f 3268//5912 2766//5914 2768//5913
f 3268//5912 2768//5913 3131//6936
f 3269//6937 2900//6938 2766//6937
f 3269//6937 2766//6937 3268//6937
f 3270//6939 3131//5917 3133//5917
f 3270//6939 3268//6940 3131//5917
f 3271//6941 2753//5922 2900//5923
f 3271//6941 2900//5923 3269//5924
f 3272//5925 3268//5926 3270//5927
f 3272//5925 3269//6942 3268//5926
f 3273//5931 2754//5929 2753//5928
f 3273//5931 2753//5928 3271//6943
f 3274//6944 3133//5936 3135//5935
f 3274//6944 3270//5935 3133//5936
f 3275//5938 3269//6945 3272//5938
f 3275//5938 3271//6946 3269//6945
f 3276//5941 2761//5940 2754//6947
f 3276//5941 2754//6947 3273//6948
f 3277//5943 3272//5946 3270//6949
f 3277//5943 3270//6949 3274//6949
f 3278//5947 3273//5949 3271//6950
f 3278//5947 3271//6950 3275//5947
f 3279//6951 2764//6952 2761//5952
f 3279//5953 2769//6953 2764//5955
f 3279//5953 3081//6954 2769//6953
f 3279//6951 2761//5952 3276//5957
f 3280//5932 3135//5932 3137//6955
f 3280//5932 3274//5932 3135//5932
f 3281//5961 3272//5960 3277//5961
f 3281//5961 3275//5962 3272//5960
f 3282//5963 3273//5963 3278//6956
f 3282//5963 3276//5963 3273//5963
f 3283//5965 3137//5965 3139//5965
f 3283//6957 3280//6957 3137//6957
f 3284//5967 3274//5969 3280//5970
f 3284//5967 3277//6958 3274//5969
f 3285//5971 3278//5971 3275//5971
f 3285//5971 3275//5971 3281//5971
f 3286//5974 3279//5977 3276//5975
f 3286//6959 3078//6959 3081//6959
f 3286//5976 3081//5976 3279//5976
f 3286//5974 3276//5975 3282//6960
f 3287//5980 3284//6961 3280//5980
f 3287//5980 3280//5980 3283//5980
f 3288//6962 3283//6962 3139//6962
f 3289//6963 3277//6964 3284//5985
f 3289//6963 3281//6965 3277//6964
f 3290//5989 3282//6966 3278//5988
f 3290//5989 3278//5988 3285//5989
f 3291//5994 3289//6967 3284//5991
f 3291//5994 3284//5991 3287//5993
f 3292//6968 3139//6968 3141//6968
f 3292//5996 3288//5996 3139//5996
f 3293//5997 3287//5998 3283//5997
f 3293//5997 3283//5997 3288//5997
f 3294//5999 3281//6969 3289//5999
f 3294//5999 3285//5999 3281//6969
f 3295//6001 3074//6001 3078//6001
f 3295//6005 3282//6970 3290//6005
f 3295//6005 3286//6004 3282//6970
f 3295//6006 3078//6006 3286//6006
f 3296//6971 3294//6010 3289//6972
f 3296//6971 3289//6972 3291//6973
f 3297//6974 3288//6974 3292//6012
f 3297//6974 3293//6974 3288//6974
f 3298//6975 3292//6975 3141//6975
f 3299//6976 3287//6977 3293//6015
f 3299//6976 3291//6976 3287//6977
f 3300//6019 3285//6019 3294//6019
f 3300//6019 3290//6019 3285//6019
f 3301//6020 3300//6978 3294//6021
f 3301//6020 3294//6021 3296//6979
f 3302//6023 3299//6980 3293//6980
f 3302//6023 3293//6980 3297//6981
f 3303//6982 3141//6982 3058//6982
f 3303//6983 3298//6983 3141//6983
f 3304//6028 3292//6984 3298//6031
f 3304//6028 3297//6985 3292//6984
f 3305//6986 3296//6034 3291//6987
f 3305//6986 3291//6987 3299//6988
f 3306//6989 3075//6989 3074//6989
f 3306//6990 3295//6991 3290//6039
f 3306//6990 3290//6039 3300//6037
f 3306//6041 3074//6041 3295//6041
f 3307//6042 3075//6043 3306//6992
f 3307//6993 3300//6994 3301//6995
f 3307//6993 3306//6048 3300//6994
f 3308//6049 3299//6996 3302//6049
f 3308//6049 3305//6997 3299//6996
f 3309//6052 3304//6054 3298//6998
f 3309//6052 3298//6998 3303//6999
f 3310//6055 3303//6055 3058//6055
f 3311//7000 3302//6059 3297//7001
f 3311//7000 3297//7001 3304//6058
f 3312//7002 3301//6062 3296//6062
f 3312//7002 3296//6062 3305//6060
f 3313//6064 3305//6063 3308//7003
f 3313//6064 3312//7004 3305//6063
f 3314//7005 3311//6066 3304//6067
f 3314//7005 3304//6067 3309//7005
f 3315//6071 3309//6070 3303//6071
f 3315//6071 3303//6071 3310//6071
f 3316//6072 3310//6072 3058//6072
f 3316//7006 3058//7006 3059//7006
f 3317//7007 3302//6076 3311//6075
f 3317//7007 3308//6075 3302//6076
f 3318//7008 3301//7009 3312//7010
f 3318//7011 3082//7011 3075//7011
f 3318//7012 3075//6043 3307//6042
f 3318//7008 3307//7008 3301//7009
f 3319//6083 3316//6083 3059//6083
f 3320//7013 3318//7014 3312//7015
f 3320//7013 3312//7015 3313//7016
f 3320//7017 3082//6088 3318//7018
f 3321//6091 3317//6091 3311//7019
f 3321//6091 3311//7019 3314//6090
f 3322//6093 3309//7020 3315//7021
f 3322//6093 3314//7021 3309//7020
f 3323//6097 3315//7022 3310//6097
f 3323//6097 3310//6097 3316//6095
f 3324//6099 3308//7023 3317//6099
f 3324//6099 3313//7024 3308//7023
f 3325//6103 3323//6102 3316//7025
f 3325//6103 3316//7025 3319//7026
f 3326//6104 3317//7027 3321//6104
f 3326//6104 3324//7027 3317//7027
f 3327//7028 3321//7029 3314//7029
f 3327//7028 3314//7029 3322//7029
f 3328//6111 3315//6111 3323//6111
f 3328//6111 3322//6112 3315//6111
f 3329//7030 3059//7030 3061//7030
f 3329//7031 3319//7031 3059//7031
f 3330//7032 3083//7032 3082//7032
f 3330//6116 3082//6088 3320//7017
f 3330//7033 3313//6118 3324//7034
f 3330//7033 3320//7033 3313//6118
f 3331//7035 3329//7035 3061//7035
f 3332//7036 3323//7037 3325//6124
f 3332//7036 3328//7038 3323//7037
f 3333//6126 3083//6126 3330//7039
f 3333//6130 3324//7040 3326//7041
f 3333//6130 3330//7042 3324//7040
f 3334//7043 3321//6133 3327//7043
f 3334//7043 3326//7043 3321//6133
f 3335//7044 3327//7045 3322//6137
f 3335//7044 3322//6137 3328//7044
f 3336//6141 3325//7046 3319//7047
f 3336//6141 3319//7047 3329//6141
f 3337//6142 3329//6143 3331//6142
f 3337//6142 3336//7048 3329//6143
f 3338//7049 3328//6145 3332//7050
f 3338//7049 3335//6147 3328//6145
f 3339//6148 3084//6148 3083//6148
f 3339//6149 3083//6126 3333//6126
f 3339//6150 3333//7051 3326//6151
f 3339//6150 3326//6151 3334//6150
f 3340//6155 3334//6155 3327//6156
f 3340//6155 3327//6156 3335//7052
f 3341//6157 3332//7053 3325//6159
f 3341//6157 3325//6159 3336//7054
f 3342//7055 3061//7055 3063//7055
f 3342//6162 3331//6162 3061//6162
f 3343//6163 3342//6163 3063//6163
f 3344//7056 3336//6165 3337//7057
f 3344//7056 3341//6164 3336//6165
f 3345//6166 3335//6166 3338//7058
f 3345//6166 3340//7059 3335//6166
f 3346//7060 3084//7061 3339//6170
f 3346//7062 3339//6172 3334//7063
f 3346//7062 3334//7063 3340//7064
f 3347//6174 3338//6175 3332//7065
f 3347//6174 3332//7065 3341//6175
f 3348//6178 3331//6178 3342//7066
f 3348//6178 3337//6179 3331//6178
f 3349//6182 3342//6182 3343//7067
f 3349//6182 3348//6181 3342//6182
f 3350//6184 3347//6185 3341//6185
f 3350//6184 3341//6185 3344//6184
f 3351//7068 3340//7069 3345//7070
f 3351//6189 3084//7061 3346//7060
f 3351//6190 3085//6190 3084//6190
f 3351//7068 3346//7071 3340//7069
f 3352//6191 3345//6193 3338//6193
f 3352//6191 3338//6193 3347//6193
f 3353//7072 3337//7073 3348//7074
f 3353//7072 3344//6194 3337//7073
f 3354//6197 3343//6197 3063//6197
f 3354//6198 3063//6198 3065//6198
f 3355//6199 3353//7075 3348//6199
f 3355//6199 3348//6199 3349//6201
f 3356//6203 3352//7076 3347//6203
f 3356//6203 3347//6203 3350//7077
f 3357//7078 3345//7079 3352//6206
f 3357//6208 3085//6209 3351//7080
f 3357//7078 3351//7081 3345//7079
f 3358//6211 3344//6212 3353//6213
f 3358//6211 3350//6213 3344//6212
f 3359//6214 3349//6214 3343//6214
f 3359//6214 3343//6214 3354//7082
f 3360//6217 3353//7083 3355//6216
f 3360//6217 3358//7084 3353//7083
f 3361//7085 3357//6220 3352//6220
f 3361//6223 3085//6209 3357//6208
f 3361//6224 3086//6224 3085//6224
f 3361//7085 3352//6220 3356//6225
f 3362//7086 3356//6226 3350//6226
f 3362//7086 3350//6226 3358//7086
f 3363//7087 3349//7088 3359//6227
f 3363//7087 3355//7089 3349//7088
f 3364//6230 3065//6230 3067//6230
f 3364//7090 3354//7090 3065//7090
f 3365//6235 3358//6234 3360//6234
f 3365//6235 3362//6233 3358//6234
f 3366//7091 3356//7092 3362//6236
f 3366//6238 3086//6239 3361//6240
f 3366//7091 3361//6236 3356//7092
f 3367//6243 3360//6243 3355//7093
f 3367//6243 3355//7093 3363//7094
f 3258//7095 3359//6246 3354//6246
f 3258//7095 3354//6246 3364//6246
f 3368//6247 3087//6247 3086//6247
f 3368//6248 3086//6239 3366//6238
f 3368//7096 3362//7097 3365//7098
f 3368//7096 3366//7099 3362//7097
f 3260//7100 3360//7100 3367//7101
f 3260//7100 3365//7102 3360//7100
f 3265//7103 3363//7104 3359//7105
f 3265//7103 3359//7105 3258//7106
f 3369//7107 3364//7107 3067//7107
f 3369//6258 3069//6258 2756//6258
f 3369//7108 3067//7108 3069//7108
f 3262//7109 3087//7109 3368//7109
f 3262//7110 3368//7110 3365//7111
f 3262//7110 3365//7111 3260//6264
f 3264//6265 3367//7112 3363//7113
f 3264//6265 3363//7113 3265//6265
f 3257//7114 3369//6269 2756//7114
f 3257//7114 2756//7114 2773//6272
f 3257//6273 3364//7115 3369//7116
f 3257//6273 3258//6275 3364//7115
f 3261//6277 3260//7117 3367//6278
f 3261//6277 3367//6278 3264//7117
f 3256//6914 2773//6916 2776//6916
f 3256//6917 3265//6287 3258//6287
f 3370//7118 3371//7119 3372//7120
f 3370//7118 3373//7118 3371//7119
f 3374//7121 3372//7121 3375//7121
f 3374//7121 3370//7121 3372//7121
f 3376//7122 3375//7123 3377//7124
f 3376//7122 3374//7124 3375//7123
f 3378//7125 3377//7126 3379//7127
f 3378//7125 3376//7128 3377//7126
f 3380//7129 3379//7129 3381//7130
f 3380//7129 3378//7130 3379//7129
f 3382//7131 3383//7132 3384//7132
f 3382//7133 3381//7134 3383//7135
f 3382//7133 3380//7133 3381//7134
f 3385//7136 3384//7136 3386//7136
f 3385//7132 3382//7131 3384//7132
f 3387//7137 3386//7138 3388//7139
f 3387//7136 3385//7136 3386//7136
f 3389//7140 3388//7141 3390//7142
f 3389//7143 3387//7137 3388//7139
f 3391//7144 3390//7145 3392//7146
f 3391//7147 3389//7140 3390//7142
f 3393//7148 3391//7144 3392//7146
f 3394//7149 3395//7150 3396//7150
f 3394//7151 3392//7152 3395//7152
f 3394//7151 3393//7153 3392//7152
f 3397//7149 3394//7149 3396//7150
f 3398//7154 3399//7155 3400//7156
f 3398//7157 3396//7158 3399//7158
f 3398//7157 3397//7157 3396//7158
f 3401//7159 3398//7154 3400//7156
f 3402//7160 3403//7161 3404//7161
f 3402//7162 3400//7162 3403//7163
f 3402//7162 3401//7164 3400//7162
f 3405//7161 3402//7160 3404//7161
f 3406//7165 3404//7166 3407//7166
f 3406//7165 3405//7167 3404//7166
f 3408//7168 3406//7168 3407//7169
f 3408//7168 3407//7169 3409//7169
f 3410//7170 3409//7171 3411//7172
f 3410//7170 3408//7173 3409//7171
f 3412//7174 3411//7175 3413//7176
f 3412//7174 3410//7177 3411//7175
f 3414//7178 3413//7179 3415//7180
f 3414//7178 3412//7181 3413//7179
f 3416//7182 3415//7183 3417//7182
f 3416//7182 3414//7184 3415//7183
f 3418//7185 3419//7186 3420//7187
f 3418//7188 3417//7189 3419//7189
f 3418//7188 3416//7188 3417//7189
f 3421//7190 3420//7191 3422//7191
f 3421//7185 3418//7185 3420//7187
f 3423//7192 3422//7193 3424//7193
f 3423//7190 3421//7190 3422//7191
f 3425//7194 3423//7192 3424//7193
f 3426//7195 3427//7196 3428//7196
f 3426//7197 3424//7198 3427//7199
f 3426//7197 3425//7197 3424//7198
f 3429//7200 3428//7200 3430//7201
f 3429//7202 3426//7195 3428//7196
f 3431//7203 3429//7200 3430//7201
f 3432//7204 3433//7205 3434//7206
f 3432//7207 3430//7208 3433//7208
f 3432//7207 3431//7207 3430//7208
f 3435//7209 3432//7204 3434//7206
f 3436//7210 3435//7211 3434//7212
f 3436//7213 3437//7213 3438//7213
f 3436//7210 3434//7212 3437//7212
f 3439//7213 3436//7213 3438//7213
f 3440//7214 3438//7215 3441//7215
f 3440//7214 3439//7216 3438//7215
f 3373//7217 3441//7218 3371//7217
f 3373//7217 3440//7217 3441//7218
f 3390//7219 3388//134 3386//133
f 3399//124 3404//122 3403//122
f 3399//124 3403//122 3400//124
f 3396//115 3395//870 3392//863
f 3396//115 3392//863 3390//7219
f 3396//115 3377//128 3372//858
f 3396//115 3372//858 3438//880
f 3396//115 3438//880 3419//119
f 3396//115 3386//133 3377//128
f 3396//115 3390//7219 3386//133
f 3396//115 3419//119 3404//122
f 3396//115 3404//122 3399//124
f 3372//858 3371//128 3441//128
f 3372//858 3441//128 3438//880
f 3419//119 3438//880 3437//880
f 3419//119 3437//880 3434//115
f 3419//119 3434//115 3433//134
f 3419//119 3433//134 3430//7220
f 3419//119 3430//7220 3428//120
f 3419//119 3428//120 3427//120
f 3419//119 3427//120 3424//120
f 3419//119 3424//120 3422//118
f 3419//119 3422//118 3420//118
f 3377//128 3375//120 3372//858
f 3381//128 3379//133 3377//128
f 3383//858 3381//128 3377//128
f 3411//122 3419//119 3417//128
f 3411//122 3417//128 3415//122
f 3411//122 3415//122 3413//124
f 3386//133 3384//120 3383//858
f 3386//133 3383//858 3377//128
f 3404//122 3411//122 3409//7220
f 3404//122 3409//7220 3407//863
f 3404//122 3419//119 3411//122
f 3402//85 3398//108 3401//103
f 3402//85 3397//7221 3398//108
f 3405//7222 3397//7221 3402//85
f 3394//93 3397//7221 3393//103
f 3393//103 3397//7221 3391//90
f 3382//78 3397//7221 3376//98
f 3436//7223 3439//108 3435//856
f 3387//7224 3397//7221 3382//78
f 3435//856 3439//108 3432//85
f 3376//98 3397//7221 3405//7222
f 3432//85 3439//108 3431//90
f 3391//90 3397//7221 3387//7224
f 3431//90 3426//90 3429//85
f 3426//90 3423//98 3425//106
f 3373//865 3370//113 3440//109
f 3440//109 3370//113 3439//108
f 3423//98 3418//90 3421//102
f 3374//83 3418//90 3370//113
f 3439//108 3418//90 3431//90
f 3431//90 3418//90 3426//90
f 3426//90 3418//90 3423//98
f 3370//113 3418//90 3439//108
f 3378//83 3380//83 3376//98
f 3380//83 3382//78 3376//98
f 3418//90 3408//102 3416//83
f 3416//83 3408//102 3414//95
f 3414//95 3408//102 3412//85
f 3412//85 3408//102 3410//93
f 3385//83 3387//7224 3382//78
f 3408//102 3405//7222 3406//103
f 3376//98 3405//7222 3374//83
f 3374//83 3405//7222 3418//90
f 3418//90 3405//7222 3408//102
f 3389//108 3391//90 3387//7224
